accession,search_cancer,n_samples,date,title,url
GSE348745,PAAD,9,2026/10/03,Comparative Analysis of Primary and Liver Fibroblasts Reveals MET as a Potent Target in Pancreatic Cancer Metastasis [RNA-Seq],https://www.ncbi.nlm.nih.gov/geo/query/acc.cgi?acc=GSE348745
GSE349252,PAAD,45,2026/10/01,Functional genetic screening identifies ITGA3 as a regulator of pancreatic ductal adenocarcinoma growth and organoid architecture,https://www.ncbi.nlm.nih.gov/geo/query/acc.cgi?acc=GSE349252
GSE342309,PAAD,2,2026/10/01,Resistance to targeted therapy Sotorasib in MIA PaCa-2 Pancreatic cancer cell line,https://www.ncbi.nlm.nih.gov/geo/query/acc.cgi?acc=GSE342309
GSE344891,PAAD,9,2026/09/29,Targeting Distinct Cell Cycle Nodes Overcomes KRAS/RAS Inhibitor Resistance,https://www.ncbi.nlm.nih.gov/geo/query/acc.cgi?acc=GSE344891
GSE304842,PAAD,3,2026/09/29,Landscape of the Tumor Microenvironment and Cellular Mechanisms in Pancreatic Cancer During Cachexia Progression [RNA-Seq],https://www.ncbi.nlm.nih.gov/geo/query/acc.cgi?acc=GSE304842
GSE304841,PAAD,43,2026/09/29,Landscape of the Tumor Microenvironment and Cellular Mechanisms in Pancreatic Cancer During Cachexia Progression [scRNA-seq],https://www.ncbi.nlm.nih.gov/geo/query/acc.cgi?acc=GSE304841
GSE309927,PAAD,8,2026/09/24,RNAseq analysis of transcriptome changes induced by ALDH1B1 inhibition in Panc 10.05 cells,https://www.ncbi.nlm.nih.gov/geo/query/acc.cgi?acc=GSE309927
GSE335154,PAAD,16,2026/09/23,Trogocytosis of cancer-associated fibroblasts promotes pancreatic cancer growth and immune suppression via phospholipid scramblase anoctamin,https://www.ncbi.nlm.nih.gov/geo/query/acc.cgi?acc=GSE335154
GSE331422,PAAD,6,2026/09/23,Transcriptomic profiling of gastrointestinal cancer cells treated with the Pt(II)-Schiff base complex [PtCl(L1H)]Cl,https://www.ncbi.nlm.nih.gov/geo/query/acc.cgi?acc=GSE331422
GSE348275,PAAD,35,2026/09/22,Clonal lineage tracing and parallel multiomics profiling reveal transcriptional heterogeneity induced by ARID1A deficiency,https://www.ncbi.nlm.nih.gov/geo/query/acc.cgi?acc=GSE348275
GSE348038,PAAD,14,2026/09/22,Single-cell RNA-seq profiling of ARID1A-loss-associated transcriptional heterogeneity and clonal diversification in pancreatic cancer cells,https://www.ncbi.nlm.nih.gov/geo/query/acc.cgi?acc=GSE348038
GSE347768,PAAD,12,2026/09/22,Reprogramming tumor-colonizing bacteria into modular immune cell engagers,https://www.ncbi.nlm.nih.gov/geo/query/acc.cgi?acc=GSE347768
GSE347008,PAAD,43,2026/09/15,Redox effector factor-1 (Ref-1) CRISPR-Engineered Cys93 and Cys99 Mutants Reveal Cooperative and Secondary Roles of Redox Signaling and PDAC,https://www.ncbi.nlm.nih.gov/geo/query/acc.cgi?acc=GSE347008
GSE346317,PAAD,6,2026/09/12,FUT3-dependent DDX21 fucosylation links elevated CA19-9 to pancreatic cancer metastasis via MIB2 alternative splicing and E-cadherin destabi,https://www.ncbi.nlm.nih.gov/geo/query/acc.cgi?acc=GSE346317
GSE346894,PAAD,24,2026/09/11,Longitudinal Analysis of Matched Patient Biospecimens Reveals Neural Reprogramming of Cancer-Associated Fibroblasts Following Chemotherapy i,https://www.ncbi.nlm.nih.gov/geo/query/acc.cgi?acc=GSE346894
GSE345774,PAAD,11,2026/09/10,Longitudinal Analysis of Matched Patient Biospecimens Reveals Neural Reprogramming of Cancer-Associated Fibroblasts Following Chemotherapy i,https://www.ncbi.nlm.nih.gov/geo/query/acc.cgi?acc=GSE345774
GSE314073,PAAD,40,2026/09/10,Transcriptomic profiling of KRAS mutants in a panel of isogenic human pancreatic ductal adenocarcinoma (PDAC) cell lines,https://www.ncbi.nlm.nih.gov/geo/query/acc.cgi?acc=GSE314073
GSE293726,PAAD,23,2026/09/03,Decrypting Oncogenic Circuitry Through Translocation-Induced Enhancer Hijacking by TransFinder [RNA-seq],https://www.ncbi.nlm.nih.gov/geo/query/acc.cgi?acc=GSE293726
GSE334103,PAAD,6,2026/09/01,RNA-seq was performed on PANC1 cells after treatment with 0.18 mM sulbutiamine for 48 hours,https://www.ncbi.nlm.nih.gov/geo/query/acc.cgi?acc=GSE334103
GSE306971,PAAD,4,2026/09/01,Targeting Intratumoral Heterogeneity in Pancreatic Cancer with Sequential TIL Infusions [RNA-seq],https://www.ncbi.nlm.nih.gov/geo/query/acc.cgi?acc=GSE306971
GSE345120,PAAD,12,2026/08/31,Nitrofurantoin Enhances Cuproptosis Sensitivity in Cancer Cells Through SLC11A2-Dependent Copper Homeostasis,https://www.ncbi.nlm.nih.gov/geo/query/acc.cgi?acc=GSE345120
GSE344277,PAAD,4,2026/08/31,scRNA-seq of adipose tissue from insulinoma patients and healthy controls,https://www.ncbi.nlm.nih.gov/geo/query/acc.cgi?acc=GSE344277
GSE279207,PAAD,6,2026/08/31,Targeting the calcium-activated K+ channel KCa3.1 in pancreatic ductal adenocarcinoma,https://www.ncbi.nlm.nih.gov/geo/query/acc.cgi?acc=GSE279207
GSE338428,PAAD,6,2026/08/24,Proximity of pre-mRNA 3′ end processing and transcription termination is associated with enhanced gene expression [Pancreatic 3'mRNA-Seq],https://www.ncbi.nlm.nih.gov/geo/query/acc.cgi?acc=GSE338428
GSE291826,PAAD,49,2026/08/24,Proximity of pre-mRNA 3′ end processing and transcription termination is associated with enhanced gene expression,https://www.ncbi.nlm.nih.gov/geo/query/acc.cgi?acc=GSE291826
GSE314343,PAAD,24,2026/08/21,Interference with PADI1 and PADI3 re-sensitizes KRAS-Mutant PDAC and CRC to KRAS ON/OFF Inhibitors by Promoting Non-lytic Apoptosis,https://www.ncbi.nlm.nih.gov/geo/query/acc.cgi?acc=GSE314343
GSE337104,PAAD,4,2026/08/19,Ferroptosis Suppression by the m6A Reader IGF2BP1 Underlies Gemcitabine Resistance in Pancreatic Ductal Adenocarcinoma [shRNA-Seq],https://www.ncbi.nlm.nih.gov/geo/query/acc.cgi?acc=GSE337104
GSE270300,PAAD,1,2026/08/19,N-glycans in non-malignant tumor microenvironment cells dampen CAR-T cell function in solid tumors [scRNA-seq],https://www.ncbi.nlm.nih.gov/geo/query/acc.cgi?acc=GSE270300
GSE265950,PAAD,12,2026/08/19,N-glycans in non-malignant tumor microenvironment cells dampen CAR-T cell function in solid tumors [RNA-Seq],https://www.ncbi.nlm.nih.gov/geo/query/acc.cgi?acc=GSE265950
GSE239297,PAAD,28,2026/08/17,Oncogenic KRAS promotes pancreatic ductal adenocarcinoma (PDAC) through post-transcriptionally regulated KRAS-induced granules (KGs) [RNA-se,https://www.ncbi.nlm.nih.gov/geo/query/acc.cgi?acc=GSE239297
GSE314587,PAAD,37,2026/08/16,Sensitivity of pancreatic adenocarcinoma cells to blockade of post-initiation CDK-dependent Pol II transcription cycle checkpoints,https://www.ncbi.nlm.nih.gov/geo/query/acc.cgi?acc=GSE314587
GSE292825,PAAD,6,2026/08/13,Methylated eEF1A Selectively Decodes mRNA to Shape Cancer Proteomes,https://www.ncbi.nlm.nih.gov/geo/query/acc.cgi?acc=GSE292825
GSE239310,PAAD,126,2026/08/11,Oncogenic KRAS promotes pancreatic ductal adenocarcinoma (PDAC) through post-transcriptionally regulated KRAS-induced granules (KGs),https://www.ncbi.nlm.nih.gov/geo/query/acc.cgi?acc=GSE239310
GSE292751,PAAD,6,2026/08/06,Matrix Stiffness-Sensitive LDHA Drives Autophagy of Pancreatic Ductal Adenocarcinoma via Lactate-Induced FOXO3 Expression and Lactylation,https://www.ncbi.nlm.nih.gov/geo/query/acc.cgi?acc=GSE292751
GSE304640,PAAD,22,2026/08/01,Decoding SOS: eIF2B as a Key Driver of Mutant KRAS Signaling and Tumorigenesis [RNA-seq],https://www.ncbi.nlm.nih.gov/geo/query/acc.cgi?acc=GSE304640
GSE319384,PAAD,24,2026/07/31,Metabolic Plasticity Underlies Ferroptosis Resistance Driven by Mutant p53 in Pancreatic Ductal Adenocarcinoma,https://www.ncbi.nlm.nih.gov/geo/query/acc.cgi?acc=GSE319384
GSE282103,PAAD,6,2026/07/31,SOWAHA as a cancer suppressor gene Influence Metabolic Reprogramming,https://www.ncbi.nlm.nih.gov/geo/query/acc.cgi?acc=GSE282103
GSE312205,PAAD,12,2026/07/29,Splicing inhibition hampers pancreatic cancer cell viability by disrupting DNA repair proficiency and mitotic checkpoint integrity,https://www.ncbi.nlm.nih.gov/geo/query/acc.cgi?acc=GSE312205
GSE303903,PAAD,6,2026/07/28,Effect of DOT1L inhibition on gene expression in SW1990 pancreatic cancer cells,https://www.ncbi.nlm.nih.gov/geo/query/acc.cgi?acc=GSE303903
GSE303707,PAAD,21,2026/07/25,Decoding Schwann cell activation in pancreatic cancer neural invasion by mimicking nerve injury responses and using spatial transcriptomics,https://www.ncbi.nlm.nih.gov/geo/query/acc.cgi?acc=GSE303707
GSE315148,PAAD,16,2026/07/22,Phenotype-dependent epithelial–mesenchymal plasticity in pancreatic ductal adenocarcinoma and redox modulation by sodium selenite in vitro a,https://www.ncbi.nlm.nih.gov/geo/query/acc.cgi?acc=GSE315148
GSE309679,PAAD,13,2026/07/22,Addressing the multiple facets of ligand-receptor network inference,https://www.ncbi.nlm.nih.gov/geo/query/acc.cgi?acc=GSE309679
GSE287465,PAAD,4,2026/07/18,Targeting DDR2 for Treating Pancreatic Cancer,https://www.ncbi.nlm.nih.gov/geo/query/acc.cgi?acc=GSE287465
GSE329301,PAAD,16,2026/07/17,METTL1-Mediated m7G Modification of Valine tRNAs Drives Metabolic Adaptation in Pancreatic Ductal Adenocarcinoma,https://www.ncbi.nlm.nih.gov/geo/query/acc.cgi?acc=GSE329301
GSE338354,PAAD,6,2026/07/16,PRMT1-mediated arginine methylation redirects a metastasis-promoting transcriptional output of SMAD4 in pancreatic cancer,https://www.ncbi.nlm.nih.gov/geo/query/acc.cgi?acc=GSE338354
GSE336471,PAAD,6,2026/07/16,KRAS-Mutation Driven RASA2 Promotes Pancreatic Cancer Metastasis via TGFB2-Dependent Non-Canonical Hedgehog/GLI1 Activation,https://www.ncbi.nlm.nih.gov/geo/query/acc.cgi?acc=GSE336471
GSE292334,PAAD,15,2026/07/14,The tumor suppressor SMAD4 is a gatekeeper for genome stability,https://www.ncbi.nlm.nih.gov/geo/query/acc.cgi?acc=GSE292334
GSE316195,PAAD,22,2026/07/13,"A Phase 1 clinical trial and single-cell correlates of motixafortide, cemiplimab, gemcitabine and nab-paclitaxel for metastatic treatment-na",https://www.ncbi.nlm.nih.gov/geo/query/acc.cgi?acc=GSE316195
GSE338233,PAAD,10,2026/07/11,Transcriptomic profiling of MIA PaCa-2 cells treated with hydroxyprogesterone caproate,https://www.ncbi.nlm.nih.gov/geo/query/acc.cgi?acc=GSE338233
GSE289055,PAAD,18,2026/07/07,P2RY2 fuelled by eATP drives cancer immune evasion and therapy resistance,https://www.ncbi.nlm.nih.gov/geo/query/acc.cgi?acc=GSE289055
GSE319713,PAAD,6,2026/07/01,Expression data from control and LRRC8A knockdown cells,https://www.ncbi.nlm.nih.gov/geo/query/acc.cgi?acc=GSE319713
GSE336518,PAAD,17,2026/06/30,Multinucleated giant cells in human pancreatic cancer are a distinct macrophage population undergoing a DNA damage response and associated t,https://www.ncbi.nlm.nih.gov/geo/query/acc.cgi?acc=GSE336518
GSE336205,PAAD,6,2026/06/28,DUSP5 regulates ferroptosis in pancreatic cancer by down-regulating SCD1 expression via ERK1/2,https://www.ncbi.nlm.nih.gov/geo/query/acc.cgi?acc=GSE336205
GSE336192,PAAD,8,2026/06/24,Paired CRISPR screens to map gene regulation in cis and trans (RNA-seq),https://www.ncbi.nlm.nih.gov/geo/query/acc.cgi?acc=GSE336192
GSE300595,PAAD,24,2026/06/24,Multiomic sequencing identifies myeloid cell associations with neoadjuvant chemotherapy treatment response in pancreatic adenocarcinoma (PDA,https://www.ncbi.nlm.nih.gov/geo/query/acc.cgi?acc=GSE300595
GSE317590,PAAD,6,2026/06/18,Targeting the Mesenchymal Lineage of Pancreatic Ductal Adenocarcinoma via PP2A Inhibition,https://www.ncbi.nlm.nih.gov/geo/query/acc.cgi?acc=GSE317590
GSE314240,PAAD,18,2026/06/18,Induced osteogenic transdifferentiation reprograms malignant phenotypes in pancreatic ductal adenocarcinoma,https://www.ncbi.nlm.nih.gov/geo/query/acc.cgi?acc=GSE314240
GSE282572,PAAD,4,2026/06/18,Effect of miR-4800-3p overexpression on gene expression related to metastasis in pancreatic cancer cell lines (MIA PaCa-2 and PSN-1),https://www.ncbi.nlm.nih.gov/geo/query/acc.cgi?acc=GSE282572
GSE285857,PAAD,48,2026/06/17,Mutant KRAS-Driven Selective mRNA Translation Reveals Mechanisms and Therapeutic Vulnerabilities in Cancer ,https://www.ncbi.nlm.nih.gov/geo/query/acc.cgi?acc=GSE285857
GSE275078,PAAD,136,2026/06/17,In vitro drug screening of RAF/MEK/ERK Inhibitors in combination with Autophagy inhibition in the context of two PDA Cell Lines,https://www.ncbi.nlm.nih.gov/geo/query/acc.cgi?acc=GSE275078
GSE335452,PAAD,15,2026/06/16,Single-cell RNA-seq and spatial transcriptomics characterize CD8+ exhausted T cells in pancreatic ductal adenocarcinoma,https://www.ncbi.nlm.nih.gov/geo/query/acc.cgi?acc=GSE335452
GSE334534,PAAD,12,2026/06/12,Transcriptomic determinants of humoral immunity for heterogeneously antigenic PL45 cells,https://www.ncbi.nlm.nih.gov/geo/query/acc.cgi?acc=GSE334534
GSE333988,PAAD,10,2026/06/04,Transcriptomic analysis of GKB202-treated circulating tumor cells isolated from patients with lung cancer and pancreatic cancer,https://www.ncbi.nlm.nih.gov/geo/query/acc.cgi?acc=GSE333988
GSE296820,PAAD,31,2026/06/04,Targeting addiction to HMGB2-driven transcriptional programs in pancreatic cancer,https://www.ncbi.nlm.nih.gov/geo/query/acc.cgi?acc=GSE296820
GSE296813,PAAD,9,2026/06/04,Targeting addiction to HMGB2-driven transcriptional programs in pancreatic cancer [scRNA organoids],https://www.ncbi.nlm.nih.gov/geo/query/acc.cgi?acc=GSE296813
GSE296811,PAAD,1,2026/06/04,Targeting addiction to HMGB2-driven transcriptional programs in pancreatic cancer  [scRNA mouse],https://www.ncbi.nlm.nih.gov/geo/query/acc.cgi?acc=GSE296811
GSE296808,PAAD,4,2026/06/04,Targeting addiction to HMGB2-driven transcriptional programs in pancreatic cancer [RNAKD],https://www.ncbi.nlm.nih.gov/geo/query/acc.cgi?acc=GSE296808
GSE315634,PAAD,9,2026/06/03,RNA-Seq analysis SIRT6 or KDM5C knockdown effect on pancreatic cancer cell line,https://www.ncbi.nlm.nih.gov/geo/query/acc.cgi?acc=GSE315634
GSE324204,PAAD,6,2026/06/01,Mitochondrial Iron Sensitizes Senescent Cancer Cells to Ferroptosis,https://www.ncbi.nlm.nih.gov/geo/query/acc.cgi?acc=GSE324204
GSE306366,PAAD,24,2026/06/01,Dynamic remodeling of the pancreas immune landscape in obesity [bulk RNA-seq],https://www.ncbi.nlm.nih.gov/geo/query/acc.cgi?acc=GSE306366
GSE306178,PAAD,10,2026/06/01,Dynamic remodeling of the pancreas immune landscape in obesity. [CITE-Seq],https://www.ncbi.nlm.nih.gov/geo/query/acc.cgi?acc=GSE306178
GSE305278,PAAD,6,2026/06/01,Dynamic remodeling of the pancreas immune landscape in obesity.,https://www.ncbi.nlm.nih.gov/geo/query/acc.cgi?acc=GSE305278
GSE295678,PAAD,6,2026/06/01,Sensory neurons drive pancreatic cancer progression through glutamatergic cancer-neuron pseudo-synapses.,https://www.ncbi.nlm.nih.gov/geo/query/acc.cgi?acc=GSE295678
GSE248031,PAAD,24,2026/05/31,IGF2BP3 promotes tumour cells survival in organoid pancreatic adenocarcinoma model,https://www.ncbi.nlm.nih.gov/geo/query/acc.cgi?acc=GSE248031
GSE292214,PAAD,27,2026/05/30,Effect of mechanical compression on gene expression in HEI-286 Schwann cells and pancreatic cancer cells MiaPaCa-2 and Panc01,https://www.ncbi.nlm.nih.gov/geo/query/acc.cgi?acc=GSE292214
GSE304335,PAAD,4,2026/05/22,Mitochondrial targeted metformin stimulates ER stress-mediated apoptosis in human and mouse pancreas tumor cells,https://www.ncbi.nlm.nih.gov/geo/query/acc.cgi?acc=GSE304335
GSE315793,PAAD,6,2026/05/21,Schisandrin B exhibits anti-proliferative effects by inducing ferroptosis in pancreatic cancer,https://www.ncbi.nlm.nih.gov/geo/query/acc.cgi?acc=GSE315793
GSE330683,PAAD,18,2026/05/13,Mitophagy Competent Cancer Associated Fibroblasts fuel Chemoresistance by Rewiring Pyrimidine Metabolism in Pancreatic Cancer [RNA-Seq],https://www.ncbi.nlm.nih.gov/geo/query/acc.cgi?acc=GSE330683
GSE315716,PAAD,4,2026/05/13,Mitophagy Competent Cancer Associated Fibroblasts fuel Chemoresistance by Rewiring Pyrimidine Metabolism in Pancreatic Cancer,https://www.ncbi.nlm.nih.gov/geo/query/acc.cgi?acc=GSE315716
GSE295683,PAAD,66,2026/05/12,RNA-seq Analysis of KRAS Mutant HPNE Pancreatic Ductal Epithelial Cells,https://www.ncbi.nlm.nih.gov/geo/query/acc.cgi?acc=GSE295683
GSE291816,PAAD,6,2026/05/05,Aberrant brain-type neuronal programs in large-cell pancreatic neuroendocrine carcinoma,https://www.ncbi.nlm.nih.gov/geo/query/acc.cgi?acc=GSE291816
GSE329420,PAAD,26,2026/05/01,Endothelial exosomes remodel chromatin accessibility and superenhancer in cancer cells to promote liver metastatic colonization,https://www.ncbi.nlm.nih.gov/geo/query/acc.cgi?acc=GSE329420
GSE328838,PAAD,3,2026/04/27,Transcriptomic profiling reveals complement activation in chronic pancreatitis adjacent to pancreatic ductal adenocarcinoma,https://www.ncbi.nlm.nih.gov/geo/query/acc.cgi?acc=GSE328838
GSE272460,PAAD,40,2026/04/24,"Transcriptome analysis of pancreatic progenitor organoids  (POs) carrying PDAC related mutations, treated with ERK inhibitors and depleted o",https://www.ncbi.nlm.nih.gov/geo/query/acc.cgi?acc=GSE272460
GSE316631,PAAD,3,2026/04/22,Spatially resolved subtype progression reveals metabolic vulnerabilities in pancreatic ductal adenocarcinoma.,https://www.ncbi.nlm.nih.gov/geo/query/acc.cgi?acc=GSE316631
GSE309739,PAAD,16,2026/04/22,Spatially resolved subtype progression reveals metabolic vulnerabilities in pancreatic ductal adenocarcinoma II,https://www.ncbi.nlm.nih.gov/geo/query/acc.cgi?acc=GSE309739
GSE309669,PAAD,8,2026/04/22,Spatially resolved subtype progression reveals metabolic vulnerabilities in pancreatic ductal adenocarcinoma,https://www.ncbi.nlm.nih.gov/geo/query/acc.cgi?acc=GSE309669
GSE305461,PAAD,6,2026/04/22,"miR-4711-5p suppresses the cancer stemness, proliferation and invasion activity in pancreatic cancer",https://www.ncbi.nlm.nih.gov/geo/query/acc.cgi?acc=GSE305461
GSE273073,PAAD,93,2026/04/20,A hPSC-Derived Progressive Pancreatic Ductal Adenocarcinoma Model Reveals Dual Pathways in ERK-Driven Cellular Plasticity,https://www.ncbi.nlm.nih.gov/geo/query/acc.cgi?acc=GSE273073
GSE319951,PAAD,54,2026/04/15,Effect of pancreatic tumor interstitial fluid media on transcriptional responses in PDAC cells,https://www.ncbi.nlm.nih.gov/geo/query/acc.cgi?acc=GSE319951
GSE310252,PAAD,118,2026/04/14,Transcriptome-based classification of resected pancreatic ductal adenocarcinoma enhances prognostic modelling accuracy of overall survival f,https://www.ncbi.nlm.nih.gov/geo/query/acc.cgi?acc=GSE310252
GSE296832,PAAD,30,2026/04/08,Epigenetic Context Defines the Transcriptional Activity of Canonical and Noncanonical NF-kappaB Signaling in Pancreatic Cancer [RNA-seq],https://www.ncbi.nlm.nih.gov/geo/query/acc.cgi?acc=GSE296832
GSE313826,PAAD,37,2026/04/01,Cancer associated fibroblasts promote epithelial to mesenchymal transition and classical to basal change in pancreatic cancer cells in assoc,https://www.ncbi.nlm.nih.gov/geo/query/acc.cgi?acc=GSE313826
GSE285406,PAAD,48,2026/03/31,ZNF274 constrains lineage plasticity and drives intrinsic resistance to CDK7 inhibitors in pancreatic cancer,https://www.ncbi.nlm.nih.gov/geo/query/acc.cgi?acc=GSE285406
GSE297148,PAAD,16,2026/03/30,A Compendium of Cancer Organoid Models for Diverse Cancer Type,https://www.ncbi.nlm.nih.gov/geo/query/acc.cgi?acc=GSE297148
GSE293303,PAAD,33,2026/03/28,Cell Cycle Reprogramming Mediates Acquired Oxaliplatin Resistance in Pancreatic Cancer.,https://www.ncbi.nlm.nih.gov/geo/query/acc.cgi?acc=GSE293303
GSE318413,PAAD,19,2026/03/25,Patient-derived orthotopic xenograft models recapitulate the peritoneal dissemination of pancreatic cancer and delineate its transcriptional,https://www.ncbi.nlm.nih.gov/geo/query/acc.cgi?acc=GSE318413
GSE318411,PAAD,11,2026/03/25,Patient-derived orthotopic xenograft models recapitulate the peritoneal dissemination of pancreatic cancer and delineate its transcriptional,https://www.ncbi.nlm.nih.gov/geo/query/acc.cgi?acc=GSE318411
GSE303323,PAAD,6,2026/03/25,Prolonged KRAS-MAPK Inhibition Induces Interferon-mediated Epithelial-to-Mesenchymal Transition and Reveals Therapeutic Opportunities [RNA-S,https://www.ncbi.nlm.nih.gov/geo/query/acc.cgi?acc=GSE303323
GSE303051,PAAD,30,2026/03/25,Prolonged KRAS-MAPK Inhibition Induces Interferon-mediated Epithelial-to-Mesenchymal Transition and Reveals Therapeutic Opportunities.,https://www.ncbi.nlm.nih.gov/geo/query/acc.cgi?acc=GSE303051
GSE302981,PAAD,8,2026/03/25,Prolonged KRAS-MAPK Inhibition Induces Interferon-mediated Epithelial-to-Mesenchymal Transition and Reveals Therapeutic Opportunities,https://www.ncbi.nlm.nih.gov/geo/query/acc.cgi?acc=GSE302981
GSE294216,PAAD,36,2026/03/23,Resistance to the KRASG12D Inhibitor MRTX1133 is Associated with Aberrant Histone Acetylation and Increased Sensitivity to BET Inhibition,https://www.ncbi.nlm.nih.gov/geo/query/acc.cgi?acc=GSE294216
GSE300154,PAAD,1,2026/03/22,Gene expresson profile at single cell level of  myeloid cells from pancreatic cancer tissue.,https://www.ncbi.nlm.nih.gov/geo/query/acc.cgi?acc=GSE300154
GSE284686,PAAD,18,2026/03/13,"Human scFv based, ALPPL2-specific CAR expressing T cells induce potent antitumor activity in an IL15-dependent manner",https://www.ncbi.nlm.nih.gov/geo/query/acc.cgi?acc=GSE284686
GSE323322,PAAD,18,2026/03/10,Mitochondrial-Localized Keratin 17 Promotes Chemoresistance in Basal-Like Pancreatic Cancer,https://www.ncbi.nlm.nih.gov/geo/query/acc.cgi?acc=GSE323322
GSE303578,PAAD,12,2026/03/04,JUN is a master mediator of resistance to MAPK pathway inhibition in KRAS-mutant pancreatic ductal adenocarcinoma.,https://www.ncbi.nlm.nih.gov/geo/query/acc.cgi?acc=GSE303578
GSE143584,PAAD,401,2026/03/02,Gene expression from laser capture microdissected epithelium and stroma during pancreatic carcinogenesis,https://www.ncbi.nlm.nih.gov/geo/query/acc.cgi?acc=GSE143584
GSE318648,PAAD,6,2026/02/28,FGFBP2 p.T186S mutation in tumor associated fibroblasts supports progression of pancreatic cancer through autocrine and paracrine mechanisms,https://www.ncbi.nlm.nih.gov/geo/query/acc.cgi?acc=GSE318648
GSE310927,PAAD,36,2026/02/26,PRMT5 Inhibition Triggers Functional ATM Deficiency and Sensitizes Pancreatic Cancer to CHK1 Blockade,https://www.ncbi.nlm.nih.gov/geo/query/acc.cgi?acc=GSE310927
GSE313827,PAAD,18,2026/02/20,Dysregulation of the Hippo Pathway in Cancer Associated Fibroblasts is Associated with anti-PD-L1 atezolizumab Resistance,https://www.ncbi.nlm.nih.gov/geo/query/acc.cgi?acc=GSE313827
GSE310857,PAAD,6,2026/02/20,Transcriptome sequencing of pancreatic cancer cells transfected with SHMT2 knockdown lentivirus (human).,https://www.ncbi.nlm.nih.gov/geo/query/acc.cgi?acc=GSE310857
GSE316429,PAAD,37,2026/02/19,MondoA mediates transcriptional coordination between the MYC network and the integrated stress response in pancreatic ductal adenocarcinoma.,https://www.ncbi.nlm.nih.gov/geo/query/acc.cgi?acc=GSE316429
GSE316426,PAAD,15,2026/02/19,MondoA mediates transcriptional coordination between the MYC network and the integrated stress response in pancreatic ductal adenocarcinoma ,https://www.ncbi.nlm.nih.gov/geo/query/acc.cgi?acc=GSE316426
GSE319924,PAAD,36,2026/02/18,Netrin-1 blockade alleviates resistance to first line chemotherapy in locally advanced pancreatic cancer,https://www.ncbi.nlm.nih.gov/geo/query/acc.cgi?acc=GSE319924
GSE301075,PAAD,21,2026/02/18,Immunosuppressive myeloid signaling and distinct malignant cell states in pancreatic neuroendocrine tumors revealed by single-nucleus RNA-se,https://www.ncbi.nlm.nih.gov/geo/query/acc.cgi?acc=GSE301075
GSE282463,PAAD,12,2026/02/18,Splicing Factor 3a Subunit 1 Promotes Colorectal Cancer Growth via Anti-programmed cell death of Syntaxin12.,https://www.ncbi.nlm.nih.gov/geo/query/acc.cgi?acc=GSE282463
GSE263002,PAAD,6,2026/02/15,Gene expression profiles in pancreatic cancer cells with high or low baseline autophagy flux levels [Low-Auto_High-Auto_RNASeq],https://www.ncbi.nlm.nih.gov/geo/query/acc.cgi?acc=GSE263002
GSE263001,PAAD,6,2026/02/15,Effects of Integrin-alpha3 (ITGA3) knockdown on gene expression in pancreatic cancer cells [Scr_siITGA3_RNASeq],https://www.ncbi.nlm.nih.gov/geo/query/acc.cgi?acc=GSE263001
GSE263000,PAAD,5,2026/02/15,Effects of constitutive YAP1 activation on gene expression in pancreatic cancer spheroids [EV_YS6A_RNASeq],https://www.ncbi.nlm.nih.gov/geo/query/acc.cgi?acc=GSE263000
GSE262999,PAAD,6,2026/02/15,Effects of NF2 deletion on gene expression in pancreatic cancer spheroids [sgLUC_sgNF2_RNASeq],https://www.ncbi.nlm.nih.gov/geo/query/acc.cgi?acc=GSE262999
GSE312209,PAAD,15,2026/02/12,An oncogenic KRAS-driven secretome involving TNFα promotes niche preparation prior to pancreatic cancer onset [co-culture scRNA-seq],https://www.ncbi.nlm.nih.gov/geo/query/acc.cgi?acc=GSE312209
GSE284392,PAAD,5,2026/02/12,An oncogenic KRAS-driven secretome involving TNFα promotes niche preparation prior to pancreatic cancer onset [time-series scRNA-Seq],https://www.ncbi.nlm.nih.gov/geo/query/acc.cgi?acc=GSE284392
GSE319148,PAAD,6,2026/02/11,Targeting IGF2BP1 reverses immune evasion in CTL-enriched pancreatic cancer,https://www.ncbi.nlm.nih.gov/geo/query/acc.cgi?acc=GSE319148
GSE290274,PAAD,16,2026/02/10,KLF5 modulates epigenetic modifications driving human pancreatic ductal adenocarcinoma metastasis [Multiome],https://www.ncbi.nlm.nih.gov/geo/query/acc.cgi?acc=GSE290274
GSE290273,PAAD,8,2026/02/10,KLF5 modulates epigenetic modifications driving human pancreatic ductal adenocarcinoma metastasis [RNA-Seq],https://www.ncbi.nlm.nih.gov/geo/query/acc.cgi?acc=GSE290273
GSE281781,PAAD,186,2026/02/06,MYC binding to nascent RNA suppresses innate immune signaling by R-loop-derived RNA-DNA hybrids,https://www.ncbi.nlm.nih.gov/geo/query/acc.cgi?acc=GSE281781
GSE316796,PAAD,2,2026/02/04,"Spatial analysis of IPMNs defines a paradoxical KRT17-positive, low-grade epithelial population harboring malignant features [scRNA-seq]",https://www.ncbi.nlm.nih.gov/geo/query/acc.cgi?acc=GSE316796
GSE311738,PAAD,12,2026/02/04,E96A TMZ Treatment Study,https://www.ncbi.nlm.nih.gov/geo/query/acc.cgi?acc=GSE311738
GSE311737,PAAD,4,2026/02/04,E96A baseline transcriptional changes,https://www.ncbi.nlm.nih.gov/geo/query/acc.cgi?acc=GSE311737
GSE315130,PAAD,67,2026/01/31,"Differential mRNA expression analysis of multiple human and mouse pancreatic cancer cells and tumors after DMSO, tazemetostat, RMC-6236, or ",https://www.ncbi.nlm.nih.gov/geo/query/acc.cgi?acc=GSE315130
GSE285958,PAAD,2,2026/01/31,Identification of a dihydroartemisinin-related prognostic signature and its contribution to the tumor microenvironment of pancreatic cancer,https://www.ncbi.nlm.nih.gov/geo/query/acc.cgi?acc=GSE285958
GSE317494,PAAD,24,2026/01/28,Dual Therapy Targeting Cellular Bioenergetics as Treatment for Pancreatic Cancer,https://www.ncbi.nlm.nih.gov/geo/query/acc.cgi?acc=GSE317494
GSE289242,PAAD,6,2026/01/28,ClpX inhibition promotes ferroptosis through mitochondrial dysfunction to suppress pancreatic ductal adenocarcinoma progression,https://www.ncbi.nlm.nih.gov/geo/query/acc.cgi?acc=GSE289242
GSE291732,PAAD,32,2026/01/23,Identification of β-catenin dependent and independent genes in an orthotopic model of pancreatic cancer,https://www.ncbi.nlm.nih.gov/geo/query/acc.cgi?acc=GSE291732
GSE312315,PAAD,2,2026/01/16,"Multi-ome profiles of KP4 cells, a Pancreatic Ductal adenocarcinoma cell line",https://www.ncbi.nlm.nih.gov/geo/query/acc.cgi?acc=GSE312315
GSE161369,PAAD,237,2026/01/16,Pancreatic Cancer Datasets,https://www.ncbi.nlm.nih.gov/geo/query/acc.cgi?acc=GSE161369
GSE160977,PAAD,1,2026/01/16,Single cell data from patient-derived xenograft model of PDAC tumor.,https://www.ncbi.nlm.nih.gov/geo/query/acc.cgi?acc=GSE160977
GSE282985,PAAD,14,2026/01/14,Schlafen 5 (SLFN5) is an Intracellular Immune Checkpoint and controls Interferon (IFN) Responses in Pancreatic Ductal Adenocarcinoma (PDAC),https://www.ncbi.nlm.nih.gov/geo/query/acc.cgi?acc=GSE282985
GSE314456,PAAD,20,2026/01/12,Adipose stromal cell-derived cancer-associated fibroblasts promote pancreatic adenocarcinoma through SFRP4 signaling,https://www.ncbi.nlm.nih.gov/geo/query/acc.cgi?acc=GSE314456
GSE286514,PAAD,12,2026/01/12,Cytosolic transport of citrate protects pancreatic cancer from ferroptosis under nutrient stress.,https://www.ncbi.nlm.nih.gov/geo/query/acc.cgi?acc=GSE286514
GSE297082,PAAD,6,2026/01/01,Effect of circ72309 overexpression on gene expression related to gemcitabine sensitivity in pancreatic cancer cell lines,https://www.ncbi.nlm.nih.gov/geo/query/acc.cgi?acc=GSE297082
GSE295597,PAAD,12,2026/01/01,Transcriptome analysis of PDAC cells induced primary cilia and control,https://www.ncbi.nlm.nih.gov/geo/query/acc.cgi?acc=GSE295597
GSE286384,PAAD,40,2026/01/01,METTL3-dependent m6A RNA Modifications Orchestrate the HNF1B-associated Redox and the Metabolic Vulnerability in Cancer [RNA-seq],https://www.ncbi.nlm.nih.gov/geo/query/acc.cgi?acc=GSE286384
GSE270206,PAAD,11,2026/01/01,Therapeutic efficacy of CDK7 inhibition in pancreatic cancer through proliferation arrest and inducing replication stress [PDX],https://www.ncbi.nlm.nih.gov/geo/query/acc.cgi?acc=GSE270206
GSE270204,PAAD,15,2026/01/01,Therapeutic efficacy of CDK7 inhibition in pancreatic cancer through proliferation arrest and inducing replication stress [8898T],https://www.ncbi.nlm.nih.gov/geo/query/acc.cgi?acc=GSE270204
GSE274806,PAAD,6,2025/12/31,RRM2 Promotes Liver Metastasis of Pancreatic Cancer by Stabilizing YBX1 and Activating the TGF-beta Pathway,https://www.ncbi.nlm.nih.gov/geo/query/acc.cgi?acc=GSE274806
GSE315038,PAAD,6,2025/12/30,Eukaryotic translation initiation factor 3B regulates pancreatic cancer cell proliferation by interacting with RAB14,https://www.ncbi.nlm.nih.gov/geo/query/acc.cgi?acc=GSE315038
GSE291085,PAAD,12,2025/12/30,Transcriptomic Profiling of Kinase Inhibitor Treated Cancer Cell Lines Reveals Insights into Drug Response Mechanisms,https://www.ncbi.nlm.nih.gov/geo/query/acc.cgi?acc=GSE291085
GSE279749,PAAD,30,2025/12/28,Combination of PARP and KRAS G12D Inhibitors Enhances Efficacy of Therapeutic Vulnerabilities,https://www.ncbi.nlm.nih.gov/geo/query/acc.cgi?acc=GSE279749
GSE314358,PAAD,9,2025/12/24,"Gene expression profiles in S2-007, S2-020 and S2-028 pancreatic ductal adenocarcinoma cell lines",https://www.ncbi.nlm.nih.gov/geo/query/acc.cgi?acc=GSE314358
GSE285193,PAAD,18,2025/12/22,Effect of pancreatic cancer derived extracellular vesicles on bone marrow drived macrophages,https://www.ncbi.nlm.nih.gov/geo/query/acc.cgi?acc=GSE285193
GSE311789,PAAD,142,2025/12/18,DeCAF redefines fibroblast states uncovering multidimensional tumor-stroma relationships driving clinical tumor progression and immunotherap,https://www.ncbi.nlm.nih.gov/geo/query/acc.cgi?acc=GSE311789
GSE311788,PAAD,6,2025/12/18,DeCAF redefines fibroblast states uncovering multidimensional tumor-stroma relationships driving clinical tumor progression and immunotherap,https://www.ncbi.nlm.nih.gov/geo/query/acc.cgi?acc=GSE311788
GSE310957,PAAD,129,2025/12/18,DeCAF redefines fibroblast states uncovering multidimensional tumor-stroma relationships driving clinical tumor progression and immunotherap,https://www.ncbi.nlm.nih.gov/geo/query/acc.cgi?acc=GSE310957
GSE300200,PAAD,26,2025/12/16,The Lysine Demethylase Kdm4C is an Oncogenic Driver and Regulates ERK Activity in KRAS Mutant Pancreatic Ductal Adenocarcinoma,https://www.ncbi.nlm.nih.gov/geo/query/acc.cgi?acc=GSE300200
GSE300083,PAAD,12,2025/12/16,The Lysine Demethylase Kdm4C is an Oncogenic Driver and Regulates ERK Activity in KRAS Mutant Pancreatic Ductal Adenocarcinoma [RNA-Seq],https://www.ncbi.nlm.nih.gov/geo/query/acc.cgi?acc=GSE300083
GSE296719,PAAD,36,2025/12/16,Inhibition of cancer stem cell self-renewal by a platinum(II) complex suppresses metastasis in gastrointestinal cancer,https://www.ncbi.nlm.nih.gov/geo/query/acc.cgi?acc=GSE296719
GSE168574,PAAD,12,2025/12/16,The mechano-biological microenvironment of pancreatic ductal adenocarcinoma,https://www.ncbi.nlm.nih.gov/geo/query/acc.cgi?acc=GSE168574
GSE313117,PAAD,158,2025/12/15,Cross-platform comparison of gene expression-based cancer molecular subtyping reveals discrepancies with exome capture methods,https://www.ncbi.nlm.nih.gov/geo/query/acc.cgi?acc=GSE313117
GSE313101,PAAD,37,2025/12/13,FOLFIRINOX Plus Nivolumab Promotes Irregular Intra-Tumoral Lymphoid Aggregates in Borderline Resectable Pancreatic Adenocarcinoma: A Phase 1,https://www.ncbi.nlm.nih.gov/geo/query/acc.cgi?acc=GSE313101
GSE277285,PAAD,12,2025/12/13,Pa01c cells treated with ERK and MK2 inhibitors,https://www.ncbi.nlm.nih.gov/geo/query/acc.cgi?acc=GSE277285
GSE312155,PAAD,12,2025/12/11,Evaluation of the efficacy of radiodynamic therapy using talaporfin sodium in human pancreatic cancer MIA PaCa-2 xenograft models,https://www.ncbi.nlm.nih.gov/geo/query/acc.cgi?acc=GSE312155
GSE294244,PAAD,3,2025/12/09,"The promising miRNAs, Let-7b-5p and miR-24-3p, have the potential to serve as therapeutic agents targeting pancreatic cancer stem cells.[RNA",https://www.ncbi.nlm.nih.gov/geo/query/acc.cgi?acc=GSE294244
GSE292095,PAAD,12,2025/12/08,NFAT Mediates Pro-Tumorigenic Inflammation in Cancer-Associated Fibroblasts in Pancreatic Ductal Adenocarcinoma [human multiome],https://www.ncbi.nlm.nih.gov/geo/query/acc.cgi?acc=GSE292095
GSE311574,PAAD,1,2025/12/04,Therapeutic Targeting of Epithelial Mesenchymal Cellular Plasticity in Pancreatic Cancer,https://www.ncbi.nlm.nih.gov/geo/query/acc.cgi?acc=GSE311574
GSE292740,PAAD,9,2025/12/04,The effect of CPXM2-aligned collagen on gene expresssion and the intracellular signaling pathway in PaTu 8988t cells.,https://www.ncbi.nlm.nih.gov/geo/query/acc.cgi?acc=GSE292740
GSE292738,PAAD,6,2025/12/04,The different genes expression in clinical para-tumor and pancreatic ductal adenocarcinoma samples,https://www.ncbi.nlm.nih.gov/geo/query/acc.cgi?acc=GSE292738
GSE310388,PAAD,171,2025/12/03,In situ multi-modal characterization of pancreatic cancer reveals tumor cell identity as a defining factor of the surrounding microenvironme,https://www.ncbi.nlm.nih.gov/geo/query/acc.cgi?acc=GSE310388
GSE310353,PAAD,116,2025/12/03,In situ multi-modal characterization of pancreatic cancer reveals tumor cell identity as a defining factor of the surrounding microenvironme,https://www.ncbi.nlm.nih.gov/geo/query/acc.cgi?acc=GSE310353
GSE311267,PAAD,4,2025/12/02,Syndecan-1-targeted therapeutic antibody inhibits macropinocytosis and induces antitumor immunity in pancreatic cancer,https://www.ncbi.nlm.nih.gov/geo/query/acc.cgi?acc=GSE311267
GSE310675,PAAD,12,2025/11/27,CRISPR-Cas9 Screening Identifies Resistance Mechanisms to KRAS Inhibition in Pancreatic Cancer,https://www.ncbi.nlm.nih.gov/geo/query/acc.cgi?acc=GSE310675
GSE291124,PAAD,17,2025/11/25,snRNA-seq dataset of 17 treatment-naive human PDAC patient-derived tumors,https://www.ncbi.nlm.nih.gov/geo/query/acc.cgi?acc=GSE291124
GSE297252,PAAD,6,2025/11/15,Effect of circ72039 overexpression on gene expression related to gemcitabine sensitivity in pancreatic cancer cell lines,https://www.ncbi.nlm.nih.gov/geo/query/acc.cgi?acc=GSE297252
GSE301148,PAAD,12,2025/11/12,Simultaneous Targeting of KRAS and CDK4 Synergistically Induces Durable Growth Arrest in Pancreatic Cancer Cells [AsPC-1_RNA_Seq],https://www.ncbi.nlm.nih.gov/geo/query/acc.cgi?acc=GSE301148
GSE301146,PAAD,23,2025/11/12,Simultaneous Targeting of KRAS and CDK4 Synergistically Induces Durable Growth Arrest in Pancreatic Cancer Cells [51T-2D_RNA_Seq],https://www.ncbi.nlm.nih.gov/geo/query/acc.cgi?acc=GSE301146
GSE303964,PAAD,48,2025/11/05,Serine tRNAs Compete to Regulate the mRNA Translation Of Serine-sensitive Codons,https://www.ncbi.nlm.nih.gov/geo/query/acc.cgi?acc=GSE303964
GSE301398,PAAD,16,2025/11/01,Single-cell RNA-seq of patient-derived cancer-associated fibroblast in vitro cell line models from pancreatic ductal adenocarcinoma,https://www.ncbi.nlm.nih.gov/geo/query/acc.cgi?acc=GSE301398
GSE276264,PAAD,4,2025/10/31,Comparison of the transcriptome of KP4 controls or resistant to Folfirinox after 96h of treatment with Vehicule or Folfirinox,https://www.ncbi.nlm.nih.gov/geo/query/acc.cgi?acc=GSE276264
GSE298580,PAAD,64,2025/10/26,Dual inhibition of FACT and RRM2 suppresses the progression of pancreatic ductal adenocarcinoma driven by the oncohistone H2BG53D,https://www.ncbi.nlm.nih.gov/geo/query/acc.cgi?acc=GSE298580
GSE243141,PAAD,10,2025/10/22,Codon Specific Readthrough as a Mechanism of BRCA2 Restoration in Acquired PARP Inhibitor and Chemotherapy Resistance [RNA-seq],https://www.ncbi.nlm.nih.gov/geo/query/acc.cgi?acc=GSE243141
GSE285972,PAAD,4,2025/10/21,A deep-learning tool for species-agnostic integration of cancer cell states,https://www.ncbi.nlm.nih.gov/geo/query/acc.cgi?acc=GSE285972
GSE216038,PAAD,21,2025/10/17,Effect of continued exposure to drugs on gene expression in human pancreatic cells,https://www.ncbi.nlm.nih.gov/geo/query/acc.cgi?acc=GSE216038
GSE295349,PAAD,183,2025/10/08,KLF5 interacts with RUVBL1/2 to activate classical and basal lineage identities in PDAC [RNA-seq],https://www.ncbi.nlm.nih.gov/geo/query/acc.cgi?acc=GSE295349
GSE295347,PAAD,62,2025/10/08,KLF5 interacts with RUVBL1/2 to activate classical and basal lineage identities in PDAC [SLAM-seq],https://www.ncbi.nlm.nih.gov/geo/query/acc.cgi?acc=GSE295347
GSE292513,PAAD,8,2025/10/07,Loss of NF2 drives malignant transformation of human pancreatic acinar cells and enhances cell fitness under nutrient deprivation and therap,https://www.ncbi.nlm.nih.gov/geo/query/acc.cgi?acc=GSE292513
GSE292512,PAAD,18,2025/10/07,Loss of NF2 drives malignant transformation of human pancreatic acinar cells and enhances cell fitness under nutrient deprivation and therap,https://www.ncbi.nlm.nih.gov/geo/query/acc.cgi?acc=GSE292512
GSE309499,PAAD,12,2025/10/04,HDAC5 Deficiency Induces Intrinsic Resistance to KRASG12D Inhibition by Disrupting c-Myc Acetylation-Ubiquitination Homeostasis [RNA-seq],https://www.ncbi.nlm.nih.gov/geo/query/acc.cgi?acc=GSE309499
GSE309643,PAAD,12,2025/10/03,Investigating the Molecular Impact of GGMSC on Redox and Metabolic Pathways in Pancreatic Cancer Cells [HPAF-II],https://www.ncbi.nlm.nih.gov/geo/query/acc.cgi?acc=GSE309643
GSE309447,PAAD,12,2025/10/03,Investigating the Molecular Impact of GGMSC on Redox and Metabolic Pathways in Pancreatic Cancer Cells,https://www.ncbi.nlm.nih.gov/geo/query/acc.cgi?acc=GSE309447
GSE308145,PAAD,1,2025/10/03,Systematic benchmarking of imaging spatial transcriptomics platforms in FFPE tissues - scRNA-seq Data,https://www.ncbi.nlm.nih.gov/geo/query/acc.cgi?acc=GSE308145
GSE309364,PAAD,60,2025/10/01,"RNA-Seq analysis of cancer models with altered SLX4/XPF reveals links to migration, DNA damage response, EMT, and drug sensitivity",https://www.ncbi.nlm.nih.gov/geo/query/acc.cgi?acc=GSE309364
GSE266680,PAAD,119,2025/09/30,Architecture of the neutrophil compartment in mice,https://www.ncbi.nlm.nih.gov/geo/query/acc.cgi?acc=GSE266680
GSE308760,PAAD,8,2025/09/24,A versatile one-shot high-multiplex base editing strategy enables the generation of 20-plex knockout CAR T cells with enhanced anti-tumor ef,https://www.ncbi.nlm.nih.gov/geo/query/acc.cgi?acc=GSE308760
GSE277629,PAAD,24,2025/09/24,"RNA-seq of AsPC-1 cell line-derived xenograft mouse tumors treated with a MEK-RAF molecular glue, IK-595",https://www.ncbi.nlm.nih.gov/geo/query/acc.cgi?acc=GSE277629
GSE308205,PAAD,6,2025/09/21,OTUD4 regulates pancreatic cancer progression via Hippo/YAP axis,https://www.ncbi.nlm.nih.gov/geo/query/acc.cgi?acc=GSE308205
GSE308254,PAAD,30,2025/09/17,Self-assembly of hybrid 3D cultures by integrating living and synthetic cells,https://www.ncbi.nlm.nih.gov/geo/query/acc.cgi?acc=GSE308254
GSE303261,PAAD,6,2025/09/16,Targeting Siglec-10/α3β1 Integrin Interactions Enhances Macrophage-Mediated Phagocytosis of Pancreatic Cancer,https://www.ncbi.nlm.nih.gov/geo/query/acc.cgi?acc=GSE303261
GSE245734,PAAD,225,2025/09/16,HNF4G and FOXA1 are context-specific drivers of pancreatic cancer progression,https://www.ncbi.nlm.nih.gov/geo/query/acc.cgi?acc=GSE245734
GSE245733,PAAD,29,2025/09/16,HNF4G and FOXA1 are context-specific drivers of pancreatic cancer progression [RNA-seq],https://www.ncbi.nlm.nih.gov/geo/query/acc.cgi?acc=GSE245733
GSE307914,PAAD,24,2025/09/12,"Autologous multiantigen-targeted T cell therapy for pancreatic ductal adenocarcinoma: results of a Phase I, three-arm, nonrandomized clinica",https://www.ncbi.nlm.nih.gov/geo/query/acc.cgi?acc=GSE307914
GSE306853,PAAD,70,2025/09/12,Perturb-seq experiment on patient-derived cancer-associated fibroblast in vitro cell line models from pancreatic ductal adenocarcinoma,https://www.ncbi.nlm.nih.gov/geo/query/acc.cgi?acc=GSE306853
GSE301126,PAAD,6,2025/09/03,Menin regulates YBX1 nuclear translocation to drive HKDC1 transcription and restrain glycolysis in pancreatic ductal adenocarcinoma,https://www.ncbi.nlm.nih.gov/geo/query/acc.cgi?acc=GSE301126
GSE300304,PAAD,30,2025/09/02,A platform for multisite immune profiling of premetastatic pancreatic cancer at single cell resolution,https://www.ncbi.nlm.nih.gov/geo/query/acc.cgi?acc=GSE300304
GSE212435,PAAD,31,2025/08/31,Targeting STAT3-FoxO1 axis reverses de novo and acquired PARP inhibitor resistance independent of BRCA status,https://www.ncbi.nlm.nih.gov/geo/query/acc.cgi?acc=GSE212435
GSE306772,PAAD,8,2025/08/28,Targeting myoferlin in ER/Golgi vesicle trafficking reprograms cancer-associated fibroblasts in pancreatic cancer.,https://www.ncbi.nlm.nih.gov/geo/query/acc.cgi?acc=GSE306772
GSE306771,PAAD,12,2025/08/28,Bulk RNA-seq analysis of PDAC PANC-1 cells silenced with siRNA targeting myoferlin or treated with WJ460.,https://www.ncbi.nlm.nih.gov/geo/query/acc.cgi?acc=GSE306771
GSE275607,PAAD,6,2025/08/25,"RNA sequencing analysis of ESRP1, 2 overepxressing PANC-1 and MIA-PaCa2",https://www.ncbi.nlm.nih.gov/geo/query/acc.cgi?acc=GSE275607
GSE289399,PAAD,6,2025/08/19,Disruption of Fibroblast MYD88 Signaling Promotes Antitumor Immunity in Pancreatic Ductal Adenocarcinoma [BulkRNA-seq_LPSstim],https://www.ncbi.nlm.nih.gov/geo/query/acc.cgi?acc=GSE289399
GSE248719,PAAD,2,2025/08/13,RNA-seq analysis of the effect of mitochondrial glutamine transporter inhibitor treated pancreatic cancer cells,https://www.ncbi.nlm.nih.gov/geo/query/acc.cgi?acc=GSE248719
GSE303767,PAAD,44,2025/08/12,Tumor-Associated Schwann Cell Remodeling under Metabolic Stress via Lactate Sensing Orchestrates Pancreatic Ductal Adenocarcinoma Developmen,https://www.ncbi.nlm.nih.gov/geo/query/acc.cgi?acc=GSE303767
GSE303766,PAAD,36,2025/08/12,"Tumor-associated Schwann cell remodeling under metabolic stress via lactate sensing orchestrates [ChIP-seq, MeRIP-seq, RNA-seq]",https://www.ncbi.nlm.nih.gov/geo/query/acc.cgi?acc=GSE303766
GSE289759,PAAD,9,2025/08/12,ERK signaling promotes IKKε expression and oncogenic functions in pancreatic cancer cells in association with TBK1,https://www.ncbi.nlm.nih.gov/geo/query/acc.cgi?acc=GSE289759
GSE303643,PAAD,12,2025/08/11,Pancreatic cells are resistant to KRASQ61L expression due to hyperactivation of ERK/MAPK signaling and induction of apoptosis,https://www.ncbi.nlm.nih.gov/geo/query/acc.cgi?acc=GSE303643
GSE303131,PAAD,14,2025/08/09,Pancreatic cancer-intrinsic HuR regulates the pro-tumorigenic properties of extracellular vesicles,https://www.ncbi.nlm.nih.gov/geo/query/acc.cgi?acc=GSE303131
GSE296243,PAAD,24,2025/08/05,Genomic and Immune Landscape of Pancreatic Ductal Adenocarcinoma Associated with Germline Pathogenic Variants in ATM,https://www.ncbi.nlm.nih.gov/geo/query/acc.cgi?acc=GSE296243
GSE304108,PAAD,29,2025/08/04,Drug Screening in 3D Microtumors Reveals DDR1/2-MAPK12-GLI1 as a Vulnerability in Cancer-Associated Fibroblasts,https://www.ncbi.nlm.nih.gov/geo/query/acc.cgi?acc=GSE304108
GSE272638,PAAD,10,2025/07/31,Alcohol-induced C/EBP β-driven VIRMA decreases oxidative stress and promotes pancreatic ductal adenocarcinoma growth and metastasis via the ,https://www.ncbi.nlm.nih.gov/geo/query/acc.cgi?acc=GSE272638
GSE295616,PAAD,6,2025/07/29,Targeting FGFR4 Abrogates HNF1A-driven Metastasis in Pancreatic Ductal Adenocarcinoma,https://www.ncbi.nlm.nih.gov/geo/query/acc.cgi?acc=GSE295616
GSE295441,PAAD,29,2025/07/23,Macrovascular infiltration and spikes in circulating tumor cells in cancer patients approaching end of life,https://www.ncbi.nlm.nih.gov/geo/query/acc.cgi?acc=GSE295441
GSE293744,PAAD,48,2025/07/23,Differential Gene Expression Profiles of Pancreatic Ductal Adenocarcinomas Among African American and Caucasian American Patients,https://www.ncbi.nlm.nih.gov/geo/query/acc.cgi?acc=GSE293744
GSE293661,PAAD,20,2025/07/23,A nanopore long-read transcriptome in pancreatic cancer cells,https://www.ncbi.nlm.nih.gov/geo/query/acc.cgi?acc=GSE293661
GSE283407,PAAD,9,2025/07/23,Paracrine regulation of pancreatic cancer cell response to chemotherapy by GLI2-Collagen I signaling,https://www.ncbi.nlm.nih.gov/geo/query/acc.cgi?acc=GSE283407
GSE292666,PAAD,12,2025/07/17,MYB and HIF1α crosstalk drives hypoxia-induced transcriptional reprogramming and adaptive signaling alterations in pancreatic cancer [RNA-se,https://www.ncbi.nlm.nih.gov/geo/query/acc.cgi?acc=GSE292666
GSE254877,PAAD,84,2025/07/17,Molecular Subtypes of Human Skeletal Muscle in Cancer Cachexia,https://www.ncbi.nlm.nih.gov/geo/query/acc.cgi?acc=GSE254877
GSE285947,PAAD,18,2025/07/16,Protein Kinase R regulates pancreatic ductal adenocarcinoma progression by modulating the cell cycle via GADD45A,https://www.ncbi.nlm.nih.gov/geo/query/acc.cgi?acc=GSE285947
GSE275766,PAAD,13,2025/07/16,Bulk RNA Sequencing of Human PDAC: TLS-Positive vs. TLS-Negative,https://www.ncbi.nlm.nih.gov/geo/query/acc.cgi?acc=GSE275766
GSE253429,PAAD,21,2025/07/16,Cellular states associated with metastatic organotropism and survival in patients with pancreatic ductal adenocarcinoma,https://www.ncbi.nlm.nih.gov/geo/query/acc.cgi?acc=GSE253429
GSE298925,PAAD,48,2025/07/15,ZBTB11 Depletion Targets Metabolic Vulnerabilities in K-Ras Inhibitor Resistant PDAC [Degrader RNA-seq],https://www.ncbi.nlm.nih.gov/geo/query/acc.cgi?acc=GSE298925
GSE298803,PAAD,70,2025/07/15,ZBTB11 Depletion Targets Metabolic Vulnerabilities in K-Ras Inhibitor Resistant PDAC [CRISPRi RNA-seq],https://www.ncbi.nlm.nih.gov/geo/query/acc.cgi?acc=GSE298803
GSE282795,PAAD,18,2025/07/13,"Effect of PRMT5i (MRTX1719), ERKi (Adagrasib), RAFi (Belvarafenib) and their combination on non-small cell lung cancer cell line (LU99)",https://www.ncbi.nlm.nih.gov/geo/query/acc.cgi?acc=GSE282795
GSE282794,PAAD,6,2025/07/13,Effect of PRMT5i (MRTX1719) on glioblastoma cell line (A172),https://www.ncbi.nlm.nih.gov/geo/query/acc.cgi?acc=GSE282794
GSE298057,PAAD,6,2025/07/09,RNA sequence analysis of STYK1 knockdown in pancreatic cancer PANC-1 cells,https://www.ncbi.nlm.nih.gov/geo/query/acc.cgi?acc=GSE298057
GSE278477,PAAD,6,2025/07/09,Single cell analysis of an engineered organoid based model of pancreatic cancer identifies hypoxia as a contributing factor in the determina,https://www.ncbi.nlm.nih.gov/geo/query/acc.cgi?acc=GSE278477
GSE276061,PAAD,5,2025/07/07,Enhancing CAR T Cell Therapy in Patients with Pancreatic Cancer,https://www.ncbi.nlm.nih.gov/geo/query/acc.cgi?acc=GSE276061
GSE301285,PAAD,12,2025/07/01,KLF5 controls subtype-independent highly interactive enhancers in pancreatic cancer to regulate cell survival [EU-RNAseq],https://www.ncbi.nlm.nih.gov/geo/query/acc.cgi?acc=GSE301285
GSE301283,PAAD,36,2025/07/01,KLF5 controls subtype-independent highly interactive enhancers in pancreatic cancer to regulate cell survival [RNA-Seq],https://www.ncbi.nlm.nih.gov/geo/query/acc.cgi?acc=GSE301283
GSE271450,PAAD,24,2025/07/01,Transcriptomic analysis of two human pancreatic cancer cell lines treated with the HDAC inhibitor romidepsin and/or the RNA helicase eIF4A i,https://www.ncbi.nlm.nih.gov/geo/query/acc.cgi?acc=GSE271450
GSE248948,PAAD,170,2025/07/01,Spatiotemporal control of SMARCA5 by a MAPK-RUNX1 axis distinguishes mutant KRAS-driven pancreatic malignancy from tissue regeneration,https://www.ncbi.nlm.nih.gov/geo/query/acc.cgi?acc=GSE248948
GSE248947,PAAD,28,2025/07/01,Spatiotemporal control of SMARCA5 by a MAPK-RUNX1 axis distinguishes mutant KRAS-driven pancreatic malignancy from tissue regeneration (RNA-,https://www.ncbi.nlm.nih.gov/geo/query/acc.cgi?acc=GSE248947
GSE300379,PAAD,8,2025/06/30,Cell Cycle Reprogramming Mediates Acquired Oxaliplatin Resistance in Pancreatic Cancer [cell lines],https://www.ncbi.nlm.nih.gov/geo/query/acc.cgi?acc=GSE300379
GSE299145,PAAD,6,2025/06/30,Phosphorylated TLR3 nuclear translocation in cancer cell promotes metastasis and chemoresistance,https://www.ncbi.nlm.nih.gov/geo/query/acc.cgi?acc=GSE299145
GSE281497,PAAD,12,2025/06/30,PAD2-Mediated Histone Citrullination Drives Tumor Progression by Enhancing Cell Proliferation and Modifying the Microenvironment in Pancreat,https://www.ncbi.nlm.nih.gov/geo/query/acc.cgi?acc=GSE281497
GSE278112,PAAD,36,2025/06/26,Regulation of pancreatic cancer migration by signal convergence in the epigenome [RNA-Seq],https://www.ncbi.nlm.nih.gov/geo/query/acc.cgi?acc=GSE278112
GSE269714,PAAD,4,2025/06/25,Erianin inhibits the progression of pancreatic cancer by directly targeting AKT and ASK1,https://www.ncbi.nlm.nih.gov/geo/query/acc.cgi?acc=GSE269714
GSE272838,PAAD,27,2025/06/22,"Inhibitor of DNA binding-1, a master regulator of vasculogenic mimicry by cancer cells.",https://www.ncbi.nlm.nih.gov/geo/query/acc.cgi?acc=GSE272838
GSE283206,PAAD,8,2025/06/20,Combined Flt3L and CD40 agonism restores dendritic cell driven T cell immunity in mouse models and patients with pancreatic cancer [human],https://www.ncbi.nlm.nih.gov/geo/query/acc.cgi?acc=GSE283206
GSE297770,PAAD,5,2025/06/16,Establishing 3D Organoid Models from Patient-Derived Conditionally Reprogrammed Cells to Bridge Preclinical and Clinical Insights in Pancrea,https://www.ncbi.nlm.nih.gov/geo/query/acc.cgi?acc=GSE297770
GSE299600,PAAD,12,2025/06/15,Lactylation-driven NSUN2-mediated RNA m5C modification promotes perineural invasion in pancreatic cancer [mRNA-seq],https://www.ncbi.nlm.nih.gov/geo/query/acc.cgi?acc=GSE299600
GSE299599,PAAD,4,2025/06/15,Lactylation-driven NSUN2-mediated RNA m5C modification promotes perineural invasion in pancreatic cancer [RIP-seq],https://www.ncbi.nlm.nih.gov/geo/query/acc.cgi?acc=GSE299599
GSE299209,PAAD,6,2025/06/11,Cancer-Associated Fibroblast-Derived circKLHL24 Drives Perineural Invasion in Pancreatic Cancer via Dual Regulation of the Sec31A-CXCL12 Axi,https://www.ncbi.nlm.nih.gov/geo/query/acc.cgi?acc=GSE299209
GSE282746,PAAD,18,2025/06/08,Effect of knockdown OFD1 on gene expression in pancreatic cancer cells,https://www.ncbi.nlm.nih.gov/geo/query/acc.cgi?acc=GSE282746
GSE284573,PAAD,6,2025/06/04,Single-cell transcriptome conservation in a multispecies comparative analysis of fresh and cryopreserved insulinoma cell lines,https://www.ncbi.nlm.nih.gov/geo/query/acc.cgi?acc=GSE284573
GSE206943,PAAD,9,2025/06/01,RNA-Seq Analysis of p53 Knockdown validated Human SU. 86.86  Pancreatic Cancer cells,https://www.ncbi.nlm.nih.gov/geo/query/acc.cgi?acc=GSE206943
GSE267541,PAAD,10,2025/05/30,The effects of Lycorine on PANC-1 cells.,https://www.ncbi.nlm.nih.gov/geo/query/acc.cgi?acc=GSE267541
GSE249183,PAAD,2,2025/05/28,"RNA sequencing facilitates quantitative analysis of PDAC CFPAC-1 cells (including CFPAC-1 NC, CFPAC-1 CGN siRNA) transcriptomes",https://www.ncbi.nlm.nih.gov/geo/query/acc.cgi?acc=GSE249183
GSE278694,PAAD,88,2025/05/19,Integrated Single-Cell and Spatial Transcriptomics Uncover Distinct Cellular Subtypes Involved in Neural Invasion in PDAC,https://www.ncbi.nlm.nih.gov/geo/query/acc.cgi?acc=GSE278694
GSE278689,PAAD,8,2025/05/19,Integrated Single-Cell and Spatial Transcriptomics Uncover Distinct Cellular Subtypes Involved in Neural Invasion in PDAC [snRNA-Seq],https://www.ncbi.nlm.nih.gov/geo/query/acc.cgi?acc=GSE278689
GSE278688,PAAD,29,2025/05/19,Integrated Single-Cell and Spatial Transcriptomics Uncover Distinct Cellular Subtypes Involved in Neural Invasion in PDAC [scRNA-Seq],https://www.ncbi.nlm.nih.gov/geo/query/acc.cgi?acc=GSE278688
GSE238017,PAAD,54,2025/05/05,Endocrine cell ER stress conservation,https://www.ncbi.nlm.nih.gov/geo/query/acc.cgi?acc=GSE238017
GSE279400,PAAD,9,2025/05/01,ACSS2-mediated acetylation promotes BCAT1 aggradation to elevate branched-chain amino acid metabolism and development of pancreatic cancer,https://www.ncbi.nlm.nih.gov/geo/query/acc.cgi?acc=GSE279400
GSE183860,PAAD,6,2025/05/01,"Transcriptome alterlation by ZIC5 knockdown in pancreatic cancer cell line, PANC-1.",https://www.ncbi.nlm.nih.gov/geo/query/acc.cgi?acc=GSE183860
GSE230355,PAAD,6,2025/04/30,Influence of the anti-MUC16 humanized monoclonal antibody AR9.6 on gene expression in MUC16 expressing cancer cells in patient-derived organ,https://www.ncbi.nlm.nih.gov/geo/query/acc.cgi?acc=GSE230355
GSE295725,PAAD,98,2025/04/28,Multimodal delineation of a layer of effector function among exhausted CD8 T cells in tumors,https://www.ncbi.nlm.nih.gov/geo/query/acc.cgi?acc=GSE295725
GSE273492,PAAD,36,2025/04/12,Selective NSD2 Inhibition Reveals an Epigenetic Vulnerability of KRAS-Driven Cancers [RNA-Seq],https://www.ncbi.nlm.nih.gov/geo/query/acc.cgi?acc=GSE273492
GSE291188,PAAD,24,2025/04/09,Unravelling the antitumor mechanism of Ocoxin through cancer cell genomics,https://www.ncbi.nlm.nih.gov/geo/query/acc.cgi?acc=GSE291188
GSE277280,PAAD,8,2025/04/09,BARD1 is an exploitable therapeutic target for homologous repair proficient pancreatic ductal adenocarcinomas [PANC-1],https://www.ncbi.nlm.nih.gov/geo/query/acc.cgi?acc=GSE277280
GSE277278,PAAD,8,2025/04/09,BARD1 is an exploitable therapeutic target for homologous repair proficient pancreatic ductal adenocarcinomas [MiaPaCa-2],https://www.ncbi.nlm.nih.gov/geo/query/acc.cgi?acc=GSE277278
GSE293756,PAAD,6,2025/04/08,PANCREATIC DUCTAL ADENOCARCINOMAS RESISTANT TO KRAS INHIBITION ARE DRUGGABLE WITH AN ANTI-MUC1-C ADC,https://www.ncbi.nlm.nih.gov/geo/query/acc.cgi?acc=GSE293756
GSE278909,PAAD,6,2025/04/06,Tumor-Derived Exosomal CCT6A Serves as a Matchmaker Introducing Chemokines to Tumor-Associated Macrophages in Pancreatic Ductal Adenocarcino,https://www.ncbi.nlm.nih.gov/geo/query/acc.cgi?acc=GSE278909
GSE293666,PAAD,43,2025/04/03,Identification of a Selective Pharmacologic IRE1/XBP1s Activator with Enhanced Tissue Exposure,https://www.ncbi.nlm.nih.gov/geo/query/acc.cgi?acc=GSE293666
GSE148188,PAAD,49,2025/04/03,NOXA dependent induction of apoptosis in pancreatic cancer cells,https://www.ncbi.nlm.nih.gov/geo/query/acc.cgi?acc=GSE148188
GSE287340,PAAD,12,2025/04/02,Effects of SOX9 Downregulation on the Transcriptomic Landscape of Pancreatic Ductal Adenocarcinoma Cells,https://www.ncbi.nlm.nih.gov/geo/query/acc.cgi?acc=GSE287340
GSE285130,PAAD,15,2025/03/31,"B4GALT5 and B3GNT3 downregulate MHC-I levels on tumor cells, thereby suppressing CD8+ T cell responses in pancreatic ductal adenocarcinoma.",https://www.ncbi.nlm.nih.gov/geo/query/acc.cgi?acc=GSE285130
GSE272019,PAAD,48,2025/03/27,Opposing Regulation of TNF Responses and IL-1b+ Macrophages by PGE2-cAMP Signaling and IFN-g [RNA-seq],https://www.ncbi.nlm.nih.gov/geo/query/acc.cgi?acc=GSE272019
GSE288088,PAAD,4,2025/03/26,Dynamic interaction of MYC enhancer RNA with YEATS2 protein regulates MYC gene transcription in pancreatic cancer,https://www.ncbi.nlm.nih.gov/geo/query/acc.cgi?acc=GSE288088
GSE185960,PAAD,18,2025/03/26,RNA-seq and acRIP-seq in NAT10-knockdown PDAC cells,https://www.ncbi.nlm.nih.gov/geo/query/acc.cgi?acc=GSE185960
GSE291851,PAAD,4,2025/03/20,"Cannabichromene: Integrative modulation of apoptosis, ferroptosis, and endocannabinoid signaling in pancreatic cancer therapy",https://www.ncbi.nlm.nih.gov/geo/query/acc.cgi?acc=GSE291851
GSE281039,PAAD,40,2025/03/12,Molecular characterization of pancreatic neuroendocrine tumor tissue: characterization of altered pathways and potential non-invasive biomar,https://www.ncbi.nlm.nih.gov/geo/query/acc.cgi?acc=GSE281039
GSE288533,PAAD,14,2025/03/11,"Neoadjuvant BMS-813160, nivolumab, gemcitabine and nab-paclitaxel for pancreatic cancer",https://www.ncbi.nlm.nih.gov/geo/query/acc.cgi?acc=GSE288533
GSE277386,PAAD,44,2025/03/06,Presurgical ablative radiation downstages high-risk features and alters immune response in pancreatic cancer,https://www.ncbi.nlm.nih.gov/geo/query/acc.cgi?acc=GSE277386
GSE291036,PAAD,16,2025/03/05,TP53 missense-specific transcriptional plasticity drives resistance against cell cycle inhibitors in pancreatic cancer,https://www.ncbi.nlm.nih.gov/geo/query/acc.cgi?acc=GSE291036
GSE291033,PAAD,12,2025/03/05,TP53 missense-specific transcriptional plasticity drives resistance against cell cycle inhibitors in pancreatic cancer [RNA-Seq],https://www.ncbi.nlm.nih.gov/geo/query/acc.cgi?acc=GSE291033
GSE290845,PAAD,6,2025/03/05,Cancer-Associated Fibroblasts Shape a High-Lactate Microenvironment to Drive Perineural Invasion in Pancreatic Cancer via Histone Lactylatio,https://www.ncbi.nlm.nih.gov/geo/query/acc.cgi?acc=GSE290845
GSE278383,PAAD,4,2025/03/01,Agrimoniin synergistically works with erlotinib to inhibit the proliferation of pancreatic cancer by remodeling the tumor microenvironment a,https://www.ncbi.nlm.nih.gov/geo/query/acc.cgi?acc=GSE278383
GSE254997,PAAD,18,2025/02/28,Unraveling the mechanism of JPI-547 in human pancreatic cancer cells through transcriptome analysis.,https://www.ncbi.nlm.nih.gov/geo/query/acc.cgi?acc=GSE254997
GSE290554,PAAD,94,2025/02/26,Mapping the Molecular Signature of Progressive Multiple Sclerosis,https://www.ncbi.nlm.nih.gov/geo/query/acc.cgi?acc=GSE290554
GSE290552,PAAD,16,2025/02/26,Mapping the Molecular Signature of Progressive Multiple Sclerosis [197191],https://www.ncbi.nlm.nih.gov/geo/query/acc.cgi?acc=GSE290552
GSE290450,PAAD,78,2025/02/26,Mapping the Molecular Signature of Progressive Multiple Sclerosis [194017],https://www.ncbi.nlm.nih.gov/geo/query/acc.cgi?acc=GSE290450
GSE283259,PAAD,12,2025/02/26,Effect of IL-8 and VEGFA on polarization of tumor-associated macrophages,https://www.ncbi.nlm.nih.gov/geo/query/acc.cgi?acc=GSE283259
GSE283101,PAAD,6,2025/02/26,Transcriptome sequencing of pancreatic cancer cells transfected with MMP28 overexpressing lentivirus,https://www.ncbi.nlm.nih.gov/geo/query/acc.cgi?acc=GSE283101
GSE282763,PAAD,6,2025/02/26,REG3A promotes the development of pancreatic cancer by activating EGFR pathway,https://www.ncbi.nlm.nih.gov/geo/query/acc.cgi?acc=GSE282763
GSE256511,PAAD,4,2025/02/23,BPTF cooperates with MYCN/MYC to link neuroblastoma cell cycle control with epigenetic cell states,https://www.ncbi.nlm.nih.gov/geo/query/acc.cgi?acc=GSE256511
GSE288907,PAAD,10,2025/02/11,Identifying genetic expression patterns as marker for sensitivity to oncolytic viruses using patient-derived pancreatic ductal adenocarcinom,https://www.ncbi.nlm.nih.gov/geo/query/acc.cgi?acc=GSE288907
GSE276223,PAAD,48,2025/02/03,"Restoration of the Tumor Suppressor Function of Y220C-Mutant p53 in vitro by Rezatapopt (PC14586), a Small Molecule Reactivator [in vitro]",https://www.ncbi.nlm.nih.gov/geo/query/acc.cgi?acc=GSE276223
GSE287932,PAAD,64,2025/02/01,Learning and actioning general principles of cancer cell drug sensitivity,https://www.ncbi.nlm.nih.gov/geo/query/acc.cgi?acc=GSE287932
GSE287602,PAAD,12,2025/01/24,Effect PELO knockdown in FOCAD intact vs deleted KP4 pancreatic cancer cells,https://www.ncbi.nlm.nih.gov/geo/query/acc.cgi?acc=GSE287602
GSE281288,PAAD,8,2025/01/18,NFE2-driven neutrophil polarization promotes pancreatic cancer liver metastasis progression,https://www.ncbi.nlm.nih.gov/geo/query/acc.cgi?acc=GSE281288
GSE287105,PAAD,24,2025/01/16,LINE-1 ORF1p immune evasion mechanisms in pancreatic ductal adenocarcinoma,https://www.ncbi.nlm.nih.gov/geo/query/acc.cgi?acc=GSE287105
GSE248800,PAAD,17,2025/01/15,scRNAseq Data Analysis Code Muscle Inflammation is Regulated by NF-kB From Multiple Cells to Control Distinct States of Wasting in Cancer Ca,https://www.ncbi.nlm.nih.gov/geo/query/acc.cgi?acc=GSE248800
GSE269521,PAAD,8,2025/01/13,Tumor microenvironment acidosis favors pancreatic cancer stem cell properties and in vivo metastasis,https://www.ncbi.nlm.nih.gov/geo/query/acc.cgi?acc=GSE269521
GSE272796,PAAD,2,2025/01/07,Glucocorticoid Receptor Suppresses GATA6-Mediated RNA Polymerase II Pause Release to Modulate Classical Subtype Identity in Pancreatic Cance,https://www.ncbi.nlm.nih.gov/geo/query/acc.cgi?acc=GSE272796
GSE271737,PAAD,110,2025/01/07,Glucocorticoid Receptor Suppresses GATA6-Mediated RNA Polymerase II Pause Release to Modulate Classical Subtype Identity in Pancreatic Cance,https://www.ncbi.nlm.nih.gov/geo/query/acc.cgi?acc=GSE271737
GSE255747,PAAD,6,2025/01/02,Three-Dimensional Environment Sensitizes Pancreatic Cancer Cells to The Anti-Proliferative Effect of Budesonide by reprogramming energy meta,https://www.ncbi.nlm.nih.gov/geo/query/acc.cgi?acc=GSE255747
GSE255746,PAAD,6,2025/01/02,Three-Dimensional Environment Sensitizes Pancreatic Cancer Cells to The Anti-Proliferative Effect of Budesonide by reprogramming energy meta,https://www.ncbi.nlm.nih.gov/geo/query/acc.cgi?acc=GSE255746
GSE254968,PAAD,6,2024/12/31,Effect of STN1 knockdown on gene expression of PDAC cell lines,https://www.ncbi.nlm.nih.gov/geo/query/acc.cgi?acc=GSE254968
GSE252286,PAAD,12,2024/12/31,First-in-class humanized antibody against alternatively spliced tissue factor augments anti-metastatic efficacy of chemotherapy in a preclin,https://www.ncbi.nlm.nih.gov/geo/query/acc.cgi?acc=GSE252286
GSE247762,PAAD,20,2024/12/31,In vivo CRISPR screening identifies geranylgeranyl diphosphate as a pancreatic cancer tumor growth dependency.,https://www.ncbi.nlm.nih.gov/geo/query/acc.cgi?acc=GSE247762
GSE247129,PAAD,28,2024/12/29,MYC ecDNA promotes intratumour heterogeneity and plasticity in PDAC,https://www.ncbi.nlm.nih.gov/geo/query/acc.cgi?acc=GSE247129
GSE285264,PAAD,3,2024/12/28,Single-cell RNA sequencing combined with multiplex immunofluorescence probes the role of MFAP5+ fibroblasts in the microenvironment of pancr,https://www.ncbi.nlm.nih.gov/geo/query/acc.cgi?acc=GSE285264
GSE281326,PAAD,47,2024/12/28,MYC ecDNA promotes intratumour heterogeneity and plasticity in PDAC,https://www.ncbi.nlm.nih.gov/geo/query/acc.cgi?acc=GSE281326
GSE283335,PAAD,52,2024/12/26,Multiplexed mosaic tumor models reveal natural phenotypic variations in drug response within and between populations,https://www.ncbi.nlm.nih.gov/geo/query/acc.cgi?acc=GSE283335
GSE283141,PAAD,2,2024/12/26,Multiplexed mosaic tumor models reveal natural phenotypic variations in drug response within and between populations [8 cancer cell lines],https://www.ncbi.nlm.nih.gov/geo/query/acc.cgi?acc=GSE283141
GSE282350,PAAD,2,2024/12/26,Multiplexed mosaic tumor models reveal natural phenotypic variations in drug response within and between populations [11 cancer cell lines],https://www.ncbi.nlm.nih.gov/geo/query/acc.cgi?acc=GSE282350
GSE284709,PAAD,65,2024/12/25,Differential control of growth and identity by HNF4α isoforms in pancreatic ductal adenocarcinoma,https://www.ncbi.nlm.nih.gov/geo/query/acc.cgi?acc=GSE284709
GSE284703,PAAD,26,2024/12/25,Differential control of growth and identity by HNF4α isoforms in pancreatic ductal adenocarcinoma [RNA-Seq],https://www.ncbi.nlm.nih.gov/geo/query/acc.cgi?acc=GSE284703
GSE284506,PAAD,6,2024/12/22,RNA sequencing of wild-type and FBXO32-knockout hepatocellular carcinoma Huh7 cells,https://www.ncbi.nlm.nih.gov/geo/query/acc.cgi?acc=GSE284506
GSE284347,PAAD,6,2024/12/19,VCPIP1 facilitates pancreatic cancer progression via Hippo/YAP signaling,https://www.ncbi.nlm.nih.gov/geo/query/acc.cgi?acc=GSE284347
GSE279527,PAAD,6,2024/12/19,Differential Gene Expression in oxaliplatin-resistant versus unteated PANC1 cells,https://www.ncbi.nlm.nih.gov/geo/query/acc.cgi?acc=GSE279527
GSE260587,PAAD,39,2024/12/19,Excess shed mesothelin disrupts pancreatic cancer cell clustering to impair peritoneal colonization,https://www.ncbi.nlm.nih.gov/geo/query/acc.cgi?acc=GSE260587
GSE280866,PAAD,11,2024/12/16,Cancer cells restrict immunogenicity of retrotransposon expression via distinct mechanisms [PDAClines_RNAseq],https://www.ncbi.nlm.nih.gov/geo/query/acc.cgi?acc=GSE280866
GSE279781,PAAD,30,2024/12/16,CD137 agonism enhances anti-PD1 induced activation of clonally expanded CD8+ T cells in a neoadjuvant pancreatic cancer clinical trial,https://www.ncbi.nlm.nih.gov/geo/query/acc.cgi?acc=GSE279781
GSE233173,PAAD,48,2024/12/12,The essential clathrin adaptor protein complex-2 is tumor suppressive specifically in vivo,https://www.ncbi.nlm.nih.gov/geo/query/acc.cgi?acc=GSE233173
GSE283340,PAAD,9,2024/12/08,Mechanism of pyroptosis of pancreatic cancer induced by arachidonic acid,https://www.ncbi.nlm.nih.gov/geo/query/acc.cgi?acc=GSE283340
GSE246459,PAAD,45,2024/12/05,Differential Activity of MAPK signalling Defines Fibroblast Subtypes in Pancreatic Cancer,https://www.ncbi.nlm.nih.gov/geo/query/acc.cgi?acc=GSE246459
GSE246457,PAAD,37,2024/12/05,Differential Activity of MAPK signalling Defines Fibroblast Subtypes in Pancreatic Cancer (RNA-Seq),https://www.ncbi.nlm.nih.gov/geo/query/acc.cgi?acc=GSE246457
GSE249673,PAAD,34,2024/12/01,A novel pancreatic ductal adenocarcinoma organoid recapitulating tumor microenvironment reveals macrophage-driven enhanced cancer cell survi,https://www.ncbi.nlm.nih.gov/geo/query/acc.cgi?acc=GSE249673
GSE249672,PAAD,33,2024/12/01,A novel pancreatic ductal adenocarcinoma organoid recapitulating tumor microenvironment reveals macrophage-driven enhanced cancer cell survi,https://www.ncbi.nlm.nih.gov/geo/query/acc.cgi?acc=GSE249672
GSE249670,PAAD,1,2024/12/01,A novel pancreatic ductal adenocarcinoma organoid recapitulating tumor microenvironment reveals macrophage-driven enhanced cancer cell survi,https://www.ncbi.nlm.nih.gov/geo/query/acc.cgi?acc=GSE249670
GSE247666,PAAD,6,2024/11/30,Influence of the MUC16 on gene expression of cancer cells from PDAC,https://www.ncbi.nlm.nih.gov/geo/query/acc.cgi?acc=GSE247666
GSE255702,PAAD,18,2024/11/29,Functional screen for mediators of onco-mRNA translation specificity [polysome-seq],https://www.ncbi.nlm.nih.gov/geo/query/acc.cgi?acc=GSE255702
GSE255533,PAAD,6,2024/11/29,Functional screen for mediators of onco-mRNA translation specificity,https://www.ncbi.nlm.nih.gov/geo/query/acc.cgi?acc=GSE255533
GSE223135,PAAD,2,2024/11/29,A decision-point between programmed cell death and transdifferentiation in  pancreatic cancer,https://www.ncbi.nlm.nih.gov/geo/query/acc.cgi?acc=GSE223135
GSE275488,PAAD,1,2024/11/28,A decision-point between programmed cell death and transdifferentiation in  pancreatic cancer,https://www.ncbi.nlm.nih.gov/geo/query/acc.cgi?acc=GSE275488
GSE255701,PAAD,77,2024/11/28,Paired CRISPR screens to map gene regulation in cis and trans ,https://www.ncbi.nlm.nih.gov/geo/query/acc.cgi?acc=GSE255701
GSE267820,PAAD,24,2024/11/26,Exploring the mechanism of AGR2 regulating the progression of pancreatic ductal adenocarcinoma and remodeling of the tumor microenvironment,https://www.ncbi.nlm.nih.gov/geo/query/acc.cgi?acc=GSE267820
GSE249179,PAAD,34,2024/11/24,The Role of Mediator Subunit MED30 in Licensing the c-Myc Oncogenic Program,https://www.ncbi.nlm.nih.gov/geo/query/acc.cgi?acc=GSE249179
GSE249178,PAAD,20,2024/11/24,The Role of Mediator Subunit MED30 in Licensing the c-Myc Oncogenic Program [RNA-seq],https://www.ncbi.nlm.nih.gov/geo/query/acc.cgi?acc=GSE249178
GSE207852,PAAD,6,2024/11/21,Pa01c cells stable expressing a scramble or shRNA against TRIM21,https://www.ncbi.nlm.nih.gov/geo/query/acc.cgi?acc=GSE207852
GSE247635,PAAD,7,2024/11/14,Single-cell RNA-sequencing of human spleens reveals an IDO-1+ Tolerogenic Dendritic Cell subset in pancreatic cancer patients that is absent,https://www.ncbi.nlm.nih.gov/geo/query/acc.cgi?acc=GSE247635
GSE281129,PAAD,794,2024/11/06,Ongoing replication stress tolerance and clonal T cell responses distinguish liver and lung recurrence and outcomes in pancreatic cancer,https://www.ncbi.nlm.nih.gov/geo/query/acc.cgi?acc=GSE281129
GSE278757,PAAD,243,2024/11/01,Tumor-intrinsic kinome landscape of pancreatic cancer reveals new therapeutic approaches,https://www.ncbi.nlm.nih.gov/geo/query/acc.cgi?acc=GSE278757
GSE273660,PAAD,6,2024/10/31,Pa01c cells stable expressing a scramble or shRNA against MAP3K8,https://www.ncbi.nlm.nih.gov/geo/query/acc.cgi?acc=GSE273660
GSE186716,PAAD,12,2024/10/27,Injury response of human lens epithelial cells ex-vivo,https://www.ncbi.nlm.nih.gov/geo/query/acc.cgi?acc=GSE186716
GSE268743,PAAD,28,2024/10/25,Effect of TNFα and RELA inhibition on gene expression in human PDAC cells,https://www.ncbi.nlm.nih.gov/geo/query/acc.cgi?acc=GSE268743
GSE276007,PAAD,6,2024/10/22,Cell polarity proteins promote macropinocytosis in response to metabolic stress,https://www.ncbi.nlm.nih.gov/geo/query/acc.cgi?acc=GSE276007
GSE246231,PAAD,17,2024/10/17,Implantation of engineered adipocytes that outcompete tumors for resources suppresses cancer progression,https://www.ncbi.nlm.nih.gov/geo/query/acc.cgi?acc=GSE246231
GSE246813,PAAD,7,2024/10/14,Transfer learning associates CAFs with EMT and inflammation in tumor cells in human tumors and organoid co-culture in pancreatic ductal aden,https://www.ncbi.nlm.nih.gov/geo/query/acc.cgi?acc=GSE246813
GSE246812,PAAD,1,2024/10/14,Transfer learning associates CAFs with EMT and inflammation in tumor cells in human tumors and organoid co-culture in pancreatic ductal aden,https://www.ncbi.nlm.nih.gov/geo/query/acc.cgi?acc=GSE246812
GSE245319,PAAD,6,2024/10/14,Transfer learning associates CAFs with EMT and inflammation in tumor cells in human tumors and organoid co-culture in pancreatic ductal aden,https://www.ncbi.nlm.nih.gov/geo/query/acc.cgi?acc=GSE245319
GSE278328,PAAD,6,2024/10/01,Acidic microenvironment and transcriptomic genes in pancreatic cancer cells,https://www.ncbi.nlm.nih.gov/geo/query/acc.cgi?acc=GSE278328
GSE250445,PAAD,24,2024/09/30,The tumor immune microenvironment in long-term survival resected pancreatic cancer patients,https://www.ncbi.nlm.nih.gov/geo/query/acc.cgi?acc=GSE250445
GSE205154,PAAD,289,2024/09/30,Bulk RNA-Seq gene expression data for 289 primary and metastatic pancreatic ductal adenocarcinoma (PDAC) tumor samples from FFPE blocks.,https://www.ncbi.nlm.nih.gov/geo/query/acc.cgi?acc=GSE205154
GSE247165,PAAD,4,2024/09/23,Exploring Transcriptional alterations in the Development of Gemcitabine Resistance [SW1990R_vs_SW1990_RNAseq],https://www.ncbi.nlm.nih.gov/geo/query/acc.cgi?acc=GSE247165
GSE247163,PAAD,6,2024/09/23,Exploring Transcriptional alterations in the Development of Gemcitabine Resistance [AsPC1R_vs_AsPC1_RNAseq],https://www.ncbi.nlm.nih.gov/geo/query/acc.cgi?acc=GSE247163
GSE184668,PAAD,6,2024/09/23,D(+)-Raffinose pentahydrate targeting PI3K/AKT pathway inducing apoptosis to inhibit pancreatic carcinoma proliferation,https://www.ncbi.nlm.nih.gov/geo/query/acc.cgi?acc=GSE184668
GSE226038,PAAD,6,2024/09/18,Hypoxia limits  the tumor-suppressive effects of C/EBPδ in pancreatic cancer,https://www.ncbi.nlm.nih.gov/geo/query/acc.cgi?acc=GSE226038
GSE276324,PAAD,23,2024/09/05,Spatial tumor immune heterogeneity facilitates subtype co-existence and therapy response via AP1 dichotomy in pancreatic cancer,https://www.ncbi.nlm.nih.gov/geo/query/acc.cgi?acc=GSE276324
GSE275621,PAAD,4,2024/09/01,Effects of neobractatin and trametinib on gene expression in pancreatic cancer cells,https://www.ncbi.nlm.nih.gov/geo/query/acc.cgi?acc=GSE275621
GSE274713,PAAD,30,2024/08/31,Adipose-Tumor Crosstalk contributes to CXCL5 Mediated Immune Evasion in PDAC,https://www.ncbi.nlm.nih.gov/geo/query/acc.cgi?acc=GSE274713
GSE270796,PAAD,4,2024/08/31,Unraveling the CDK9/PP2A/ERK network in transcriptional pause release and complement activation in KRAS-mutant cancers (MIA PaCa-2 ),https://www.ncbi.nlm.nih.gov/geo/query/acc.cgi?acc=GSE270796
GSE270409,PAAD,3,2024/08/31,Unraveling the CDK9/PP2A/ERK network in transcriptional pause release and complement activation in KRAS-mutant cancers,https://www.ncbi.nlm.nih.gov/geo/query/acc.cgi?acc=GSE270409
GSE239817,PAAD,72,2024/08/31,Mutant p53 gain-of-function impact is repressed in the presence of other major oncogenic drivers,https://www.ncbi.nlm.nih.gov/geo/query/acc.cgi?acc=GSE239817
GSE274380,PAAD,8,2024/08/30,Effects of Roseoflavin and/or Trametinib Treatment on 3D-Cultured PDAC Cell Lines,https://www.ncbi.nlm.nih.gov/geo/query/acc.cgi?acc=GSE274380
GSE273376,PAAD,24,2024/08/30,Effect of PRMT5 inhibitor on gene expression in MTAP null pancreatic cell lines,https://www.ncbi.nlm.nih.gov/geo/query/acc.cgi?acc=GSE273376
GSE241182,PAAD,18,2024/08/14,Epithelial and mesenchymal pancreatic cancer cells exhibit different stem cell phenotypes being associated with different metastatic propens,https://www.ncbi.nlm.nih.gov/geo/query/acc.cgi?acc=GSE241182
GSE273398,PAAD,6,2024/08/01,A CLIC1 network coordinates matrix stiffness and the Warburg effect to promote tumor growth in pancreatic cancer. Zheng et al.,https://www.ncbi.nlm.nih.gov/geo/query/acc.cgi?acc=GSE273398
GSE227567,PAAD,8,2024/08/01,CA19-9-positive extracellular vesicles are the risk for cancer-associated thrombosis in pancreatic cancer,https://www.ncbi.nlm.nih.gov/geo/query/acc.cgi?acc=GSE227567
GSE273116,PAAD,12,2024/07/30,A pan-KRAS inhibitor and its derived degrader elicit multifaceted anti-tumor efficacy in KRAS-driven cancers [bulk RNA-seq],https://www.ncbi.nlm.nih.gov/geo/query/acc.cgi?acc=GSE273116
GSE229230,PAAD,31,2024/07/30,Targeting novel m6A reader KHSRP impairs pancreatic ductal adenocarcinoma progression via attenuating FAK signaling,https://www.ncbi.nlm.nih.gov/geo/query/acc.cgi?acc=GSE229230
GSE248014,PAAD,45,2024/07/29,RNA sequensing data of a phase 2 clinical trial of pancreatic ductal adenocarcinoma treated with entinostat in combination with nivolumab,https://www.ncbi.nlm.nih.gov/geo/query/acc.cgi?acc=GSE248014
GSE184871,PAAD,2,2024/07/26,Single cell RNA sequencing of human PDAC-derived PDX,https://www.ncbi.nlm.nih.gov/geo/query/acc.cgi?acc=GSE184871
GSE242516,PAAD,180,2024/07/20,MARK2/MARK3 kinases are catalytic co-dependencies of YAP/TAZ in human cancer [RNA-seq],https://www.ncbi.nlm.nih.gov/geo/query/acc.cgi?acc=GSE242516
GSE267702,PAAD,6,2024/07/17,LINC01133 promotes pancreatic ductal adenocarcinoma epithelial-mesenchymal transition mediated by SPP1 through binding to Arp3,https://www.ncbi.nlm.nih.gov/geo/query/acc.cgi?acc=GSE267702
GSE271300,PAAD,16,2024/07/07,A classical epithelial state drives acute resistance to KRAS inhibition in pancreas cancer,https://www.ncbi.nlm.nih.gov/geo/query/acc.cgi?acc=GSE271300
GSE241331,PAAD,16,2024/07/03,Pancreatic cancer,https://www.ncbi.nlm.nih.gov/geo/query/acc.cgi?acc=GSE241331
GSE241330,PAAD,6,2024/07/03,Difference of expression profile between tumor tissue and adjacent tissue in patients with pancreatic cancer,https://www.ncbi.nlm.nih.gov/geo/query/acc.cgi?acc=GSE241330
GSE241328,PAAD,6,2024/07/03,The influence of DDX18 high expression in PDAC cells Hs766T on the expression of other intracellular molecules,https://www.ncbi.nlm.nih.gov/geo/query/acc.cgi?acc=GSE241328
GSE267814,PAAD,13,2024/07/01,Blockade of IL-1b and PD-1 with combination chemotherapy reduces systemic myeloid suppression in metastatic pancreatic cancer with heterogen,https://www.ncbi.nlm.nih.gov/geo/query/acc.cgi?acc=GSE267814
GSE270676,PAAD,4,2024/06/29,Gomisin G inhibits pancreatic cancer cell growth through the Hippo-YAP signaling pathway,https://www.ncbi.nlm.nih.gov/geo/query/acc.cgi?acc=GSE270676
GSE267209,PAAD,8,2024/06/28,Multiparametric atlas of the pre-metastatic liver for prediction of metastatic outcome in early-stage pancreatic cancer,https://www.ncbi.nlm.nih.gov/geo/query/acc.cgi?acc=GSE267209
GSE259390,PAAD,8,2024/06/28,ADRA2A is a suppressor of the basal-like/squamous subtype and reduces disease aggressiveness of pancreatic cancer,https://www.ncbi.nlm.nih.gov/geo/query/acc.cgi?acc=GSE259390
GSE245535,PAAD,43,2024/06/28,Multi-parametric atlas of the pre-metastatic liver for prediction of metastatic outcome in early-stage pancreatic cancer,https://www.ncbi.nlm.nih.gov/geo/query/acc.cgi?acc=GSE245535
GSE239418,PAAD,12,2024/06/27,SAMD1 suppresses epithelial-mesenchymal transition pathways in pancreatic ductal adenocarcinoma,https://www.ncbi.nlm.nih.gov/geo/query/acc.cgi?acc=GSE239418
GSE239414,PAAD,6,2024/06/27,SAMD1 suppresses epithelial-mesenchymal transition pathways in pancreatic ductal adenocarcinoma [RNA-Seq],https://www.ncbi.nlm.nih.gov/geo/query/acc.cgi?acc=GSE239414
GSE255978,PAAD,30,2024/06/21,Senescence defines a distinct subset of myofibroblasts that orchestrates immunosuppression in pancreatic cancer,https://www.ncbi.nlm.nih.gov/geo/query/acc.cgi?acc=GSE255978
GSE269985,PAAD,30,2024/06/17,Mechanisms of resistance to oncogenic KRAS inhibition in pancreatic cancer,https://www.ncbi.nlm.nih.gov/geo/query/acc.cgi?acc=GSE269985
GSE253929,PAAD,12,2024/06/17,ROR2 regulates cellular plasticity in pancreatic neoplasia and adenocarcinoma [RNA-seq siROR2 ],https://www.ncbi.nlm.nih.gov/geo/query/acc.cgi?acc=GSE253929
GSE253600,PAAD,48,2024/06/17,ROR2 regulates cellular plasticity in pancreatic neoplasia and adenocarcinoma,https://www.ncbi.nlm.nih.gov/geo/query/acc.cgi?acc=GSE253600
GSE253599,PAAD,12,2024/06/17,ROR2 regulates cellular plasticity in pancreatic neoplasia and adenocarcinoma (RNA-Seq),https://www.ncbi.nlm.nih.gov/geo/query/acc.cgi?acc=GSE253599
GSE268948,PAAD,6,2024/06/11,Enhanced Collagen Secretion in Epithelial Cancer Cells is associated with L1CAM Deficiency,https://www.ncbi.nlm.nih.gov/geo/query/acc.cgi?acc=GSE268948
GSE198444,PAAD,24,2024/06/10,Inhibition of histone acetyltransferase attenuates 3D chromatin-mediated insulin signaling in pancreatic cancer (RNAseq dataset),https://www.ncbi.nlm.nih.gov/geo/query/acc.cgi?acc=GSE198444
GSE235246,PAAD,38,2024/06/06,Senescent cancer-associated fibroblasts in pancreatic adenocarcinoma impair CD8+ T cell activation and responsiveness to immunotherapy in mi,https://www.ncbi.nlm.nih.gov/geo/query/acc.cgi?acc=GSE235246
GSE235244,PAAD,8,2024/06/06,Senescent cancer-associated fibroblasts in pancreatic adenocarcinoma suppress CD8+ T cell activation and inhibit response to immune checkpoi,https://www.ncbi.nlm.nih.gov/geo/query/acc.cgi?acc=GSE235244
GSE235233,PAAD,16,2024/06/06,Senescent cancer-associated fibroblasts in pancreatic adenocarcinoma suppress CD8+ T cell activation and inhibit response to immune checkpoi,https://www.ncbi.nlm.nih.gov/geo/query/acc.cgi?acc=GSE235233
GSE268817,PAAD,6,2024/06/05,Genes associated with mitogen-activated protein kinase activity in pancreatic cancer cells,https://www.ncbi.nlm.nih.gov/geo/query/acc.cgi?acc=GSE268817
GSE192647,PAAD,28,2024/05/22,Transcriptome analysis of pancreatic cancer patients with low and high metabolic tumor volume (MTV),https://www.ncbi.nlm.nih.gov/geo/query/acc.cgi?acc=GSE192647
GSE235337,PAAD,20,2024/05/21,Uncovering novel ferroptosis regulators in pancreatic ductal adenocarcinoma (PDAC),https://www.ncbi.nlm.nih.gov/geo/query/acc.cgi?acc=GSE235337
GSE235333,PAAD,10,2024/05/21,Uncovering novel ferroptosis regulators in pancreatic ductal adenocarcinoma (PDAC) using parallel RNA-seq,https://www.ncbi.nlm.nih.gov/geo/query/acc.cgi?acc=GSE235333
GSE248677,PAAD,2,2024/05/17,RNA SEQUENCING DATA OF NOVEL GOLD NANOPARTICLE TREATED PANCREATIC CANCER CELLS.,https://www.ncbi.nlm.nih.gov/geo/query/acc.cgi?acc=GSE248677
GSE237177,PAAD,42,2024/05/15,Mediator Kinase Inhibition Impedes Transcriptional Plasticity and Prevents Resistance to ERK/MAPK-Targeted Therapy in KRAS-Mutant Cancers,https://www.ncbi.nlm.nih.gov/geo/query/acc.cgi?acc=GSE237177
GSE267243,PAAD,54,2024/05/13,"Scalable, compressed phenotypic screening using pooled perturbations  (PDAC screens)",https://www.ncbi.nlm.nih.gov/geo/query/acc.cgi?acc=GSE267243
GSE229007,PAAD,34,2024/05/10,New strategies for the identification of intronic variants related to splicing events in pancreas cancer,https://www.ncbi.nlm.nih.gov/geo/query/acc.cgi?acc=GSE229007
GSE229006,PAAD,10,2024/05/10,New strategies for the identification of intronic variants related to splicing events in pancreas cancer [iCELL8],https://www.ncbi.nlm.nih.gov/geo/query/acc.cgi?acc=GSE229006
GSE262707,PAAD,12,2024/05/09,In vivo perturbomics identifies CALHM2 as a checkpoint of NK cell therapy [bulkRNAseq],https://www.ncbi.nlm.nih.gov/geo/query/acc.cgi?acc=GSE262707
GSE228844,PAAD,24,2024/05/08,New strategies for the identification of intronic variants related to splicing events in pancreas cancer [RNA-Seq],https://www.ncbi.nlm.nih.gov/geo/query/acc.cgi?acc=GSE228844
GSE262562,PAAD,6,2024/05/06,Necroptosis enhances 'Don’t eat me' signal and induces macrophage extracellular traps to promote pancreatic cancer liver metastasis [THP1-de,https://www.ncbi.nlm.nih.gov/geo/query/acc.cgi?acc=GSE262562
GSE260802,PAAD,4,2024/05/06,FBXO32 drives pancreatic cancer progression,https://www.ncbi.nlm.nih.gov/geo/query/acc.cgi?acc=GSE260802
GSE248494,PAAD,6,2024/05/06,Necroptosis enhances “Don’t eat me” signal and induces macrophage extracellular traps to promote pancreatic cancer liver metastasis,https://www.ncbi.nlm.nih.gov/geo/query/acc.cgi?acc=GSE248494
GSE252002,PAAD,152,2024/04/28,In vitro drug screening of RAF/MEK/ERK Inhibitors in two PDA Cell Lines,https://www.ncbi.nlm.nih.gov/geo/query/acc.cgi?acc=GSE252002
GSE263733,PAAD,218,2024/04/25,Single-cell transcriptome analysis reveals subtype-specific clonal evolution and microenvironmental changes in liver metastasis of pancreati,https://www.ncbi.nlm.nih.gov/geo/query/acc.cgi?acc=GSE263733
GSE235516,PAAD,6,2024/04/22,ZDHHC20-Mediated S-Palmitoylation of YTHDF3 Stabilizes MYC mRNA to Promote Pancreatic Cancer Progression,https://www.ncbi.nlm.nih.gov/geo/query/acc.cgi?acc=GSE235516
GSE263949,PAAD,6,2024/04/20,mRNA profile of PANC-1 treated with CAF-derived Evs,https://www.ncbi.nlm.nih.gov/geo/query/acc.cgi?acc=GSE263949
GSE201177,PAAD,23,2024/04/20,Transcriptomic profiling of highly- and lowly- metastasizing pancreatic ductal carcinoma cells,https://www.ncbi.nlm.nih.gov/geo/query/acc.cgi?acc=GSE201177
GSE201176,PAAD,11,2024/04/20,Transcriptomic profiling of highly- and lowly- metastasizing pancreatic ductal carcinoma cells [mRNAseq shNPTX1],https://www.ncbi.nlm.nih.gov/geo/query/acc.cgi?acc=GSE201176
GSE201175,PAAD,12,2024/04/20,Transcriptomic profiling of highly- and lowly- metastasizing pancreatic ductal carcinoma cells [mRNAseq in vivo selection],https://www.ncbi.nlm.nih.gov/geo/query/acc.cgi?acc=GSE201175
GSE147549,PAAD,8,2024/04/19,Transcriptomic profiling of human pancreatic cancer-derived cell lines  MiaPACA-2 depleted of TRIP12 mRNA compared to control cells,https://www.ncbi.nlm.nih.gov/geo/query/acc.cgi?acc=GSE147549
GSE149000,PAAD,12,2024/04/17,Sequencing of AsPC-1 cells with CYP3A5 expression modulation,https://www.ncbi.nlm.nih.gov/geo/query/acc.cgi?acc=GSE149000
GSE228801,PAAD,14,2024/04/11,Patient-derived organoids of pancreatic ductal adenocarcinoma for subtype determination and clinical outcome prediction,https://www.ncbi.nlm.nih.gov/geo/query/acc.cgi?acc=GSE228801
GSE255378,PAAD,9,2024/04/10,Targeting lipid metabolism in pancreatic cancer,https://www.ncbi.nlm.nih.gov/geo/query/acc.cgi?acc=GSE255378
GSE247243,PAAD,15,2024/04/08,Sendai virus is robust and consistent in delivering genes into human pancreatic cancer cells.,https://www.ncbi.nlm.nih.gov/geo/query/acc.cgi?acc=GSE247243
GSE262627,PAAD,68,2024/03/27,Circadian transcriptome of pancreatic adenocarcinoma unravels chronotherapeutic targets.,https://www.ncbi.nlm.nih.gov/geo/query/acc.cgi?acc=GSE262627
GSE243584,PAAD,42,2024/03/25,Mapping functional to morphological variation reveals the basis of regional extracellular matrix subversion and nerve invasion in pancreatic,https://www.ncbi.nlm.nih.gov/geo/query/acc.cgi?acc=GSE243584
GSE243583,PAAD,4,2024/03/25,Mapping functional to morphological variation reveals the basis of regional extracellular matrix subversion and nerve invasion in pancreatic,https://www.ncbi.nlm.nih.gov/geo/query/acc.cgi?acc=GSE243583
GSE209952,PAAD,200,2024/03/25,Mapping functional to morphological variation reveals the basis of regional extracellular matrix subversion and nerve invasion in pancreatic,https://www.ncbi.nlm.nih.gov/geo/query/acc.cgi?acc=GSE209952
GSE208732,PAAD,102,2024/03/25,Mapping functional to morphological variation reveals the basis of regional extracellular matrix subversion and nerve invasion in pancreatic,https://www.ncbi.nlm.nih.gov/geo/query/acc.cgi?acc=GSE208732
GSE240597,PAAD,24,2024/03/13,Connectivity Mapping-based Identification and Pre-clinical Evaluation of ISOX: A Novel Therapeutic for Pancreatic Cancer,https://www.ncbi.nlm.nih.gov/geo/query/acc.cgi?acc=GSE240597
GSE223154,PAAD,13,2024/03/09,PRMT1 promotes pancreatic cancer development and resistance to chemotherapy,https://www.ncbi.nlm.nih.gov/geo/query/acc.cgi?acc=GSE223154
GSE223152,PAAD,4,2024/03/09,PRMT1 promotes pancreatic cancer development and resistance to chemotherapy,https://www.ncbi.nlm.nih.gov/geo/query/acc.cgi?acc=GSE223152
GSE261159,PAAD,181,2024/03/08,Gene expression dynamics of branching morphogenesis in pancreatic cancer organoids (2),https://www.ncbi.nlm.nih.gov/geo/query/acc.cgi?acc=GSE261159
GSE168918,PAAD,6,2024/03/07,TMPRSS4 promotes cell proliferation and inhibits apoptosis in pancreatic ductal adenocarcinoma by activating ERK1/2 signaling pathway,https://www.ncbi.nlm.nih.gov/geo/query/acc.cgi?acc=GSE168918
GSE256455,PAAD,8,2024/02/28,The effects of Eupalinolide B on PANC-1 cells.,https://www.ncbi.nlm.nih.gov/geo/query/acc.cgi?acc=GSE256455
GSE253561,PAAD,18,2024/02/28,Bidirectional crosstalk between cancer cells and cancer-associated fibroblasts in mixed organoid system elicits transcriptomic characteristi,https://www.ncbi.nlm.nih.gov/geo/query/acc.cgi?acc=GSE253561
GSE253559,PAAD,3,2024/02/28,Bidirectional crosstalk between cancer cells and cancer-associated fibroblasts in mixed organoid system elicits transcriptomic characteristi,https://www.ncbi.nlm.nih.gov/geo/query/acc.cgi?acc=GSE253559
GSE253558,PAAD,15,2024/02/28,Bidirectional crosstalk between cancer cells and cancer-associated fibroblasts in mixed organoid system elicits transcriptomic characteristi,https://www.ncbi.nlm.nih.gov/geo/query/acc.cgi?acc=GSE253558
GSE249914,PAAD,29,2024/02/22,Differential mRNA expression analysis of H358 and AsPC-1 cell xenograft mouse model after MCB-294 treatment,https://www.ncbi.nlm.nih.gov/geo/query/acc.cgi?acc=GSE249914
GSE238200,PAAD,123,2024/02/19,Activation of endogenous retroviruses and induction of viral mimicry by MEK1/2 inhibition in pancreatic cancer,https://www.ncbi.nlm.nih.gov/geo/query/acc.cgi?acc=GSE238200
GSE238198,PAAD,72,2024/02/19,Activation of endogenous retroviruses and induction of viral mimicry by MEK1/2 inhibition in pancreatic cancer [RNA-seq],https://www.ncbi.nlm.nih.gov/geo/query/acc.cgi?acc=GSE238198
GSE244327,PAAD,12,2024/02/18,Comparison of gene expression in CSCs (tumorspheres) vs non-CSCs (2D adherent condition) from A13A PDAC cell line,https://www.ncbi.nlm.nih.gov/geo/query/acc.cgi?acc=GSE244327
GSE244287,PAAD,6,2024/02/18,Comparison of gene expression in CSCs (tumorspheres) vs non-CSCs (2D adherent condition) from A13A PDAC cell line [RNA-seq],https://www.ncbi.nlm.nih.gov/geo/query/acc.cgi?acc=GSE244287
GSE241896,PAAD,12,2024/02/15,Analysis of Single Nuclear Chromatin Accessibility Demonstrates Unique Myeloid Populations Differentially Influence Prognosis in Human Pancr,https://www.ncbi.nlm.nih.gov/geo/query/acc.cgi?acc=GSE241896
GSE241895,PAAD,4,2024/02/15,Analysis of Single Nuclear Chromatin Accessibility Demonstrates Unique Myeloid Populations Differentially Influence Prognosis in Human Pancr,https://www.ncbi.nlm.nih.gov/geo/query/acc.cgi?acc=GSE241895
GSE229877,PAAD,4,2024/02/15,Identification of spatially-resolved markers of malignant transformation in Intraductal Papillary Mucinous Neoplasms. [Visium],https://www.ncbi.nlm.nih.gov/geo/query/acc.cgi?acc=GSE229877
GSE246660,PAAD,8,2024/02/08,LMO3 is a suppressor of the basal-like/squamous PDAC subtype and reduces disease aggressiveness of pancreatic cancer through glycerol 3-phos,https://www.ncbi.nlm.nih.gov/geo/query/acc.cgi?acc=GSE246660
GSE234737,PAAD,12,2024/02/05,The RNA binding protein QKI guides a pro-mesenchymal splicing program driving a subtype switch and limiting outcome in pancreatic cancer [PA,https://www.ncbi.nlm.nih.gov/geo/query/acc.cgi?acc=GSE234737
GSE246925,PAAD,28,2024/01/31,Statistical algorithm enabled high precision tumor biomarker discovery for circulating extracellular vesicle-based cancer liquid biopsy ,https://www.ncbi.nlm.nih.gov/geo/query/acc.cgi?acc=GSE246925
GSE235027,PAAD,21,2024/01/31,Altered histone acetylation patterns in pancreatic cancer cell lines induce subtype-specific transcriptomic and phenotypic changes.,https://www.ncbi.nlm.nih.gov/geo/query/acc.cgi?acc=GSE235027
GSE243879,PAAD,8,2024/01/30,ELAPOR1 induces the classical/progenitor subtype and contributes to reduced disease aggressiveness through metabolic reprogramming in pancre,https://www.ncbi.nlm.nih.gov/geo/query/acc.cgi?acc=GSE243879
GSE254250,PAAD,15,2024/01/26,Transcriptome-based identification of tumor-reactive and bystander CD8+ T cell receptor clonotypes in human pancreatic cancer,https://www.ncbi.nlm.nih.gov/geo/query/acc.cgi?acc=GSE254250
GSE240649,PAAD,12,2024/01/25,"Patient derived organoid established under hypoxic is preferrentially enriched for Moffitt, basal like subtype that corresponse to the dedif",https://www.ncbi.nlm.nih.gov/geo/query/acc.cgi?acc=GSE240649
GSE253837,PAAD,4,2024/01/24,Cytidine deaminase resolves replicative stress and protects pancreatic cancer from DNA-targeting drugs II,https://www.ncbi.nlm.nih.gov/geo/query/acc.cgi?acc=GSE253837
GSE253662,PAAD,15,2024/01/24,Cytidine deaminase resolves replicative stress and protects pancreatic cancer from DNA-targeting drugs I,https://www.ncbi.nlm.nih.gov/geo/query/acc.cgi?acc=GSE253662
GSE249541,PAAD,47,2024/01/24,Extracellular niche and tumor microenvironment enhance the impact of KRAS inhibitors in pancreatic cancer models.,https://www.ncbi.nlm.nih.gov/geo/query/acc.cgi?acc=GSE249541
GSE249539,PAAD,12,2024/01/24,Extracellular niche and tumor microenvironment enhance the impact of KRAS inhibitors in pancreatic cancer models [RNA-seq],https://www.ncbi.nlm.nih.gov/geo/query/acc.cgi?acc=GSE249539
GSE252909,PAAD,28,2024/01/15,Pancreatic cancer xenograft tumor RNA sequencing and pathologic differentiation of matched human tumors.,https://www.ncbi.nlm.nih.gov/geo/query/acc.cgi?acc=GSE252909
GSE252544,PAAD,6,2024/01/15,Cytidine deaminase resolves replicative stress and protects pancreatic cancer from DNA-targeting drugs,https://www.ncbi.nlm.nih.gov/geo/query/acc.cgi?acc=GSE252544
GSE228106,PAAD,18,2024/01/10,"ABCB1 amplification drives paclitaxel resistance in PDAC cells, which can be targeted by novel drug combination strategies",https://www.ncbi.nlm.nih.gov/geo/query/acc.cgi?acc=GSE228106
GSE226448,PAAD,12,2024/01/10,Folfirinox-dependent reprogramming of macrophages by primary pancreatic cancer CAFs,https://www.ncbi.nlm.nih.gov/geo/query/acc.cgi?acc=GSE226448
GSE252667,PAAD,12,2024/01/06,CPSF3 inhibition blocks pancreatic cancer cell proliferation through disruption of core histone mRNA processing,https://www.ncbi.nlm.nih.gov/geo/query/acc.cgi?acc=GSE252667
GSE222952,PAAD,4,2024/01/01,BRD9-SMAD2/3 orchestrates stemness and tumorigenesis   in pancreatic ductal adenocarcinoma   drives human dilated cardiomyopathy,https://www.ncbi.nlm.nih.gov/geo/query/acc.cgi?acc=GSE222952
GSE245941,PAAD,12,2023/12/31,Spatial tumor immune heterogeneity facilitates subtype co-existence and therapy response via AP1 dichotomy in pancreatic cancer [RNA-seq],https://www.ncbi.nlm.nih.gov/geo/query/acc.cgi?acc=GSE245941
GSE194191,PAAD,12,2023/12/20,mRNA profiling of monocytes derived macrophages and PDAC cell lines supernants-induced tumor-associated macrophages (TAMs),https://www.ncbi.nlm.nih.gov/geo/query/acc.cgi?acc=GSE194191
GSE228805,PAAD,48,2023/12/19,Engrailed-1 Promotes Pancreatic Cancer Metastasis,https://www.ncbi.nlm.nih.gov/geo/query/acc.cgi?acc=GSE228805
GSE228804,PAAD,14,2023/12/19,Engrailed-1 Promotes Pancreatic Cancer Metastasis [RNA-Seq],https://www.ncbi.nlm.nih.gov/geo/query/acc.cgi?acc=GSE228804
GSE249726,PAAD,6,2023/12/12,Pien Tze Huang Targets Cancer Proliferation and Inhibits Growth of Patient-derived Organoid and Xenograft Tumors in Pancreatic Cancer,https://www.ncbi.nlm.nih.gov/geo/query/acc.cgi?acc=GSE249726
GSE248887,PAAD,6,2023/12/12,DKK1-SE promotes pancreatic cancer progression by recruiting AP1 to activate the target gene DKK1,https://www.ncbi.nlm.nih.gov/geo/query/acc.cgi?acc=GSE248887
GSE217965,PAAD,6,2023/12/12,Depletion of Nrf2 in pancreatic cancer cells shifts arginine metabolism into the phosphocreatine energy system,https://www.ncbi.nlm.nih.gov/geo/query/acc.cgi?acc=GSE217965
GSE159334,PAAD,6,2023/12/12,Dual-hit strategy for therapeutic targeting of pancreatic cancer in patient-derived xenograft tumors,https://www.ncbi.nlm.nih.gov/geo/query/acc.cgi?acc=GSE159334
GSE245819,PAAD,2,2023/12/11,Inhibition of ADAM9 mediates KRAS-related pathways in pancreatic cancer cells,https://www.ncbi.nlm.nih.gov/geo/query/acc.cgi?acc=GSE245819
GSE229062,PAAD,276,2023/12/06,Marker-based CRISPR screening reveals a direct MED12-p63 interaction that activates basal identity in pancreatic ductal adenocarcinoma,https://www.ncbi.nlm.nih.gov/geo/query/acc.cgi?acc=GSE229062
GSE249302,PAAD,16,2023/12/05,RNA-seq of human PDAC cell lines PANC-1 and BxPC3 treated with Gemcitabine compared to untreated controls,https://www.ncbi.nlm.nih.gov/geo/query/acc.cgi?acc=GSE249302
GSE247513,PAAD,72,2023/12/02,TLR2 promotes tumour proliferation in KRAS-dependant PDAC in the absence of ARF6,https://www.ncbi.nlm.nih.gov/geo/query/acc.cgi?acc=GSE247513
GSE155725,PAAD,57,2023/12/01,Spatial coupling of microbes and immune cells in solid malignancies,https://www.ncbi.nlm.nih.gov/geo/query/acc.cgi?acc=GSE155725
GSE155724,PAAD,20,2023/12/01,Spatial coupling of microbes and immune cells in solid malignancies [LCM_cold_hot_tumor_nest],https://www.ncbi.nlm.nih.gov/geo/query/acc.cgi?acc=GSE155724
GSE155723,PAAD,16,2023/12/01,Spatial coupling of microbes and immune cells in solid malignancies [LCM_stroma_epithelium],https://www.ncbi.nlm.nih.gov/geo/query/acc.cgi?acc=GSE155723
GSE155722,PAAD,9,2023/12/01,Spatial coupling of microbes and immune cells in solid malignancies [Whole_slides],https://www.ncbi.nlm.nih.gov/geo/query/acc.cgi?acc=GSE155722
GSE242098,PAAD,114,2023/11/30,Med12 ablation promotes anti-tumor function by enhancing tumor intrinsic immunogenicity in Pancreatic ductal adenocarcinoma,https://www.ncbi.nlm.nih.gov/geo/query/acc.cgi?acc=GSE242098
GSE242083,PAAD,36,2023/11/30,Med12 ablation promotes anti-tumor function by enhancing tumor intrinsic immunogenicity in Pancreatic ductal adenocarcinoma [human RNA-seq],https://www.ncbi.nlm.nih.gov/geo/query/acc.cgi?acc=GSE242083
GSE217399,PAAD,9,2023/11/30,The effect of WB436B or siRNA towards STAT3 on the whole-transcriptome analysis with total RNA sequencing (RNA-Seq) in BxPC3 cells,https://www.ncbi.nlm.nih.gov/geo/query/acc.cgi?acc=GSE217399
GSE222990,PAAD,28,2023/11/27,RNA sequencing of human pancreatic acinar and ductal cells,https://www.ncbi.nlm.nih.gov/geo/query/acc.cgi?acc=GSE222990
GSE225011,PAAD,32,2023/11/24,Triptolide analogs induced apoptosis on pancreatic cancer patient-derived organoids,https://www.ncbi.nlm.nih.gov/geo/query/acc.cgi?acc=GSE225011
GSE162078,PAAD,20,2023/11/22,Identification of transcriptional changes after treatment with different Traditional Chinese Medicine (TCM) in pancreatic cancer mouse model,https://www.ncbi.nlm.nih.gov/geo/query/acc.cgi?acc=GSE162078
GSE241402,PAAD,6,2023/11/17,MST2 Methylation by PRMT5 Inhibits Hippo Signaling and Promotes Pancreatic Cancer Progression,https://www.ncbi.nlm.nih.gov/geo/query/acc.cgi?acc=GSE241402
GSE235452,PAAD,8,2023/11/17,Integrative single-cell transcriptome analysis of human pancreatic cancer reveals an intermediate cancer cell population associated with poo,https://www.ncbi.nlm.nih.gov/geo/query/acc.cgi?acc=GSE235452
GSE235449,PAAD,1,2023/11/17,Integrative single-cell transcriptome analysis of human pancreatic cancer reveals an intermediate cancer cell population associated with poo,https://www.ncbi.nlm.nih.gov/geo/query/acc.cgi?acc=GSE235449
GSE247389,PAAD,12,2023/11/13,Epigenetic priming targets tumor heterogeneity to shift transcriptomic phenotype of pancreatic ductal adenocarcinoma towards a Vitamin D sus,https://www.ncbi.nlm.nih.gov/geo/query/acc.cgi?acc=GSE247389
GSE243649,PAAD,2,2023/11/13,Incorporation of human iPS cell-derived stroma creates a pancreatic cancer organoid with heterogeneous cancer-associated fibroblasts [scRNA-,https://www.ncbi.nlm.nih.gov/geo/query/acc.cgi?acc=GSE243649
GSE243647,PAAD,31,2023/11/13,Incorporation of human iPS cell-derived stroma creates a pancreatic cancer organoid with heterogeneous cancer-associated fibroblasts [AmpliS,https://www.ncbi.nlm.nih.gov/geo/query/acc.cgi?acc=GSE243647
GSE243651,PAAD,33,2023/11/12,Incorporation of human iPS cell-derived stroma creates a pancreatic cancer organoid with heterogeneous cancer-associated fibroblasts,https://www.ncbi.nlm.nih.gov/geo/query/acc.cgi?acc=GSE243651
GSE161208,PAAD,10,2023/11/10,Identification of transcriptional changes after QYHJ treatment in mouse model with pancreatic cancer,https://www.ncbi.nlm.nih.gov/geo/query/acc.cgi?acc=GSE161208
GSE150225,PAAD,18,2023/11/02,The role of MSK1 in pancreatic adenocarcinoma (PDAC) progression,https://www.ncbi.nlm.nih.gov/geo/query/acc.cgi?acc=GSE150225
GSE234779,PAAD,6,2023/10/31,G-quadruplex-binding molecule based on napththalene diimides showing potent activity on pancreatic cancer cells,https://www.ncbi.nlm.nih.gov/geo/query/acc.cgi?acc=GSE234779
GSE150223,PAAD,9,2023/10/30,HOXC6 drives a therapeutically targetable pancreatic cancer growth and metastasis pathway via stimulating MSK1 kinase and suppressing PPP2R2,https://www.ncbi.nlm.nih.gov/geo/query/acc.cgi?acc=GSE150223
GSE150222,PAAD,9,2023/10/30,HOXC6 drives a therapeutically targetable pancreatic cancer growth and metastasis pathway via stimulating MSK1 kinase and suppressing PPP2R2,https://www.ncbi.nlm.nih.gov/geo/query/acc.cgi?acc=GSE150222
GSE146944,PAAD,9,2023/10/30,HOXC6 drives a therapeutically targetable pancreatic cancer growth and metastasis pathway via stimulating MSK1 kinase and suppressing PPP2R2,https://www.ncbi.nlm.nih.gov/geo/query/acc.cgi?acc=GSE146944
GSE168020,PAAD,4,2023/10/22,VU-0365114-treated AsPC-1 and PANC-1,https://www.ncbi.nlm.nih.gov/geo/query/acc.cgi?acc=GSE168020
GSE211471,PAAD,124,2023/10/13,Inhibition of topoisomerase 1 and BRD4-mediated pause release selectively kills tumours by inducing readthrough transcription,https://www.ncbi.nlm.nih.gov/geo/query/acc.cgi?acc=GSE211471
GSE211468,PAAD,35,2023/10/13,Inhibition of topoisomerase 1 and BRD4-mediated pause release selectively kills tumours by inducing readthrough transcription [RNA-seq],https://www.ncbi.nlm.nih.gov/geo/query/acc.cgi?acc=GSE211468
GSE224564,PAAD,175,2023/10/12,SERPINB3 induces the aggressive basal-like/squamous subtype and promotes invasion and metastasis in pancreatic cancer III,https://www.ncbi.nlm.nih.gov/geo/query/acc.cgi?acc=GSE224564
GSE223909,PAAD,231,2023/10/12,SERPINB3 induces the aggressive basal-like/squamous subtype and promotes invasion and metastasis in pancreatic cancer,https://www.ncbi.nlm.nih.gov/geo/query/acc.cgi?acc=GSE223909
GSE223908,PAAD,44,2023/10/12,SERPINB3 induces the aggressive basal-like/squamous subtype and promotes invasion and metastasis in pancreatic cancer II,https://www.ncbi.nlm.nih.gov/geo/query/acc.cgi?acc=GSE223908
GSE223536,PAAD,12,2023/10/12,SERPINB3 induces the aggressive basal-like/squamous subtype and promotes invasion and metastasis in pancreatic cancer I,https://www.ncbi.nlm.nih.gov/geo/query/acc.cgi?acc=GSE223536
GSE245126,PAAD,70,2023/10/11,Phenotype screens of murine pancreatic cancer identify a Tgfa-Ccl2-paxillin axis driving human-like neural invasion,https://www.ncbi.nlm.nih.gov/geo/query/acc.cgi?acc=GSE245126
GSE215104,PAAD,2,2023/10/08,Inhibition of the SLC35B2-TPST2 axis of tyrosine sulfation attenuates the growth and metastasis of pancreatic ductal adenocarcinoma,https://www.ncbi.nlm.nih.gov/geo/query/acc.cgi?acc=GSE215104
GSE242917,PAAD,166,2023/10/04,Pro-tumor Tfh2 cells induce detrimental IgG4 production and PGE2-dependent IgE inhibition in pancreatic cancer,https://www.ncbi.nlm.nih.gov/geo/query/acc.cgi?acc=GSE242917
GSE242916,PAAD,87,2023/10/04,Pro-tumor Tfh2 cells induce detrimental IgG4 production and PGE2-dependent IgE inhibition in pancreatic cancer (tfh),https://www.ncbi.nlm.nih.gov/geo/query/acc.cgi?acc=GSE242916
GSE242915,PAAD,79,2023/10/04,Pro-tumor Tfh2 cells induce detrimental IgG4 production and PGE2-dependent IgE inhibition in pancreatic cancer (tumor),https://www.ncbi.nlm.nih.gov/geo/query/acc.cgi?acc=GSE242915
GSE243850,PAAD,213,2023/09/23,mRNA sequencing data of pancreatic cancer tumor tissues,https://www.ncbi.nlm.nih.gov/geo/query/acc.cgi?acc=GSE243850
GSE234927,PAAD,6,2023/09/20,Next Generation Sequencing Quantitative Analysis of altered expression of genes in KRASG12D PDAC tissues,https://www.ncbi.nlm.nih.gov/geo/query/acc.cgi?acc=GSE234927
GSE234760,PAAD,6,2023/09/20,Next Generation Sequencing Quantitative Analysis of altered expression of circRNAs in PDAC tissues,https://www.ncbi.nlm.nih.gov/geo/query/acc.cgi?acc=GSE234760
GSE211589,PAAD,87,2023/09/20,CFL1-induced super enhancer RNA m6A modification promotes local chromatin accessibility and oncogenes transcription in pancreatic cancer,https://www.ncbi.nlm.nih.gov/geo/query/acc.cgi?acc=GSE211589
GSE211587,PAAD,4,2023/09/20,CFL1-induced super enhancer RNA m6A modification promotes local chromatin accessibility and oncogenes transcription in pancreatic cancer [RN,https://www.ncbi.nlm.nih.gov/geo/query/acc.cgi?acc=GSE211587
GSE211585,PAAD,24,2023/09/20,CFL1-induced super enhancer RNA m6A modification promotes local chromatin accessibility and oncogenes transcription in pancreatic cancer [PA,https://www.ncbi.nlm.nih.gov/geo/query/acc.cgi?acc=GSE211585
GSE213397,PAAD,45,2023/09/19,Identification of a ΔNp63-dependent Basal-like A Subtype-specific Transcribed Enhancer Program (B-STEP) in Aggressive Pancreatic Ductal Aden,https://www.ncbi.nlm.nih.gov/geo/query/acc.cgi?acc=GSE213397
GSE213387,PAAD,26,2023/09/19,Identification of a ΔNp63-dependent Basal-like A Subtype-specific Transcribed Enhancer Program (B-STEP) in Aggressive Pancreatic Ductal Aden,https://www.ncbi.nlm.nih.gov/geo/query/acc.cgi?acc=GSE213387
GSE181777,PAAD,14,2023/09/18,LncRNA MSAR stabilizes c-Myc to promote pancreatic cancer malignancy,https://www.ncbi.nlm.nih.gov/geo/query/acc.cgi?acc=GSE181777
GSE217845,PAAD,16,2023/09/11,IL-1b+ tumor-associated macrophages fuel pathogenic inflammation in pancreatic cancer - scRNAseq of human PDAC samples,https://www.ncbi.nlm.nih.gov/geo/query/acc.cgi?acc=GSE217845
GSE242307,PAAD,6,2023/09/09,Mechanisms of triptolide's anti-pancreatic cancer effects through inhibition of autophagy and extracellular matrix activation,https://www.ncbi.nlm.nih.gov/geo/query/acc.cgi?acc=GSE242307
GSE218546,PAAD,6,2023/09/08,m6A methylation regulates hypoxia-induced pancreatic cancer glycolytic metabolism through ALKBH5-HDAC4-HIF1α positive feedback loop,https://www.ncbi.nlm.nih.gov/geo/query/acc.cgi?acc=GSE218546
GSE217847,PAAD,136,2023/09/07,IL-1b+ tumor-associated macrophages fuel pathogenic inflammation in pancreatic cancer,https://www.ncbi.nlm.nih.gov/geo/query/acc.cgi?acc=GSE217847
GSE242230,PAAD,25,2023/09/06,High-dimensional deconstruction of pancreatic cancer identifies tumor microenvironmental and developmental stemness features that predict su,https://www.ncbi.nlm.nih.gov/geo/query/acc.cgi?acc=GSE242230
GSE223858,PAAD,4,2023/09/06,Single cell RNA sequencing of pancreastic cancer associated fibroblasts (CAFs) exposed to hypoxia,https://www.ncbi.nlm.nih.gov/geo/query/acc.cgi?acc=GSE223858
GSE228611,PAAD,8,2023/09/01,IL6R-STAT3 oscillations produce stable heterogeneity of metabolic phenotype in pancreatic ductal adenocarcinoma cells,https://www.ncbi.nlm.nih.gov/geo/query/acc.cgi?acc=GSE228611
GSE136651,PAAD,34,2023/09/01,Repeat-element-aware profiling of plasma cell-free RNA,https://www.ncbi.nlm.nih.gov/geo/query/acc.cgi?acc=GSE136651
GSE241563,PAAD,3,2023/08/31,Cell-in-cell-mediated entosis reveals a progressive mechanism in pancreatic cancer,https://www.ncbi.nlm.nih.gov/geo/query/acc.cgi?acc=GSE241563
GSE119224,PAAD,12,2023/08/31,Gene expression profiling of pancreatic cancer,https://www.ncbi.nlm.nih.gov/geo/query/acc.cgi?acc=GSE119224
GSE241352,PAAD,6,2023/08/24,Effect of depletion of HMOX1 on gene expression of AsPC-1 cells.,https://www.ncbi.nlm.nih.gov/geo/query/acc.cgi?acc=GSE241352
GSE212890,PAAD,47,2023/08/22,A Pan-Cancer Single Cell Panorama of Natural Killer Cells,https://www.ncbi.nlm.nih.gov/geo/query/acc.cgi?acc=GSE212890
GSE241233,PAAD,10,2023/08/21,"RNA-seq analysis of bulk Human and single-cell Musashi2-CreER-MycT58A; R26-LSL-tdTomato Mouse Pancreas ASCP, PDAC, and ACC Tumors",https://www.ncbi.nlm.nih.gov/geo/query/acc.cgi?acc=GSE241233
GSE241226,PAAD,7,2023/08/21,Bulk RNA-seq analysis of Human ASCP and ACC Pancreas Tumors,https://www.ncbi.nlm.nih.gov/geo/query/acc.cgi?acc=GSE241226
GSE217332,PAAD,30,2023/08/10,Targeting an RNA polymerase II-associated PHF5A transcriptional subcomplex with a KMT2A-WDR5 inhibitor impairs self-renewal and tumorigenici,https://www.ncbi.nlm.nih.gov/geo/query/acc.cgi?acc=GSE217332
GSE217331,PAAD,12,2023/08/10,Targeting an RNA polymerase II-associated PHF5A transcriptional subcomplex with a KMT2A-WDR5 inhibitor impairs self-renewal and tumorigenici,https://www.ncbi.nlm.nih.gov/geo/query/acc.cgi?acc=GSE217331
GSE217330,PAAD,10,2023/08/10,"Targeting an RNA polymerase II-associated PHF5A transcriptional subcomplex with a KMT2A-WDR5 inhibitor impairs self-renewal, pluripotency an",https://www.ncbi.nlm.nih.gov/geo/query/acc.cgi?acc=GSE217330
GSE205767,PAAD,9,2023/08/10,The phospholipid transporter PITPNC1 links KRAS to MYC to prevent autophagy in lung and pancreatic cancer,https://www.ncbi.nlm.nih.gov/geo/query/acc.cgi?acc=GSE205767
GSE196597,PAAD,6,2023/08/10,LAMC2-regulated transcriptome,https://www.ncbi.nlm.nih.gov/geo/query/acc.cgi?acc=GSE196597
GSE229941,PAAD,18,2023/08/09,Effect of persistent ER stress on gene expression of pancreatic ductal adenocarcinoma cell AsPC1,https://www.ncbi.nlm.nih.gov/geo/query/acc.cgi?acc=GSE229941
GSE210112,PAAD,6,2023/08/08,Blockage of retinoic acid signaling via RARγ suppressed the proliferation of pancreatic cancer cells by arresting the cell cycle progression,https://www.ncbi.nlm.nih.gov/geo/query/acc.cgi?acc=GSE210112
GSE208568,PAAD,9,2023/08/08,Effect of Trim21 knockdown on MAPK and ERBB signaling pathways,https://www.ncbi.nlm.nih.gov/geo/query/acc.cgi?acc=GSE208568
GSE135686,PAAD,18,2023/08/07,Gene-expression profiling in pancreatic cancer cells treated with macrophage conditioned media and etomoxir,https://www.ncbi.nlm.nih.gov/geo/query/acc.cgi?acc=GSE135686
GSE185335,PAAD,15,2023/08/03,DOCK8 is a Novel Regulator of Lysosome-Mediated Pancreatic Cancer Invasion,https://www.ncbi.nlm.nih.gov/geo/query/acc.cgi?acc=GSE185335
GSE229091,PAAD,6,2023/08/01,Huaier Enhances the Antitumor Activities of Black Phosphorus and Alleviates Nephrotoxicity by Regulating Mitophagy and Autophagy,https://www.ncbi.nlm.nih.gov/geo/query/acc.cgi?acc=GSE229091
GSE207863,PAAD,14,2023/08/01,HDAC5 loss in pancreatic cancer induces enhanced arachidonic acid metabolism via overactivated GATA1-cPLA2 axis,https://www.ncbi.nlm.nih.gov/geo/query/acc.cgi?acc=GSE207863
GSE238163,PAAD,13,2023/07/31,Plasma cells in human pancreatic ductal adenocarcinoma secrete antibodies to widely expressed self-antigens,https://www.ncbi.nlm.nih.gov/geo/query/acc.cgi?acc=GSE238163
GSE235548,PAAD,30,2023/07/31,Uncovering the hidden threat: single-organoid analysis reveals clinically relevant treatment-resistant and invasive subclones in pancreatic ,https://www.ncbi.nlm.nih.gov/geo/query/acc.cgi?acc=GSE235548
GSE155220,PAAD,16,2023/07/31,Transcriptome profile of ENDOC-BH1 cells silencing TFEB and TFE3 (siTFEB/TFE3) or controls,https://www.ncbi.nlm.nih.gov/geo/query/acc.cgi?acc=GSE155220
GSE154063,PAAD,74,2023/07/31,Transcriptome profile of ENDOC-BH1 cells and isolated murine islets modulating TFEB expression,https://www.ncbi.nlm.nih.gov/geo/query/acc.cgi?acc=GSE154063
GSE154059,PAAD,15,2023/07/31,Transcriptome profile of ENDOC-BH1 cells overexpressing TFEB-V5 or controls,https://www.ncbi.nlm.nih.gov/geo/query/acc.cgi?acc=GSE154059
GSE205354,PAAD,8,2023/07/20,Spatially resolved multi-omics single-cell analyses inform mechanisms of immune-dysfunction in pancreatic cancer,https://www.ncbi.nlm.nih.gov/geo/query/acc.cgi?acc=GSE205354
GSE205049,PAAD,18,2023/07/20,Spatially Resolved Multi-Omics Single-Cell Analyses Inform Mechanisms of Immune Dysfunction in Pancreatic Cancer,https://www.ncbi.nlm.nih.gov/geo/query/acc.cgi?acc=GSE205049
GSE237366,PAAD,21,2023/07/18,EBF2 links KMT2D-mediated H3K4me1 to suppress pancreatic cancer progression via upregulating KLLN.,https://www.ncbi.nlm.nih.gov/geo/query/acc.cgi?acc=GSE237366
GSE237363,PAAD,8,2023/07/18,EBF2 links KMT2D-mediated H3K4me1 to suppress pancreatic cancer progression via upregulating KLLN [RNA-seq],https://www.ncbi.nlm.nih.gov/geo/query/acc.cgi?acc=GSE237363
GSE235843,PAAD,69,2023/07/13,Spectrum of Response to Platinum and PARP Inhibitors in Germline BRCA Associated Pancreatic Cancer in the Clinical and Pre-clinical Setting,https://www.ncbi.nlm.nih.gov/geo/query/acc.cgi?acc=GSE235843
GSE207741,PAAD,6,2023/07/12,Targeting N-glycosylation of 4F2hc mediated by glycosyltransferases B3GNT3 sensitizes ferroptosis of pancreatic ductal adenocarcinoma,https://www.ncbi.nlm.nih.gov/geo/query/acc.cgi?acc=GSE207741
GSE224942,PAAD,356,2023/07/07,Restoring Tumor Immunogenicity with Dendritic Cell Reprogramming,https://www.ncbi.nlm.nih.gov/geo/query/acc.cgi?acc=GSE224942
GSE224941,PAAD,59,2023/07/07,Restoring Tumor Immunogenicity with Dendritic Cell Reprogramming [scRNA-seq],https://www.ncbi.nlm.nih.gov/geo/query/acc.cgi?acc=GSE224941
GSE210541,PAAD,34,2023/07/07,GDF15 gene suppression by BET inhibition and gene signature based personalized chemotherapy to counteract cachexia [RNA-seq],https://www.ncbi.nlm.nih.gov/geo/query/acc.cgi?acc=GSE210541
GSE210540,PAAD,54,2023/07/07,GDF15 gene suppression by BET inhibition and gene signature based personalized chemotherapy to counteract cachexia [Quant-seq],https://www.ncbi.nlm.nih.gov/geo/query/acc.cgi?acc=GSE210540
GSE154492,PAAD,12,2023/07/06,Genomic alterations drive metastases formation in pancreatic ductal adenocarcinoma cancer: deciphering the role of CDKN2A and CDKN2B in medi,https://www.ncbi.nlm.nih.gov/geo/query/acc.cgi?acc=GSE154492
GSE149981,PAAD,6,2023/06/30,BMI Expression is Required for Pancreatic Cancer Progression,https://www.ncbi.nlm.nih.gov/geo/query/acc.cgi?acc=GSE149981
GSE231535,PAAD,2,2023/06/25,Coordinated single cell tumor microenvironment dynamics reinforce pancreatic cancer subtype,https://www.ncbi.nlm.nih.gov/geo/query/acc.cgi?acc=GSE231535
GSE234449,PAAD,11,2023/06/09,Dual inhibition of KRASG12D and pan-ERBB is synergistic in pancreatic ductal adenocarcinoma,https://www.ncbi.nlm.nih.gov/geo/query/acc.cgi?acc=GSE234449
GSE152012,PAAD,6,2023/06/08,Methylation mediated LINC00261 suppresses pancreatic cancer progression,https://www.ncbi.nlm.nih.gov/geo/query/acc.cgi?acc=GSE152012
GSE233293,PAAD,13,2023/06/07,Visium Spatial Transcriptomics expression profiles from IPMN samples of the pancreas,https://www.ncbi.nlm.nih.gov/geo/query/acc.cgi?acc=GSE233293
GSE233254,PAAD,33,2023/06/07,Spatial Transcriptomics of Intraductal Papillary Mucinous Neoplasms of The Pancreas Identifies NKX6-2 Expression as a Driver of Gastric Diff,https://www.ncbi.nlm.nih.gov/geo/query/acc.cgi?acc=GSE233254
GSE228010,PAAD,88,2023/06/02,Pan KRAS inhibitor selectively inactivates oncogenic signaling and tumor growth,https://www.ncbi.nlm.nih.gov/geo/query/acc.cgi?acc=GSE228010
GSE210562,PAAD,12,2023/06/01,The NAMPT inhibitor FK866 increases metformin sensitivity in pancreatic cancer cells,https://www.ncbi.nlm.nih.gov/geo/query/acc.cgi?acc=GSE210562
GSE218822,PAAD,6,2023/05/31,Effect of ARID1A deficiency on transcriptome regulation during pancreatic cancer development and progression,https://www.ncbi.nlm.nih.gov/geo/query/acc.cgi?acc=GSE218822
GSE202742,PAAD,4,2023/05/30,Schwann Cells Shape Tumor Cells and Cancer-Associated Fibroblasts in the Pancreatic Ductal Adenocarcinoma Microenvironment [scRNA-seq],https://www.ncbi.nlm.nih.gov/geo/query/acc.cgi?acc=GSE202742
GSE202740,PAAD,4,2023/05/30,Schwann Cells Shape Tumor Cells and Cancer-Associated Fibroblasts in the Pancreatic Ductal Adenocarcinoma Microenvironment [ST],https://www.ncbi.nlm.nih.gov/geo/query/acc.cgi?acc=GSE202740
GSE201601,PAAD,10,2023/05/30,Schwann Cells Shape Tumor Cells and Cancer-Associated Fibroblasts in the Pancreatic Ductal Adenocarcinoma Microenvironment,https://www.ncbi.nlm.nih.gov/geo/query/acc.cgi?acc=GSE201601
GSE212779,PAAD,47,2023/05/24,PHF8 enables immune evasion by silencing endogenous retroelements,https://www.ncbi.nlm.nih.gov/geo/query/acc.cgi?acc=GSE212779
GSE211474,PAAD,39,2023/05/24,PHF8 enables immune evasion by silencing endogenous retroelements [RNA-Seq],https://www.ncbi.nlm.nih.gov/geo/query/acc.cgi?acc=GSE211474
GSE232549,PAAD,26,2023/05/20,Molecular profiling and specific targeting of gemcitabine-resistant subclones in heterogeneous pancreatic cancer cell populations,https://www.ncbi.nlm.nih.gov/geo/query/acc.cgi?acc=GSE232549
GSE230039,PAAD,14,2023/05/17,Natural compounds ursolic acid and digoxin exhibit inhibitory activities to cancer cells in RORγ-dependent and -independent manner,https://www.ncbi.nlm.nih.gov/geo/query/acc.cgi?acc=GSE230039
GSE216036,PAAD,10,2023/05/16,Effect of Okadaic Acid on gene expression in human pancreatic cells,https://www.ncbi.nlm.nih.gov/geo/query/acc.cgi?acc=GSE216036
GSE232170,PAAD,90,2023/05/10,The impact of extracellular matrix on the precision medicine utility of pancreatic cancer patient-derived organoids,https://www.ncbi.nlm.nih.gov/geo/query/acc.cgi?acc=GSE232170
GSE223303,PAAD,16,2023/05/08,"Effects of a novel HBP inhibitor, FR054, and Gemcitabine in pancreatic cancer cells",https://www.ncbi.nlm.nih.gov/geo/query/acc.cgi?acc=GSE223303
GSE229413,PAAD,32,2023/05/01,Analysis of donor pancreata defines the transcriptomic signature and microenvironment of early neoplastic lesions.,https://www.ncbi.nlm.nih.gov/geo/query/acc.cgi?acc=GSE229413
GSE225767,PAAD,55,2023/04/20,Towards a mechanistic understanding of response to SBRT by patients with borderline resectable pancreatic cancer,https://www.ncbi.nlm.nih.gov/geo/query/acc.cgi?acc=GSE225767
GSE197177,PAAD,8,2023/04/20,"A single-cell atlas of the tumor, stromal and immune microenvironments in pancreatic cancer liver metastasis",https://www.ncbi.nlm.nih.gov/geo/query/acc.cgi?acc=GSE197177
GSE224411,PAAD,4,2023/04/19,Uncovering the spatial landscape of molecular interactions within the tumor microenvironment through latent spaces,https://www.ncbi.nlm.nih.gov/geo/query/acc.cgi?acc=GSE224411
GSE172303,PAAD,18,2023/04/19,Identification and characterization of new pancreatic cancer stem cells marker,https://www.ncbi.nlm.nih.gov/geo/query/acc.cgi?acc=GSE172303
GSE226518,PAAD,6,2023/04/18,RNA-seq analysis after siRNA-METTL16 treatment in PANC-1 cells,https://www.ncbi.nlm.nih.gov/geo/query/acc.cgi?acc=GSE226518
GSE226762,PAAD,31,2023/04/05,Dysregulated miRNAs modulate tumor microenvironment associated signaling networks in pancreatic ductal adenocarcinoma,https://www.ncbi.nlm.nih.gov/geo/query/acc.cgi?acc=GSE226762
GSE202534,PAAD,74,2023/04/04,Anoikis resistance drives transcriptional plasticity in pancreatic cancer,https://www.ncbi.nlm.nih.gov/geo/query/acc.cgi?acc=GSE202534
GSE202532,PAAD,50,2023/04/04,Acquired anoikis resistance mediates enhancer-driven subtype plasticity in pancreatic cancer [RNA-seq],https://www.ncbi.nlm.nih.gov/geo/query/acc.cgi?acc=GSE202532
GSE228837,PAAD,12,2023/04/03,T cell-mediated development of stromal fibroblasts with an immune-enhancing chemokine profile,https://www.ncbi.nlm.nih.gov/geo/query/acc.cgi?acc=GSE228837
GSE226307,PAAD,7,2023/04/01,The Potent G-Quadruplex-Binding Compound QN-302 Downregulates S100P Gene Expression in Cells and in an In Vivo Model of Pancreatic Cancer,https://www.ncbi.nlm.nih.gov/geo/query/acc.cgi?acc=GSE226307
GSE207319,PAAD,18,2023/03/31,Gene expression of leaders and laggers MiaPaCa-2 pancreatic cancer cells during perineural invasion,https://www.ncbi.nlm.nih.gov/geo/query/acc.cgi?acc=GSE207319
GSE212883,PAAD,12,2023/03/29,KRT13 is upregulated in pancreatic cancer stem-like cells and associated with radioresistance,https://www.ncbi.nlm.nih.gov/geo/query/acc.cgi?acc=GSE212883
GSE220620,PAAD,36,2023/03/28,Effect of LXR ligands on gene expression in human PDAC cells,https://www.ncbi.nlm.nih.gov/geo/query/acc.cgi?acc=GSE220620
GSE225161,PAAD,10,2023/03/22,"Pancreatic stellate and cancer cell transcriptomes from heterocellular, 3D invasive, cultures",https://www.ncbi.nlm.nih.gov/geo/query/acc.cgi?acc=GSE225161
GSE222890,PAAD,4,2023/03/17,HMGA1 induces FGF19 to drive pancreatic carcinogenesis and stroma formation,https://www.ncbi.nlm.nih.gov/geo/query/acc.cgi?acc=GSE222890
GSE181604,PAAD,18,2023/03/15,SIRT6 is required for the integrated stress response and resistance to transcriptional inhibition [RNA-Seq],https://www.ncbi.nlm.nih.gov/geo/query/acc.cgi?acc=GSE181604
GSE216569,PAAD,18,2023/03/10,LINC01133 can induce acquired resistance to ferroptosis in pancreatic cancer by enhancing the mRNA stability of FSP1 through forming the LIN,https://www.ncbi.nlm.nih.gov/geo/query/acc.cgi?acc=GSE216569
GSE216567,PAAD,6,2023/03/10,LINC01133 can induce acquired resistance to ferroptosis in pancreatic cancer by enhancing the mRNA stability of FSP1 through forming the LIN,https://www.ncbi.nlm.nih.gov/geo/query/acc.cgi?acc=GSE216567
GSE216566,PAAD,6,2023/03/10,LINC01133 can induce acquired resistance to ferroptosis in pancreatic cancer by enhancing the mRNA stability of FSP1 through forming the LIN,https://www.ncbi.nlm.nih.gov/geo/query/acc.cgi?acc=GSE216566
GSE220446,PAAD,13,2023/03/09,Tumor-derived extracellular vesicles and particles systemically promote Kupffer cell-induced fatty liver disease and drug-metabolizing dysre,https://www.ncbi.nlm.nih.gov/geo/query/acc.cgi?acc=GSE220446
GSE226829,PAAD,277,2023/03/08,Analysis of donor pancreata defines the transcriptomic signature and microenvironment of early pre-neoplastic pancreatic lesions,https://www.ncbi.nlm.nih.gov/geo/query/acc.cgi?acc=GSE226829
GSE220536,PAAD,1,2023/03/04,A single-cell proteomic and transcriptomic assay identifies genes related to polyfunctionality of CAR-T cells targeting GPC1 in pancreatic c,https://www.ncbi.nlm.nih.gov/geo/query/acc.cgi?acc=GSE220536
GSE215307,PAAD,375,2023/03/01,Cancer-Associated Fibroblasts are the Main Source of Epithelial-to-Mesenchymal Signaling in the Tumor Microenvironment,https://www.ncbi.nlm.nih.gov/geo/query/acc.cgi?acc=GSE215307
GSE207274,PAAD,2,2023/02/28,Prognostic significance of integrin subunit alpha 2 (ITGA2) and role of mechanical cues in resistance to gemcitabine in pancreatic ductal ad,https://www.ncbi.nlm.nih.gov/geo/query/acc.cgi?acc=GSE207274
GSE225683,PAAD,12,2023/02/21,Rapamycin-Induced Feedback Activation of mRNA Translation in Pancreatic Cancer,https://www.ncbi.nlm.nih.gov/geo/query/acc.cgi?acc=GSE225683
GSE213797,PAAD,14,2023/02/15,Phase 1 Study of Ulixertinib (BVD 523) in Patients with Advanced Solid Malignancies,https://www.ncbi.nlm.nih.gov/geo/query/acc.cgi?acc=GSE213797
GSE224882,PAAD,6,2023/02/13,Reduced phosphorylated ATM expression is associated with poor prognosis and gemcitabine resistance in pancreatic cancer,https://www.ncbi.nlm.nih.gov/geo/query/acc.cgi?acc=GSE224882
GSE197465,PAAD,6,2023/02/03,Mitochondrial fitness and risk of pancreatic ductal adenocarcinoma,https://www.ncbi.nlm.nih.gov/geo/query/acc.cgi?acc=GSE197465
GSE222011,PAAD,24,2023/02/01,Individualized mRNA Neoantigen Vaccines provoke substantial T cell immunity in Pancreatic Cancer,https://www.ncbi.nlm.nih.gov/geo/query/acc.cgi?acc=GSE222011
GSE179705,PAAD,6,2023/02/01,Cancer-associated fibroblasts recapitulate phenotypes and functions across tumor types and species,https://www.ncbi.nlm.nih.gov/geo/query/acc.cgi?acc=GSE179705
GSE217537,PAAD,120,2023/01/24,PLK1 Inhibitors and Abiraterone Synergistically Disrupt Mitosis and Kill Cancer Cells of Disparate Origin Independently of Androgen Receptor,https://www.ncbi.nlm.nih.gov/geo/query/acc.cgi?acc=GSE217537
GSE210199,PAAD,3,2023/01/24,Tissue-resident memory T-cells in pancreatic ductal adenocarcinoma co-express PD-1 and TIGIT and inhibition is reversible by dual antibody b,https://www.ncbi.nlm.nih.gov/geo/query/acc.cgi?acc=GSE210199
GSE211398,PAAD,28,2023/01/19,Transcriptomic analysis of pancreatic adenocarcinoma specimens obtained from Black and White patients,https://www.ncbi.nlm.nih.gov/geo/query/acc.cgi?acc=GSE211398
GSE207359,PAAD,48,2023/01/19,Transcriptomic and functional analysis of ANGPTL4 overexpression in pancreatic cancer nominates targets that reverse chemoresistance,https://www.ncbi.nlm.nih.gov/geo/query/acc.cgi?acc=GSE207359
GSE222482,PAAD,4,2023/01/11,Effect of hypoxia and normoxia in Pancreatic Ductal Adenocarcinoma,https://www.ncbi.nlm.nih.gov/geo/query/acc.cgi?acc=GSE222482
GSE205013,PAAD,27,2023/01/09,Effects of Chemotherapy on Human Pancreatic Adenocarcinoma and its Tumor Microenvironment,https://www.ncbi.nlm.nih.gov/geo/query/acc.cgi?acc=GSE205013
GSE193268,PAAD,6,2023/01/07,Epigenetic reprogramming-induced guanidinoacetic acid synthesis promotes pancreatic cancer metastasis and transcription-activating histone m,https://www.ncbi.nlm.nih.gov/geo/query/acc.cgi?acc=GSE193268
GSE221250,PAAD,27,2023/01/01,CRISPR deletion of ELAVL1 (HuR) in MIA PaCa-2 in vitro cells and in vivo tumors,https://www.ncbi.nlm.nih.gov/geo/query/acc.cgi?acc=GSE221250
GSE216708,PAAD,3,2023/01/01,Long non-coding RNA associated with mitogen-activated protein kinase in pancreatic cancer cells.,https://www.ncbi.nlm.nih.gov/geo/query/acc.cgi?acc=GSE216708
GSE196590,PAAD,6,2023/01/01,Transcriptome Sequencing of GLYR1-positive human pancreatic ductal adenocarcinoma.,https://www.ncbi.nlm.nih.gov/geo/query/acc.cgi?acc=GSE196590
GSE193411,PAAD,35,2023/01/01,Ornithine aminotransferase supports polyamine synthesis in pancreatic cancer,https://www.ncbi.nlm.nih.gov/geo/query/acc.cgi?acc=GSE193411
GSE212201,PAAD,4,2022/12/31,MIF promotes cell invasion by LRP1-uPAR interaction in pancreatic cancer cells,https://www.ncbi.nlm.nih.gov/geo/query/acc.cgi?acc=GSE212201
GSE202023,PAAD,15,2022/12/27,HNF1B induced three-dimensional genome analysis of patient-derived pancreas neoplasm organoids,https://www.ncbi.nlm.nih.gov/geo/query/acc.cgi?acc=GSE202023
GSE202022,PAAD,4,2022/12/27,HNF1B induced three-dimensional genome analysis of patient-derived pancreas neoplasm organoids [RNA-seq],https://www.ncbi.nlm.nih.gov/geo/query/acc.cgi?acc=GSE202022
GSE220614,PAAD,18,2022/12/15,Systematic interrogation of tumor cell resistance to chimeric antigen receptor T cell therapy in pancreatic cancer,https://www.ncbi.nlm.nih.gov/geo/query/acc.cgi?acc=GSE220614
GSE206261,PAAD,9,2022/12/05,Selective inhibitors of autophagy reveal new link between the cell cycle and autophagy and lead to discovery of novel synergistic drug combi,https://www.ncbi.nlm.nih.gov/geo/query/acc.cgi?acc=GSE206261
GSE218268,PAAD,12,2022/11/22,TAp63 in pancreas cancer predicts the squamous subtype and promotes a suppressive immune micromilleu,https://www.ncbi.nlm.nih.gov/geo/query/acc.cgi?acc=GSE218268
GSE217873,PAAD,9,2022/11/19,NUSAP1-LDHA-Glycolysis-Lactate feedforward loop promotes Warburg effect and metastasis in pancreatic ductal adenocarcinoma,https://www.ncbi.nlm.nih.gov/geo/query/acc.cgi?acc=GSE217873
GSE213706,PAAD,10,2022/11/15,The combination of RMC4550 (SHP2 inhibitor) and LY3214996 (ERK inhibitor) effectively impairs tumor growth and induces tumor regression in m,https://www.ncbi.nlm.nih.gov/geo/query/acc.cgi?acc=GSE213706
GSE213697,PAAD,6,2022/11/15,MiaPaCa-2 xenografts SHP2i + ERKi,https://www.ncbi.nlm.nih.gov/geo/query/acc.cgi?acc=GSE213697
GSE206999,PAAD,2,2022/11/08,ESE1/AGR2 axis antagonizes TGF-β-induced epithelial-mesenchymal transition in pancreatic cancer,https://www.ncbi.nlm.nih.gov/geo/query/acc.cgi?acc=GSE206999
GSE211895,PAAD,29,2022/11/01,Assessment of Spatial Genomics for Oncology Discovery,https://www.ncbi.nlm.nih.gov/geo/query/acc.cgi?acc=GSE211895
GSE213096,PAAD,12,2022/10/21,Systemic Alterations in Type-2 Conventional Dendritic Cells Lead to Impaired Tumor Immunity in Pancreatic Cancer,https://www.ncbi.nlm.nih.gov/geo/query/acc.cgi?acc=GSE213096
GSE212482,PAAD,26,2022/10/21,Multiomic analysis reveals conservation of cancer associated fibroblast phenotypes across species and tissue of origin,https://www.ncbi.nlm.nih.gov/geo/query/acc.cgi?acc=GSE212482
GSE212461,PAAD,5,2022/10/21,Multiomic analysis reveals conservation of cancer associated fibroblast phenotypes across species and tissue of origin [scRNA-seq],https://www.ncbi.nlm.nih.gov/geo/query/acc.cgi?acc=GSE212461
GSE189418,PAAD,62,2022/10/18,ETV6 dependency in Ewing sarcoma by antagonism of EWS-FLI1-mediated enhancer activation,https://www.ncbi.nlm.nih.gov/geo/query/acc.cgi?acc=GSE189418
GSE215344,PAAD,6,2022/10/14,Characterization of a NEK7-related pyroptosis gene signature against pancreatic cancer and evaluation of its potential in tumor microenviron,https://www.ncbi.nlm.nih.gov/geo/query/acc.cgi?acc=GSE215344
GSE212014,PAAD,31,2022/10/12,Culture media composition influences patient-derived organoids ability to predict therapeutic response in gastrointestinal cancers ,https://www.ncbi.nlm.nih.gov/geo/query/acc.cgi?acc=GSE212014
GSE185837,PAAD,6,2022/10/11,HDAC5 regulates arachidonic acid metabolism via cPLA2,https://www.ncbi.nlm.nih.gov/geo/query/acc.cgi?acc=GSE185837
GSE214894,PAAD,8,2022/10/09,RNA-seq analysis of pancreatic orthotopic tumor and primary tumor,https://www.ncbi.nlm.nih.gov/geo/query/acc.cgi?acc=GSE214894
GSE207536,PAAD,12,2022/10/09,Stromal reprogramming by FAK inhibition overcomes radiation resistance to allow for immune priming and response to checkpoint blockade [exp2,https://www.ncbi.nlm.nih.gov/geo/query/acc.cgi?acc=GSE207536
GSE178714,PAAD,24,2022/10/09,SMAD2/3 mediate oncogenic effects of TGF-β in the absence of SMAD4,https://www.ncbi.nlm.nih.gov/geo/query/acc.cgi?acc=GSE178714
GSE214295,PAAD,6,2022/10/04,Single-cell transcriptome profiling of primary tumors and paired organoids of pancreatic cancer,https://www.ncbi.nlm.nih.gov/geo/query/acc.cgi?acc=GSE214295
GSE214325,PAAD,12,2022/09/30,High-dose glutamine modulates amino acid transport and mediates pancreatic cancer chemosensitivity,https://www.ncbi.nlm.nih.gov/geo/query/acc.cgi?acc=GSE214325
GSE214028,PAAD,24,2022/09/26,CEBPD suppresses motility-associated gene signatures and reduces pancreatic ductal adenocarcinoma cell migration,https://www.ncbi.nlm.nih.gov/geo/query/acc.cgi?acc=GSE214028
GSE184029,PAAD,48,2022/09/22,HSP70-driven molecular response to the proteasome machinery inhibition is a vulnerability in cancer,https://www.ncbi.nlm.nih.gov/geo/query/acc.cgi?acc=GSE184029
GSE179250,PAAD,192,2022/09/22,A resource for integrated genomic analysis of the human liver,https://www.ncbi.nlm.nih.gov/geo/query/acc.cgi?acc=GSE179250
GSE206256,PAAD,7,2022/09/20,Organotypic stromal cells impact endothelial cell transcriptome in 3D microvessel networks,https://www.ncbi.nlm.nih.gov/geo/query/acc.cgi?acc=GSE206256
GSE212966,PAAD,12,2022/09/13,Single-cell RNA-seq reveals immune landscape of pancreatic cancer,https://www.ncbi.nlm.nih.gov/geo/query/acc.cgi?acc=GSE212966
GSE212854,PAAD,25,2022/09/10,An RNA-based precision oncology platform for patient-therapy alignment in a diverse set of treatment resistant malignancies,https://www.ncbi.nlm.nih.gov/geo/query/acc.cgi?acc=GSE212854
GSE211644,PAAD,50,2022/09/06,Single cell transcriptomic and T cell repertoire analysis reveals trajectory of tumor - infiltrating lymphocyte states in pancreatic cancer,https://www.ncbi.nlm.nih.gov/geo/query/acc.cgi?acc=GSE211644
GSE199515,PAAD,13,2022/09/01,Comparative single-cell genomics uncovers evolutionarily conserved features and therapeutic targets in triple-negative breast cancer fibrobl,https://www.ncbi.nlm.nih.gov/geo/query/acc.cgi?acc=GSE199515
GSE183607,PAAD,6,2022/09/01,Genome-wide profiling of the expression of exosomal circRNAs in patients with hepatic alveolar echinococcosis,https://www.ncbi.nlm.nih.gov/geo/query/acc.cgi?acc=GSE183607
GSE201307,PAAD,4,2022/08/31,TANK binding kinase 1 induces transcription factor BACH1 to regulate iron metabolism in pancreatic cancer cells,https://www.ncbi.nlm.nih.gov/geo/query/acc.cgi?acc=GSE201307
GSE189171,PAAD,8,2022/08/31,RNA-sequencing of control (GFP) or NDRG3-depleted pancreatic cancer cell lines,https://www.ncbi.nlm.nih.gov/geo/query/acc.cgi?acc=GSE189171
GSE212173,PAAD,6,2022/08/30,Combating pancreatic cancer with ovarian cancer cells,https://www.ncbi.nlm.nih.gov/geo/query/acc.cgi?acc=GSE212173
GSE189764,PAAD,12,2022/08/22,Regulation of chemosensitivity in pancreatic cancer cells,https://www.ncbi.nlm.nih.gov/geo/query/acc.cgi?acc=GSE189764
GSE210351,PAAD,41,2022/08/20,Molecular heterogeneity and commonalities in pancreatic cancer precursors with gastric and intestinal phenotype,https://www.ncbi.nlm.nih.gov/geo/query/acc.cgi?acc=GSE210351
GSE207612,PAAD,32,2022/08/17,Perturbation-informed signatures from crosswise integration of transcriptome and chromatin accessibility analyses predict susceptibility to ,https://www.ncbi.nlm.nih.gov/geo/query/acc.cgi?acc=GSE207612
GSE207611,PAAD,16,2022/08/17,Perturbation-informed signatures from crosswise integration of transcriptome and chromatin accessibility analyses predict susceptibility to ,https://www.ncbi.nlm.nih.gov/geo/query/acc.cgi?acc=GSE207611
GSE179064,PAAD,60,2022/08/17,Perturbation-informed signatures from crosswise integration of transcriptome and chromatin accessibility analyses predict susceptibility to ,https://www.ncbi.nlm.nih.gov/geo/query/acc.cgi?acc=GSE179064
GSE179057,PAAD,30,2022/08/17,Perturbation-informed signatures from crosswise integration of transcriptome and chromatin accessibility analyses predict susceptibility to ,https://www.ncbi.nlm.nih.gov/geo/query/acc.cgi?acc=GSE179057
GSE198002,PAAD,12,2022/08/15,Pancreatic cancer cells upregulation of LPA receptor 4 in response to stress create a tumor-initiating niche,https://www.ncbi.nlm.nih.gov/geo/query/acc.cgi?acc=GSE198002
GSE135783,PAAD,11,2022/08/13,The lncRNA RUNX1-IT1 promotes pancreatic cancer progression by inducing C-FOS expression,https://www.ncbi.nlm.nih.gov/geo/query/acc.cgi?acc=GSE135783
GSE203612,PAAD,31,2022/08/05,Cancer cell states recur across tumor types and form specific interactions with the tumor microenvironment,https://www.ncbi.nlm.nih.gov/geo/query/acc.cgi?acc=GSE203612
GSE183635,PAAD,2351,2022/08/05,Detection and localization of early- and late-stage cancers using tumor-educated platelet RNA,https://www.ncbi.nlm.nih.gov/geo/query/acc.cgi?acc=GSE183635
GSE164976,PAAD,12,2022/08/02,"Transcriptional, chromatin, and metabolic landscapes of LDHA inhibitor–resistant pancreatic ductal adenocarcinoma",https://www.ncbi.nlm.nih.gov/geo/query/acc.cgi?acc=GSE164976
GSE209938,PAAD,6,2022/07/31,Inhibition of PC reverse metformin resistance pancreatic cancer,https://www.ncbi.nlm.nih.gov/geo/query/acc.cgi?acc=GSE209938
GSE208536,PAAD,48,2022/07/25,"Digital spatial profiling of pancreatic ductal adenocarcinoma, acinar ductal metaplasia and adjacent normal pancreas tissue",https://www.ncbi.nlm.nih.gov/geo/query/acc.cgi?acc=GSE208536
GSE206269,PAAD,24,2022/07/06,Coordinated transcriptional and catabolic programs support iron dependent adaptation to RAS-MAPK pathway inhibition in pancreatic cancer,https://www.ncbi.nlm.nih.gov/geo/query/acc.cgi?acc=GSE206269
GSE206267,PAAD,12,2022/07/06,Coordinated transcriptional and catabolic programs support iron dependent adaptation to RAS-MAPK pathway inhibition in pancreatic cancer [RN,https://www.ncbi.nlm.nih.gov/geo/query/acc.cgi?acc=GSE206267
GSE202438,PAAD,62,2022/07/05,"PARP1-SNAI2 Transcription Axis Drives Resistance to PARP Inhibitor, Talazoparib",https://www.ncbi.nlm.nih.gov/geo/query/acc.cgi?acc=GSE202438
GSE197499,PAAD,6,2022/07/01,Retinoic Acid Receptor Gamma is Required for Proliferation of  Pancreatic cancer cells,https://www.ncbi.nlm.nih.gov/geo/query/acc.cgi?acc=GSE197499
GSE178398,PAAD,22,2022/06/30,RNA-seq analysis of Metastatic and Localized human Pancreatic Neuroendocrine Tumors,https://www.ncbi.nlm.nih.gov/geo/query/acc.cgi?acc=GSE178398
GSE181625,PAAD,24,2022/06/23,A multi-omics approach identifies pancreatic cancer cell extracellular vesicles as mediators of the unfolded protein response in normal panc,https://www.ncbi.nlm.nih.gov/geo/query/acc.cgi?acc=GSE181625
GSE201462,PAAD,36,2022/06/22,SF3B1 promotes glycolysis and tumor malignancy through splicing-independent activation of HIF1α,https://www.ncbi.nlm.nih.gov/geo/query/acc.cgi?acc=GSE201462
GSE201427,PAAD,8,2022/06/22,SF3B1 promotes glycolysis and tumor malignancy through splicing-independent activation of HIF1α [RNA-Seq],https://www.ncbi.nlm.nih.gov/geo/query/acc.cgi?acc=GSE201427
GSE183893,PAAD,17,2022/06/16,Transcriptional response to PORCN inhibition using an in vivo model of RNF43 mutant pancreatic adenocarcinoma (HPAF-II) in EP300 knockout an,https://www.ncbi.nlm.nih.gov/geo/query/acc.cgi?acc=GSE183893
GSE205430,PAAD,100,2022/06/06,Satellite repeat RNA expression in epithelial ovarian cancer is linked to a tumor immunosuppressive phenotype,https://www.ncbi.nlm.nih.gov/geo/query/acc.cgi?acc=GSE205430
GSE179248,PAAD,28,2022/06/01,Transcriptional Profile Of Human Pancreatic Acinar Ductal Metaplasia,https://www.ncbi.nlm.nih.gov/geo/query/acc.cgi?acc=GSE179248
GSE201110,PAAD,6,2022/05/31,RNA-Seq of pancreatic cancer cell line CAPAN-2 with or without SIRT4 overexpression,https://www.ncbi.nlm.nih.gov/geo/query/acc.cgi?acc=GSE201110
GSE124166,PAAD,16,2022/05/26,Acute IL-1beta exposure in rat insulinoma cells and human islets,https://www.ncbi.nlm.nih.gov/geo/query/acc.cgi?acc=GSE124166
GSE196812,PAAD,21,2022/05/25,Hypoxia-reprogrammed regulatory group 2 innate lymphoid cells promote immunosuppression in pancreatic cancer,https://www.ncbi.nlm.nih.gov/geo/query/acc.cgi?acc=GSE196812
GSE196810,PAAD,9,2022/05/25,Hypoxia-reprogrammed regulatory group 2 innate lymphoid cells promote immunosuppression in pancreatic cancer [HMC-1],https://www.ncbi.nlm.nih.gov/geo/query/acc.cgi?acc=GSE196810
GSE202051,PAAD,74,2022/05/18,Refined molecular taxonomy and treatment remodeling of pancreatic cancer using single-cell resolution,https://www.ncbi.nlm.nih.gov/geo/query/acc.cgi?acc=GSE202051
GSE130688,PAAD,30,2022/05/18,Annotation and functional characterization of long noncoding RNAs deregulated in pancreatic adenocarcinoma,https://www.ncbi.nlm.nih.gov/geo/query/acc.cgi?acc=GSE130688
GSE199102,PAAD,608,2022/05/12,Spatial transcriptome profiling of pancreatic cancer identifies multicellular dynamics associated with neoadjuvant treatment,https://www.ncbi.nlm.nih.gov/geo/query/acc.cgi?acc=GSE199102
GSE197532,PAAD,6,2022/05/11,SRSF3-mediated regulation of N6-methyladenosine modification-related lncRNA ANRIL splicing in promotion of pancreatic cancer resistance to g,https://www.ncbi.nlm.nih.gov/geo/query/acc.cgi?acc=GSE197532
GSE178358,PAAD,6,2022/05/11,Next Generation Sequencing Facilitates Quantitative Analysis of Control and rhCYGB treated in MIA PaCa-2 cell line,https://www.ncbi.nlm.nih.gov/geo/query/acc.cgi?acc=GSE178358
GSE197533,PAAD,12,2022/05/10,SRSF3-mediated regulation of N6-methyladenosine modification-related lncRNA ANRIL splicing in promotion of pancreatic cancer resistance to g,https://www.ncbi.nlm.nih.gov/geo/query/acc.cgi?acc=GSE197533
GSE202305,PAAD,28,2022/05/09,RNA-seq and ATAC-seq of tumor resistance to immune cell attack,https://www.ncbi.nlm.nih.gov/geo/query/acc.cgi?acc=GSE202305
GSE165950,PAAD,62,2022/05/09,Interferon regulatory factor 1 (IRF1) controls the metabolic programmes of low-grade pancreatic cancer cells,https://www.ncbi.nlm.nih.gov/geo/query/acc.cgi?acc=GSE165950
GSE165949,PAAD,24,2022/05/09,Interferon regulatory factor 1 (IRF1) controls the metabolic programmes of low-grade pancreatic cancer cells (RNA-Seq 2),https://www.ncbi.nlm.nih.gov/geo/query/acc.cgi?acc=GSE165949
GSE165948,PAAD,6,2022/05/09,Interferon regulatory factor 1 (IRF1) controls the metabolic programmes of low-grade pancreatic cancer cells (RNA-Seq 1),https://www.ncbi.nlm.nih.gov/geo/query/acc.cgi?acc=GSE165948
GSE201876,PAAD,4,2022/05/02,Direct cell-to-cell transfer in stressed tumor microenvironment aggravates tumorigenic or metastatic potential in pancreatic cancer,https://www.ncbi.nlm.nih.gov/geo/query/acc.cgi?acc=GSE201876
GSE150043,PAAD,19,2022/05/02,Deeper insight into Pancreatic Ductal Adenocarcinoma (PDAC) survival heterogeneity using integrative analyses of individual and global trans,https://www.ncbi.nlm.nih.gov/geo/query/acc.cgi?acc=GSE150043
GSE194247,PAAD,5,2022/05/01,Deep single-cell transcriptome analysis reveals transitional cancer cell state in the pancreatic cancer tumor microenvironment associated wi,https://www.ncbi.nlm.nih.gov/geo/query/acc.cgi?acc=GSE194247
GSE185069,PAAD,21,2022/05/01,Dynamic interplay between structural variation and 3D chromosome organization in pancreatic cancer,https://www.ncbi.nlm.nih.gov/geo/query/acc.cgi?acc=GSE185069
GSE169705,PAAD,6,2022/05/01,RNA Sequencing Facilitates Quantitative Analysis of LINC00901 knockout and Control MIA PaCa-2 Cell Transcriptomes,https://www.ncbi.nlm.nih.gov/geo/query/acc.cgi?acc=GSE169705
GSE169660,PAAD,6,2022/05/01,RNA Sequencing Facilitates Quantitative Analysis of LINC00901 overexpression and Control MIA PaCa-2 Cell Transcriptomes,https://www.ncbi.nlm.nih.gov/geo/query/acc.cgi?acc=GSE169660
GSE173339,PAAD,13,2022/04/28,Occult polyclonality of preclinical pancreatic cancer models drives in vitro evolution.,https://www.ncbi.nlm.nih.gov/geo/query/acc.cgi?acc=GSE173339
GSE201358,PAAD,20,2022/04/25,Whole transcriptome expression profiling of pancreatic cancers patients with T4 stage but diametrically opposing survival outcomes,https://www.ncbi.nlm.nih.gov/geo/query/acc.cgi?acc=GSE201358
GSE200477,PAAD,24,2022/04/19,Polysome profiling quantified by RNA sequencing in PANC1 cells treated with MNK2 inhibitors or DMSO,https://www.ncbi.nlm.nih.gov/geo/query/acc.cgi?acc=GSE200477
GSE180615,PAAD,21,2022/04/19,RNA-Seq identification of LGK974 early and late gene targets in AsPC-1,https://www.ncbi.nlm.nih.gov/geo/query/acc.cgi?acc=GSE180615
GSE200281,PAAD,8,2022/04/09,Transcriptomic analysis of Panc10.05 cells treated with indisulam,https://www.ncbi.nlm.nih.gov/geo/query/acc.cgi?acc=GSE200281
GSE180901,PAAD,8,2022/04/04,In vivo CRISPR screening identifies ISL2 as a tumor suppressor and regulator of metabolic gene expression in pancreatic cancer (RNA-Seq),https://www.ncbi.nlm.nih.gov/geo/query/acc.cgi?acc=GSE180901
GSE173489,PAAD,16,2022/04/01,Longitudinal analysis of pancreatic adenocarcinoma development reveals transient gene expression signatures (I. 10-22 cell RNA-Seq),https://www.ncbi.nlm.nih.gov/geo/query/acc.cgi?acc=GSE173489
GSE173286,PAAD,12,2022/04/01,Longitudinal analysis of pancreatic adenocarcinoma development reveals transient gene expression signatures,https://www.ncbi.nlm.nih.gov/geo/query/acc.cgi?acc=GSE173286
GSE196284,PAAD,4,2022/03/30,Transcriptome sequence of hTERT-HPNE and PANC-1 cells upon hydrogen peroxide treatment,https://www.ncbi.nlm.nih.gov/geo/query/acc.cgi?acc=GSE196284
GSE199692,PAAD,6,2022/03/29,Mitochondrial calcium uniporter in pancreatic cancer metastasis and cystine adiction,https://www.ncbi.nlm.nih.gov/geo/query/acc.cgi?acc=GSE199692
GSE186935,PAAD,4,2022/03/27,Increased expression of SPRR1A is associated with a poor prognosis in pancreatic ductal adenocarcinoma,https://www.ncbi.nlm.nih.gov/geo/query/acc.cgi?acc=GSE186935
GSE199299,PAAD,6,2022/03/24,Nanoparticles-mediated TRPV1 channel blockade amplifies cancer thermo-immunotherapy via heat shock factor 1 modulation,https://www.ncbi.nlm.nih.gov/geo/query/acc.cgi?acc=GSE199299
GSE186960,PAAD,6,2022/03/21,Profiling the Panc1 pancreatic cancer cell line following Gemcitabine treatment using single cell RNA sequencing,https://www.ncbi.nlm.nih.gov/geo/query/acc.cgi?acc=GSE186960
GSE128663,PAAD,12,2022/03/20,Mapping global miR-29a targets in pancreatic cancer adenocarcinoma (PDAC) cells using Next Generation Sequencing approach,https://www.ncbi.nlm.nih.gov/geo/query/acc.cgi?acc=GSE128663
GSE175374,PAAD,6,2022/03/15,HDAC5 modulates PD-L1 expression and cancer immunity via p65 deacetylation in pancreatic cancer,https://www.ncbi.nlm.nih.gov/geo/query/acc.cgi?acc=GSE175374
GSE198192,PAAD,12,2022/03/14,RNA-seq analysis of 2D- and 3D-cultured pancreatic cancer cells,https://www.ncbi.nlm.nih.gov/geo/query/acc.cgi?acc=GSE198192
GSE197763,PAAD,126,2022/03/09,Pre-clinical validation of an RNA-based precision oncology platform for patient-therapy alignment in a diverse set of human malignancies res,https://www.ncbi.nlm.nih.gov/geo/query/acc.cgi?acc=GSE197763
GSE193389,PAAD,4,2022/03/09,Gene expression of matched treatment-naive versus FOLFIRINOX-treated PDAC patient-derived organoids,https://www.ncbi.nlm.nih.gov/geo/query/acc.cgi?acc=GSE193389
GSE185190,PAAD,80,2022/03/09,Transcriptional changes underlying progression from islet autoantibody positivity to type 1 diabetes,https://www.ncbi.nlm.nih.gov/geo/query/acc.cgi?acc=GSE185190
GSE197613,PAAD,91,2022/03/07,Multi-omics analyses of changes in the tumor microenvironment of pancreatic adenocarcinoma following neoadjuvant treatment with anti-PD-1 an,https://www.ncbi.nlm.nih.gov/geo/query/acc.cgi?acc=GSE197613
GSE197531,PAAD,6,2022/03/02,Transcriptome profile in SULF2 knockdown pancreatic tumor cells,https://www.ncbi.nlm.nih.gov/geo/query/acc.cgi?acc=GSE197531
GSE194249,PAAD,87,2022/02/23,Integrated profiling of human pancreatic cancer organoids reveals chromatin accessibility features associated with drug sensitivity,https://www.ncbi.nlm.nih.gov/geo/query/acc.cgi?acc=GSE194249
GSE196462,PAAD,6,2022/02/13,Differentially expressed genes in CMR-treated PANC-1 cells,https://www.ncbi.nlm.nih.gov/geo/query/acc.cgi?acc=GSE196462
GSE196009,PAAD,19,2022/02/09,Gene expression between  normal and cancer tissue  for pancreatic cancer in Japan,https://www.ncbi.nlm.nih.gov/geo/query/acc.cgi?acc=GSE196009
GSE193737,PAAD,12,2022/01/21,CDK7 inhibition by LDC4297 in Mia-Paca2 and Panc89 cells,https://www.ncbi.nlm.nih.gov/geo/query/acc.cgi?acc=GSE193737
GSE192907,PAAD,6,2022/01/06,Next Generation Sequencing Facilitates Quantitative Analysis of CAFR and CAFS Transcriptomes in pancreatic cancer,https://www.ncbi.nlm.nih.gov/geo/query/acc.cgi?acc=GSE192907
GSE192903,PAAD,12,2022/01/05,RNA-seq for dual BET/p300 inhibitors in pancreactic cancer cells,https://www.ncbi.nlm.nih.gov/geo/query/acc.cgi?acc=GSE192903
GSE186154,PAAD,2,2022/01/01,RNA Sequencing Facilitates Quantitative Analysis of shWBSCR22 and corresponding control Transcriptomes,https://www.ncbi.nlm.nih.gov/geo/query/acc.cgi?acc=GSE186154
GSE184834,PAAD,4,2022/01/01,"RNA Sequencing Facilitates Quantitative Analysis of shL3MBTL2 ,CGA-OE and corresponding control Transcriptomes",https://www.ncbi.nlm.nih.gov/geo/query/acc.cgi?acc=GSE184834
GSE175436,PAAD,10,2022/01/01,Expression profile of exosomal LncRNA in plasma of pancreatic ductal adenocarcinoma,https://www.ncbi.nlm.nih.gov/geo/query/acc.cgi?acc=GSE175436
GSE143827,PAAD,11,2022/01/01,Transcriptome changes after knocking out MYEOV in two human pancreatic cancer cell lines,https://www.ncbi.nlm.nih.gov/geo/query/acc.cgi?acc=GSE143827
GSE184398,PAAD,1072,2021/12/29,RNA-sequencing of tumor infiltrating cells across 12 different solid tumors type,https://www.ncbi.nlm.nih.gov/geo/query/acc.cgi?acc=GSE184398
GSE151195,PAAD,6,2021/12/27,RNA-seq data of nasopharyngeal carcinoma (NPC) cell and GO-PEG_erlotinib treatment,https://www.ncbi.nlm.nih.gov/geo/query/acc.cgi?acc=GSE151195
GSE192362,PAAD,13,2021/12/24,Differentially expressed genes in pancreatic cancer cell with erastin and vitamin C treatment,https://www.ncbi.nlm.nih.gov/geo/query/acc.cgi?acc=GSE192362
GSE156562,PAAD,9,2021/12/22,Loss of heterozygosity of K-RAS in pancreatic cancer cell lines,https://www.ncbi.nlm.nih.gov/geo/query/acc.cgi?acc=GSE156562
GSE189281,PAAD,12,2021/12/16,Next Generation Sequencing Facilitates Quantitative Analysis of Wild Type and Nrl-/- Retinal Transcriptomes,https://www.ncbi.nlm.nih.gov/geo/query/acc.cgi?acc=GSE189281
GSE190078,PAAD,8,2021/12/13,MeRIP-seq to explore the targets of METTL3 in pancreatic cancer,https://www.ncbi.nlm.nih.gov/geo/query/acc.cgi?acc=GSE190078
GSE189924,PAAD,5,2021/12/06,Induction of T cell dysfunction and NK-like T cell differentiation in vitro and in patients after CAR T cell treatment [scRNA-seq KO],https://www.ncbi.nlm.nih.gov/geo/query/acc.cgi?acc=GSE189924
GSE160160,PAAD,6,2021/12/06,Induction of T cell dysfunction and NK-like T cell differentiation in vitro and in patients after CAR T cell treatment [scRNA-seq],https://www.ncbi.nlm.nih.gov/geo/query/acc.cgi?acc=GSE160160
GSE160154,PAAD,42,2021/12/06,Induction of T cell dysfunction and NK-like T cell differentiation in vitro and in patients after CAR T cell treatment [RNA-seq],https://www.ncbi.nlm.nih.gov/geo/query/acc.cgi?acc=GSE160154
GSE168842,PAAD,9,2021/11/18,Apoptosis-associated speck-like protein containing a CARD regulates the growth of pancreatic ductal adenocarcinoma,https://www.ncbi.nlm.nih.gov/geo/query/acc.cgi?acc=GSE168842
GSE187619,PAAD,9,2021/11/10,Organoid sensitivity correlates with therapeutic resonsein patients with pancreatic cancer,https://www.ncbi.nlm.nih.gov/geo/query/acc.cgi?acc=GSE187619
GSE122502,PAAD,6,2021/11/03,Pancreatic cancer cells render metabolic reprogramming of tumor-associated macrophages through a GARP-dependent and DNA methylation-mediated,https://www.ncbi.nlm.nih.gov/geo/query/acc.cgi?acc=GSE122502
GSE161073,PAAD,6,2021/11/01,Cancer cells are sensitive to wild-type IDH1 inhibition under nutrient limitation,https://www.ncbi.nlm.nih.gov/geo/query/acc.cgi?acc=GSE161073
GSE184125,PAAD,6,2021/10/31,"9-ING-41, a small molecule inhibitor of GSK-3β, potentiates the effects of chemotherapy in KRAS mutated colorectal cancer",https://www.ncbi.nlm.nih.gov/geo/query/acc.cgi?acc=GSE184125
GSE186341,PAAD,1728,2021/10/28,32 Kinase-Inhibitor Perturbed RNA sequencing of 11 cancer cell-lines,https://www.ncbi.nlm.nih.gov/geo/query/acc.cgi?acc=GSE186341
GSE186091,PAAD,12,2021/10/21,Aberrant ClpP activation disturbs mitochondrial proteome homeostasis to suppress pancreatic ductal adenocarcinoma,https://www.ncbi.nlm.nih.gov/geo/query/acc.cgi?acc=GSE186091
GSE159702,PAAD,70,2021/10/11,Systematic analysis of the cancer-stroma interactome of a diverse collection of patient-derived xenografts,https://www.ncbi.nlm.nih.gov/geo/query/acc.cgi?acc=GSE159702
GSE185311,PAAD,22,2021/10/08,Modulation of the human pancreatic ductal adenocarcinoma immune microenvironment by stereotactic body radiotherapy,https://www.ncbi.nlm.nih.gov/geo/query/acc.cgi?acc=GSE185311
GSE185331,PAAD,6,2021/10/05,super-ehancer landscape shaped by master regulator in liver metastasis of colorectal cancer [RNA-seq],https://www.ncbi.nlm.nih.gov/geo/query/acc.cgi?acc=GSE185331
GSE169758,PAAD,12,2021/09/30,PRR11 unveiled as a top candidate biomarker within the RBM3-regulated transcriptome in pancreatic cancer,https://www.ncbi.nlm.nih.gov/geo/query/acc.cgi?acc=GSE169758
GSE150554,PAAD,26,2021/09/29,A selective WDR5 degrader inhibits acute myeloid leukemia in patient-derived mouse models[RNA-seq],https://www.ncbi.nlm.nih.gov/geo/query/acc.cgi?acc=GSE150554
GSE182407,PAAD,24,2021/09/22,Reciprocal YAP1 loss and INSM1 expression in neuroendocrine prostate cancer,https://www.ncbi.nlm.nih.gov/geo/query/acc.cgi?acc=GSE182407
GSE183519,PAAD,6,2021/09/17,Transcriptome and proteome analysis of the antitumor activity of maslinic acid against pancreatic cancer cells,https://www.ncbi.nlm.nih.gov/geo/query/acc.cgi?acc=GSE183519
GSE183779,PAAD,6,2021/09/16,whole-gene transcriptome profiling of Panc-1 which were treated with conditinal meida (CM) from CAFS or CAFR,https://www.ncbi.nlm.nih.gov/geo/query/acc.cgi?acc=GSE183779
GSE157086,PAAD,184,2021/09/01,Large-scale genomic alterations identified in cancer patients on the course of cancer recovery with complementary Huaier treatment identifie,https://www.ncbi.nlm.nih.gov/geo/query/acc.cgi?acc=GSE157086
GSE178901,PAAD,9,2021/08/30,STING-driven interferon signaling triggers metabolic alterations in pancreas cancer cells visualized by [18F]FLT PET imaging,https://www.ncbi.nlm.nih.gov/geo/query/acc.cgi?acc=GSE178901
GSE172356,PAAD,62,2021/08/30,Tumor microbiome contributes to an aggressive phenotype in the basal-like subtype of pancreatic cancer,https://www.ncbi.nlm.nih.gov/geo/query/acc.cgi?acc=GSE172356
GSE156405,PAAD,17,2021/08/25,Elucidation of tumor-stromal heterogeneity and the ligand-receptor interactome by single cell transcriptomics in real-world pancreatic cance,https://www.ncbi.nlm.nih.gov/geo/query/acc.cgi?acc=GSE156405
GSE176076,PAAD,36,2021/08/24,Transcriptional profiling of pancreatic tumor cells under nutrient and oxygen deprivation condition,https://www.ncbi.nlm.nih.gov/geo/query/acc.cgi?acc=GSE176076
GSE176074,PAAD,9,2021/08/24,Transcriptional profiling of human pancreatic tumor cells under nutrient and oxygen deprivation condition,https://www.ncbi.nlm.nih.gov/geo/query/acc.cgi?acc=GSE176074
GSE176073,PAAD,18,2021/08/24,"Transcriptional profiling of human pancreatic tumor cells under nutrient and oxygen deprivation condition, with and without CRISPR targeting",https://www.ncbi.nlm.nih.gov/geo/query/acc.cgi?acc=GSE176073
GSE166571,PAAD,1,2021/08/23,Spatially confined sub-tumor microenvironments orchestrate pancreatic cancer pathobiology,https://www.ncbi.nlm.nih.gov/geo/query/acc.cgi?acc=GSE166571
GSE156833,PAAD,6,2021/08/16,mRNA expression profiling A549 lung cancer cells following PPARGC1A suppression,https://www.ncbi.nlm.nih.gov/geo/query/acc.cgi?acc=GSE156833
GSE181961,PAAD,12,2021/08/13,MUC1-C DICTATES NEUROENDOCRINE LINEAGE SPECIFICATION   IN PANCREATIC DUCTAL ADENOCARCINOMAS,https://www.ncbi.nlm.nih.gov/geo/query/acc.cgi?acc=GSE181961
GSE149103,PAAD,66,2021/08/11,Integrative Hi-C maps of pancreatic cancer,https://www.ncbi.nlm.nih.gov/geo/query/acc.cgi?acc=GSE149103
GSE181273,PAAD,61,2021/08/03,The whole transcriptome RNA sequencing of tumor tissue samples from 61 pancreatic ductal adenocarcinoma patients.,https://www.ncbi.nlm.nih.gov/geo/query/acc.cgi?acc=GSE181273
GSE165399,PAAD,3,2021/08/03,"Single-cell transcriptomics of normal pancreas, intraductal papillary mucinous neoplasm, and pancreatic adenosquamous carcinoma reveals the ",https://www.ncbi.nlm.nih.gov/geo/query/acc.cgi?acc=GSE165399
GSE148248,PAAD,70,2021/08/02,SMAD4 represses FOSL1 expression and pancreatic cancer metastatic colonization,https://www.ncbi.nlm.nih.gov/geo/query/acc.cgi?acc=GSE148248
GSE180640,PAAD,12,2021/07/29,The alternative activity of nuclear PHGDH contributes to tumor growth under nutrient stress,https://www.ncbi.nlm.nih.gov/geo/query/acc.cgi?acc=GSE180640
GSE174023,PAAD,4,2021/07/28,Transcriptome analysis of a drug combination in two patient-derived xenograft (PDX) tumors of pancreatic cancer,https://www.ncbi.nlm.nih.gov/geo/query/acc.cgi?acc=GSE174023
GSE134195,PAAD,14,2021/07/12,Next Generation Sequencing Facilitates Quantitative Analysis of Transcriptomes Caused by Dexamethasone Treatment in Cancer Cells,https://www.ncbi.nlm.nih.gov/geo/query/acc.cgi?acc=GSE134195
GSE179351,PAAD,54,2021/07/06,Radiation Therapy Inhances Immunotherapy Response in  Microsatellite-stable Colorectal and Pancreatic Adenocarcinoma in a Phase II Trial,https://www.ncbi.nlm.nih.gov/geo/query/acc.cgi?acc=GSE179351
GSE139184,PAAD,29,2021/07/03,Transcriptomic analysis of patient-derived ex vivo models of pancreatic cancer,https://www.ncbi.nlm.nih.gov/geo/query/acc.cgi?acc=GSE139184
GSE173159,PAAD,31,2021/07/02,TNFα-producing Macrophages Determine Subtype Identity and Prognosis via AP1 Enhancer Reprogramming in Pancreatic Cancer,https://www.ncbi.nlm.nih.gov/geo/query/acc.cgi?acc=GSE173159
GSE173121,PAAD,6,2021/07/02,TNFα-producing Macrophages Determine Subtype Identity and Prognosis via AP1 Enhancer Reprogramming in Pancreatic Cancer [cJUN-OE RNA-seq],https://www.ncbi.nlm.nih.gov/geo/query/acc.cgi?acc=GSE173121
GSE152830,PAAD,6,2021/07/02,TNFα-producing Macrophages Determine Subtype Identity and Prognosis via AP1 Enhancer Reprogramming in Pancreatic Cancer [TNFa-treatment RNA-,https://www.ncbi.nlm.nih.gov/geo/query/acc.cgi?acc=GSE152830
GSE169451,PAAD,23,2021/06/30,The CTCF/LncRNA-PACERR/EP300 complex in TAMs promotes the malignant progression of pancreatic ductal adenocarcinoma (PDAC) by docking at the,https://www.ncbi.nlm.nih.gov/geo/query/acc.cgi?acc=GSE169451
GSE164665,PAAD,38,2021/06/30,Transcriptomic Analysis of Laser Capture Microdissected Tumors of Pancreatic Ductal Adenocarcinoma,https://www.ncbi.nlm.nih.gov/geo/query/acc.cgi?acc=GSE164665
GSE130242,PAAD,62,2021/06/25,PRMT1-dependent regulation of RNA metabolism and DNA damage response is a critical dependency in pancreatic ductal adenocarcinoma,https://www.ncbi.nlm.nih.gov/geo/query/acc.cgi?acc=GSE130242
GSE139070,PAAD,6,2021/06/23,RNA-seq analysis of human pancreas cell line SU8686 treated with DOT1L inhibitor (SGC0946) or DMSO,https://www.ncbi.nlm.nih.gov/geo/query/acc.cgi?acc=GSE139070
GSE178479,PAAD,4,2021/06/19,The expression profiles of AMG510-resistant cancer cells,https://www.ncbi.nlm.nih.gov/geo/query/acc.cgi?acc=GSE178479
GSE171118,PAAD,4,2021/06/18,RNA-Seq analysis SIRT1 knockdown effect on pancreatic cancer cell line,https://www.ncbi.nlm.nih.gov/geo/query/acc.cgi?acc=GSE171118
GSE163101,PAAD,6,2021/06/18,RNA-Seq analysis SIRT1 overexpression effect on pancreatic tumor tissue in NOD/SCID mice,https://www.ncbi.nlm.nih.gov/geo/query/acc.cgi?acc=GSE163101
GSE159237,PAAD,25,2021/06/09,Immunotherapy Study of Evofosfamide in Combination With Ipilimumab (NCT03098160),https://www.ncbi.nlm.nih.gov/geo/query/acc.cgi?acc=GSE159237
GSE176309,PAAD,9,2021/06/08,Objective to explore the mechanism of STAT3 regulating PD-L1 expression at transcriptional level after LIFR overexpression in pancreatic can,https://www.ncbi.nlm.nih.gov/geo/query/acc.cgi?acc=GSE176309
GSE175837,PAAD,4,2021/06/07,Circulating pancreatic stellate cells: a new window into pancreatic cancer metastasis,https://www.ncbi.nlm.nih.gov/geo/query/acc.cgi?acc=GSE175837
GSE160442,PAAD,18,2021/06/06,ARID1A deficiency promotes pancreatic tumorigenesis by reducing KRAS-induced senescence (RNA-Seq I),https://www.ncbi.nlm.nih.gov/geo/query/acc.cgi?acc=GSE160442
GSE157830,PAAD,12,2021/06/03,Labile Iron Release Primes Pancreatic Cancer for Ferroptosis,https://www.ncbi.nlm.nih.gov/geo/query/acc.cgi?acc=GSE157830
GSE155909,PAAD,9,2021/05/31,Transcriptomic alterations in stably overexpressing (OE) clones of solute carriers SLC22A10 and SLC22A15 in PANC-1 (human pancreatic cancer ,https://www.ncbi.nlm.nih.gov/geo/query/acc.cgi?acc=GSE155909
GSE166165,PAAD,37,2021/05/25,NOX4 links metabolic regulation in pancreatic cancer to endoplasmic reticulum redox vulnerability and dependence on PRDX4,https://www.ncbi.nlm.nih.gov/geo/query/acc.cgi?acc=GSE166165
GSE169539,PAAD,24,2021/05/18,3D heterospecies spheroids of pancreatic stroma and cancer cells demonstrate key phenotypes of pancreatic ductal adenocarcinoma,https://www.ncbi.nlm.nih.gov/geo/query/acc.cgi?acc=GSE169539
GSE158541,PAAD,39,2021/05/17,Pooled CRISPR screening in pancreatic cancer cells implicates co-repressor complexes as a cause of multiple drug resistance via regulation o,https://www.ncbi.nlm.nih.gov/geo/query/acc.cgi?acc=GSE158541
GSE157096,PAAD,29,2021/05/17,Pooled CRISPR screening in pancreatic cancer cells implicates co-repressor complexes as a cause of multiple drug resistance via regulation o,https://www.ncbi.nlm.nih.gov/geo/query/acc.cgi?acc=GSE157096
GSE155010,PAAD,10,2021/05/14,shRNA mediated PAR1 downregulation in PANC-1 cell line,https://www.ncbi.nlm.nih.gov/geo/query/acc.cgi?acc=GSE155010
GSE173433,PAAD,87,2021/04/28,Single-cell RNA-seq following APE1/Ref-1 knockdown in Pancreatic Ductal Adenocarcinoma,https://www.ncbi.nlm.nih.gov/geo/query/acc.cgi?acc=GSE173433
GSE150216,PAAD,4,2021/04/21,Next generation sequencing analysis of knockdown-Control and LINC00842-knockdown pancreatic cancer cell lines transcriptomes,https://www.ncbi.nlm.nih.gov/geo/query/acc.cgi?acc=GSE150216
GSE172272,PAAD,6,2021/04/19,Overexpression of circCUL2 in normal fibroblasts,https://www.ncbi.nlm.nih.gov/geo/query/acc.cgi?acc=GSE172272
GSE160310,PAAD,158,2021/04/19,In-depth transcriptomic analyses investigating molecular mechanisms underlying diabetic retinopathy,https://www.ncbi.nlm.nih.gov/geo/query/acc.cgi?acc=GSE160310
GSE160306,PAAD,79,2021/04/19,In-depth transcriptomic analyses investigating molecular mechanisms underlying diabetic retinopathy (totalRNA),https://www.ncbi.nlm.nih.gov/geo/query/acc.cgi?acc=GSE160306
GSE172216,PAAD,6,2021/04/17,RNA-seq analyses of PDAC cells,https://www.ncbi.nlm.nih.gov/geo/query/acc.cgi?acc=GSE172216
GSE169008,PAAD,4,2021/04/16,Human stem cell-derived pancreatic acini-like and duct-like organoids demonstrate lineage-specific differences to oncogene activation,https://www.ncbi.nlm.nih.gov/geo/query/acc.cgi?acc=GSE169008
GSE172050,PAAD,10,2021/04/15,Interplay between H2A.Z and epigenome in PANC-1,https://www.ncbi.nlm.nih.gov/geo/query/acc.cgi?acc=GSE172050
GSE146722,PAAD,27,2021/04/13,Detection of Chemotherapy-Resistant Pancreatic Cancer Using a Glycan Biomarker,https://www.ncbi.nlm.nih.gov/geo/query/acc.cgi?acc=GSE146722
GSE171486,PAAD,30,2021/04/06,"Identification and Functional Analysis of MYEOV, KCNN4, S100A16 and DDX60L in Pancreatic Ductal Adenocarcinoma",https://www.ncbi.nlm.nih.gov/geo/query/acc.cgi?acc=GSE171486
GSE171485,PAAD,12,2021/04/06,Identification and Functional Analysis of Novel Oncogenes in Pancreatic Ductal Adenocarcinoma,https://www.ncbi.nlm.nih.gov/geo/query/acc.cgi?acc=GSE171485
GSE166786,PAAD,6,2021/04/01,"Sulfopin, a covalent inhibitor of Pin1, blocks Myc-driven tumors in vivo",https://www.ncbi.nlm.nih.gov/geo/query/acc.cgi?acc=GSE166786
GSE133979,PAAD,68,2021/04/01,The muscle and adipose transcriptome data from patients with PDAC cachexia,https://www.ncbi.nlm.nih.gov/geo/query/acc.cgi?acc=GSE133979
GSE124232,PAAD,225,2021/03/31,Pancreatic cancer prognosis is predicted by chromatin accessibility,https://www.ncbi.nlm.nih.gov/geo/query/acc.cgi?acc=GSE124232
GSE124231,PAAD,48,2021/03/31,Pancreatic cancer prognosis is predicted by chromatin accessibility (RNA-Seq),https://www.ncbi.nlm.nih.gov/geo/query/acc.cgi?acc=GSE124231
GSE124230,PAAD,97,2021/03/30,Pancreatic cancer prognosis is predicted by chromatin accessibility (Quantseq),https://www.ncbi.nlm.nih.gov/geo/query/acc.cgi?acc=GSE124230
GSE158356,PAAD,15,2021/03/24,Pancreatic cancer is marked by complement-high blood monocytes and tumor-associated macrophages,https://www.ncbi.nlm.nih.gov/geo/query/acc.cgi?acc=GSE158356
GSE169321,PAAD,20,2021/03/23,Patient-derived organoids after neoadjuvant FOLFIRINOX predict therapy resistance in pancreatic ductal adenocarcinoma,https://www.ncbi.nlm.nih.gov/geo/query/acc.cgi?acc=GSE169321
GSE161101,PAAD,47,2021/03/22,"IGF2BP1, a conserved regulator of RNA turnover in cancer",https://www.ncbi.nlm.nih.gov/geo/query/acc.cgi?acc=GSE161101
GSE161087,PAAD,24,2021/03/22,"IGF2BP1, a conserved regulator of RNA turnover in cancer [total RNA]",https://www.ncbi.nlm.nih.gov/geo/query/acc.cgi?acc=GSE161087
GSE120159,PAAD,12,2021/03/03,Targeting the eIF4A dependent translation of KRAS and other oncoproteins in pancreatic cancer,https://www.ncbi.nlm.nih.gov/geo/query/acc.cgi?acc=GSE120159
GSE167590,PAAD,6,2021/02/27,SOX9 modulates cancer biomarker and cilia genes in pancreatic cancer,https://www.ncbi.nlm.nih.gov/geo/query/acc.cgi?acc=GSE167590
GSE165548,PAAD,45,2021/02/21,Radiosensitizing pancreatic cancer with PARP inhibitor and gemcitabine: an in vivo and a whole-transcriptome analysis after proton or photon,https://www.ncbi.nlm.nih.gov/geo/query/acc.cgi?acc=GSE165548
GSE162689,PAAD,59,2021/02/19,A histological and transcriptional characterization of the pancreatic acinar tissue in type 1 diabetes,https://www.ncbi.nlm.nih.gov/geo/query/acc.cgi?acc=GSE162689
GSE144833,PAAD,24,2021/02/01,Increased fitness of pancreatic cancer cells Adapted to nutrient deprivation,https://www.ncbi.nlm.nih.gov/geo/query/acc.cgi?acc=GSE144833
GSE161019,PAAD,50,2021/01/26,A Machine-learning approach to define and predict the therapeutic landscape of pan-cancer Hippo pathway dependency,https://www.ncbi.nlm.nih.gov/geo/query/acc.cgi?acc=GSE161019
GSE160252,PAAD,44,2021/01/19,"Omics Analysis of Pancreatic Cancer Platelets Reveals Active “Education”, including Dysregulation of Splicing Signature and Inhibition of SP",https://www.ncbi.nlm.nih.gov/geo/query/acc.cgi?acc=GSE160252
GSE154909,PAAD,2,2021/01/14,STIM1 Mediates Calcium-dependent Epigenetic Reprogramming in Pancreatic Cancer [mRNAseq_PDX],https://www.ncbi.nlm.nih.gov/geo/query/acc.cgi?acc=GSE154909
GSE152124,PAAD,44,2021/01/14,STIM1 Mediates Calcium-dependent Epigenetic Reprogramming in Pancreatic Cancer,https://www.ncbi.nlm.nih.gov/geo/query/acc.cgi?acc=GSE152124
GSE152123,PAAD,18,2021/01/14,STIM1 Mediates Calcium-dependent Epigenetic Reprogramming in Pancreatic Cancer [mRNAseq_siSTIM1_Thap],https://www.ncbi.nlm.nih.gov/geo/query/acc.cgi?acc=GSE152123
GSE152121,PAAD,6,2021/01/14,STIM1 Mediates Calcium-dependent Epigenetic Reprogramming in Pancreatic Cancer [mRNAseq_Par_GemR],https://www.ncbi.nlm.nih.gov/geo/query/acc.cgi?acc=GSE152121
GSE157927,PAAD,81,2021/01/01,Triptolide Targets Super-Enhancer Networks in Pancreatic Cancer Cells and Cancer Associated Fibroblasts,https://www.ncbi.nlm.nih.gov/geo/query/acc.cgi?acc=GSE157927
GSE163517,PAAD,9,2020/12/19,The origins and consequences of UPF1 variants in pancreatic adenosquamous carcinoma,https://www.ncbi.nlm.nih.gov/geo/query/acc.cgi?acc=GSE163517
GSE138963,PAAD,10,2020/12/09,Comprehensive transcriptome analysis in Babao Dan treated pancreatic cancer cell line derived xenograft mouse models,https://www.ncbi.nlm.nih.gov/geo/query/acc.cgi?acc=GSE138963
GSE148673,PAAD,13,2020/12/03,Delineating copy number and clonal substructure in human tumors from single-cell transcriptomes ,https://www.ncbi.nlm.nih.gov/geo/query/acc.cgi?acc=GSE148673
GSE158527,PAAD,12,2020/11/02,Glycosyltransferase ST6Gal-I promotes the epithelial to mesenchymal transition in pancreatic cancer cells,https://www.ncbi.nlm.nih.gov/geo/query/acc.cgi?acc=GSE158527
GSE139910,PAAD,18,2020/11/02,Neurons Release Serine to Support mRNA Translation in Pancreatic Cancer,https://www.ncbi.nlm.nih.gov/geo/query/acc.cgi?acc=GSE139910
GSE160434,PAAD,9,2020/10/30,Basal expression of nine pancreatic cancer cell lines,https://www.ncbi.nlm.nih.gov/geo/query/acc.cgi?acc=GSE160434
GSE160322,PAAD,8,2020/10/29,Retrotransposons and the global shutdown of homeostatic innate immunity in the tumor cells by oncolytic parvovirus H-1PV,https://www.ncbi.nlm.nih.gov/geo/query/acc.cgi?acc=GSE160322
GSE147159,PAAD,4,2020/10/28,The role of NTS/NTSR1 signal in pancreatic cancer progression,https://www.ncbi.nlm.nih.gov/geo/query/acc.cgi?acc=GSE147159
GSE159812,PAAD,30,2020/10/22,Dysregulation of brain and choroid plexus cell types in severe COVID-19,https://www.ncbi.nlm.nih.gov/geo/query/acc.cgi?acc=GSE159812
GSE104962,PAAD,6,2020/10/10,RNA-Sequencing for pancreatic cancer cells with scramble-shRNA and GPx1-shRNA,https://www.ncbi.nlm.nih.gov/geo/query/acc.cgi?acc=GSE104962
GSE158847,PAAD,9,2020/10/01,"A first-in-class, humanized antibody targeting alternatively spliced tissue factor: preclinical evaluation in an orthotopic model of pancrea",https://www.ncbi.nlm.nih.gov/geo/query/acc.cgi?acc=GSE158847
GSE155698,PAAD,41,2020/10/01,Multimodal Mapping of the Tumor and Peripheral Blood Immune Landscape in Human Pancreatic Cancer,https://www.ncbi.nlm.nih.gov/geo/query/acc.cgi?acc=GSE155698
GSE154778,PAAD,16,2020/10/01,Single-cell transcriptomics analysis of pancreatic primary tumor and metastatic biopsy tissues,https://www.ncbi.nlm.nih.gov/geo/query/acc.cgi?acc=GSE154778
GSE155442,PAAD,8,2020/09/30,Neoplastic-stromal cell crosstalk regulates matrisome expression in pancreatic cancer,https://www.ncbi.nlm.nih.gov/geo/query/acc.cgi?acc=GSE155442
GSE104112,PAAD,12,2020/09/21,Validation of AS1 as novel regulator of tumor resistance to immune cell attack,https://www.ncbi.nlm.nih.gov/geo/query/acc.cgi?acc=GSE104112
GSE158221,PAAD,38,2020/09/19,Oncogenic KRAS recruits an  expansive transcriptional network through mutant p53,https://www.ncbi.nlm.nih.gov/geo/query/acc.cgi?acc=GSE158221
GSE145629,PAAD,23,2020/09/18,Pancreatic cancer cells require the transcription factor MYRF (Myelin Regulatory Factor) to maintain ER homeostasis,https://www.ncbi.nlm.nih.gov/geo/query/acc.cgi?acc=GSE145629
GSE145628,PAAD,12,2020/09/18,Pancreatic cancer cells require the transcription factor MYRF (Myelin Regulatory Factor) to maintain ER homeostasis (RNA-Seq).,https://www.ncbi.nlm.nih.gov/geo/query/acc.cgi?acc=GSE145628
GSE137172,PAAD,6,2020/09/09,RNA-seq analysis CFPAC-1-siNC and CFPAC-1-siUBE2C,https://www.ncbi.nlm.nih.gov/geo/query/acc.cgi?acc=GSE137172
GSE156964,PAAD,12,2020/08/28,To determine the differentially expressed genes in cancer associated fibroblasts upon ablation of the glutamatergic synapse protein NetrinG1,https://www.ncbi.nlm.nih.gov/geo/query/acc.cgi?acc=GSE156964
GSE156963,PAAD,8,2020/08/28,To determine the differentially expressed genes in cancer associated fibroblasts upon ablation of the glutamatergic synapse protein NetrinG1,https://www.ncbi.nlm.nih.gov/geo/query/acc.cgi?acc=GSE156963
GSE144504,PAAD,2,2020/08/28,B cell-derived IL35 drives STAT3-Dependent CD8+ T-cell Exclusion in Pancreatic Cancer,https://www.ncbi.nlm.nih.gov/geo/query/acc.cgi?acc=GSE144504
GSE141017,PAAD,12,2020/07/31,Single cell transcriptomes of pancreatic pre-invasive lesions and cancer reveal acinar metaplastic cells’ heterogeneity,https://www.ncbi.nlm.nih.gov/geo/query/acc.cgi?acc=GSE141017
GSE114704,PAAD,70,2020/07/24,Transcriptional dissection by single-cell RNASeq analysis of the metastasis settings from a highly metastatic Patient-Derived Xenograft mode,https://www.ncbi.nlm.nih.gov/geo/query/acc.cgi?acc=GSE114704
GSE144767,PAAD,6,2020/07/20,Identification of miR-29a-mediated target transcriptome in human pancreatic stellate cells (hPSCs) using RNAseq approach,https://www.ncbi.nlm.nih.gov/geo/query/acc.cgi?acc=GSE144767
GSE134236,PAAD,166,2020/07/11,Mutant Kras co-opts a progenitor-derived enhancer network to initiate pancreatic tumorigenesis,https://www.ncbi.nlm.nih.gov/geo/query/acc.cgi?acc=GSE134236
GSE153779,PAAD,22,2020/07/06,"Characterization of novel zinc finger protein ZNF414 DNA binding and gene regulatory activity by integrative analysis of ChIP-exo, ATAC-seq ",https://www.ncbi.nlm.nih.gov/geo/query/acc.cgi?acc=GSE153779
GSE153772,PAAD,16,2020/07/06,"Characterization of novel zinc finger protein ZNF414 DNA binding and gene regulatory activity by integrative analysis of ChIP-exo, ATAC-seq ",https://www.ncbi.nlm.nih.gov/geo/query/acc.cgi?acc=GSE153772
GSE134864,PAAD,41,2020/07/01,H2BG53D mutation in PDAC,https://www.ncbi.nlm.nih.gov/geo/query/acc.cgi?acc=GSE134864
GSE146788,PAAD,12,2020/06/30,Functional determinants of sensitivity to CDK4/6 inhibition or cell-cycle plasticity,https://www.ncbi.nlm.nih.gov/geo/query/acc.cgi?acc=GSE146788
GSE146806,PAAD,6,2020/06/17,"IGF2BP1 is a druggable, post-transcriptional super-enhancer of E2F-driven gene expression hallmark in cancer [METTL KD in PANC-1 (polyA RNA)",https://www.ncbi.nlm.nih.gov/geo/query/acc.cgi?acc=GSE146806
GSE146805,PAAD,6,2020/06/17,"IGF2BP1 is a druggable, post-transcriptional super-enhancer of E2F-driven gene expression hallmark in cancer [IGF2BP1 KD in PANC-1 (total RN",https://www.ncbi.nlm.nih.gov/geo/query/acc.cgi?acc=GSE146805
GSE146804,PAAD,6,2020/06/17,"IGF2BP1 is a druggable, post-transcriptional super-enhancer of E2F-driven gene expression hallmark in cancer [E2F1-3 KD in PANC-1 (polyA RNA",https://www.ncbi.nlm.nih.gov/geo/query/acc.cgi?acc=GSE146804
GSE138984,PAAD,4,2020/06/14,Quantitative analysis of transcriptomes in irradiated/unirradiated pancreatic cancer cells,https://www.ncbi.nlm.nih.gov/geo/query/acc.cgi?acc=GSE138984
GSE152345,PAAD,18,2020/06/13,Impact of chronic extracellular acidosis on gene expression in mammary and pancreatic cancer cell lines,https://www.ncbi.nlm.nih.gov/geo/query/acc.cgi?acc=GSE152345
GSE151741,PAAD,12,2020/06/04,Asymmetrically-substituted quadruplex-binding napththalene diimides showing potent activity in models for pancreatic cancer,https://www.ncbi.nlm.nih.gov/geo/query/acc.cgi?acc=GSE151741
GSE151580,PAAD,33,2020/06/02,Integrative transcriptomic characterization of matched primary and hepatic metastases of pancreatic ductal adenocarcinoma,https://www.ncbi.nlm.nih.gov/geo/query/acc.cgi?acc=GSE151580
GSE114455,PAAD,42,2020/06/01,Organoids derived from pancreatic adenocarcinoma patients share morphological and genetic features with the primary tumor,https://www.ncbi.nlm.nih.gov/geo/query/acc.cgi?acc=GSE114455
GSE114454,PAAD,17,2020/06/01,Organoids derived from pancreatic adenocarcinoma patients share morphological and genetic features with the primary tumor [Drop-seq],https://www.ncbi.nlm.nih.gov/geo/query/acc.cgi?acc=GSE114454
GSE150875,PAAD,35,2020/05/20,Glutamine depletion regulates Slug to promote EMT and metastasis in pancreatic cancer,https://www.ncbi.nlm.nih.gov/geo/query/acc.cgi?acc=GSE150875
GSE150873,PAAD,10,2020/05/20,Glutamine depletion regulates Slug to promote EMT and metastasis in pancreatic cancer [human],https://www.ncbi.nlm.nih.gov/geo/query/acc.cgi?acc=GSE150873
GSE147368,PAAD,4,2020/05/14,Functional characterization of the novel GWAS-identified GP2 coding variant,https://www.ncbi.nlm.nih.gov/geo/query/acc.cgi?acc=GSE147368
GSE141607,PAAD,74,2020/05/09,ZBED2 is an antagonist of Interferon Regulatory Factor 1 and modifies cell identity in pancreatic cancer,https://www.ncbi.nlm.nih.gov/geo/query/acc.cgi?acc=GSE141607
GSE141605,PAAD,66,2020/05/09,ZBED2 is an antagonist of Interferon Regulatory Factor 1 and modifies cell identity in pancreatic cancer (RNA-seq),https://www.ncbi.nlm.nih.gov/geo/query/acc.cgi?acc=GSE141605
GSE142046,PAAD,12,2020/05/06,SETD5-coordinated chromatin reprogramming regulates adaptive resistance to targeted pancreatic cancer therapy,https://www.ncbi.nlm.nih.gov/geo/query/acc.cgi?acc=GSE142046
GSE147340,PAAD,9,2020/05/04,Discovery and Characterization of a Potent and Selective Pin1 Inhibitor Targeted to an Active Cysteine Site,https://www.ncbi.nlm.nih.gov/geo/query/acc.cgi?acc=GSE147340
GSE149566,PAAD,42,2020/04/30,Statins affect gene expression in pancreatic cancer,https://www.ncbi.nlm.nih.gov/geo/query/acc.cgi?acc=GSE149566
GSE149359,PAAD,12,2020/04/27,Next generation sequencing facilities quantitative analysis of ASAP2 knockout or wild-type Panc1 and MiaPaCa2 cells,https://www.ncbi.nlm.nih.gov/geo/query/acc.cgi?acc=GSE149359
GSE140484,PAAD,66,2020/04/27,Squamous trans-differentiation of pancreatic cancer cells promotes stromal inflammation,https://www.ncbi.nlm.nih.gov/geo/query/acc.cgi?acc=GSE140484
GSE140482,PAAD,62,2020/04/27,Squamous trans-differentiation of pancreatic cancer cells promotes stromal inflammation (RNA-seq),https://www.ncbi.nlm.nih.gov/geo/query/acc.cgi?acc=GSE140482
GSE107184,PAAD,9,2020/04/16,The role of  KLF7 in pancreatic adenocarcinoma (PDAC) progression,https://www.ncbi.nlm.nih.gov/geo/query/acc.cgi?acc=GSE107184
GSE148200,PAAD,18,2020/04/07,Effects of a quadruplex-binding compound on gemcitabine resistant pancreatic cancer cells,https://www.ncbi.nlm.nih.gov/geo/query/acc.cgi?acc=GSE148200
GSE140490,PAAD,18,2020/04/06,Discovery of a selective inhibitor of Doublecortin Like Kinase 1,https://www.ncbi.nlm.nih.gov/geo/query/acc.cgi?acc=GSE140490
GSE135731,PAAD,3,2020/04/02,Genome-wide identification of circular RNAs with critical roles in pancreatic ductal adenocarcinoma,https://www.ncbi.nlm.nih.gov/geo/query/acc.cgi?acc=GSE135731
GSE128796,PAAD,720,2020/03/30,"Bulk DNA seq, GTO-seq, and RNA-seq with murin and human cell lines",https://www.ncbi.nlm.nih.gov/geo/query/acc.cgi?acc=GSE128796
GSE128791,PAAD,12,2020/03/30,"Bulk RNA sequencing of A375, BT549, SKBR3 and 315A cell lines [cell line bulk RNA-seq]",https://www.ncbi.nlm.nih.gov/geo/query/acc.cgi?acc=GSE128791
GSE128790,PAAD,112,2020/03/30,GTO sequencing of Human Cell Lines [cell line GTO-seq],https://www.ncbi.nlm.nih.gov/geo/query/acc.cgi?acc=GSE128790
GSE146807,PAAD,58,2020/03/12,"IGF2BP1 is a druggable, post-transcriptional super-enhancer of E2F-driven gene expression hallmark in cancer",https://www.ncbi.nlm.nih.gov/geo/query/acc.cgi?acc=GSE146807
GSE114502,PAAD,36,2020/03/12,Altered mRNA splicing by mutant p53 activates oncogenic RAS in pancreatic cancer,https://www.ncbi.nlm.nih.gov/geo/query/acc.cgi?acc=GSE114502
GSE144561,PAAD,81,2020/03/01,Pancreatic Circulating Tumour Cell Profiling Identifies LIN28B as a Metastasis Driver and Drug Target,https://www.ncbi.nlm.nih.gov/geo/query/acc.cgi?acc=GSE144561
GSE138437,PAAD,27,2020/03/01,Sequencing of commercially-available pancreatic cancer cell lines reveals selective CYP3A5 overexpression among xenobiotic-metabolizing CYPs,https://www.ncbi.nlm.nih.gov/geo/query/acc.cgi?acc=GSE138437
GSE131049,PAAD,249,2020/02/21,"Purity Independent Subtyping of Tumors (PurIST), a clinically robust single sample classifier for tumor subtyping in pancreatic cancer",https://www.ncbi.nlm.nih.gov/geo/query/acc.cgi?acc=GSE131049
GSE140077,PAAD,12,2020/02/10,Transcriptome analysis of human pancreatic cancer cell lines and gemcitabine-resistant pancreatic cancer cell lines,https://www.ncbi.nlm.nih.gov/geo/query/acc.cgi?acc=GSE140077
GSE135215,PAAD,66,2020/02/06,RNAseq analysis of taxol and palbociclib combination in pancreatic cancer,https://www.ncbi.nlm.nih.gov/geo/query/acc.cgi?acc=GSE135215
GSE144737,PAAD,16,2020/02/05,Modelling of pancreatic cancer biology: transcriptomic signature for 3D PDX-derived organoids and primary cell line organoid development,https://www.ncbi.nlm.nih.gov/geo/query/acc.cgi?acc=GSE144737
GSE144371,PAAD,11,2020/01/29,PAF1 Drives Pancreatic Cancer Oncogenesis by Promoting Stemness via PHF5A/DDX3 Sub-complex,https://www.ncbi.nlm.nih.gov/geo/query/acc.cgi?acc=GSE144371
GSE144370,PAAD,8,2020/01/29,PAF1 Drives Pancreatic Cancer Oncogenesis by Promoting Stemness via PHF5A/DDX3 Sub-complex (RNA-seq),https://www.ncbi.nlm.nih.gov/geo/query/acc.cgi?acc=GSE144370
GSE111672,PAAD,23,2020/01/13,Integrating microarray-based spatial transcriptomics and single-cell RNA-seq reveals tissue architecture in pancreatic ductal adenocarcinoma,https://www.ncbi.nlm.nih.gov/geo/query/acc.cgi?acc=GSE111672
GSE141116,PAAD,77,2020/01/08,Epithelial to Mesenchymal Plasticity and Differential Response to Therapies in Pancreatic Ductal Adenocarcinoma,https://www.ncbi.nlm.nih.gov/geo/query/acc.cgi?acc=GSE141116
GSE131126,PAAD,6,2020/01/01,RNA-seq in pancreatic cancer PANC1 cells,https://www.ncbi.nlm.nih.gov/geo/query/acc.cgi?acc=GSE131126
GSE97766,PAAD,16,2019/12/31,"Gene Expression Profiling of Gemcitabine, Genistein and Combinatorial Effects on Pancreatic Cancer Cell Lines",https://www.ncbi.nlm.nih.gov/geo/query/acc.cgi?acc=GSE97766
GSE142210,PAAD,36,2019/12/18,Identification of transcripts induced after treatment with protein disulfide isomerase inhibitor E64FC65 and panobinostat in PANC-1 cells,https://www.ncbi.nlm.nih.gov/geo/query/acc.cgi?acc=GSE142210
GSE124408,PAAD,16,2019/12/18,BACH1 alters the expression of EMT-related genes to promote metastasis in pancreatic cancer,https://www.ncbi.nlm.nih.gov/geo/query/acc.cgi?acc=GSE124408
GSE124407,PAAD,12,2019/12/18,BACH1 alters the expression of EMT-related genes to promote metastasis in pancreatic cancer [RNA-seq],https://www.ncbi.nlm.nih.gov/geo/query/acc.cgi?acc=GSE124407
GSE131050,PAAD,191,2019/12/10,"Purity Independent Subtyping of Tumors (PurIST), a clinically robust single-sample classifier for tumor subtyping in pancreatic cancer (RNA-",https://www.ncbi.nlm.nih.gov/geo/query/acc.cgi?acc=GSE131050
GSE139673,PAAD,12,2019/11/01,Characterisation of HIF-dependent alternative isoforms in pancreatic cancer,https://www.ncbi.nlm.nih.gov/geo/query/acc.cgi?acc=GSE139673
GSE112940,PAAD,43,2019/10/31,ID1 mediates escape from TGFβ Tumor Suppression in Pancreatic Cancer,https://www.ncbi.nlm.nih.gov/geo/query/acc.cgi?acc=GSE112940
GSE121596,PAAD,6,2019/10/20,Circular RNA expression signature of low-glucose-treated MIA PaCa-2 cells,https://www.ncbi.nlm.nih.gov/geo/query/acc.cgi?acc=GSE121596
GSE134122,PAAD,6,2019/10/07,Transcriptional responses of human insulinoma cells to acute cytokine exposure,https://www.ncbi.nlm.nih.gov/geo/query/acc.cgi?acc=GSE134122
GSE133684,PAAD,401,2019/10/01,"Blood extracellular vesicle long RNA sequencing of human blood from pancreatic ductal adenocarcinoma (PDAC), chronic pancreatitis (CP) and h",https://www.ncbi.nlm.nih.gov/geo/query/acc.cgi?acc=GSE133684
GSE135352,PAAD,23,2019/09/23,Napabucasin-mediated transcriptomic changes in human pancreatic cancer cell lines,https://www.ncbi.nlm.nih.gov/geo/query/acc.cgi?acc=GSE135352
GSE120017,PAAD,54,2019/09/17,Cell differentiation grade determines distinct FOXA2 contributions to the cis-regulatory networks of pancreatic cancer cells,https://www.ncbi.nlm.nih.gov/geo/query/acc.cgi?acc=GSE120017
GSE119931,PAAD,18,2019/09/17,Cell differentiation grade determines distinct FOXA2 contributions to the cis-regulatory networks of pancreatic cancer cells [RNA-seq],https://www.ncbi.nlm.nih.gov/geo/query/acc.cgi?acc=GSE119931
GSE136569,PAAD,10,2019/08/29,circNFIB suppresses lymphatic metastasis of pancreatic cancer,https://www.ncbi.nlm.nih.gov/geo/query/acc.cgi?acc=GSE136569
GSE126651,PAAD,32,2019/08/15,"Tumor intrinsic PRMT5 inhibition through MTAP loss predicts response to the first-in-class type I PRMT inhibitor, GSK3368715",https://www.ncbi.nlm.nih.gov/geo/query/acc.cgi?acc=GSE126651
GSE133523,PAAD,10,2019/08/06,Modeling Human Cancer-induced Cachexia (Human),https://www.ncbi.nlm.nih.gov/geo/query/acc.cgi?acc=GSE133523
GSE120102,PAAD,124,2019/08/06,"TCR repertoire and transcriptomic analyses of advanced solid tumors in first-in-human phase 1 study of IT1208, a defucosylated humanized ant",https://www.ncbi.nlm.nih.gov/geo/query/acc.cgi?acc=GSE120102
GSE120101,PAAD,105,2019/08/06,"T-cell receptor repertoire analysis of advanced solid tumors in first-in-human phase 1 study of IT1208, a defucosylated humanized anti-CD4 d",https://www.ncbi.nlm.nih.gov/geo/query/acc.cgi?acc=GSE120101
GSE120028,PAAD,19,2019/08/06,"Transcriptomic analysis of advanced solid tumors in first-in-human phase 1 study of IT1208, a defucosylated humanized anti-CD4 depleting ant",https://www.ncbi.nlm.nih.gov/geo/query/acc.cgi?acc=GSE120028
GSE110580,PAAD,6,2019/07/07,High-throughput RNA sequencing on circular RNA profiles of human pancreatic cancer cell lines and gemcitabine resistant pancreatic cancer ce,https://www.ncbi.nlm.nih.gov/geo/query/acc.cgi?acc=GSE110580
GSE129075,PAAD,18,2019/06/14,Functional Comparison of the HGF/Met and MSP/Ron Systems in a Pancreatic Cancer Model,https://www.ncbi.nlm.nih.gov/geo/query/acc.cgi?acc=GSE129075
GSE118441,PAAD,12,2019/06/11,Gene expression from AsPC-1 cells treated with PTC596 and DMSO,https://www.ncbi.nlm.nih.gov/geo/query/acc.cgi?acc=GSE118441
GSE114472,PAAD,24,2019/06/01,OGT knockout S2VP10 cells,https://www.ncbi.nlm.nih.gov/geo/query/acc.cgi?acc=GSE114472
GSE131222,PAAD,6,2019/05/16,Transcriptional control of subtype switching ensures adaptation and growth of pancreatic cancer,https://www.ncbi.nlm.nih.gov/geo/query/acc.cgi?acc=GSE131222
GSE113922,PAAD,90,2019/05/14,Cell cycle plasticity driven by MTOR signaling: integral mechanism for resistance to CDK4/6 inhibition,https://www.ncbi.nlm.nih.gov/geo/query/acc.cgi?acc=GSE113922
GSE130616,PAAD,8,2019/05/03,KRASG12C inhibition produces a driver-limited state revealing collateral dependencies,https://www.ncbi.nlm.nih.gov/geo/query/acc.cgi?acc=GSE130616
GSE113616,PAAD,189,2019/04/24,Stromal Fibroblasts Drive Single Cell Heterogeneity in Pancreatic Cancer,https://www.ncbi.nlm.nih.gov/geo/query/acc.cgi?acc=GSE113616
GSE129432,PAAD,2,2019/04/07,Genome-wide analysis of PDAC Pa03c cells upon lipoprotein depletion,https://www.ncbi.nlm.nih.gov/geo/query/acc.cgi?acc=GSE129432
GSE129182,PAAD,4,2019/04/03,H2A.Z overexpression suppresses senescence and chemosensitivity in pancreatic ductal adenocarcinoma,https://www.ncbi.nlm.nih.gov/geo/query/acc.cgi?acc=GSE129182
GSE118197,PAAD,24,2019/03/28,Tumor and stromal reaction under drug treatment in EUS-derived xenografts of human pancreatic adenocarcinoma,https://www.ncbi.nlm.nih.gov/geo/query/acc.cgi?acc=GSE118197
GSE116425,PAAD,2,2019/03/24,Nuclear miCLIP and Nuclear NKAP iCLIP,https://www.ncbi.nlm.nih.gov/geo/query/acc.cgi?acc=GSE116425
GSE126984,PAAD,21,2019/02/26,PTENα/β paradoxically promote carcinogenesis through WDR5-H3K4me3 axis,https://www.ncbi.nlm.nih.gov/geo/query/acc.cgi?acc=GSE126984
GSE126983,PAAD,10,2019/02/26,PTENα/β paradoxically promote carcinogenesis through WDR5-H3K4me3 axis [RNA-seq],https://www.ncbi.nlm.nih.gov/geo/query/acc.cgi?acc=GSE126983
GSE115849,PAAD,6,2019/02/26,RNA seq comparison between scrambled and shGRP78 cells,https://www.ncbi.nlm.nih.gov/geo/query/acc.cgi?acc=GSE115849
GSE117189,PAAD,6,2019/02/25,Fisetin induces autophagy in pancreatic cancer cells via endoplasmic reticulum stress- and mitochondrial stress-dependent pathways,https://www.ncbi.nlm.nih.gov/geo/query/acc.cgi?acc=GSE117189
GSE126537,PAAD,6,2019/02/15,Rorc disruption in human FG pancreatic cancer cells,https://www.ncbi.nlm.nih.gov/geo/query/acc.cgi?acc=GSE126537
GSE85610,PAAD,14,2019/02/05,Gene expression profiles in response to proanthocyanidins in pancreatic cancer cells,https://www.ncbi.nlm.nih.gov/geo/query/acc.cgi?acc=GSE85610
GSE121273,PAAD,18,2019/02/01,"Gene expression profiles of BxPC-3, MiaPaCa-2 and PANC-1 cell lines treated with DMSO and THZ1 respectively",https://www.ncbi.nlm.nih.gov/geo/query/acc.cgi?acc=GSE121273
GSE125506,PAAD,14,2019/01/24,Gene expression for surgically treated pancreatic cancer after one neoadjuvant vaccine dose,https://www.ncbi.nlm.nih.gov/geo/query/acc.cgi?acc=GSE125506
GSE119423,PAAD,6,2019/01/01,The SUMO Pathway as a Therapeutic Option in Pancreatic Cancer,https://www.ncbi.nlm.nih.gov/geo/query/acc.cgi?acc=GSE119423
GSE102880,PAAD,8,2018/12/26,Differential expression of pancreatic cancer  PANC1 cells treated with pilocarpine,https://www.ncbi.nlm.nih.gov/geo/query/acc.cgi?acc=GSE102880
GSE114040,PAAD,3,2018/12/06,The combination of cantharidin and anti-angiogenic therapeutics presents synergistic antitumor effects against pancreatic cancer,https://www.ncbi.nlm.nih.gov/geo/query/acc.cgi?acc=GSE114040
GSE118231,PAAD,24,2018/12/04,Transcriptional response to PORCN inhibition using an HPAF-II orthotopic model upon MYC perturbation,https://www.ncbi.nlm.nih.gov/geo/query/acc.cgi?acc=GSE118231
GSE118190,PAAD,12,2018/12/04,Transcriptional response to PORCN inhibition using an in vitro model of RNF43 mutant pancreatic adenocarcinoma (HPAF-II),https://www.ncbi.nlm.nih.gov/geo/query/acc.cgi?acc=GSE118190
GSE118179,PAAD,10,2018/12/04,Transcriptional response to PORCN inhibition using a subcutaneous model of RNF43 mutant pancreatic adenocarcinoma (HPAF-II),https://www.ncbi.nlm.nih.gov/geo/query/acc.cgi?acc=GSE118179
GSE118041,PAAD,43,2018/12/04,Transcriptional response to PORCN inhibition using an orthotopic model of RNF43 mutant pancreatic adenocarcinoma (HPAF-II),https://www.ncbi.nlm.nih.gov/geo/query/acc.cgi?acc=GSE118041
GSE110397,PAAD,57,2018/12/01,NK cell-mediated cytotoxicity contributes to tumor control by a cytostatic drug combination,https://www.ncbi.nlm.nih.gov/geo/query/acc.cgi?acc=GSE110397
GSE93326,PAAD,204,2018/11/27,Gene expression from laser capture microdissected pancreatic cancer epithelium and stroma,https://www.ncbi.nlm.nih.gov/geo/query/acc.cgi?acc=GSE93326
GSE122818,PAAD,10,2018/11/22,Expression profiling of pancreatic adenocarcinoma and ductal adenocarcinoma cell lines.,https://www.ncbi.nlm.nih.gov/geo/query/acc.cgi?acc=GSE122818
GSE115463,PAAD,92,2018/11/13,TP63-mediated enhancer reprogramming drives the squamous subtype of pancreatic ductal adenocarcinoma,https://www.ncbi.nlm.nih.gov/geo/query/acc.cgi?acc=GSE115463
GSE115462,PAAD,42,2018/11/13,TP63-mediated enhancer reprogramming drives the squamous subtype of pancreatic ductal adenocarcinoma (RNA-seq),https://www.ncbi.nlm.nih.gov/geo/query/acc.cgi?acc=GSE115462
GSE106290,PAAD,24,2018/10/27,Induced MIST1 and PTF1a Expression in Pancreatic Ductal Adenocarcinoma Cells,https://www.ncbi.nlm.nih.gov/geo/query/acc.cgi?acc=GSE106290
GSE104607,PAAD,2,2018/10/05,Truncated O-glycan connection to Cancer: Depletion of O-glycosyltransferase C1GALT1 leads to early PDAC onset and metastasis,https://www.ncbi.nlm.nih.gov/geo/query/acc.cgi?acc=GSE104607
GSE119794,PAAD,40,2018/09/12,Network-based integration of mRNA and miRNA profiles reveals new target genes involved in pancreatic cancer,https://www.ncbi.nlm.nih.gov/geo/query/acc.cgi?acc=GSE119794
GSE108151,PAAD,20,2018/09/04,HNF1A is a Novel Oncogene and Central Regulator of Pancreatic Cancer Stem Cells,https://www.ncbi.nlm.nih.gov/geo/query/acc.cgi?acc=GSE108151
GSE108149,PAAD,12,2018/09/04,HNF1A is a Novel Oncogene and Central Regulator of Pancreatic Cancer Stem Cells [Bru-seq],https://www.ncbi.nlm.nih.gov/geo/query/acc.cgi?acc=GSE108149
GSE96931,PAAD,15,2018/08/23,RNA sequencing of lncRNAs knockdown in human pancreatic cancer cell lines,https://www.ncbi.nlm.nih.gov/geo/query/acc.cgi?acc=GSE96931
GSE112845,PAAD,9,2018/07/25,PBMC Fixation and Processing for Chromium Single-Cell RNA Sequencing,https://www.ncbi.nlm.nih.gov/geo/query/acc.cgi?acc=GSE112845
GSE101726,PAAD,4,2018/07/21,Cigarette smoke and pancreatic cancer: Evidence for increased pancreatic cancer stem cell population,https://www.ncbi.nlm.nih.gov/geo/query/acc.cgi?acc=GSE101726
GSE117012,PAAD,6,2018/07/13,CD73 knockdown effect in pancreatic cancer cell lines,https://www.ncbi.nlm.nih.gov/geo/query/acc.cgi?acc=GSE117012
GSE115831,PAAD,6,2018/06/18,Pancreatic cancer-derived exosomes induce apoptosis of T lymphocytes through the p38 MAPK signal transduction pathway,https://www.ncbi.nlm.nih.gov/geo/query/acc.cgi?acc=GSE115831
GSE88738,PAAD,20,2018/05/02,Cooptation of tandem DNA repeats for the control of epithelial-to-mesenchymal transition.,https://www.ncbi.nlm.nih.gov/geo/query/acc.cgi?acc=GSE88738
GSE88735,PAAD,6,2018/05/02,Cooptation of tandem DNA repeats for the control of epithelial-to-mesenchymal transition [RNA-Seq],https://www.ncbi.nlm.nih.gov/geo/query/acc.cgi?acc=GSE88735
GSE113259,PAAD,6,2018/04/18,RNA-sequencing (RNA-seq) in BxPC-3 and S2-007 cell lines,https://www.ncbi.nlm.nih.gov/geo/query/acc.cgi?acc=GSE113259
GSE109427,PAAD,14,2018/04/18,Angiogenin/ribonuclease 5 is an EGFR ligand and a serum biomarker for erlotinib sensitivity in pancreatic cancer,https://www.ncbi.nlm.nih.gov/geo/query/acc.cgi?acc=GSE109427
GSE88759,PAAD,39,2018/04/18,TGF-β regulation of miRNA expression in pancreatic cancer,https://www.ncbi.nlm.nih.gov/geo/query/acc.cgi?acc=GSE88759
GSE88757,PAAD,18,2018/04/18,Identification of miR-100 and miR-125b targets by AGO2 RIP-seq and RNA-seq after ectopic expression of miR-100 or miR-125b and evaluation of,https://www.ncbi.nlm.nih.gov/geo/query/acc.cgi?acc=GSE88757
GSE112335,PAAD,6,2018/03/28,"Choline Kinase Alpha (CHKα) as a Therapeutic Target in Pancreatic Ductal Adenocarcinoma: Expression, Predictive Value, and Sensitivity to In",https://www.ncbi.nlm.nih.gov/geo/query/acc.cgi?acc=GSE112335
GSE107960,PAAD,12,2018/03/12,Pancreatic tumor microenvironment confers highly malignant properties on pancreatic cancer cells,https://www.ncbi.nlm.nih.gov/geo/query/acc.cgi?acc=GSE107960
GSE98894,PAAD,212,2018/02/25,Expression profile of Gastro-Entero-Pancreatic Neuroendocrine Tumors (GEP-NET),https://www.ncbi.nlm.nih.gov/geo/query/acc.cgi?acc=GSE98894
GSE99305,PAAD,96,2018/02/14,Single-cell RNA-seq following APE1/Ref-1 knockdown in Pancreatic Ductal Adenocarcinoma,https://www.ncbi.nlm.nih.gov/geo/query/acc.cgi?acc=GSE99305
GSE105083,PAAD,104,2018/01/23,Targeting multiple effector pathways in pancreatic ductal adenocarcinoma with a G-quadruplex-binding small molecule,https://www.ncbi.nlm.nih.gov/geo/query/acc.cgi?acc=GSE105083
GSE101665,PAAD,4,2018/01/20,RNA seq of pancreatic cancer-associated fibroblasts,https://www.ncbi.nlm.nih.gov/geo/query/acc.cgi?acc=GSE101665
GSE106336,PAAD,6,2017/12/01,Transcriptional changes in pancreatic cancer cells associated with gemcitabine resistance,https://www.ncbi.nlm.nih.gov/geo/query/acc.cgi?acc=GSE106336
GSE103152,PAAD,34,2017/11/01,Improved Detection of Circulating Epithelial Cells in Patients with Intraductal Papillary Mucinous Neoplasms,https://www.ncbi.nlm.nih.gov/geo/query/acc.cgi?acc=GSE103152
GSE70810,PAAD,6,2017/10/31,"A network-based strategy for prioritizing hits from chemical screening data by leveraging genetic, epigenetic and transcriptional datasets",https://www.ncbi.nlm.nih.gov/geo/query/acc.cgi?acc=GSE70810
GSE71876,PAAD,11,2017/10/23,Survival of pancreatic cancer cells lacking KRAS function,https://www.ncbi.nlm.nih.gov/geo/query/acc.cgi?acc=GSE71876
GSE81547,PAAD,2544,2017/09/28,Single cell transcriptome analysis of human pancreas reveals transcriptional signatures of aging and somatic mutation patterns.,https://www.ncbi.nlm.nih.gov/geo/query/acc.cgi?acc=GSE81547
GSE97018,PAAD,15,2017/09/14,Altered Hydroxymethylation is seen at regulatory regions in pancreatic cancer and regulates oncogenic pathways,https://www.ncbi.nlm.nih.gov/geo/query/acc.cgi?acc=GSE97018
GSE97003,PAAD,11,2017/09/14,Altered Hydroxymethylation is seen at regulatory regions in pancreatic cancer and regulates oncogenic pathways [RNA-seq],https://www.ncbi.nlm.nih.gov/geo/query/acc.cgi?acc=GSE97003
GSE97215,PAAD,12,2017/09/01,Genetic-to-epigenetic Therapy for Pancreatic Cancer,https://www.ncbi.nlm.nih.gov/geo/query/acc.cgi?acc=GSE97215
GSE80411,PAAD,6,2017/08/22,Genomic deletion of malic enzyme 2 confers collateral lethality in pancreas cancer,https://www.ncbi.nlm.nih.gov/geo/query/acc.cgi?acc=GSE80411
GSE60321,PAAD,6,2017/08/11,"Choline kinase alpha (CHKA) as a therapeutic target in pancreatic ductal adenocarcinoma: Expression, predictive value, and sensitivity to in",https://www.ncbi.nlm.nih.gov/geo/query/acc.cgi?acc=GSE60321
GSE100327,PAAD,30,2017/08/01,RNA-sequencing profiles of five different pancreas cancer cell lines that were engineered to express a form of the basic helix-loop-helix tr,https://www.ncbi.nlm.nih.gov/geo/query/acc.cgi?acc=GSE100327
GSE99311,PAAD,136,2017/07/31,Enhancer reprogramming promotes pancreatic cancer progression and metastasis,https://www.ncbi.nlm.nih.gov/geo/query/acc.cgi?acc=GSE99311
GSE99310,PAAD,36,2017/07/31,Enhancer reprogramming promotes pancreatic cancer progression and metastasis [RNA-seq],https://www.ncbi.nlm.nih.gov/geo/query/acc.cgi?acc=GSE99310
GSE90926,PAAD,12,2017/06/20,TCF7L1 knockdown in pancreatic cancer,https://www.ncbi.nlm.nih.gov/geo/query/acc.cgi?acc=GSE90926
GSE78519,PAAD,48,2017/05/31,Capicua-dependent transcriptional changes in human cancer cell lines treated with trametinib,https://www.ncbi.nlm.nih.gov/geo/query/acc.cgi?acc=GSE78519
GSE79953,PAAD,6,2017/03/31,Next-generation sequencing analysis of transcriptom in gemcitabine resistant pancreatic cancer cells,https://www.ncbi.nlm.nih.gov/geo/query/acc.cgi?acc=GSE79953
GSE88997,PAAD,8,2017/03/14,Reconstituting development of pancreatic intraepithelial neoplasia from primary human pancreas duct cells,https://www.ncbi.nlm.nih.gov/geo/query/acc.cgi?acc=GSE88997
GSE82299,PAAD,38,2017/03/08,Acriflavine inhibits the epithelial-to-mesenchymal transition in vitro in liver and pancreatic cancer cells,https://www.ncbi.nlm.nih.gov/geo/query/acc.cgi?acc=GSE82299
GSE82110,PAAD,12,2017/03/08,Acriflavine inhibits the epithelial-to-mesenchymal transition in vitro in liver and pancreatic cancer cells (part of study on HepG2),https://www.ncbi.nlm.nih.gov/geo/query/acc.cgi?acc=GSE82110
GSE82104,PAAD,9,2017/03/08,Acriflavine inhibits the epithelial-to-mesenchymal transition in vitro in liver and pancreatic cancer cells (part of study on PANC1 cells tr,https://www.ncbi.nlm.nih.gov/geo/query/acc.cgi?acc=GSE82104
GSE79725,PAAD,18,2016/12/20,NKX2.2,https://www.ncbi.nlm.nih.gov/geo/query/acc.cgi?acc=GSE79725
GSE63124,PAAD,20,2016/10/24,Large-scale epigenetic reprogramming is punctuated late during the evolution of pancreatic cancer progression [RNA-Seq],https://www.ncbi.nlm.nih.gov/geo/query/acc.cgi?acc=GSE63124
GSE63126,PAAD,60,2016/10/23,Large-scale epigenetic reprogramming is punctuated late during the evolution of pancreatic cancer progression,https://www.ncbi.nlm.nih.gov/geo/query/acc.cgi?acc=GSE63126
GSE82297,PAAD,80,2016/10/04,BRD4 localization to lineage-specific enhancers is associated with a distinct transcription factor repertoire,https://www.ncbi.nlm.nih.gov/geo/query/acc.cgi?acc=GSE82297
GSE85183,PAAD,120,2016/08/05,Selective single cell isolation for genomics using microraft arrays,https://www.ncbi.nlm.nih.gov/geo/query/acc.cgi?acc=GSE85183
GSE85050,PAAD,2,2016/08/02,Genome-wide mRNA sequencing of Panc-1 cells with or without fused IL-35 gene up-regulated,https://www.ncbi.nlm.nih.gov/geo/query/acc.cgi?acc=GSE85050
GSE84023,PAAD,73,2016/08/01,RNA sequencing of patient derived cell lines in pancreatic cancer,https://www.ncbi.nlm.nih.gov/geo/query/acc.cgi?acc=GSE84023
GSE75327,PAAD,18,2016/07/09,Aberrant downstream mechanisms following loss of KMT2C and KMT2D in Pancreatic Ductal Adenocarcinoma,https://www.ncbi.nlm.nih.gov/geo/query/acc.cgi?acc=GSE75327
GSE75797,PAAD,12,2016/06/15,Image based identification and targeting of cancer stem cells in pancreatic adenocarcinoma (PDAC),https://www.ncbi.nlm.nih.gov/geo/query/acc.cgi?acc=GSE75797
GSE79670,PAAD,65,2016/06/11,RNA sequencing of pancreatic adenocarcinoma tumors yields novel expression patterns associated with long-term survival and reveals a role fo,https://www.ncbi.nlm.nih.gov/geo/query/acc.cgi?acc=GSE79670
GSE79669,PAAD,14,2016/06/11,RNA sequencing of human pancreatic cancer cell lines,https://www.ncbi.nlm.nih.gov/geo/query/acc.cgi?acc=GSE79669
GSE61290,PAAD,2,2016/05/27,Myb-regulated transcriptome in pancreatic cancer,https://www.ncbi.nlm.nih.gov/geo/query/acc.cgi?acc=GSE61290
GSE79147,PAAD,26,2016/03/12,IGF2BP3 controls cancer cell invasiveness by modulation RISC function,https://www.ncbi.nlm.nih.gov/geo/query/acc.cgi?acc=GSE79147
GSE64560,PAAD,79,2016/01/18,Dissection of transcriptional and cis-regulatory control of differentiation in human pancreatic cancer.,https://www.ncbi.nlm.nih.gov/geo/query/acc.cgi?acc=GSE64560
GSE64558,PAAD,29,2016/01/18,Dissection of transcriptional and cis-regulatory control of differentiation in human pancreatic cancer [RNA-seq],https://www.ncbi.nlm.nih.gov/geo/query/acc.cgi?acc=GSE64558
GSE68086,PAAD,285,2015/10/30,"RNA-seq of tumor-educated platelets enables blood-based pan-cancer, multiclass and molecular pathway cancer diagnostics",https://www.ncbi.nlm.nih.gov/geo/query/acc.cgi?acc=GSE68086
GSE63782,PAAD,103,2015/09/08,Transcriptional plasticity promotes primary and acquired resistance to BET bromodomain inhibition,https://www.ncbi.nlm.nih.gov/geo/query/acc.cgi?acc=GSE63782
GSE68919,PAAD,8,2015/06/17,Tumor exosome integrins determine organotropic metastasis,https://www.ncbi.nlm.nih.gov/geo/query/acc.cgi?acc=GSE68919
GSE66729,PAAD,376,2015/05/28,The Landscape of Antisense Gene Expression in Human Cancer,https://www.ncbi.nlm.nih.gov/geo/query/acc.cgi?acc=GSE66729
GSE66728,PAAD,353,2015/05/28,The Landscape of Antisense Gene Expression in Human Cancers [II],https://www.ncbi.nlm.nih.gov/geo/query/acc.cgi?acc=GSE66728
GSE62077,PAAD,6,2015/04/03,RNA-Seq Samples of siTFE3 in 8988T PDA Cell Line to Investigate Transcriptional Control of the Autophagy-Lysosome System,https://www.ncbi.nlm.nih.gov/geo/query/acc.cgi?acc=GSE62077
GSE66876,PAAD,4,2015/03/16,Pancreatic cancer exosomes induce pre-metastatic niche formation in the liver,https://www.ncbi.nlm.nih.gov/geo/query/acc.cgi?acc=GSE66876
GSE47537,PAAD,10,2015/02/03,Gata6,https://www.ncbi.nlm.nih.gov/geo/query/acc.cgi?acc=GSE47537
GSE64039,PAAD,18,2015/01/07,Altering cancer transcriptomes using epigenomic inhibitors,https://www.ncbi.nlm.nih.gov/geo/query/acc.cgi?acc=GSE64039
GSE63776,PAAD,6,2015/01/07,Altering cancer transcriptomes using epigenomic inhibitors [RNA-Seq],https://www.ncbi.nlm.nih.gov/geo/query/acc.cgi?acc=GSE63776
GSE64018,PAAD,24,2014/12/09,RNA-seq of autistic and control cortex,https://www.ncbi.nlm.nih.gov/geo/query/acc.cgi?acc=GSE64018
GSE59022,PAAD,17,2014/10/07,ETS1 is a genome-wide effector of RAS/ERK signaling in epithelial cells,https://www.ncbi.nlm.nih.gov/geo/query/acc.cgi?acc=GSE59022
GSE43770,PAAD,17,2014/10/03,Vitamin d receptor-mediated stromal reprogramming suppresses pancreatitis and enhances pancreatic cancer therapy,https://www.ncbi.nlm.nih.gov/geo/query/acc.cgi?acc=GSE43770
GSE60407,PAAD,7,2014/09/22,Human Pancreatic CTCs Express the ECM Protein SPARC,https://www.ncbi.nlm.nih.gov/geo/query/acc.cgi?acc=GSE60407
GSE53350,PAAD,6,2014/02/04,A GNAS mutation found in pancreatic intraductal papillary mucinous neoplasms induces drastic alterations of gene expression profiles with up,https://www.ncbi.nlm.nih.gov/geo/query/acc.cgi?acc=GSE53350
GSE45137,PAAD,23,2013/05/31,Breakpoint analysis of transcriptional and genomic profiles uncovers novel gene fusions spanning multiple human cancer types,https://www.ncbi.nlm.nih.gov/geo/query/acc.cgi?acc=GSE45137
GSE45133,PAAD,7,2013/05/31,Breakpoint analysis of transcriptional and genomic profiles uncovers novel gene fusions spanning multiple human cancer types (RNA-seq),https://www.ncbi.nlm.nih.gov/geo/query/acc.cgi?acc=GSE45133
GSE40176,PAAD,44,2012/08/17,RNA sequencing of circulating tumour cells implicates WNT signaling in pancreatic cancer metastasis,https://www.ncbi.nlm.nih.gov/geo/query/acc.cgi?acc=GSE40176
GSE40174,PAAD,32,2012/08/17,RNA sequencing of circulating tumour cells implicates WNT signaling in pancreatic cancer metastasis (human data),https://www.ncbi.nlm.nih.gov/geo/query/acc.cgi?acc=GSE40174
