accession,decision,cancer,n_samples,size,declares,reason,ambiguity,title,search_cancer
GSE183635,SKIP,UNKNOWN,2351,41.0 MB,culture,the samples declare culture (NOT_TISSUE): blood_platelets_vumc-hd-101,"the abstract mentions NOT_TISSUE, which the sample records did not confirm; the abstract names no cancer type clearly; the counts are in .gz, which cannot be read from a byte range: check by hand that the values are whole and the columns are tissue",Detection and localization of early- and late-stage cancers ,COAD
GSE160306,AMBIGUOUS,UNKNOWN,79,12.2 MB,tissue,the abstract names no cancer type clearly,the abstract names no cancer type clearly,In-depth transcriptomic analyses investigating molecular mec,COAD
GSE215307,SKIP,UNKNOWN,375,31.0 MB,culture,"the samples declare culture (CELL_LINE, XENOGRAFT): subcutaneous tumor","the abstract mentions XENOGRAFT, which the sample records did not confirm; the abstract names no cancer type clearly",Cancer-Associated Fibroblasts are the Main Source of Epithel,COAD
GSE314343,SKIP,PAAD,24,8.2 MB,culture,the samples declare culture (CELL_LINE): miapaca-2,"the abstract mentions CELL_LINE, XENOGRAFT, NON_HUMAN, which the sample records did not confirm",Interference with PADI1 and PADI3 re-sensitizes KRAS-Mutant ,COAD
GSE265950,AMBIGUOUS,PAAD,12,4.4 MB,unstated,"the abstract mentions CELL_LINE, ORGANOID, NON_HUMAN, which the sample records did not confirm; the matrix has 35 numeric columns but GEO declares 12 samples; the samples declare neither tissue nor cell line, so the type could not be confirmed","the abstract mentions CELL_LINE, ORGANOID, NON_HUMAN, which the sample records did not confirm; the matrix has 35 numeric columns but GEO declares 12 samples; the samples declare neither tissue nor cell line, so the type could not be confirmed",N-glycans in non-malignant tumor microenvironment cells damp,COAD
GSE282103,SKIP,PAAD,6,8.3 MB,culture,the samples declare culture (CELL_LINE): sw620,"the abstract mentions NOT_RNASEQ, which the sample records did not confirm; only 6 samples (< 10): small studies are usually mechanistic experiments on cell lines; the counts are in .xlsx, which cannot be read from a byte range: check by hand that the values are whole and the columns are tissue",SOWAHA as a cancer suppressor gene Influence Metabolic Repro,COAD
GSE289055,SKIP,UNKNOWN,18,1.0 MB,culture,sample-type flag in the matrix header: CELL_LINE; sample-type flag inside filelist.txt: CELL_LINE; the samples declare culture (CELL_LINE): kbm7,"the abstract mentions NON_HUMAN, which the sample records did not confirm; the abstract names no cancer type clearly",P2RY2 fuelled by eATP drives cancer immune evasion and thera,COAD
GSE309364,SKIP,UNKNOWN,60,1.8 KB,culture,"the 'raw' counts contain decimals, so they are not counts; the samples declare culture (CELL_LINE): a549","the abstract mentions CELL_LINE, which the sample records did not confirm; the abstract names no cancer type clearly; the matrix has 9 numeric columns but GEO declares 60 samples",RNA-Seq analysis of cancer models with altered SLX4/XPF reve,COAD
GSE291188,SKIP,PAAD,24,10.0 MB,culture,the samples declare culture (CELL_LINE): bxpc-3,,Unravelling the antitumor mechanism of Ocoxin through cancer,COAD
GSE239817,SKIP,COAD,72,2.2 MB,culture,sample-type flag in the matrix header: CELL_LINE; the samples declare culture (CELL_LINE): nci-h23,"the abstract mentions CELL_LINE, which the sample records did not confirm; the text points at COAD, not PAAD",Mutant p53 gain-of-function impact is repressed in the prese,COAD
GSE184029,SKIP,PAAD,48,1.9 MB,culture,sample-type flag in the matrix header: CELL_LINE; the samples declare culture (CELL_LINE): h-929,,HSP70-driven molecular response to the proteasome machinery ,COAD
GSE179057,SKIP,PAAD,30,1.2 MB,culture,the samples declare culture (CELL_LINE): bxpc-3,"the abstract mentions CELL_LINE, NOT_RNASEQ, which the sample records did not confirm",Perturbation-informed signatures from crosswise integration ,COAD
GSE184125,SKIP,COAD,6,512.0 KB,culture,the samples declare culture (ORGANOID): colorectal tumor organoids,"the abstract mentions ORGANOID, which the sample records did not confirm; the text points at COAD, not PAAD; only 6 samples (< 10): small studies are usually mechanistic experiments on cell lines","9-ING-41, a small molecule inhibitor of GSK-3β, potentiates ",COAD
GSE185331,SKIP,COAD,6,435.0 KB,culture,the samples declare culture (CELL_LINE): km12sm_parental,"the abstract mentions CELL_LINE, XENOGRAFT, NOT_RNASEQ, which the sample records did not confirm; the text points at COAD, not PAAD; only 6 samples (< 10): small studies are usually mechanistic experiments on cell lines",super-ehancer landscape shaped by master regulator in liver ,COAD
GSE179351,DOWNLOAD,PAAD,54,16.5 MB,tissue,tissue confirmed,,Radiation Therapy Inhances Immunotherapy Response in  Micros,COAD
GSE310477,SKIP,COAD,6,177.0 KB,culture,sample-type flag in the matrix header: CELL_LINE; the samples declare culture (CELL_LINE): hct-116,"the abstract mentions CELL_LINE, ORGANOID, SINGLE_CELL, which the sample records did not confirm; only 6 samples (< 10): small studies are usually mechanistic experiments on cell lines; the first column does not look like gene identifiers",Inhibition of a corrupted embryonic developmental regulator ,COAD
GSE347528,SKIP,COAD,20,1.8 MB,culture,the samples declare culture (ORGANOID): colorectal tissue,"the abstract mentions ORGANOID, which the sample records did not confirm",Transcriptomic comparison of colorectal cancer biopsies and ,COAD
GSE343051,SKIP,UNKNOWN,12,1.1 MB,culture,the samples declare culture (CELL_LINE): hct116,"the abstract mentions XENOGRAFT, NON_HUMAN, which the sample records did not confirm; the abstract names no cancer type clearly; the first column does not look like gene identifiers",Mechanical stress remodeling drives epithelial-mesenchymal t,COAD
GSE326566,SKIP,COAD,6,397.0 KB,culture,the samples declare culture (CELL_LINE): lim1215,"the abstract mentions CELL_LINE, which the sample records did not confirm; only 6 samples (< 10): small studies are usually mechanistic experiments on cell lines",Effect of overexpression of DDX17(P82) on gene expression in,COAD
GSE303774,SKIP,UNKNOWN,6,442.0 KB,culture,the samples declare culture (CELL_LINE): hct116,"the abstract mentions CELL_LINE, which the sample records did not confirm; the abstract names no cancer type clearly; only 6 samples (< 10): small studies are usually mechanistic experiments on cell lines",CHK2 deficiency affects the engagement of DSBs repair pathwa,COAD
GSE344104,SKIP,UNKNOWN,12,900.0 KB,culture,the samples declare culture (CELL_LINE): caco2,"the abstract mentions CELL_LINE, NON_HUMAN, which the sample records did not confirm; the abstract names no cancer type clearly",Epithelial Tissue Architecture Acts as a Barrier to Carcinom,COAD
GSE343714,SKIP,COAD,24,1.3 MB,culture,"the samples declare culture (CELL_LINE, ORGANOID): freezeo-21","the abstract mentions ORGANOID, which the sample records did not confirm",Patient-derived Colorectal Cancer Organoids Enable Functiona,COAD
GSE306289,SKIP,UNKNOWN,16,209.0 KB,culture,"the 'raw' counts contain decimals, so they are not counts; sample-type flag in the matrix header: CELL_LINE; the samples declare culture (CELL_LINE): ht-29","the abstract mentions CELL_LINE, NON_HUMAN, which the sample records did not confirm; the abstract names no cancer type clearly",Human ZBP1 Is a Potent Inducer of RIPK1-Dependent Cell Death,COAD
GSE248000,SKIP,COAD,30,1.2 MB,culture,the gene identifiers are ENSMUSG: this is mouse data; the samples declare culture: spleen,"the abstract mentions NON_HUMAN, which the sample records did not confirm",A metabolic switch that boosts immune cell fitness against c,COAD
GSE305943,SKIP,COAD,6,156.0 KB,culture,sample-type flag in the matrix header: CELL_LINE; the samples declare culture (CELL_LINE): hct116,"the abstract mentions ORGANOID, which the sample records did not confirm; only 6 samples (< 10): small studies are usually mechanistic experiments on cell lines",GBP2 Enhances Anti–PD-L1 Response in Colorectal Cancer by No,COAD
GSE315876,SKIP,COAD,6,1.2 MB,culture,"the 'raw' counts contain decimals, so they are not counts; the samples declare culture (CELL_LINE): ht29","the abstract mentions CELL_LINE, XENOGRAFT, NON_HUMAN, which the sample records did not confirm; only 6 samples (< 10): small studies are usually mechanistic experiments on cell lines",The GSEC-encoded polypeptide GESP drives colorectal cancer t,COAD
GSE107605,SKIP,COAD,8,25.3 MB,culture,the samples declare culture (CELL_LINE): hct116,"only 8 samples (< 10): small studies are usually mechanistic experiments on cell lines; the counts are in .gz, which cannot be read from a byte range: check by hand that the values are whole and the columns are tissue",Role of differential mRNA processing by oncogenic KRAS in co,COAD
GSE343784,SKIP,COAD,12,573.0 KB,culture,sample-type flag in the matrix header: CELL_LINE; the samples declare culture (CELL_LINE): hct116-mcl1-ko,"the abstract mentions CELL_LINE, which the sample records did not confirm",Transcriptional Response of WT and MCL1-KO HCT116 Cells to t,COAD
GSE342462,SKIP,COAD,12,390.0 KB,culture,the samples declare culture (CELL_LINE): sw480,the first column does not look like gene identifiers,Integrated transcriptomic and bioelectrical profiling of ste,COAD
GSE341447,SKIP,COAD,6,9.7 MB,culture,the samples declare culture (CELL_LINE): sw48,only 6 samples (< 10): small studies are usually mechanistic experiments on cell lines; the first column does not look like gene identifiers,Effect of levofloxacin on apoptosis pathways in SW48 colorec,COAD
GSE332607,SKIP,COAD,6,376.0 KB,culture,the samples declare culture (CELL_LINE): hct116,"the abstract mentions NOT_RNASEQ, which the sample records did not confirm; only 6 samples (< 10): small studies are usually mechanistic experiments on cell lines",SETD8-mediated mono-methylation of YAP at K76 promotes K48-l,COAD
GSE289480,AMBIGUOUS,UNKNOWN,40,1.0 MB,tissue,the abstract names no cancer type clearly,the abstract names no cancer type clearly,IGF2BP3 regulates RNA metabolism during unfolded protein res,COAD
GSE289424,SKIP,UNKNOWN,18,599.0 KB,culture,the samples declare culture (CELL_LINE): hct116,the abstract names no cancer type clearly,IGF2BP3 regulates RNA metabolism during unfolded protein res,COAD
GSE289214,SKIP,UNKNOWN,32,1.6 MB,culture,sample-type flag in the matrix header: CELL_LINE; the samples declare culture (CELL_LINE): hct116,the abstract names no cancer type clearly,IGF2BP3 regulates RNA metabolism during unfolded protein res,COAD
GSE289024,SKIP,UNKNOWN,15,822.0 KB,culture,the samples declare culture (CELL_LINE): hct116,the abstract names no cancer type clearly,IGF2BP3 regulates RNA metabolism during unfolded protein res,COAD
GSE337619,SKIP,COAD,8,9.2 MB,culture,the samples declare culture (CELL_LINE): ht-29,"only 8 samples (< 10): small studies are usually mechanistic experiments on cell lines; the counts are in .xlsx, which cannot be read from a byte range: check by hand that the values are whole and the columns are tissue",Differential Transcriptomic Responses to MRQ 74 and MRQ 76 R,COAD
GSE338197,SKIP,UNKNOWN,33,1.0 MB,culture,the samples declare culture (CELL_LINE): hct116,the abstract names no cancer type clearly,Dissection of Poly(A)-binding protein (PABPC) cellular funct,COAD
GSE318306,SKIP,COAD,36,16.5 MB,culture,sample-type flag inside GSE318306_5FdURUGIMMR_vs_NTUGIMMR.cuffdiff.gene_exp.tsv.gz: SINGLE_CELL; the samples declare culture (CELL_LINE): hct116_ugi,"the abstract mentions CELL_LINE, which the sample records did not confirm",Whole transcriptome sequencing of HCT116 cells with altered ,COAD
GSE292601,SKIP,COAD,62,5.5 MB,culture,"the 'raw' counts contain decimals, so they are not counts; the samples declare culture (CELL_LINE, ORGANOID): crc561org","the abstract mentions ORGANOID, which the sample records did not confirm",Epithelial interferon-stimulated gene programs modulate chem,COAD
GSE304522,SKIP,UNKNOWN,24,1.3 MB,culture,sample-type flag in the matrix header: CELL_LINE; the samples declare culture (CELL_LINE): ht29-mtx,"the abstract mentions CELL_LINE, which the sample records did not confirm; the abstract names no cancer type clearly",The MUC1 extracellular domain and cytoplasmic tail play dist,COAD
GSE335441,SKIP,COAD,18,1.7 MB,culture,the samples declare culture (CELL_LINE): sw620,"the abstract mentions CELL_LINE, which the sample records did not confirm",HCFC2 knockdown in human colorectal cancer cell lines,COAD
GSE333629,SKIP,COAD,6,398.0 KB,culture,the samples declare culture (NOT_TISSUE): plasma,"the abstract mentions NOT_TISSUE, which the sample records did not confirm; only 6 samples (< 10): small studies are usually mechanistic experiments on cell lines; the counts are in .gz, which cannot be read from a byte range: check by hand that the values are whole and the columns are tissue",An Exploratory Integrative Analysis of Plasma Transcriptomic,COAD
GSE329293,SKIP,UNKNOWN,20,944.0 KB,culture,the samples declare culture (CELL_LINE): sw620,the abstract names no cancer type clearly,Macrophages transfer functional target-cell proteins to thei,COAD
GSE329984,SKIP,UNKNOWN,108,5.0 MB,culture,the samples declare culture (CELL_LINE): sw620,"the abstract mentions CELL_LINE, which the sample records did not confirm; the abstract names no cancer type clearly",Non-Temperature-Induced Antitumor Effects of Amplitude-Modul,COAD
GSE319208,SKIP,COAD,6,709.0 KB,culture,"the 'raw' counts contain decimals, so they are not counts; sample-type flag in the matrix header: CELL_LINE; the samples declare culture (CELL_LINE): hct116","the abstract mentions CELL_LINE, ORGANOID, XENOGRAFT, which the sample records did not confirm; only 6 samples (< 10): small studies are usually mechanistic experiments on cell lines",GDPD5-CD55-EGFR Competitive Binding Axis Regulates Radioresi,COAD
GSE271991,SKIP,COAD,60,1.5 MB,culture,"the 'raw' counts contain decimals, so they are not counts; the samples declare culture (CELL_LINE): hct 116","the abstract mentions CELL_LINE, which the sample records did not confirm",Effect of red meat metabolites and nutrient deprivation on g,COAD
GSE330465,SKIP,COAD,104,3.8 MB,tissue,"the 'raw' counts contain decimals, so they are not counts",,Gene expression profiling of neoadjuvant ABFOLFOX treatment ,COAD
GSE260896,SKIP,COAD,6,288.0 KB,culture,the samples declare another organ: cervi,"the abstract mentions NON_HUMAN, which the sample records did not confirm; only 6 samples (< 10): small studies are usually mechanistic experiments on cell lines",The MYB-related Transcription Factor MYPOP acts as a Selecti,COAD
GSE292302,SKIP,COAD,42,6.1 MB,culture,"the 'raw' counts contain decimals, so they are not counts; the samples declare culture (CELL_LINE): ht29","the abstract mentions CELL_LINE, NON_HUMAN, which the sample records did not confirm; the first column does not look like gene identifiers; the matrix has 2 numeric columns but GEO declares 42 samples",A core transcriptional regulatory circuitry controls super-e,COAD
GSE320366,SKIP,COAD,8,1.6 MB,culture,"the 'raw' counts contain decimals, so they are not counts; the samples declare culture (CELL_LINE): ht-29",only 8 samples (< 10): small studies are usually mechanistic experiments on cell lines,Short-Duration HIPEC-Mimetic Exposure to Mithramycin A Induc,COAD
GSE330032,AMBIGUOUS,COAD,6,5.3 MB,tissue,the matrix has 328 numeric columns but GEO declares 6 samples,the matrix has 328 numeric columns but GEO declares 6 samples,Subtype-specific heterogeneity of anti-epidermal growth fact,COAD
GSE291063,SKIP,UNKNOWN,90,28.3 MB,culture,the samples declare culture (CELL_LINE): dld-1,the abstract names no cancer type clearly,Gene expression profiling of human DLD-1 cells after instant,COAD
GSE303444,AMBIGUOUS,COAD,30,5.1 MB,unstated,"the samples declare neither tissue nor cell line, so the type could not be confirmed","the samples declare neither tissue nor cell line, so the type could not be confirmed",Transcriptional and immune repertoire profiling of mismatch ,COAD
GSE328387,DOWNLOAD,COAD,6,1.8 MB,tissue,tissue confirmed,,LSD1 Attenuates Ferroptosis Sensitivity in Colorectal Cancer,COAD
GSE308712,SKIP,COAD,12,5.4 MB,culture,sample-type flag in the matrix header: CELL_LINE; the samples declare culture (CELL_LINE): colo320dm,"the abstract mentions CELL_LINE, NOT_RNASEQ, which the sample records did not confirm; the matrix has 46 numeric columns but GEO declares 12 samples",Effects of overexpression of HKDC1 on gene expression in two,COAD
GSE327697,SKIP,COAD,12,3.4 MB,culture,the samples declare culture (CELL_LINE): ht-29,"the counts are in .xlsx, which cannot be read from a byte range: check by hand that the values are whole and the columns are tissue",Mast cells interact directly with colorectal cancer cells to,COAD
GSE319878,SKIP,COAD,171,6.6 MB,tissue,"the 'raw' counts contain decimals, so they are not counts",,Interrogating the mechanistic link between neighborhood depr,COAD
GSE288724,SKIP,COAD,20,1.0 MB,culture,"the samples declare culture (CELL_LINE, ORGANOID): colon organoid","the abstract mentions ORGANOID, which the sample records did not confirm",Network analysis of normal colon organoids exposed to metfor,COAD
GSE326394,SKIP,UNKNOWN,8,2.2 MB,culture,sample-type flag in the matrix header: CELL_LINE; sample-type flag inside filelist.txt: CELL_LINE; the samples declare culture (CELL_LINE): hct116,"the abstract mentions CELL_LINE, NOT_RNASEQ, which the sample records did not confirm; the abstract names no cancer type clearly; only 8 samples (< 10): small studies are usually mechanistic experiments on cell lines; the first column does not look like gene identifiers",Genome-wide identification of vitamin D receptor–regulated e,COAD
GSE312175,SKIP,COAD,6,8.6 MB,culture,the samples declare culture (CELL_LINE): sw480,"the abstract mentions CELL_LINE, which the sample records did not confirm; only 6 samples (< 10): small studies are usually mechanistic experiments on cell lines; the counts are in .xlsx, which cannot be read from a byte range: check by hand that the values are whole and the columns are tissue",HyperTRIBE uncovers MEX3A RNA-binding activity in colorectal,COAD
GSE292673,SKIP,UNKNOWN,96,37.2 MB,culture,the samples declare culture (CELL_LINE): hek293t,"the abstract names no cancer type clearly; the counts are in .xlsx, which cannot be read from a byte range: check by hand that the values are whole and the columns are tissue",Directed evolution of a genetically encoded photocatalyst fo,COAD
GSE308833,SKIP,COAD,6,2.0 MB,culture,"the 'raw' counts contain decimals, so they are not counts; sample-type flag in the matrix header: CELL_LINE; the samples declare culture (CELL_LINE): hct116","the abstract mentions CELL_LINE, which the sample records did not confirm; only 6 samples (< 10): small studies are usually mechanistic experiments on cell lines; the matrix has 36 numeric columns but GEO declares 6 samples",Effect of depletion of PRSS22 on gene expression of HCT116 c,COAD
GSE267911,SKIP,COAD,6,404.0 KB,culture,the samples declare culture: rko,only 6 samples (< 10): small studies are usually mechanistic experiments on cell lines,KAT2B-Mediated Epigenetic Suppression of RAD51C Enhances Ola,COAD
GSE270765,SKIP,COAD,17,3.9 MB,culture,"the 'raw' counts contain decimals, so they are not counts; the samples declare culture (ORGANOID): colorectal cancer","the abstract mentions ORGANOID, which the sample records did not confirm",Disseminated tumor cell of colorectal cancer adopt the wound,COAD
GSE315227,SKIP,COAD,12,1.3 MB,culture,the samples declare another organ: glioblastoma,"the abstract mentions CELL_LINE, which the sample records did not confirm",RNA-seq data of PEPD over-expressed vs NC GBM cells,COAD
GSE292184,DOWNLOAD,COAD,17,968.0 KB,tissue,tissue confirmed,,FOXM1 drives metabolic adaptations in colorectal cancer brai,COAD
GSE284007,SKIP,UNKNOWN,24,1.3 MB,culture,"the 'raw' counts contain decimals, so they are not counts; the samples declare culture (CELL_LINE): hct116","the abstract mentions CELL_LINE, which the sample records did not confirm; the abstract names no cancer type clearly",The long noncoding RNA C1QTNF1-AS1 interacts with RSRC2 to e,COAD
GSE290123,SKIP,COAD,8,353.0 KB,culture,the samples declare culture (CELL_LINE): dld1,"the abstract mentions CELL_LINE, which the sample records did not confirm; only 8 samples (< 10): small studies are usually mechanistic experiments on cell lines",Comprehensive Transcriptomic Analysis of DLD1 Colon Cancer C,COAD
GSE305244,SKIP,COAD,18,579.0 KB,culture,the samples declare culture (NOT_TISSUE): peripheral blood,"the abstract mentions NOT_TISSUE, which the sample records did not confirm",TNF-α Deficiency Underlies NK Cell Dysfunction in Colorectal,COAD
GSE313460,SKIP,COAD,9,3.6 MB,culture,the samples declare culture (CELL_LINE): ht-29,only 9 samples (< 10): small studies are usually mechanistic experiments on cell lines,Effects of phytogalactolipids on drug-resistant colorectal c,COAD
GSE312326,SKIP,COAD,6,686.0 KB,culture,"the identifier column is 'Transcript_ID', so the rows are not genes; sample-type flag in the matrix header: CELL_LINE; the samples declare culture (CELL_LINE): sw620",only 6 samples (< 10): small studies are usually mechanistic experiments on cell lines,DKC1 promotes colorectal cancer progression and therapy resi,COAD
GSE311274,SKIP,COAD,6,9.4 MB,culture,sample-type flag in the matrix header: CELL_LINE; the samples declare culture (CELL_LINE): sw620,"the abstract mentions CELL_LINE, XENOGRAFT, which the sample records did not confirm; only 6 samples (< 10): small studies are usually mechanistic experiments on cell lines; the matrix has 14 numeric columns but GEO declares 6 samples",Dynamin 1 promotes colorectal cancer progression by activati,COAD
GSE319741,SKIP,COAD,28,11.2 MB,culture,the samples declare culture (CELL_LINE): mdst8,,TWIST1 mediated transcriptional activation of SPON2 drives c,COAD
GSE289583,DOWNLOAD,COAD,14,2.1 MB,tissue,tissue confirmed,,Baseline tumor features and peripheral blood immune dynamics,COAD
GSE289582,AMBIGUOUS,COAD,115,5.4 MB,unstated,"the abstract mentions CELL_LINE, which the sample records did not confirm; the samples declare neither tissue nor cell line, so the type could not be confirmed","the abstract mentions CELL_LINE, which the sample records did not confirm; the samples declare neither tissue nor cell line, so the type could not be confirmed",Baseline tumor features and peripheral blood immune dynamics,COAD
GSE290045,SKIP,COAD,6,2.7 MB,culture,the samples declare culture (CELL_LINE): thp-1,"the abstract mentions CELL_LINE, NON_HUMAN, which the sample records did not confirm; only 6 samples (< 10): small studies are usually mechanistic experiments on cell lines; the counts are in .xlsx, which cannot be read from a byte range: check by hand that the values are whole and the columns are tissue",Colorectal cancer-derived osteopontin rewires macrophages in,COAD
GSE293106,SKIP,COAD,12,1.0 MB,culture,the samples declare another organ: breast,,Selective inhibition of ALDH1A3 impedes breast cancer growth,COAD
GSE315767,SKIP,COAD,6,230.0 KB,culture,the samples declare culture (CELL_LINE): sw620,"the abstract mentions CELL_LINE, SINGLE_CELL, which the sample records did not confirm; only 6 samples (< 10): small studies are usually mechanistic experiments on cell lines",Transcriptome Sequencing Analysis of Human Colorectal Cancer,COAD
GSE315576,SKIP,UNKNOWN,34,639.0 KB,culture,sample-type flag inside filelist.txt: CELL_LINE; the samples declare culture (CELL_LINE): gm12878,"the abstract mentions CELL_LINE, which the sample records did not confirm; the abstract names no cancer type clearly; the matrix has 7 numeric columns but GEO declares 34 samples",Nucleolar Expansion Drives 3D Genome Reorganization and Tran,COAD
GSE309969,SKIP,UNKNOWN,16,4.3 MB,culture,sample-type flag in the matrix header: CELL_LINE; the samples declare culture (CELL_LINE): hct116,the abstract names no cancer type clearly,Proteasome activity maintains cell type-specific gene expres,COAD
GSE315569,SKIP,COAD,8,5.0 MB,culture,sample-type flag in the matrix header: CELL_LINE; the samples declare culture (CELL_LINE): hct116,"the abstract mentions ORGANOID, XENOGRAFT, which the sample records did not confirm; only 8 samples (< 10): small studies are usually mechanistic experiments on cell lines; the first column does not look like gene identifiers; the matrix has 42 numeric columns but GEO declares 8 samples",Aptamer-modified 5-fluorouracil encapsulated metal-organic f,COAD
GSE285901,SKIP,COAD,4,2.0 MB,culture,"the 'raw' counts contain decimals, so they are not counts; the samples declare culture (CELL_LINE): hct116","the abstract mentions XENOGRAFT, NOT_TISSUE, which the sample records did not confirm; only 4 samples (< 10): small studies are usually mechanistic experiments on cell lines; the matrix has 18 numeric columns but GEO declares 4 samples",PSY Suppresses Colorectal Cancer Progression by Targeting On,COAD
GSE312849,SKIP,UNKNOWN,6,519.0 KB,culture,the samples declare culture: colorectal cancer,"the abstract mentions CELL_LINE, which the sample records did not confirm; the abstract names no cancer type clearly; only 6 samples (< 10): small studies are usually mechanistic experiments on cell lines",Effect of QPRT overexpression on gene expression in cancer p,COAD
GSE309341,SKIP,COAD,6,2.1 MB,culture,sample-type flag in the matrix header: CELL_LINE; the samples declare culture (CELL_LINE): sw620,"the abstract mentions CELL_LINE, NOT_RNASEQ, which the sample records did not confirm; only 6 samples (< 10): small studies are usually mechanistic experiments on cell lines",KRAS-ERK Signaling Drives Metastasis in Colorectal Cancer vi,COAD
GSE310492,SKIP,COAD,13,3.1 MB,culture,"the samples declare culture (CELL_LINE, ORGANOID): organoids","the abstract mentions ORGANOID, which the sample records did not confirm",ADH1C downregulation is a key hypoxia response in colon epit,COAD
GSE303377,SKIP,COAD,384,42.0 MB,tissue,sample-type flag in the matrix header: CELL_LINE,,Colorectal Cancer cohort from the Geneva Cancer Registry,COAD
GSE290622,DOWNLOAD,COAD,102,4.1 MB,tissue,tissue confirmed,,Opposing functions of distinct regulatory T cell subsets in ,COAD
GSE307698,SKIP,COAD,5,444.0 KB,culture,"sample-type flag in the matrix header: XENOGRAFT; the samples declare culture (NON_HUMAN, XENOGRAFT): colorectal tumor tissue (pdx)","the abstract mentions XENOGRAFT, which the sample records did not confirm; only 5 samples (< 10): small studies are usually mechanistic experiments on cell lines",RNA-seq of colorectal cancer patient-derived xenograft (PDX),COAD
GSE291093,SKIP,COAD,9,6.9 MB,culture,the samples declare culture (CELL_LINE): hct-116,"the abstract mentions CELL_LINE, ORGANOID, NON_HUMAN, NOT_TISSUE, which the sample records did not confirm; only 9 samples (< 10): small studies are usually mechanistic experiments on cell lines; the counts are in .xlsx, which cannot be read from a byte range: check by hand that the values are whole and the columns are tissue",Obese adipose tissue extracellular vesicles activate mitocho,COAD
GSE278412,SKIP,COAD,6,247.0 KB,culture,the samples declare culture (CELL_LINE): clone c11 from cc14 primary culture,"the abstract mentions CELL_LINE, which the sample records did not confirm; only 6 samples (< 10): small studies are usually mechanistic experiments on cell lines",Colon cancer low metastatic clone after escape of late apopt,COAD
GSE278411,SKIP,COAD,6,269.0 KB,culture,sample-type flag in the matrix header: CELL_LINE; the samples declare culture (CELL_LINE): colon cancer cell primary culture cc14 clone e3,"the abstract mentions CELL_LINE, which the sample records did not confirm; only 6 samples (< 10): small studies are usually mechanistic experiments on cell lines","VGLL1 KO in colon cancer cells primary culture clone E3, clo",COAD
GSE236692,SKIP,COAD,6,272.0 KB,culture,the samples declare culture (CELL_LINE): cc14 colon cancer cells primary culture clone e3,"the abstract mentions CELL_LINE, which the sample records did not confirm; only 6 samples (< 10): small studies are usually mechanistic experiments on cell lines",ATP11C Knock down in clone E3 from colon cancer CC14 primary,COAD
GSE236691,SKIP,COAD,6,269.0 KB,culture,the samples declare culture (CELL_LINE): cc14 colon cancer cells primary culture clone e3,"the abstract mentions CELL_LINE, which the sample records did not confirm; only 6 samples (< 10): small studies are usually mechanistic experiments on cell lines",CSAG1 Knock out in clone E3 from colon cancer CC14 primary c,COAD
GSE236690,SKIP,COAD,48,1.4 MB,culture,the samples declare culture (CELL_LINE): cc36 colon cancer cells primary culture clone 1,"the abstract mentions CELL_LINE, which the sample records did not confirm",Analysis of gene expression patterns tracking increasing met,COAD
GSE236688,SKIP,COAD,36,1.1 MB,culture,the samples declare culture (CELL_LINE): cc14 colon cancer cells primary culture clone c11,"the abstract mentions CELL_LINE, which the sample records did not confirm",Analysis of gene expression patterns tracking increasing met,COAD
GSE308020,SKIP,COAD,66,7.7 MB,tissue,"the 'raw' counts contain decimals, so they are not counts",,Integrative multi-omics deciphers the potential mechanism an,COAD
GSE301888,SKIP,COAD,12,799.0 KB,culture,sample-type flag in the matrix header: CELL_LINE; the samples declare culture: colon,"the abstract mentions CELL_LINE, which the sample records did not confirm",Effects of UBE2S on colorectal cancer cell line RKO,COAD
GSE296929,SKIP,COAD,18,8.0 MB,culture,the samples declare culture: lovo,"the abstract mentions NOT_RNASEQ, which the sample records did not confirm; the matrix has 415 numeric columns but GEO declares 18 samples",E2F4/SETD1A axis-mediated METTL3 methylation promotes tumor ,COAD
GSE284656,SKIP,COAD,18,1.0 MB,culture,the samples declare culture (CELL_LINE): ht-29,"the abstract mentions CELL_LINE, which the sample records did not confirm; the first column does not look like gene identifiers",Development and validation of a high-throughput screening pi,COAD
GSE276336,SKIP,COAD,6,341.0 KB,culture,the samples declare culture (CELL_LINE): ht-29,"the abstract mentions CELL_LINE, which the sample records did not confirm; only 6 samples (< 10): small studies are usually mechanistic experiments on cell lines",ZEB1-mediated Epithelial to Mesenchymal Transition in Colore,COAD
GSE310282,AMBIGUOUS,COAD,11,697.0 KB,tissue,the first column does not look like gene identifiers,the first column does not look like gene identifiers,RNAseq of colonic epithelial and lamina propria-derived Treg,COAD
GSE304295,SKIP,COAD,24,4.4 MB,culture,"the 'raw' counts contain decimals, so they are not counts; the samples declare culture (CELL_LINE): hct116","the abstract mentions CELL_LINE, which the sample records did not confirm",Effect of adenoviral E1A on oxaliplatin response in oxalipla,COAD
GSE291524,SKIP,COAD,18,4.0 MB,culture,"the samples declare culture (CELL_LINE, ORGANOID): pdo4","the abstract mentions NOT_TISSUE, which the sample records did not confirm","ColoStem, a core transcriptional signature that identifies p",COAD
GSE306909,SKIP,COAD,19,3.0 MB,culture,the samples declare culture (CELL_LINE): ls174t,"the abstract mentions CELL_LINE, ORGANOID, XENOGRAFT, NOT_RNASEQ, which the sample records did not confirm; the matrix has 7 numeric columns but GEO declares 19 samples",Enhancer Remodeling-Driven Mevalonate Pathway Confers Resist,COAD
GSE305053,SKIP,COAD,8,10.6 MB,culture,the samples declare culture (CELL_LINE): hct116,only 8 samples (< 10): small studies are usually mechanistic experiments on cell lines,mtROS-driven Sp1-dependent retrograde signaling promotes col,COAD
GSE283029,SKIP,COAD,8,771.5 KB,culture,the samples declare culture (CELL_LINE): hct116,only 8 samples (< 10): small studies are usually mechanistic experiments on cell lines; the first column does not look like gene identifiers,Sequencing data of AQP2-specific inhibitor Steviol against c,COAD
GSE285503,SKIP,COAD,4,664.0 KB,tissue,"the 'raw' counts contain decimals, so they are not counts",,Fibroblast-Derived Thrombospondin 2 Shapes the Immune-Exclus,COAD
GSE280384,DOWNLOAD,COAD,17,4.7 MB,tissue,tissue confirmed,,Mesenchymal Colorectal Cancers Secrete Vesicles With Unique ,COAD
GSE309532,SKIP,COAD,8,2.4 MB,culture,the samples declare culture (CELL_LINE): sw480,"the abstract mentions CELL_LINE, ORGANOID, XENOGRAFT, which the sample records did not confirm; only 8 samples (< 10): small studies are usually mechanistic experiments on cell lines",SPOCK1 activates Wnt/β-Catenin signaling to drive colorectal,COAD
GSE255745,SKIP,COAD,6,860.0 KB,culture,the samples declare culture (CELL_LINE): 8mgba,"the abstract mentions CELL_LINE, NOT_RNASEQ, which the sample records did not confirm; only 6 samples (< 10): small studies are usually mechanistic experiments on cell lines",S-SETMAR in the biogenesis of glioblastoma : a protective ro,COAD
GSE288179,SKIP,UNKNOWN,105,3.5 MB,culture,"the samples declare culture (CELL_LINE, ORGANOID): hsi27","the abstract mentions ORGANOID, which the sample records did not confirm; the abstract names no cancer type clearly; the matrix has 37 numeric columns but GEO declares 105 samples",Differential response of patient-derived intestinal organoid,COAD
GSE308900,SKIP,COAD,11,724.0 KB,culture,the samples declare culture (CELL_LINE): hct116,,Mechanism Study of Ganoderma Triterpenoid Extracts Inhibitin,COAD
GSE308083,SKIP,COAD,6,256.0 KB,culture,sample-type flag in the matrix header: CELL_LINE; the samples declare culture (CELL_LINE): sw620,"the abstract mentions CELL_LINE, ORGANOID, which the sample records did not confirm; only 6 samples (< 10): small studies are usually mechanistic experiments on cell lines",OSBPL3 Drives Colorectal Cancer Progression via Hippo-YAP Si,COAD
GSE300002,SKIP,COAD,12,564.0 KB,culture,the samples declare culture (CELL_LINE): hct116,"the abstract mentions CELL_LINE, which the sample records did not confirm; the first column does not look like gene identifiers",Tumor suppressor genes p53 and p21 influence metformin’s ant,COAD
GSE294823,SKIP,COAD,8,638.0 KB,culture,"the samples declare culture (CELL_LINE, ORGANOID): patient-derived tumor organoids (pdo)",only 8 samples (< 10): small studies are usually mechanistic experiments on cell lines,A plastic EMP1⁺ to LGR5⁺ cell state conversion as a therapeu,COAD
GSE308653,SKIP,COAD,50,6.6 MB,culture,the samples declare culture (XENOGRAFT): mcrc pdx,"the abstract mentions XENOGRAFT, which the sample records did not confirm; the matrix has 23 numeric columns but GEO declares 50 samples",YAP-driven stemness and TEAD-induced neuroendocrine cells dr,COAD
GSE214129,SKIP,UNKNOWN,447,6.3 MB,culture,the samples declare culture (CELL_LINE): k562 cells,"the abstract mentions SINGLE_CELL, which the sample records did not confirm; the abstract names no cancer type clearly; the matrix has 137 numeric columns but GEO declares 447 samples",Precisely controlled cell-cell interactions with single-cell,COAD
GSE277585,SKIP,UNKNOWN,18,823.0 KB,culture,the samples declare culture (CELL_LINE): hct116,"the abstract mentions NON_HUMAN, which the sample records did not confirm; the abstract names no cancer type clearly",The Ashkenazi-centric G334R variant of TP53 is severely impa,COAD
GSE275021,SKIP,COAD,9,562.0 KB,culture,the samples declare culture (CELL_LINE): hct116,"the abstract mentions CELL_LINE, which the sample records did not confirm; only 9 samples (< 10): small studies are usually mechanistic experiments on cell lines",SDR42E1 modulates vitamin D absorption and cancer pathogenes,COAD
GSE308351,SKIP,COAD,12,3.2 MB,culture,sample-type flag in the matrix header: CELL_LINE; sample-type flag inside GSE308351_SW_DEG_Analysis.csv.gz: CELL_LINE; the samples declare culture (CELL_LINE): peo4,"the abstract mentions CELL_LINE, which the sample records did not confirm",A Tale of Two Cell Lines: Characterization of differential e,COAD
GSE261294,SKIP,COAD,12,792.0 KB,culture,the samples declare culture (CELL_LINE): c10,"the abstract mentions CELL_LINE, which the sample records did not confirm",Study of the transcriptomic changes induced by Aurora A inhi,COAD
GSE285466,SKIP,COAD,4,1.3 MB,culture,the samples declare culture (CELL_LINE): dld-1,"only 4 samples (< 10): small studies are usually mechanistic experiments on cell lines; the counts are in .xlsx, which cannot be read from a byte range: check by hand that the values are whole and the columns are tissue",SLC6A8-mediated creatine uptake suppresses ERK2-FSP1 signali,COAD
GSE297244,SKIP,COAD,8,1.2 MB,culture,"the 'raw' counts contain decimals, so they are not counts; the samples declare culture (CELL_LINE): hct116",only 8 samples (< 10): small studies are usually mechanistic experiments on cell lines,Comprehensive Transcriptome Profiling Unveils the Oncolytic ,COAD
GSE273457,SKIP,COAD,6,476.0 KB,culture,the samples declare culture (CELL_LINE): hct116,"the abstract mentions CELL_LINE, NON_HUMAN, which the sample records did not confirm; only 6 samples (< 10): small studies are usually mechanistic experiments on cell lines",Small nucleolar RNA SNORA67 regulates DLGAP5-activated Wnt p,COAD
GSE303855,SKIP,UNKNOWN,45,182.5 MB,culture,sample-type flag inside filelist.txt: CELL_LINE; the samples declare culture (CELL_LINE): hct116,the abstract names no cancer type clearly; the matrix has 8 numeric columns but GEO declares 45 samples,Mechanistic and Epigenetic Partitioning of Lamina-Associated,COAD
GSE283230,SKIP,COAD,6,326.0 KB,culture,the samples declare culture (CELL_LINE): hct116,only 6 samples (< 10): small studies are usually mechanistic experiments on cell lines,Nuclease CAD restrains cGAS-STING signaling to inhibit radio,COAD
GSE294276,SKIP,COAD,6,563.0 KB,culture,"the samples declare culture (CELL_LINE, XENOGRAFT): hct116 xenograft tumor","the abstract mentions CELL_LINE, ORGANOID, XENOGRAFT, NON_HUMAN, which the sample records did not confirm; only 6 samples (< 10): small studies are usually mechanistic experiments on cell lines","Microbial Bile acid metabolite, 3-oxo-LCA, prohibits colorec",COAD
GSE304081,DOWNLOAD,COAD,12,821.0 KB,tissue,tissue confirmed,,3D collagen high-throughput screen identifies drugs that ind,COAD
GSE299799,SKIP,COAD,12,680.0 KB,tissue,"the 'raw' counts contain decimals, so they are not counts",,A deep learning framework for the reconstruction of gene exp,COAD
GSE253699,SKIP,COAD,6,2.2 MB,culture,the samples declare culture (CELL_LINE): hct116,"the abstract mentions CELL_LINE, NOT_TISSUE, which the sample records did not confirm; only 6 samples (< 10): small studies are usually mechanistic experiments on cell lines",The mechanism of FSTL3 in the progression of colon cancer,COAD
GSE245085,SKIP,COAD,28,1.3 MB,culture,"the samples declare culture (CELL_LINE, XENOGRAFT): hct116",,Glutaminase as a metabolic target of choice to counter acqui,COAD
GSE302922,DOWNLOAD,COAD,12,602.0 KB,tissue,tissue confirmed,,"Phase I/II trial of encorafenib, cetuximab, and nivolumab in",COAD
GSE302921,AMBIGUOUS,COAD,50,934.0 KB,unstated,"the abstract mentions NOT_TISSUE, which the sample records did not confirm; the samples declare neither tissue nor cell line, so the type could not be confirmed","the abstract mentions NOT_TISSUE, which the sample records did not confirm; the samples declare neither tissue nor cell line, so the type could not be confirmed","Phase I/II trial of encorafenib, cetuximab, and nivolumab in",COAD
GSE285638,SKIP,UNKNOWN,12,1.2 MB,culture,"the 'raw' counts contain decimals, so they are not counts; the samples declare culture (CELL_LINE): hct116 tim-maid",the abstract names no cancer type clearly,The DNA-PKcs/JNK/p53 pathway underlies changes in cell fate ,COAD
GSE298560,SKIP,COAD,6,451.0 KB,culture,the samples declare another organ: kidney,"the abstract mentions CELL_LINE, ORGANOID, XENOGRAFT, NON_HUMAN, which the sample records did not confirm; only 6 samples (< 10): small studies are usually mechanistic experiments on cell lines",SMARCA3 is a histone H3K23 ubiquitin ligase that regulates H,COAD
GSE299345,SKIP,UNKNOWN,18,563.0 KB,culture,the samples declare culture (CELL_LINE): mhcc-97h,the abstract names no cancer type clearly,Exon Skipping of Ste20-Like Kinase Enhances Glycolysis and T,COAD
GSE264227,DOWNLOAD,COAD,42,685.0 KB,tissue,tissue confirmed,,Effect of pharmacological inhibition of SMYD3 on gene expres,COAD
GSE298808,SKIP,COAD,12,133.0 MB,culture,"the 'raw' counts contain decimals, so they are not counts; sample-type flag in the matrix header: CELL_LINE; the samples declare culture (CELL_LINE): sw480",,Synergistic effects of 5-Fluorouracil in combination with Sa,COAD
GSE287078,SKIP,COAD,30,3.8 MB,culture,the samples declare culture (CELL_LINE): cell line,"the abstract mentions NON_HUMAN, which the sample records did not confirm",Time- and Dose-Dependent Effects of Irradiation on Endotheli,COAD
GSE270525,SKIP,COAD,6,5.0 MB,culture,the samples declare culture (CELL_LINE): hct-8,"the abstract mentions CELL_LINE, which the sample records did not confirm; only 6 samples (< 10): small studies are usually mechanistic experiments on cell lines",CD8(+) T cells cell-in-cell mediates colorectal cancer progr,COAD
GSE262672,AMBIGUOUS,COAD,33,6.9 MB,tissue,"the counts are in .xlsx, which cannot be read from a byte range: check by hand that the values are whole and the columns are tissue","the counts are in .xlsx, which cannot be read from a byte range: check by hand that the values are whole and the columns are tissue",NanoCMSer: A Clinically Applicable Tool for Stratification o,COAD
GSE262671,AMBIGUOUS,COAD,113,20.0 MB,tissue,"the counts are in .xlsx, which cannot be read from a byte range: check by hand that the values are whole and the columns are tissue","the counts are in .xlsx, which cannot be read from a byte range: check by hand that the values are whole and the columns are tissue",NanoCMSer: A Clinically Applicable Tool for Stratification o,COAD
GSE262670,AMBIGUOUS,COAD,25,5.1 MB,tissue,"the counts are in .xlsx, which cannot be read from a byte range: check by hand that the values are whole and the columns are tissue","the counts are in .xlsx, which cannot be read from a byte range: check by hand that the values are whole and the columns are tissue",NanoCMSer: A Clinically Applicable Tool for Stratification o,COAD
GSE292288,SKIP,UNKNOWN,18,3.8 MB,culture,the samples declare culture (CELL_LINE): hct116,the abstract names no cancer type clearly,Separation-of-function mutants reveal the NF-κB-independent ,COAD
GSE268527,SKIP,COAD,6,1.3 MB,culture,"the 'raw' counts contain decimals, so they are not counts; the samples declare culture (CELL_LINE): hct116","the abstract mentions CELL_LINE, which the sample records did not confirm; only 6 samples (< 10): small studies are usually mechanistic experiments on cell lines","Isolation, Structure Elucidation, and Biological Activity of",COAD
GSE285726,SKIP,COAD,18,784.0 KB,culture,"the samples declare culture (CELL_LINE): ft240, #t0762-gvo-abm","the abstract mentions CELL_LINE, ORGANOID, which the sample records did not confirm; the matrix has 6 numeric columns but GEO declares 18 samples",Targeting cancer through simultaneous inhibition of key meta,COAD
GSE288583,SKIP,COAD,10,944.0 KB,culture,"the 'raw' counts contain decimals, so they are not counts; the samples declare culture (CELL_LINE): ls180","the abstract mentions CELL_LINE, which the sample records did not confirm",Identification of a novel intracellular function of the secr,COAD
GSE245139,SKIP,UNKNOWN,45,28.6 MB,culture,"the 'raw' counts contain decimals, so they are not counts; the samples declare another organ: leukemi","the abstract mentions NOT_TISSUE, which the sample records did not confirm; the abstract names no cancer type clearly; the matrix has 124 numeric columns but GEO declares 45 samples",Long circulating RNAs identified as biomarker candidates for,COAD
GSE287014,SKIP,COAD,6,2.3 MB,culture,sample-type flag in the matrix header: CELL_LINE; the samples declare culture (CELL_LINE): sw480,only 6 samples (< 10): small studies are usually mechanistic experiments on cell lines,CNOT7 Promotes Radiation Resistance in Colorectal Cancer via,COAD
GSE288086,AMBIGUOUS,COAD,9,18.4 MB,unstated,"only 9 samples (< 10): small studies are usually mechanistic experiments on cell lines; the samples declare neither tissue nor cell line, so the type could not be confirmed","only 9 samples (< 10): small studies are usually mechanistic experiments on cell lines; the samples declare neither tissue nor cell line, so the type could not be confirmed",Development of RelB-Targeting Small Molecule Inhibitors of N,COAD
GSE294754,SKIP,COAD,4,142.0 KB,culture,the samples declare culture: inkt cells,"the abstract mentions ORGANOID, NON_HUMAN, which the sample records did not confirm; only 4 samples (< 10): small studies are usually mechanistic experiments on cell lines",MiNK-215: Allogeneic FAP-CAR-IL15 iNKT therapy remodels tumo,COAD
GSE292379,SKIP,COAD,9,1.9 MB,culture,the samples declare culture (CELL_LINE): sw620,"the abstract mentions CELL_LINE, which the sample records did not confirm; only 9 samples (< 10): small studies are usually mechanistic experiments on cell lines; the first column does not look like gene identifiers",RNAseq analysis of streptomycin on SW620 colon cancer cell l,COAD
GSE200407,DOWNLOAD,COAD,22,716.0 KB,tissue,tissue confirmed,,RNA-seq between  between FOLFOX chemotherapy sensitivity and,COAD
GSE262144,SKIP,COAD,4,667.0 KB,culture,"the 'raw' counts contain decimals, so they are not counts; the samples declare culture: colon","the abstract mentions NOT_RNASEQ, which the sample records did not confirm; only 4 samples (< 10): small studies are usually mechanistic experiments on cell lines",C1Q + TPP1 + macrophages promote colon cancer progression th,COAD
GSE280311,DOWNLOAD,COAD,12,321.2 KB,tissue,tissue confirmed,,Characterization of immune cell populations in the tumor mic,COAD
GSE261717,SKIP,COAD,10,651.0 KB,culture,"the 'raw' counts contain decimals, so they are not counts; the samples declare culture (CELL_LINE, ORGANOID): organoid","the abstract mentions ORGANOID, NOT_RNASEQ, which the sample records did not confirm",Effect of fructose on human colon DNA methylation: implicati,COAD
GSE290475,SKIP,COAD,6,5.6 MB,culture,the samples declare culture (CELL_LINE): hct8,"the abstract mentions CELL_LINE, which the sample records did not confirm; only 6 samples (< 10): small studies are usually mechanistic experiments on cell lines; the counts are in .xlsx, which cannot be read from a byte range: check by hand that the values are whole and the columns are tissue",Next generation sequencing to identify KDM4A regulating sign,COAD
GSE289818,SKIP,UNKNOWN,6,2.2 MB,culture,sample-type flag in the matrix header: CELL_LINE; the samples declare culture (CELL_LINE): ht29,"the abstract mentions NON_HUMAN, NOT_TISSUE, which the sample records did not confirm; the abstract names no cancer type clearly; only 6 samples (< 10): small studies are usually mechanistic experiments on cell lines",Lipid droplets impair anti-tumor immunity by disrupting IFNG,COAD
GSE268199,SKIP,COAD,9,386.0 KB,culture,sample-type flag in the matrix header: CELL_LINE; the samples declare culture (CELL_LINE): ht29,"the abstract mentions NOT_RNASEQ, which the sample records did not confirm; only 9 samples (< 10): small studies are usually mechanistic experiments on cell lines",Proteasome inhibition induces alteration of DNA methylation ,COAD
GSE287597,SKIP,COAD,55,6.8 MB,culture,the samples declare culture (CELL_LINE): 1247 csc,"the abstract mentions CELL_LINE, which the sample records did not confirm",THE INTEGRATIVE GENOMIC AND FUNCTIONAL IMMUNOLOGICAL ANALYSE,COAD
GSE289758,SKIP,COAD,6,5.7 MB,culture,the samples declare culture (CELL_LINE): hct116,"the abstract mentions CELL_LINE, which the sample records did not confirm; only 6 samples (< 10): small studies are usually mechanistic experiments on cell lines",IGF2BP3 enhances ferroptosis resistance in colon cancer by s,COAD
GSE270613,SKIP,COAD,4,1.3 MB,culture,the samples declare culture (CELL_LINE): cno375,only 4 samples (< 10): small studies are usually mechanistic experiments on cell lines,Targeting CAFs-Mediated Stromal Signaling in a Patient-Deriv,COAD
GSE255122,SKIP,ESCA,13,1.1 MB,unstated,"the 'raw' counts contain decimals, so they are not counts","the abstract mentions NOT_RNASEQ, which the sample records did not confirm; the text points at ESCA, not COAD; the samples declare neither tissue nor cell line, so the type could not be confirmed",Cancer-associated fibroblasts reveal aberrant DNA methylatio,COAD
GSE288482,AMBIGUOUS,UNKNOWN,52,2.2 MB,tissue,the abstract names no cancer type clearly,the abstract names no cancer type clearly,Integration activity of evolutionarily recent human retroele,COAD
GSE197313,SKIP,COAD,4,4.1 MB,culture,the samples declare another organ: kidney,"only 4 samples (< 10): small studies are usually mechanistic experiments on cell lines; the counts are in .xlsx, which cannot be read from a byte range: check by hand that the values are whole and the columns are tissue",Using VBIM technique to discover ARMC4/ODAD2 as a novel nega,COAD
GSE273626,SKIP,COAD,4,8.5 MB,culture,the samples declare culture (CELL_LINE): ht115,"the abstract mentions SINGLE_CELL, which the sample records did not confirm; only 4 samples (< 10): small studies are usually mechanistic experiments on cell lines; the counts are in .gz, which cannot be read from a byte range: check by hand that the values are whole and the columns are tissue",Chemical perturbations impacting histone acetylation regulat,COAD
GSE288275,SKIP,UNKNOWN,24,1.0 MB,culture,the samples declare culture (CELL_LINE): sum159,"the abstract mentions XENOGRAFT, which the sample records did not confirm; the abstract names no cancer type clearly; the first column does not look like gene identifiers",Inhibition of the STAT3/Fanconi anemia axis is synthetic let,COAD
GSE272835,SKIP,COAD,8,755.0 KB,tissue,"the 'raw' counts contain decimals, so they are not counts; the identifiers are transcripts, not genes",,A novel USP4 inhibitor suppresses colorectal cancer stemness,COAD
GSE285698,SKIP,UNKNOWN,12,3.1 MB,culture,the samples declare culture (CELL_LINE): hct116 cells,the abstract names no cancer type clearly,DNA topological regulation by topoisomerase IIβ-DNA-PK inter,COAD
GSE274551,AMBIGUOUS,COAD,35,1.1 MB,tissue,the first column does not look like gene identifiers,the first column does not look like gene identifiers,Novel PET/CT Imaging Biomarkers of CB-839 in Combination Wit,COAD
GSE244319,SKIP,COAD,8,2.3 MB,culture,the samples declare culture (CELL_LINE): colo205,only 8 samples (< 10): small studies are usually mechanistic experiments on cell lines,Oxidative phosphorylation inhibition with IACS-010759 treatm,COAD
GSE251958,SKIP,COAD,21,1.1 MB,culture,the samples declare culture (ORGANOID): metastatic colorectal tumor organoids,"the abstract mentions CELL_LINE, ORGANOID, which the sample records did not confirm",Predicting patient outcome based on gene-expression biomarke,COAD
GSE284657,SKIP,COAD,12,3.5 MB,culture,sample-type flag in the matrix header: CELL_LINE; the samples declare culture (CELL_LINE): hct116,"the abstract mentions CELL_LINE, which the sample records did not confirm",lncSLERT promotes liver metastasis in colorectal cancer by d,COAD
GSE245475,SKIP,COAD,6,277.0 KB,culture,the samples declare culture (CELL_LINE): sw620,"the abstract mentions CELL_LINE, which the sample records did not confirm; only 6 samples (< 10): small studies are usually mechanistic experiments on cell lines; the first column does not look like gene identifiers",FH enhances the therapeutic effect of PD-1 inhibitors on col,COAD
GSE160109,SKIP,COAD,12,447.0 KB,culture,the samples declare culture (CELL_LINE): hct-116,"the abstract mentions CELL_LINE, which the sample records did not confirm; the title is about non-coding RNA, so gene-level counts may be a by-product",Transcriptomic and miRNA analysis of control versus treated ,COAD
GSE259370,SKIP,UNKNOWN,11,1.4 MB,culture,the samples declare culture: colon,"the abstract mentions CELL_LINE, which the sample records did not confirm; the abstract names no cancer type clearly",Analysis of  a pair of HCA-7 derived cells with low expressi,COAD
GSE276623,SKIP,UNKNOWN,12,1.4 MB,culture,the samples declare culture (CELL_LINE): hct116,"the abstract mentions CELL_LINE, which the sample records did not confirm; the abstract names no cancer type clearly",Human RNaseH2 subunit upregulation counteracts oncogene- and,COAD
GSE245860,SKIP,COAD,12,874.0 KB,culture,"the 'raw' counts contain decimals, so they are not counts; sample-type flag in the matrix header: CELL_LINE; the samples declare culture (CELL_LINE): hct116","the abstract mentions CELL_LINE, which the sample records did not confirm",YTHDC1 affects the ubiquitination level of RAD51 by negative,COAD
GSE278476,SKIP,COAD,89,15.6 MB,culture,the samples declare culture (NOT_TISSUE): pbmc,"the abstract mentions NOT_TISSUE, which the sample records did not confirm",Pre-vaccination transcriptomic profiles of immune responders,COAD
GSE272516,SKIP,UNKNOWN,6,1.2 MB,culture,the samples declare culture (CELL_LINE): hct116,"the abstract mentions CELL_LINE, which the sample records did not confirm; the abstract names no cancer type clearly; only 6 samples (< 10): small studies are usually mechanistic experiments on cell lines",Sequestration of ribosomal subunits as inactive 80S by targe,COAD
GSE243188,SKIP,LIHC,28,2.0 MB,tissue,"the 'raw' counts contain decimals, so they are not counts","the text points at LIHC, not COAD",Epithelial barrier function and its underlying mechanical re,COAD
GSE268979,SKIP,COAD,12,698.0 KB,culture,the samples declare culture (CELL_LINE): ht29,"the abstract mentions CELL_LINE, which the sample records did not confirm",PTEN depletion reduces global levels of H3K27me3 to promote ,COAD
GSE278405,SKIP,COAD,16,1.0 MB,unstated,"the 'raw' counts contain decimals, so they are not counts","the samples declare neither tissue nor cell line, so the type could not be confirmed",Phenotypic plasticity and increased tissue infiltration of T,COAD
GSE248558,SKIP,COAD,12,2.7 MB,culture,the samples declare culture (CELL_LINE): ls513,"the abstract mentions ORGANOID, NON_HUMAN, which the sample records did not confirm; the counts are in .xlsx, which cannot be read from a byte range: check by hand that the values are whole and the columns are tissue",Enterocyte like differentiation defines metabolic gene signa,COAD
GSE281408,SKIP,COAD,16,13.0 MB,culture,"the 'raw' counts contain decimals, so they are not counts; sample-type flag in the matrix header: CELL_LINE; the samples declare culture (CELL_LINE): sw620","the abstract mentions CELL_LINE, which the sample records did not confirm; the matrix has 73 numeric columns but GEO declares 16 samples",TNF-α inhibits the chemotherapy resistance caused by upregul,COAD
GSE280188,SKIP,COAD,4,201.0 KB,culture,the samples declare culture (CELL_LINE): hct116,only 4 samples (< 10): small studies are usually mechanistic experiments on cell lines,Neratinib derivative 7A induces apoptosis in colon cancer ce,COAD
GSE219194,SKIP,COAD,6,311.0 KB,culture,sample-type flag in the matrix header: CELL_LINE; the samples declare culture (CELL_LINE): ipsc-ec,only 6 samples (< 10): small studies are usually mechanistic experiments on cell lines,SND1 is a novel regulator of endothelial function,COAD
GSE255105,SKIP,COAD,51,9.6 MB,culture,sample-type flag in the matrix header: CELL_LINE; sample-type flag inside filelist.txt: CELL_LINE; the samples declare culture (CELL_LINE): hct116,"the abstract mentions CELL_LINE, NON_HUMAN, NOT_RNASEQ, which the sample records did not confirm",Transcriptome Analysis of Human Cancer Cells with Depleted o,COAD
GSE236701,SKIP,UNKNOWN,2,25.0 MB,culture,"the 'raw' counts contain decimals, so they are not counts; sample-type flag in the matrix header: CELL_LINE; the samples declare culture (CELL_LINE): hct116","the abstract mentions CELL_LINE, which the sample records did not confirm; the abstract names no cancer type clearly; only 2 samples (< 10): small studies are usually mechanistic experiments on cell lines; the matrix has 10 numeric columns but GEO declares 2 samples",Effect of knockdown of KAT7 on gene expression in HCT116 cel,COAD
GSE249009,SKIP,COAD,48,2.3 MB,culture,"the 'raw' counts contain decimals, so they are not counts; sample-type flag in the matrix header: CELL_LINE; the samples declare culture (CELL_LINE): hct116 atf4 deficient","the abstract mentions CELL_LINE, which the sample records did not confirm",RNA sequencing analysis of isoginkgetin and thapsigargin tre,COAD
GSE278692,SKIP,COAD,22,1.0 GB,culture,the samples declare culture (CELL_LINE): colorectal cancer tissue,"the counts are in .gz, which cannot be read from a byte range: check by hand that the values are whole and the columns are tissue",IL-12 drives the expression of the inhibitory receptor NKG2A,COAD
GSE261895,SKIP,COAD,18,2.4 MB,culture,the samples declare culture (CELL_LINE): hela,,Disruption of deoxynucleotide biosynthesis leads to RASproto,COAD
GSE275553,SKIP,COAD,4,201.0 KB,culture,the samples declare culture (CELL_LINE): hct116,"the abstract mentions CELL_LINE, which the sample records did not confirm; only 4 samples (< 10): small studies are usually mechanistic experiments on cell lines",A novel Nilotinib derivative N-12 inhibits the proliferation,COAD
GSE255875,SKIP,COAD,6,855.0 KB,culture,"the samples declare culture (CELL_LINE, NOT_TISSUE): dld-1","the abstract mentions SINGLE_CELL, NOT_TISSUE, which the sample records did not confirm; the title is about non-coding RNA, so gene-level counts may be a by-product; only 6 samples (< 10): small studies are usually mechanistic experiments on cell lines",5-Fluorouracil Treatment Represses Pseudouridine-Containing ,COAD
GSE276849,SKIP,COAD,20,917.0 KB,culture,the samples declare culture (CELL_LINE): hct-15,"the abstract mentions CELL_LINE, NOT_RNASEQ, which the sample records did not confirm",Prognostic and diagnostic value of metal metabolism in color,COAD
GSE264565,SKIP,COAD,12,2.7 MB,culture,the samples declare culture (CELL_LINE): mv-4-11,"the abstract mentions XENOGRAFT, NON_HUMAN, NOT_RNASEQ, which the sample records did not confirm",Development of a First-in-Class DNMT1/HDAC Inhibitor with Im,COAD
GSE254279,SKIP,COAD,6,453.0 KB,culture,the samples declare culture (XENOGRAFT): b1003,"the abstract mentions XENOGRAFT, NOT_RNASEQ, which the sample records did not confirm; only 6 samples (< 10): small studies are usually mechanistic experiments on cell lines",Epigenome reprogramming through H3K27 and H3K4 trimethylatio,COAD
GSE247535,SKIP,COAD,6,13.6 MB,culture,the samples declare culture (CELL_LINE): sw-480,"the abstract mentions CELL_LINE, which the sample records did not confirm; only 6 samples (< 10): small studies are usually mechanistic experiments on cell lines; the matrix has 466 numeric columns but GEO declares 6 samples",Gene expression changes induced by overexpression of PJA2 in,COAD
GSE275190,SKIP,COAD,4,201.0 KB,culture,the samples declare culture (CELL_LINE): hct116,"the abstract mentions SINGLE_CELL, which the sample records did not confirm; only 4 samples (< 10): small studies are usually mechanistic experiments on cell lines",A Novel Piperine Derivative Inhibits Colorectal Cancer Progr,COAD
GSE275391,SKIP,COAD,16,1.6 MB,culture,the samples declare culture: nk cells transduced with msln-car,"the abstract mentions XENOGRAFT, NON_HUMAN, which the sample records did not confirm",Nonpathogenic E. coli displaying decoy-resistant IL18 mutein,COAD
GSE241076,SKIP,COAD,6,984.0 KB,culture,the samples declare culture (CELL_LINE): mc38,"the abstract mentions NON_HUMAN, NOT_TISSUE, which the sample records did not confirm; only 6 samples (< 10): small studies are usually mechanistic experiments on cell lines",Inhibition of circulating glycocholic acid-regulated signali,COAD
GSE242786,DOWNLOAD,COAD,15,773.0 KB,tissue,tissue confirmed,,Molecular differentiation between complete and incomplete re,COAD
GSE253560,AMBIGUOUS,UNKNOWN,70,2.5 MB,unstated,"the abstract names no cancer type clearly; the first column does not look like gene identifiers; the samples declare neither tissue nor cell line, so the type could not be confirmed","the abstract names no cancer type clearly; the first column does not look like gene identifiers; the samples declare neither tissue nor cell line, so the type could not be confirmed",Transcriptome and microbiome-immune changes across preinvasi,COAD
GSE246987,SKIP,UNKNOWN,59,374.1 MB,unstated,sample-type flag inside GSE246987_metadata.txt.gz: NOT_TISSUE,"the abstract mentions SINGLE_CELL, which the sample records did not confirm; the abstract names no cancer type clearly; the first column does not look like gene identifiers; the samples declare neither tissue nor cell line, so the type could not be confirmed",Mucosal Single-Cell Profiling of Crohn's-Like Disease of the,COAD
GSE246915,SKIP,COAD,6,10.0 MB,culture,sample-type flag in the matrix header: CELL_LINE; sample-type flag inside GSE246915_TargetAndJunction_event_records.txt.gz: CELL_LINE; the samples declare culture (CELL_LINE): sw480,"the abstract mentions CELL_LINE, which the sample records did not confirm; only 6 samples (< 10): small studies are usually mechanistic experiments on cell lines; the first column does not look like gene identifiers; the matrix has 73 numeric columns but GEO declares 6 samples",MORC2 regulates RBM39-mediated CDK5RAP2 alternative splicing,COAD
GSE246909,SKIP,COAD,6,10.2 MB,culture,sample-type flag in the matrix header: CELL_LINE; the samples declare culture (CELL_LINE): sw480,"the abstract mentions CELL_LINE, which the sample records did not confirm; only 6 samples (< 10): small studies are usually mechanistic experiments on cell lines; the first column does not look like gene identifiers; the matrix has 73 numeric columns but GEO declares 6 samples",MORC2 regulates RBM39-mediated CDK5RAP2 alternative splicing,COAD
GSE239681,SKIP,COAD,12,2.1 MB,culture,the samples declare culture (CELL_LINE): jc73,,BET protein-dependent E2F pathway confers bell-shaped type r,COAD
GSE180948,SKIP,COAD,12,617.0 KB,culture,sample-type flag in the matrix header: CELL_LINE; the samples declare culture (CELL_LINE): sw480,"the abstract mentions CELL_LINE, which the sample records did not confirm",RNA-Seq based transcriptome analysis of colorectal cancer ce,COAD
GSE265926,SKIP,COAD,48,10.0 MB,culture,the samples declare culture (CELL_LINE): sw620,"the abstract mentions CELL_LINE, which the sample records did not confirm; the counts are in .xlsx, which cannot be read from a byte range: check by hand that the values are whole and the columns are tissue",Epigenetic and oncogenic inhibitors cooperatively drive diff,COAD
GSE265907,SKIP,COAD,12,3.3 MB,culture,the samples declare culture (CELL_LINE): cell line,"the counts are in .xlsx, which cannot be read from a byte range: check by hand that the values are whole and the columns are tissue",Epigenetic and oncogenic inhibitors cooperatively drive diff,COAD
GSE265906,SKIP,COAD,24,3.1 MB,culture,the samples declare culture (CELL_LINE): cell line,,Epigenetic and oncogenic inhibitors cooperatively drive diff,COAD
GSE242839,SKIP,COAD,29,15.0 MB,culture,the samples declare culture (NOT_TISSUE): tumor macrophages,"the abstract mentions NON_HUMAN, SINGLE_CELL, which the sample records did not confirm",PD-1 is induced on tumor-associated macrophages in obesity t,COAD
GSE246493,SKIP,COAD,12,24.2 MB,culture,the samples declare culture (CELL_LINE): hct116,"the abstract mentions CELL_LINE, NON_HUMAN, which the sample records did not confirm; the counts are in .xlsx, which cannot be read from a byte range: check by hand that the values are whole and the columns are tissue",Effect of depletion of C15ORF48/miR-147 on gene expression i,COAD
GSE262796,SKIP,COAD,18,2.6 MB,culture,the samples declare culture (CELL_LINE): lim1215,the first column does not look like gene identifiers,Gene expression changes associated with acquired resistance ,COAD
GSE243955,SKIP,COAD,6,681.0 KB,culture,the samples declare culture (CELL_LINE): hct116,"the abstract mentions CELL_LINE, XENOGRAFT, NON_HUMAN, which the sample records did not confirm; only 6 samples (< 10): small studies are usually mechanistic experiments on cell lines",EZH2 Inhibition Enhances PD-L1 Protein Stability through USP,COAD
GSE232386,SKIP,LIHC,8,347.0 KB,culture,the samples declare culture (CELL_LINE): hct116,"the text points at LIHC, not COAD; only 8 samples (< 10): small studies are usually mechanistic experiments on cell lines","Transcriptomic analysis of tumor self-seeded cells, primary ",COAD
GSE264145,SKIP,COAD,12,12.9 MB,culture,the samples declare culture (CELL_LINE): hct116,"the abstract mentions CELL_LINE, which the sample records did not confirm; the counts are in .xlsx, which cannot be read from a byte range: check by hand that the values are whole and the columns are tissue",Inhibition of DUSP18 impairs cholesterol biosynthesis and pr,COAD
GSE229613,SKIP,COAD,6,612.0 KB,culture,"the 'raw' counts contain decimals, so they are not counts; sample-type flag in the matrix header: CELL_LINE; the samples declare culture (CELL_LINE): hct116","the abstract mentions CELL_LINE, which the sample records did not confirm; only 6 samples (< 10): small studies are usually mechanistic experiments on cell lines",Inhibitory effect of curcumin on colon cancer cells,COAD
GSE241025,SKIP,COAD,3,4.8 MB,culture,the samples declare culture (CELL_LINE): hct116,"the abstract mentions CELL_LINE, which the sample records did not confirm; only 3 samples (< 10): small studies are usually mechanistic experiments on cell lines; the matrix has 9 numeric columns but GEO declares 3 samples",TCF7L1 regulates colorectal cancer cell migration and invasi,COAD
GSE266892,SKIP,UNKNOWN,18,1.0 MB,culture,the samples declare culture (CELL_LINE): hct116,the abstract names no cancer type clearly,A genome-wide screen for peroxisome regulators connects pero,COAD
GSE249870,SKIP,COAD,12,18.1 MB,culture,the samples declare culture (CELL_LINE): ht-29,"the abstract mentions CELL_LINE, which the sample records did not confirm; the counts are in .xlsx, which cannot be read from a byte range: check by hand that the values are whole and the columns are tissue",Effect of 4-HDHA during TNF-induced HT-29 cells apoptosis,COAD
GSE267317,SKIP,COAD,9,750.0 KB,culture,the samples declare culture (CELL_LINE): ht-29,"the abstract mentions CELL_LINE, which the sample records did not confirm; only 9 samples (< 10): small studies are usually mechanistic experiments on cell lines",Fusobacterium nucleatum upregulates the immune inhibitory re,COAD
GSE261182,SKIP,COAD,10,352.0 KB,culture,the samples declare culture (CELL_LINE): flo-1,"the abstract mentions CELL_LINE, which the sample records did not confirm",Novel FOXM1 Inhibitor STL001 sensitizes different human canc,COAD
GSE255344,SKIP,COAD,12,2.6 MB,culture,"the 'raw' counts contain decimals, so they are not counts; the identifier column is '﻿Transcript_ID', so the rows are not genes; sample-type flag in the matrix header: CELL_LINE; the samples declare another organ: bladder","the abstract mentions CELL_LINE, ORGANOID, XENOGRAFT, NON_HUMAN, which the sample records did not confirm",KMT9 is an actionable target in muscle-invasive bladder canc,COAD
GSE244968,SKIP,COAD,6,523.0 KB,tissue,"the 'raw' counts contain decimals, so they are not counts",,Expression data from human colorectal cancer tissues and the,COAD
GSE242676,DOWNLOAD,COAD,48,7.9 MB,tissue,tissue confirmed,,Exploiting a subtype-specific mitochondrial vulnerability fo,COAD
GSE247742,AMBIGUOUS,COAD,14,491.0 KB,tissue,the first column does not look like gene identifiers,the first column does not look like gene identifiers,RNA sequencing of sort-purified ILC3s from IBD patients,COAD
GSE248274,SKIP,COAD,18,487.0 KB,culture,the samples declare culture: colon,"the abstract mentions CELL_LINE, ORGANOID, which the sample records did not confirm",Vitamin D opposes multilineage cell differentiation induced ,COAD
GSE251845,DOWNLOAD,COAD,44,2.1 MB,tissue,tissue confirmed,,Identification of unique gene expression and splicing events,COAD
GSE246896,SKIP,COAD,12,870.0 KB,culture,the samples declare culture (ORGANOID): colon,"the abstract mentions ORGANOID, which the sample records did not confirm; the first column does not look like gene identifiers",EGFR is a target of the tumor suppressor E3-ligase FBXW7,COAD
GSE216561,SKIP,COAD,113,3.0 MB,culture,sample-type flag in the matrix header: NOT_TISSUE; the samples declare culture (NOT_TISSUE): plasma,"the abstract mentions NOT_TISSUE, which the sample records did not confirm",Depletion-assisted multiplexing cell-free RNA sequencing rev,COAD
GSE245133,SKIP,UNKNOWN,12,528.0 KB,culture,the samples declare culture (CELL_LINE): ovcar3,"the abstract mentions SINGLE_CELL, which the sample records did not confirm; the abstract names no cancer type clearly",RNA-seq of OVCAR3 and CCL218 cancer cells with evolved hydro,COAD
GSE261177,SKIP,COAD,6,865.0 KB,culture,the samples declare culture (CELL_LINE): dld-1,"the abstract mentions CELL_LINE, which the sample records did not confirm; only 6 samples (< 10): small studies are usually mechanistic experiments on cell lines; the counts are in .xlsx, which cannot be read from a byte range: check by hand that the values are whole and the columns are tissue",Pan-cancer bioinformatics analysis of TNFRSF12A and function,COAD
GSE246045,SKIP,COAD,18,3.0 MB,culture,"the 'raw' counts contain decimals, so they are not counts; the samples declare culture (CELL_LINE, ORGANOID): patient-derived organoid","the abstract mentions ORGANOID, which the sample records did not confirm",Chromatin accessibility and transcriptomic responses to HDAC,COAD
GSE227707,SKIP,UNKNOWN,4,833.0 KB,culture,the samples declare culture (CELL_LINE): hct116,the abstract names no cancer type clearly; only 4 samples (< 10): small studies are usually mechanistic experiments on cell lines; the first column does not look like gene identifiers,The nucleoskeleton protein NuMA maintains local chromatin ar,COAD
GSE256268,DOWNLOAD,COAD,42,1.2 MB,tissue,tissue confirmed,,Transcriptomic Profiling of Plasma Extracellular Vesicles En,COAD
GSE255774,SKIP,COAD,31,878.0 KB,culture,sample-type flag in the matrix header: CELL_LINE; the samples declare culture (CELL_LINE): ls1034,"the abstract mentions NOT_TISSUE, which the sample records did not confirm",Transcriptomic Profiling of Plasma Extracellular Vesicles En,COAD
GSE236896,SKIP,COAD,33,356.9 MB,culture,the samples declare culture (CELL_LINE): hct-116,"the abstract mentions CELL_LINE, NOT_RNASEQ, which the sample records did not confirm",Select EZH2 inhibitors enhance the viral mimicry effects of ,COAD
GSE220728,SKIP,COAD,20,5.6 MB,culture,the samples declare culture (CELL_LINE): caco-2,,5’ isoforms of miR-1246 have distinct targets and stronger f,COAD
GSE205035,SKIP,COAD,36,1.6 MB,culture,the samples declare culture (CELL_LINE): locally advanced rectal cancer (larc) tissue,the matrix has 8 numeric columns but GEO declares 36 samples,Targeting CDK4/6 epigenetically impairs DNA damage repair to,COAD
GSE231560,SKIP,COAD,15,6.6 MB,culture,the samples declare another organ: ovar,"the abstract mentions CELL_LINE, which the sample records did not confirm; the matrix has 64 numeric columns but GEO declares 15 samples",Alternative splicing at a broad spectrum of target genes und,COAD
GSE250091,SKIP,COAD,6,429.0 KB,culture,the samples declare culture (CELL_LINE): hct8,"the abstract mentions CELL_LINE, which the sample records did not confirm; only 6 samples (< 10): small studies are usually mechanistic experiments on cell lines",Next generation sequencing to identify GPT1 regulating signa,COAD
GSE255163,DOWNLOAD,COAD,30,2.2 MB,tissue,tissue confirmed,,Th17 cells secrete TWEAK to trigger epithelial-mesenchymal t,COAD
GSE254461,AMBIGUOUS,UNKNOWN,57,3.0 MB,tissue,the abstract names no cancer type clearly,the abstract names no cancer type clearly,Machine-learning model based on glycosyltransferase expressi,COAD
GSE245402,SKIP,COAD,12,377.0 KB,culture,the samples declare culture (CELL_LINE): caco-2,"the abstract mentions CELL_LINE, which the sample records did not confirm",Effect of lysosomal alkalinization on nutrient-rich and nutr,COAD
GSE232193,SKIP,COAD,8,1.3 MB,culture,sample-type flag in the matrix header: CELL_LINE; the samples declare culture (CELL_LINE): sw480,"the abstract mentions CELL_LINE, which the sample records did not confirm; only 8 samples (< 10): small studies are usually mechanistic experiments on cell lines",Effect of knockdown or overexpression of CYP1B1 on gene expr,COAD
GSE222298,AMBIGUOUS,UNKNOWN,36,4.2 MB,unstated,"the abstract mentions NOT_TISSUE, which the sample records did not confirm; the title is about non-coding RNA, so gene-level counts may be a by-product; the abstract names no cancer type clearly; the samples declare neither tissue nor cell line, so the type could not be confirmed","the abstract mentions NOT_TISSUE, which the sample records did not confirm; the title is about non-coding RNA, so gene-level counts may be a by-product; the abstract names no cancer type clearly; the samples declare neither tissue nor cell line, so the type could not be confirmed",Modulation of fecal miRNA highlights the preventive effects ,COAD
GSE252858,SKIP,COAD,18,784.0 KB,culture,the samples declare culture (CELL_LINE): vaco432,"the abstract mentions CELL_LINE, which the sample records did not confirm",The anticancer Ruthenium drug BOLD-100 regulates apoptosis o,COAD
GSE221795,SKIP,UNKNOWN,4,295.0 KB,culture,the samples declare culture (CELL_LINE): sw480,the abstract names no cancer type clearly; only 4 samples (< 10): small studies are usually mechanistic experiments on cell lines,E-7386 IS NOT A SPECIFIC CBP/β-CATENIN ANTAGONIST,COAD
GSE247359,SKIP,COAD,7,1.7 MB,culture,the samples declare culture (CELL_LINE): pdo7 gs605,"the abstract mentions ORGANOID, SINGLE_CELL, which the sample records did not confirm; only 7 samples (< 10): small studies are usually mechanistic experiments on cell lines; the counts are in .xlsx, which cannot be read from a byte range: check by hand that the values are whole and the columns are tissue",Membrane to cortex attachment determines different mechanica,COAD
GSE250118,SKIP,COAD,8,1.7 MB,culture,"the 'raw' counts contain decimals, so they are not counts; sample-type flag in the matrix header: CELL_LINE; the samples declare culture (CELL_LINE): sw480","the abstract mentions CELL_LINE, which the sample records did not confirm; only 8 samples (< 10): small studies are usually mechanistic experiments on cell lines",KRAS inhibition impacts chromatin organization and transcrip,COAD
GSE250117,SKIP,COAD,8,1.8 MB,culture,"the 'raw' counts contain decimals, so they are not counts; the samples declare culture (CELL_LINE): ls174t","the abstract mentions CELL_LINE, which the sample records did not confirm; only 8 samples (< 10): small studies are usually mechanistic experiments on cell lines",KRAS inhibition impacts chromatin organization and transcrip,COAD
GSE249954,SKIP,COAD,8,4.2 MB,culture,"the 'raw' counts contain decimals, so they are not counts; sample-type flag in the matrix header: CELL_LINE; the samples declare culture (CELL_LINE): hct116","the abstract mentions CELL_LINE, which the sample records did not confirm; only 8 samples (< 10): small studies are usually mechanistic experiments on cell lines",KRAS inhibition impacts chromatin organization and transcrip,COAD
GSE246781,SKIP,COAD,4,4.4 MB,culture,the samples declare culture (CELL_LINE): hct116,"the abstract mentions CELL_LINE, which the sample records did not confirm; only 4 samples (< 10): small studies are usually mechanistic experiments on cell lines",Epigenetically Down-Regulated BRCA2 through Acetyltransferas,COAD
GSE248373,SKIP,COAD,8,1.7 MB,culture,the samples declare culture (CELL_LINE): hct116,"the abstract mentions ORGANOID, XENOGRAFT, NON_HUMAN, which the sample records did not confirm; only 8 samples (< 10): small studies are usually mechanistic experiments on cell lines",Jiedu Xiaozheng Yin extract targets cancer stem cell signali,COAD
GSE226377,SKIP,COAD,10,9.2 MB,culture,the samples declare culture (CELL_LINE): ht29,"the abstract mentions CELL_LINE, NOT_RNASEQ, which the sample records did not confirm",Pharmacological modulation of H3K9me2 deposition in human co,COAD
GSE160089,SKIP,COAD,8,508.0 KB,culture,the samples declare culture (CELL_LINE): dld1,"the abstract mentions CELL_LINE, ORGANOID, XENOGRAFT, which the sample records did not confirm; only 8 samples (< 10): small studies are usually mechanistic experiments on cell lines",Pharmacological target dysfunction cell  cycle pathways indu,COAD
GSE245680,SKIP,COAD,8,456.0 KB,culture,the samples declare culture (CELL_LINE): hct116,"the abstract mentions CELL_LINE, which the sample records did not confirm; only 8 samples (< 10): small studies are usually mechanistic experiments on cell lines; the first column does not look like gene identifiers",Pien Tze Huang induces reactive oxygen species to inhibit co,COAD
GSE181011,SKIP,COAD,6,856.6 KB,culture,"the samples declare culture (CELL_LINE, ORGANOID): colon cancer organoids","the abstract mentions ORGANOID, which the sample records did not confirm; only 6 samples (< 10): small studies are usually mechanistic experiments on cell lines",Only the loss-of-function but not the gain-of-function prope,COAD
GSE211831,DOWNLOAD,COAD,30,1.9 MB,tissue,tissue confirmed,,Plasma Multi-omics Nucleic Acid Landscape of Gastrointestina,COAD
GSE186587,SKIP,COAD,127,3.9 MB,culture,the samples declare culture (NOT_TISSUE): plasma,"the abstract mentions NOT_TISSUE, which the sample records did not confirm",Plasma Multi-omics Nucleic Acid Landscape of Gastrointestina,COAD
GSE244082,SKIP,COAD,14,3.4 MB,culture,"the samples declare culture (CELL_LINE, ORGANOID): organoids","the abstract mentions ORGANOID, XENOGRAFT, which the sample records did not confirm",several colorectal cancer patient derived tumor organoid RNA,COAD
GSE243245,SKIP,LIHC,123,3.4 MB,unstated,sample-type flag in the matrix header: CELL_LINE,"the abstract mentions SINGLE_CELL, NOT_TISSUE, which the sample records did not confirm; the text points at LIHC, not COAD; the samples declare neither tissue nor cell line, so the type could not be confirmed",Crosstalk between myeloid and B cells shapes the distinct mi,COAD
GSE242673,SKIP,COAD,33,16.0 MB,culture,the samples declare culture (CELL_LINE): ht29,"the counts are in .xlsx, which cannot be read from a byte range: check by hand that the values are whole and the columns are tissue",Effects of different forms of Anthocyanins on growth inhibit,COAD
GSE235850,AMBIGUOUS,COAD,10,4.4 MB,tissue,"the title is about non-coding RNA, so gene-level counts may be a by-product","the title is about non-coding RNA, so gene-level counts may be a by-product",RNA-Seq profiling of circular RNAs in colorectal cancer and ,COAD
GSE205935,SKIP,UNKNOWN,16,39.0 MB,culture,"the 'raw' counts contain decimals, so they are not counts; sample-type flag in the matrix header: CELL_LINE; the samples declare culture (CELL_LINE): k562",the abstract names no cancer type clearly; the first column does not look like gene identifiers,capTEs enables locus-specific dissection of transcriptional ,COAD
GSE119603,SKIP,COAD,12,465.0 KB,culture,sample-type flag in the matrix header: CELL_LINE; the samples declare culture (CELL_LINE): hct116,"the abstract mentions CELL_LINE, which the sample records did not confirm",Differential ncRNAs of oxaliplatin-resistant versus parental,COAD
GSE230067,SKIP,COAD,15,902.8 KB,culture,"the 'raw' counts contain decimals, so they are not counts; sample-type flag inside GSE230067_SummaryStats.csv.gz: NOT_RNASEQ; the samples declare culture (ORGANOID): colon organoid","the abstract mentions CELL_LINE, ORGANOID, which the sample records did not confirm",Assessment of colorectal cancer risk factors through the app,COAD
GSE183150,DOWNLOAD,COAD,60,2.5 MB,tissue,tissue confirmed,,Exercise Training Influences Inflammatory and Immune Systems,COAD
GSE218236,SKIP,UNKNOWN,9,1.4 MB,culture,sample-type flag inside GSE218236_WT_vs_P.txt.gz: CELL_LINE; the samples declare culture (CELL_LINE): hct116,the abstract names no cancer type clearly; only 9 samples (< 10): small studies are usually mechanistic experiments on cell lines,RNAPII-dependent ATM signaling at collisions with replicatio,COAD
GSE237996,SKIP,UNKNOWN,10,2.4 MB,culture,the samples declare culture (CELL_LINE): sw620,"the abstract mentions CELL_LINE, NOT_RNASEQ, which the sample records did not confirm; the abstract names no cancer type clearly; the counts are in .xlsx, which cannot be read from a byte range: check by hand that the values are whole and the columns are tissue",Tiam1 methylation by NSD2 promotes Rac1 signaling activation,COAD
GSE207268,SKIP,UNKNOWN,48,11.4 MB,culture,"the 'raw' counts contain decimals, so they are not counts; the samples declare culture (CELL_LINE): hct116","the abstract mentions CELL_LINE, which the sample records did not confirm; the abstract names no cancer type clearly; the matrix has 8 numeric columns but GEO declares 48 samples","Effect of INTS11, INTS9, CPSF73 knockdown on transcription",COAD
GSE232869,SKIP,UNKNOWN,122,799.0 KB,culture,sample-type flag inside filelist.txt: NOT_RNASEQ; the samples declare culture (CELL_LINE): dld-1,the abstract names no cancer type clearly; the matrix has 12 numeric columns but GEO declares 122 samples,Distinct layers of BRD4-PTEFb reveal bromodomain-independent,COAD
GSE200130,DOWNLOAD,COAD,37,5.6 MB,tissue,tissue confirmed,,Revealing and harnessing CD39 for the treatment of colorecta,COAD
GSE200129,DOWNLOAD,COAD,42,5.9 MB,tissue,tissue confirmed,,Revealing and harnessing CD39 for the treatment of colorecta,COAD
GSE234615,SKIP,UNKNOWN,16,710.0 KB,culture,the samples declare culture (CELL_LINE): hct116,"the abstract mentions CELL_LINE, which the sample records did not confirm; the abstract names no cancer type clearly",Transcriptome analyses by RNA-seq with NELFE knockdown and E,COAD
GSE206582,SKIP,COAD,72,5.7 MB,culture,the samples declare culture (CELL_LINE): colo320,,Identifying colorectal cancer-specific vulnerabilities in th,COAD
GSE180480,SKIP,COAD,54,3.0 MB,culture,"the samples declare culture (CELL_LINE, ORGANOID): mtb15","the abstract mentions ORGANOID, which the sample records did not confirm",RNA-Seq to probe transcription of patient-derived organotypi,COAD
GSE208203,SKIP,COAD,10,3.9 MB,culture,"the 'raw' counts contain decimals, so they are not counts; sample-type flag inside GSE208203_gene_expression.txt.gz: CELL_LINE; the samples declare culture (CELL_LINE, NOT_TISSUE): hct116","the abstract mentions CELL_LINE, which the sample records did not confirm",The diapause-like colorectal cancer cells induced by SMC4 at,COAD
GSE173448,SKIP,UNKNOWN,4,395.0 KB,culture,the samples declare culture (CELL_LINE): hct116,the abstract names no cancer type clearly; only 4 samples (< 10): small studies are usually mechanistic experiments on cell lines,ORC1 binds to cis-transcribed RNAs for efficient activation ,COAD
GSE211221,SKIP,COAD,16,853.3 KB,culture,the samples declare culture (ORGANOID): right colon,"the abstract mentions ORGANOID, which the sample records did not confirm",Multi-omic colon organoid analysis highlight MSH4 as a marke,COAD
GSE233517,AMBIGUOUS,COAD,22,690.0 KB,unstated,"the samples declare neither tissue nor cell line, so the type could not be confirmed","the samples declare neither tissue nor cell line, so the type could not be confirmed",Neoadjuvant chemoradiation alters biomarkers of anticancer i,COAD
GSE226549,SKIP,UNKNOWN,12,4.9 MB,culture,the samples declare culture (CELL_LINE): hct116,"the abstract mentions CELL_LINE, which the sample records did not confirm; the abstract names no cancer type clearly",Resveratrol attenuates the mitochondrial RNA-mediated cellul,COAD
GSE230524,AMBIGUOUS,CHOL,226,5.4 MB,tissue,"the text points at CHOL, not COAD; the first column does not look like gene identifiers","the text points at CHOL, not COAD; the first column does not look like gene identifiers",Antigen-driven colonic inflammation is associated with devel,COAD
GSE225738,SKIP,UNKNOWN,16,54.8 MB,culture,the samples declare culture (CELL_LINE): hct116,"the abstract mentions CELL_LINE, which the sample records did not confirm; the abstract names no cancer type clearly; the counts are in .xlsx, which cannot be read from a byte range: check by hand that the values are whole and the columns are tissue",Chemoproteomic Mapping of Glycolytic Targetome in Cancer Cel,COAD
GSE149241,SKIP,COAD,16,1.2 MB,culture,"the 'raw' counts contain decimals, so they are not counts; the identifier column is 'Transcript', so the rows are not genes; the samples declare culture (CELL_LINE, NON_HUMAN, XENOGRAFT): cell culture/human cancer cell line","the abstract mentions CELL_LINE, NON_HUMAN, which the sample records did not confirm",Bacteroides fragilis toxin induces epithelial-to-mesenchymal,COAD
GSE211433,SKIP,COAD,8,275.0 KB,culture,"the samples declare culture (CELL_LINE, ORGANOID): tpo3/akp","the abstract mentions ORGANOID, which the sample records did not confirm; only 8 samples (< 10): small studies are usually mechanistic experiments on cell lines",Multi-omics of colon tumor progression organoids reveals put,COAD
GSE219181,SKIP,COAD,6,3.9 MB,culture,the samples declare culture (CELL_LINE): sw480,"the abstract mentions CELL_LINE, NON_HUMAN, which the sample records did not confirm; the title is about non-coding RNA, so gene-level counts may be a by-product; only 6 samples (< 10): small studies are usually mechanistic experiments on cell lines; the matrix has 29 numeric columns but GEO declares 6 samples",LncRNA EPR transcriptional activity controls intestinal mucu,COAD
GSE227910,SKIP,UNKNOWN,30,81.6 MB,culture,sample-type flag in the matrix header: CELL_LINE; sample-type flag inside filelist.txt: CELL_LINE; the samples declare culture (CELL_LINE): hct116,"the abstract mentions CELL_LINE, which the sample records did not confirm; the abstract names no cancer type clearly","Treatment of 1,25(OH)2D3 or Antagonist in HCT116 WT and VDRK",COAD
GSE209535,SKIP,COAD,13,399.0 KB,culture,the samples declare culture: colorectal cancer stem-like cells (colorectosphere),"the abstract mentions CELL_LINE, XENOGRAFT, which the sample records did not confirm; the title is about non-coding RNA, so gene-level counts may be a by-product",miRNA-483-3p overexpression unleashes invasive growth of met,COAD
GSE226034,SKIP,COAD,6,6.4 MB,culture,the samples declare culture (ORGANOID): organoids,"only 6 samples (< 10): small studies are usually mechanistic experiments on cell lines; the counts are in .xlsx, which cannot be read from a byte range: check by hand that the values are whole and the columns are tissue",Gene Expression Profiles Associated with Radio-Responsivenes,COAD
GSE180941,SKIP,UNKNOWN,22,2.3 MB,culture,"the 'raw' counts contain decimals, so they are not counts; sample-type flag in the matrix header: CELL_LINE; the samples declare culture (CELL_LINE): a549","the abstract mentions CELL_LINE, which the sample records did not confirm; the abstract names no cancer type clearly",Cancer Cell Resistance to IFNγ Can Occur via Enhanced Double,COAD
GSE225392,SKIP,COAD,24,1.3 MB,culture,the samples declare culture (CELL_LINE): ht-29,"the abstract mentions CELL_LINE, which the sample records did not confirm",Effect of depletion of GPRC5A on gene expression in HT-29 ce,COAD
GSE223605,SKIP,COAD,21,11.6 MB,culture,"the 'raw' counts contain decimals, so they are not counts; the samples declare culture (CELL_LINE): atcc caco-2","the abstract mentions CELL_LINE, ORGANOID, SINGLE_CELL, which the sample records did not confirm",A Leaky Human Colon Model Reveals Uncoupled Apical/Basal Cyt,COAD
GSE198697,SKIP,COAD,72,6.1 MB,tissue,"the 'raw' counts contain decimals, so they are not counts",,Patient-derived organoid fibroblast co-cultures closely mimi,COAD
GSE223118,SKIP,COAD,12,13.0 MB,culture,"the 'raw' counts contain decimals, so they are not counts; sample-type flag in the matrix header: CELL_LINE; the samples declare culture (CELL_LINE): hct116","the abstract mentions CELL_LINE, which the sample records did not confirm",Hypoxia-induced cysteine metabolism reprogramming are crucia,COAD
GSE222521,SKIP,UNKNOWN,6,474.0 KB,culture,sample-type flag in the matrix header: CELL_LINE; the samples declare culture (CELL_LINE): hct116,"the abstract mentions CELL_LINE, NOT_RNASEQ, which the sample records did not confirm; the abstract names no cancer type clearly; only 6 samples (< 10): small studies are usually mechanistic experiments on cell lines",Pan-cancer analysis revealed H3K4me1 at bivalent promoters p,COAD
GSE221180,SKIP,COAD,115,3.6 MB,culture,the samples declare culture (CELL_LINE): hct116,"the abstract mentions CELL_LINE, SINGLE_CELL, which the sample records did not confirm",Cancer cells enter an adaptive persistence to survive radiot,COAD
GSE213472,SKIP,COAD,12,400.0 KB,unstated,"the identifier column is 'transcript', so the rows are not genes; the identifiers are transcripts, not genes","the samples declare neither tissue nor cell line, so the type could not be confirmed",Ribosome dynamics following arginine deprivation in colon ca,COAD
GSE221925,SKIP,COAD,62,1.6 MB,culture,the samples declare culture (NOT_TISSUE): pbmc,"the abstract mentions CELL_LINE, which the sample records did not confirm",PFKFB3 overexpression in monocytes of patients with colon bu,COAD
GSE92945,SKIP,COAD,21,2.0 MB,tissue,"the 'raw' counts contain decimals, so they are not counts",,Methylome and transcriptome sequencing to study epigenetic a,COAD
GSE86179,SKIP,COAD,12,771.0 KB,culture,the samples declare culture (CELL_LINE): hct116 colon cancer cell line,"the abstract mentions CELL_LINE, which the sample records did not confirm",Knockdowns of total NFYA and a NFYA long 3’ UTR isoform foll,COAD
GSE210384,SKIP,COAD,8,2.8 MB,culture,"the 'raw' counts contain decimals, so they are not counts; sample-type flag inside filelist.txt: CELL_LINE; the samples declare culture (CELL_LINE): dld-1","the abstract mentions CELL_LINE, which the sample records did not confirm; only 8 samples (< 10): small studies are usually mechanistic experiments on cell lines",RNA-seq analysis of human colorectal cancer cells with NAT10,COAD
GSE213896,SKIP,COAD,70,26.5 MB,culture,the samples declare another organ: lung,"the abstract mentions ORGANOID, NON_HUMAN, which the sample records did not confirm",Gene expression profiling analysis of RNA-seq data for color,COAD
GSE207194,AMBIGUOUS,COAD,61,3.3 MB,tissue,the first column does not look like gene identifiers,the first column does not look like gene identifiers,CD8+ CD226high T cells in liver metastases dictate the progn,COAD
GSE203120,SKIP,COAD,6,829.0 KB,culture,"the 'raw' counts contain decimals, so they are not counts; the samples declare culture (CELL_LINE): hct116","the abstract mentions CELL_LINE, which the sample records did not confirm; only 6 samples (< 10): small studies are usually mechanistic experiments on cell lines","Chemical genomic screen identifies SP2509, WT hTERT specific",COAD
GSE191323,SKIP,COAD,6,1.1 MB,culture,the samples declare culture (CELL_LINE): ccd18co,"the abstract mentions CELL_LINE, SINGLE_CELL, which the sample records did not confirm; only 6 samples (< 10): small studies are usually mechanistic experiments on cell lines",Characterization  of normal fibroblast transcriptomes upon t,COAD
GSE175803,SKIP,COAD,26,591.4 KB,culture,sample-type flag in the matrix header: CELL_LINE; sample-type flag inside filelist.txt: CELL_LINE; the samples declare culture (CELL_LINE): hct116,the matrix has 8 numeric columns but GEO declares 26 samples,m6Am RNA methyltransferases PCIF1 regulate tumorigenesis of ,COAD
GSE202073,SKIP,COAD,12,646.1 KB,culture,sample-type flag in the matrix header: CELL_LINE; sample-type flag inside filelist.txt: CELL_LINE; the samples declare culture (CELL_LINE): hct116,"the abstract mentions CELL_LINE, which the sample records did not confirm",EHF and CDX1 co-operate to drive extensive transcriptional r,COAD
GSE216455,SKIP,COAD,4,6.9 MB,culture,the samples declare culture (CELL_LINE): cancer cells,"the abstract mentions XENOGRAFT, which the sample records did not confirm; only 4 samples (< 10): small studies are usually mechanistic experiments on cell lines; the first column does not look like gene identifiers",Synthetical lethality of Werner helicase and mismatch repair,COAD
GSE215838,SKIP,COAD,18,706.0 KB,culture,the samples declare culture (CELL_LINE): dld1,"the abstract mentions CELL_LINE, which the sample records did not confirm",Effect of depletion of ZNF692 on gene expression in  DLD1 co,COAD
GSE207398,SKIP,COAD,13,660.7 KB,culture,the samples declare culture (ORGANOID): colon organoid,"the abstract mentions ORGANOID, which the sample records did not confirm",Seeking insights into early onset colorectal cancer through ,COAD
GSE196168,SKIP,COAD,72,2.3 MB,culture,the samples declare culture (ORGANOID): colon organoid,"the abstract mentions ORGANOID, SINGLE_CELL, which the sample records did not confirm",Transcriptomic response to calcium in normal colon organoids,COAD
GSE138202,AMBIGUOUS,COAD,16,804.0 KB,unstated,"the samples declare neither tissue nor cell line, so the type could not be confirmed","the samples declare neither tissue nor cell line, so the type could not be confirmed",Next Generation Sequencing of CRC tissue,COAD
GSE197576,SKIP,UNKNOWN,12,610.0 KB,culture,the samples declare culture (CELL_LINE): sw480 cancer cells,"the abstract mentions CELL_LINE, which the sample records did not confirm; the abstract names no cancer type clearly",RNA-seq of ITPR3 and RELB knockout in SW480 under normoxia a,COAD
GSE213331,AMBIGUOUS,COAD,27,6.1 MB,tissue,the first column does not look like gene identifiers,the first column does not look like gene identifiers,Identification of four immune subtypes in locally advanced r,COAD
GSE196006,DOWNLOAD,COAD,42,1.8 MB,tissue,tissue confirmed,,Transcriptome analysis implicates MYC as a driver of early o,COAD
GSE145482,SKIP,COAD,8,825.0 KB,culture,the samples declare culture (CELL_LINE): hct116 cell,only 8 samples (< 10): small studies are usually mechanistic experiments on cell lines,MANIO: Mechanism of wild-type and mutant p53 activation and ,COAD
GSE192400,AMBIGUOUS,COAD,6,2.5 MB,unstated,"only 6 samples (< 10): small studies are usually mechanistic experiments on cell lines; the samples declare neither tissue nor cell line, so the type could not be confirmed","only 6 samples (< 10): small studies are usually mechanistic experiments on cell lines; the samples declare neither tissue nor cell line, so the type could not be confirmed",Gene expression of THP-1 macrophages co-cultured with F. nuc,COAD
GSE204973,SKIP,COAD,6,402.0 KB,culture,sample-type flag in the matrix header: CELL_LINE; the samples declare culture (CELL_LINE): hct-8,"the abstract mentions CELL_LINE, which the sample records did not confirm; only 6 samples (< 10): small studies are usually mechanistic experiments on cell lines",Next generation sequencing to identify PNISR regulating alte,COAD
GSE182386,SKIP,COAD,54,1.6 MB,culture,sample-type flag in the matrix header: CELL_LINE; the samples declare culture (CELL_LINE): sw480 cancer cells,"the abstract mentions CELL_LINE, which the sample records did not confirm",RNA-seq of SW480 colorectal cancer cells transfected with si,COAD
GSE182257,SKIP,COAD,6,462.0 KB,culture,sample-type flag in the matrix header: CELL_LINE; the samples declare culture (CELL_LINE): sw480 cancer cells,"the abstract mentions CELL_LINE, which the sample records did not confirm; only 6 samples (< 10): small studies are usually mechanistic experiments on cell lines",RNA-seq of ITPR3 knockout in SW480 colorectal cancer metasta,COAD
GSE196982,SKIP,UNKNOWN,8,6.5 MB,culture,the samples declare culture (CELL_LINE): sw480,"the abstract mentions CELL_LINE, which the sample records did not confirm; the abstract names no cancer type clearly; only 8 samples (< 10): small studies are usually mechanistic experiments on cell lines; the counts are in .xlsx, which cannot be read from a byte range: check by hand that the values are whole and the columns are tissue",Eukaryotic initiation factor 5A2 regulates expression of ant,COAD
GSE208278,SKIP,PAAD,8,550.0 KB,culture,the samples declare culture (CELL_LINE): km12,"the abstract mentions CELL_LINE, ORGANOID, XENOGRAFT, NON_HUMAN, which the sample records did not confirm; the text points at PAAD, not COAD; only 8 samples (< 10): small studies are usually mechanistic experiments on cell lines",Oncogene addiction to GNAS in GNASR201 mutant tumors,COAD
GSE208310,SKIP,COAD,14,2.5 MB,culture,"sample-type flag in the matrix header: CELL_LINE; the samples declare culture (CELL_LINE, XENOGRAFT): ht-29","the abstract mentions CELL_LINE, XENOGRAFT, which the sample records did not confirm; the first column does not look like gene identifiers",Spontaneous metastasis xenograft models link CD44 isoform 4 ,COAD
GSE178862,SKIP,COAD,6,317.5 KB,culture,the samples declare culture (CELL_LINE): sw480,"the abstract mentions CELL_LINE, which the sample records did not confirm; only 6 samples (< 10): small studies are usually mechanistic experiments on cell lines",Downregulation of iNOS/NO Promotes Epithelial-Mesenchymal Tr,COAD
GSE164834,SKIP,COAD,18,679.0 KB,culture,the samples declare culture (CELL_LINE): sw620,"the abstract mentions CELL_LINE, which the sample records did not confirm",Mitochondrial protease Lonp1 localizes to the nucleus in res,COAD
GSE200427,AMBIGUOUS,COAD,4,2.3 MB,tissue,the matrix has 10 numeric columns but GEO declares 4 samples,the matrix has 10 numeric columns but GEO declares 4 samples,Gene expression profiles of colorectal cancer tissues and tu,COAD
GSE183202,AMBIGUOUS,COAD,90,1.4 MB,unstated,"the samples declare neither tissue nor cell line, so the type could not be confirmed","the samples declare neither tissue nor cell line, so the type could not be confirmed",Molecular characterization of colorectal cancer-related peri,COAD
GSE204749,SKIP,COAD,12,1.6 MB,culture,the samples declare culture: ls174t cells,,RNA Polymerase I activity prevents terminal differentiation ,COAD
GSE203017,SKIP,COAD,6,961.0 KB,culture,sample-type flag in the matrix header: CELL_LINE; the samples declare culture (CELL_LINE): sw403,"the abstract mentions CELL_LINE, NON_HUMAN, which the sample records did not confirm; only 6 samples (< 10): small studies are usually mechanistic experiments on cell lines",Genomic alterations drive brain metastases formation in colo,COAD
GSE202744,SKIP,COAD,17,3.7 MB,culture,the samples declare culture (CELL_LINE): yb5,,Selective CDK9 inhibition by natural compound toyocamycin in,COAD
GSE162960,SKIP,COAD,54,3.8 MB,tissue,"the 'raw' counts contain decimals, so they are not counts",,High-Throughput Profiling of Colorectal Cancer Liver Metasta,COAD
GSE153412,SKIP,COAD,54,16.2 MB,culture,"the 'raw' counts contain decimals, so they are not counts; the samples declare culture (CELL_LINE): dld-1","the abstract mentions CELL_LINE, which the sample records did not confirm",Downregulation of KRAB zinc finger proteins in 5-fluorouraci,COAD
GSE174252,SKIP,COAD,48,1.9 MB,culture,the samples declare culture: colorectal cancer cells,"the abstract mentions CELL_LINE, which the sample records did not confirm","Blockade of intrinsic PD-1 promotes survival, chemo resistan",COAD
GSE196900,SKIP,COAD,8,717.0 KB,culture,"the 'raw' counts contain decimals, so they are not counts; the samples declare culture (CELL_LINE): hct116","the abstract mentions CELL_LINE, which the sample records did not confirm; only 8 samples (< 10): small studies are usually mechanistic experiments on cell lines",RNA-seq profiles between human parental and 5-FU drug resist,COAD
GSE195994,SKIP,COAD,15,2.9 MB,culture,"the 'raw' counts contain decimals, so they are not counts; the samples declare culture (CELL_LINE): colorectal adenocarcinoma cells","the abstract mentions NON_HUMAN, which the sample records did not confirm; the matrix has 6 numeric columns but GEO declares 15 samples",Elevated ATGL in colon cancer cells and cancer stem cells pr,COAD
GSE193865,SKIP,COAD,6,6.1 MB,culture,the samples declare culture (CELL_LINE): hct-8,only 6 samples (< 10): small studies are usually mechanistic experiments on cell lines,Increased CD44 expression in low-dose chemotherapeutic treat,COAD
GSE192725,SKIP,COAD,4,479.0 KB,culture,"the 'raw' counts contain decimals, so they are not counts; sample-type flag in the matrix header: CELL_LINE; the samples declare culture (CELL_LINE): rko cells, vector","the abstract mentions CELL_LINE, which the sample records did not confirm; only 4 samples (< 10): small studies are usually mechanistic experiments on cell lines",Integrated Genomic Analysis of Genes encoding ATP-Dependent ,COAD
GSE179979,DOWNLOAD,COAD,7,8.1 KB,tissue,tissue confirmed,,RNA-seq analysis on primary tumor and liver metastatic lesio,COAD
GSE169720,DOWNLOAD,COAD,27,947.0 KB,tissue,tissue confirmed,,Prrx1 is a Master Transcription Factor of myofibroblastic Ca,COAD
GSE165325,SKIP,COAD,20,1.0 MB,culture,the samples declare culture (CELL_LINE): hct-116,"the abstract mentions CELL_LINE, which the sample records did not confirm",Analysis of transcriptional changes associated to proteasome,COAD
GSE172201,SKIP,COAD,6,3.5 MB,culture,"the 'raw' counts contain decimals, so they are not counts; sample-type flag in the matrix header: CELL_LINE; the samples declare culture (CELL_LINE): hct116","the abstract mentions CELL_LINE, which the sample records did not confirm; only 6 samples (< 10): small studies are usually mechanistic experiments on cell lines; the matrix has 21 numeric columns but GEO declares 6 samples",ZKSCAN3 knockout HCT116 colorectal cancer cell line,COAD
GSE163142,SKIP,COAD,58,8.5 MB,culture,"the 'raw' counts contain decimals, so they are not counts; the samples declare culture (CELL_LINE, NON_HUMAN, NOT_RNASEQ, ORGANOID): tumor progression organoid 3","the abstract mentions ORGANOID, NON_HUMAN, which the sample records did not confirm; the matrix has 24 numeric columns but GEO declares 58 samples",Retinoic Acid Signaling Drives Differentiation towards Enter,COAD
GSE189366,SKIP,UNKNOWN,8,2.5 MB,culture,sample-type flag inside GSE189366_Avg_exp.csv.gz: CELL_LINE; the samples declare culture (CELL_LINE): hct116,the abstract names no cancer type clearly; only 8 samples (< 10): small studies are usually mechanistic experiments on cell lines,Evolution of drug resistance in cancer cells involves genera,COAD
GSE167474,SKIP,COAD,16,670.0 KB,culture,sample-type flag in the matrix header: CELL_LINE; the samples declare culture (CELL_LINE): colon cancer cell line hct116,"the abstract mentions XENOGRAFT, NOT_RNASEQ, which the sample records did not confirm",Histone N-terminal acetyltransferase NAA40 links one-carbon ,COAD
GSE153642,SKIP,COAD,4,1.6 MB,culture,the samples declare culture (CELL_LINE): human colorectal carcinoma cells,"the abstract mentions XENOGRAFT, NON_HUMAN, NOT_RNASEQ, which the sample records did not confirm; only 4 samples (< 10): small studies are usually mechanistic experiments on cell lines; the first column does not look like gene identifiers",CBFβ promotes colorectal tumor growth and metastasis in a RU,COAD
GSE186466,DOWNLOAD,COAD,6,5.5 MB,tissue,tissue confirmed,,Transcriptome-wide maps of subcutaneous adipose tissues and ,COAD
GSE185745,SKIP,COAD,12,8.4 MB,culture,the samples declare culture (CELL_LINE): ls180,the matrix has 46 numeric columns but GEO declares 12 samples,An enhancer-driven stem cell-like program mediated by SOX9 b,COAD
GSE185744,SKIP,COAD,15,7.2 MB,culture,the samples declare culture (CELL_LINE): ht115,the matrix has 49 numeric columns but GEO declares 15 samples,An enhancer-driven stem cell-like program mediated by SOX9 b,COAD
GSE174650,SKIP,COAD,74,2.5 MB,culture,the samples declare culture (ORGANOID): colon organoid,"the abstract mentions ORGANOID, SINGLE_CELL, which the sample records did not confirm",Single-cell deconvolution of colon organoids exposed to carc,COAD
GSE183984,SKIP,COAD,113,29.0 MB,tissue,"the 'raw' counts contain decimals, so they are not counts",,"Longitudinal clinico-genomic data generation, drugable targe",COAD
GSE179862,SKIP,COAD,4,1.7 MB,culture,"the 'raw' counts contain decimals, so they are not counts; the samples declare culture (CELL_LINE): ht-29",only 4 samples (< 10): small studies are usually mechanistic experiments on cell lines; the matrix has 12 numeric columns but GEO declares 4 samples,Sturgeon chondroitin sulfates inhibit the proliferation of c,COAD
GSE179975,SKIP,COAD,19,765.0 KB,culture,"the 'raw' counts contain decimals, so they are not counts; the samples declare culture: colon & rectum",,RNA-sequencing of tumor-infiltrated T cells in colorectal tu,COAD
GSE165404,SKIP,UNKNOWN,15,133.0 MB,culture,"the samples declare culture: sorted immune cells (live/dead, cd45+)","the abstract mentions NON_HUMAN, which the sample records did not confirm; the abstract names no cancer type clearly; the matrix has 27788 numeric columns but GEO declares 15 samples",Targeting TREM2 on tumor associated macrophages enhances eff,COAD
GSE156172,DOWNLOAD,COAD,4,203.4 KB,tissue,tissue confirmed,,Combination of Sulindac and Bexarotene for Prevention of Int,COAD
GSE164541,DOWNLOAD,COAD,15,1.1 MB,tissue,tissue confirmed,,Identification of genes associated with the onset of colorec,COAD
GSE171468,DOWNLOAD,COAD,59,12.6 MB,tissue,tissue confirmed,,Genome-wide maps of colorectal cancer diagnosis and toxicity,COAD
GSE182382,SKIP,UNKNOWN,9,1.5 MB,culture,the samples declare culture (CELL_LINE): colorectal cancer cell line,"the abstract mentions CELL_LINE, NOT_TISSUE, which the sample records did not confirm; the abstract names no cancer type clearly; only 9 samples (< 10): small studies are usually mechanistic experiments on cell lines",Effects of Mettl3 and Alkbh5 knockdown on total RNA,COAD
GSE136011,SKIP,COAD,12,472.0 KB,culture,the samples declare culture (CELL_LINE): colorectal cancer cells,"the abstract mentions CELL_LINE, which the sample records did not confirm",NRF2 signalling associated with radioresistance in colorecta,COAD
GSE180475,SKIP,COAD,34,3.6 MB,culture,sample-type flag in the matrix header: CELL_LINE; the samples declare culture (CELL_LINE): hct116,"the abstract mentions CELL_LINE, ORGANOID, which the sample records did not confirm",ARID1A loss derepresses human endogenous retrovirus-H to mod,COAD
GSE162826,SKIP,UNKNOWN,16,831.0 KB,culture,the samples declare culture (CELL_LINE): hct116,the abstract names no cancer type clearly,STL427944 suppresses FOXM1 via nuclear export and subsequent,COAD
GSE165814,AMBIGUOUS,COAD,8,327.0 KB,tissue,the first column does not look like gene identifiers,the first column does not look like gene identifiers,Dysregulation of ILC3s unleashes progression and immunothera,COAD
GSE166925,DOWNLOAD,COAD,96,11.2 MB,tissue,tissue confirmed,,RNA-sequencing of whole tissue samples from patients with in,COAD
GSE162561,SKIP,COAD,12,1.9 MB,culture,the samples declare culture (CELL_LINE): #8,,Adipose stromal cell niche reprograms the colorectal cancer ,COAD
GSE178839,SKIP,COAD,9,476.0 KB,culture,the samples declare culture (CELL_LINE): hct116_cancerous_colorectal_cell_polysome_fu10,"the abstract mentions CELL_LINE, XENOGRAFT, which the sample records did not confirm; only 9 samples (< 10): small studies are usually mechanistic experiments on cell lines",Alteration of ribosome function upon 5-fluorouracil treatmen,COAD
GSE178698,DOWNLOAD,COAD,12,458.0 KB,tissue,tissue confirmed,,RNA sequencing of chronically damage human colon organoids v,COAD
GSE157004,SKIP,COAD,33,14.3 MB,culture,sample-type flag inside GSE157004_P12Nearly_P12Ntissue_filtered_somatic_funcotated_short.vcf.gz: NOT_RNASEQ; the samples declare culture (ORGANOID): tissue,"the abstract mentions ORGANOID, which the sample records did not confirm",Integrated -Omics Analyses Demonstrate that Patient-Derived ,COAD
GSE176285,SKIP,UNKNOWN,8,1.3 MB,culture,the samples declare culture (CELL_LINE): colorectal adenocarcinoma cell lines,"the abstract mentions CELL_LINE, which the sample records did not confirm; the abstract names no cancer type clearly; only 8 samples (< 10): small studies are usually mechanistic experiments on cell lines",RNA polymerase II is necessary for spatial chromatin reorgan,COAD
GSE153385,SKIP,UNKNOWN,81,2.3 MB,culture,"the samples declare culture (CELL_LINE, NON_HUMAN): stem cell","the abstract mentions CELL_LINE, NON_HUMAN, which the sample records did not confirm; the abstract names no cancer type clearly",Gene Expression Profiling of Mismatch Repair Deficient Intes,COAD
GSE156082,SKIP,COAD,9,928.0 KB,culture,the samples declare culture (CELL_LINE): dld1 colorectal cancer cell line,"the abstract mentions CELL_LINE, NOT_RNASEQ, which the sample records did not confirm; only 9 samples (< 10): small studies are usually mechanistic experiments on cell lines",Genome-scale CRISPR-Cas9 screen of Wnt/β-catenin signalling ,COAD
GSE174519,SKIP,COAD,10,3.8 MB,tissue,"the 'raw' counts contain decimals, so they are not counts",,Expression profiles for lymph node metastasis in I-III color,COAD
GSE152958,SKIP,UNKNOWN,21,741.0 KB,culture,the samples declare culture (CELL_LINE): hct116 cells,"the abstract mentions CELL_LINE, which the sample records did not confirm; the abstract names no cancer type clearly",Gene expression changes upon siCTNNB1 and compound treatment,COAD
GSE158591,SKIP,COAD,12,1.3 MB,culture,the samples declare culture (CELL_LINE): hct116 cells,"the abstract mentions CELL_LINE, which the sample records did not confirm",NUDT21 regulates intron detention of the SAM synthetase MAT2,COAD
GSE152258,SKIP,UNKNOWN,11,165.0 MB,culture,"the 'raw' counts contain decimals, so they are not counts; the samples declare culture (CELL_LINE): hct116","the abstract mentions CELL_LINE, NOT_RNASEQ, which the sample records did not confirm; the abstract names no cancer type clearly; the first column does not look like gene identifiers; the matrix has 3 numeric columns but GEO declares 11 samples",Non-canonical immune response to inhibition of DNA methylati,COAD
GSE149426,SKIP,COAD,6,8.2 MB,culture,the samples declare culture (CELL_LINE): hct116,"the abstract mentions CELL_LINE, which the sample records did not confirm; only 6 samples (< 10): small studies are usually mechanistic experiments on cell lines; the first column does not look like gene identifiers",Overexpression of CYGB led to differential gene expression i,COAD
GSE155098,SKIP,COAD,41,25.5 MB,culture,the samples declare culture (SINGLE_CELL): tumor immune cells,"the abstract mentions CELL_LINE, NON_HUMAN, which the sample records did not confirm; the matrix has 8 numeric columns but GEO declares 41 samples",The loss of RNA N 6-adenosine methyltransferase Mettl14 in t,COAD
GSE112628,SKIP,COAD,6,416.0 KB,culture,the samples declare culture (CELL_LINE): ht29,"the abstract mentions CELL_LINE, which the sample records did not confirm; only 6 samples (< 10): small studies are usually mechanistic experiments on cell lines",RNA-sequence results of knockdown ETV5 in Human CRC cell lin,COAD
GSE159353,SKIP,UNKNOWN,6,480.0 KB,culture,"the 'raw' counts contain decimals, so they are not counts; sample-type flag in the matrix header: CELL_LINE; the samples declare culture (CELL_LINE): hela","the abstract mentions CELL_LINE, which the sample records did not confirm; the abstract names no cancer type clearly; only 6 samples (< 10): small studies are usually mechanistic experiments on cell lines",EphA2-SE-KO RNA-seq,COAD
GSE112568,SKIP,COAD,8,2.2 MB,culture,the samples declare culture (CELL_LINE): sw620,"the abstract mentions CELL_LINE, which the sample records did not confirm; only 8 samples (< 10): small studies are usually mechanistic experiments on cell lines",Gene Expression Profiling of Estrogen Signaling in Colon Can,COAD
GSE112565,SKIP,COAD,16,2.8 MB,culture,the samples declare culture (CELL_LINE): sw620,"the abstract mentions CELL_LINE, which the sample records did not confirm",Gene Expression Profiling of Estrogen Signaling in Colon Can,COAD
GSE162104,SKIP,COAD,60,2.0 MB,culture,the samples declare culture (CELL_LINE): colorectal cancer,"the abstract mentions CELL_LINE, which the sample records did not confirm",RNAseq of primary colorectal cancer cell lines.,COAD
GSE165115,SKIP,COAD,28,8.1 MB,culture,"the identifier column is 'Transcript', so the rows are not genes; the identifiers are transcripts, not genes; the samples declare culture: crc cancerous colorectal cell â control sample","the abstract mentions CELL_LINE, which the sample records did not confirm",FTO-mediated cytoplasmic m6Am demethylation adjusts stem-lik,COAD
GSE124993,SKIP,COAD,6,556.0 KB,culture,the samples declare culture (CELL_LINE): established cell lines(hct116),"the abstract mentions CELL_LINE, which the sample records did not confirm; only 6 samples (< 10): small studies are usually mechanistic experiments on cell lines",Genome-wide profiling of mutant p53 unveils a subset of lncR,COAD
GSE145356,SKIP,COAD,25,1.1 MB,culture,the samples declare culture (XENOGRAFT): colorectal cancer,,Colorectal cancer cells possess an equipotent capacity to en,COAD
GSE145249,SKIP,COAD,12,1.8 MB,culture,the samples declare culture (CELL_LINE): hct116,"the abstract mentions CELL_LINE, which the sample records did not confirm",Transcriptional reprogramming of cancer cells upon loss of t,COAD
GSE150050,AMBIGUOUS,UNKNOWN,28,96.8 MB,tissue,the abstract names no cancer type clearly; the matrix has 5640 numeric columns but GEO declares 28 samples,the abstract names no cancer type clearly; the matrix has 5640 numeric columns but GEO declares 28 samples,Tissue-specific transcriptional imprinting and heterogeneity,COAD
GSE162945,AMBIGUOUS,UNKNOWN,20,1.2 MB,tissue,the abstract names no cancer type clearly,the abstract names no cancer type clearly,Stereotactic body radiotherapy is effective in modifying the,COAD
GSE161706,SKIP,UNKNOWN,12,552.2 KB,culture,sample-type flag inside GSE161706_DEXseq.R.gz: XENOGRAFT; the samples declare culture (CELL_LINE): hct116,"the abstract mentions CELL_LINE, which the sample records did not confirm; the abstract names no cancer type clearly; the first column does not look like gene identifiers",MAT2A inhibitor in cancer cell lines,COAD
GSE142314,SKIP,COAD,12,1.5 MB,culture,the samples declare culture: ht-29 cells,,PRMT1 inhibition induces differentiation of colon cancer cel,COAD
GSE160686,AMBIGUOUS,UNKNOWN,18,78.0 MB,tissue,the abstract names no cancer type clearly; the first column does not look like gene identifiers; the matrix has 28331 numeric columns but GEO declares 18 samples,the abstract names no cancer type clearly; the first column does not look like gene identifiers; the matrix has 28331 numeric columns but GEO declares 18 samples,TGFb-blockade uncovers stromal plasticity in tumors by revea,COAD
GSE144319,SKIP,COAD,5,251.0 KB,culture,the samples declare culture (CELL_LINE): sw620,"the abstract mentions NON_HUMAN, which the sample records did not confirm; only 5 samples (< 10): small studies are usually mechanistic experiments on cell lines",MUC1-c is a target for suppressing stemness in the progressi,COAD
GSE156221,SKIP,COAD,6,3.2 MB,culture,"the 'raw' counts contain decimals, so they are not counts; the samples declare culture (CELL_LINE): hct116 colorectal carcinoma cell line","the abstract mentions CELL_LINE, which the sample records did not confirm; only 6 samples (< 10): small studies are usually mechanistic experiments on cell lines; the matrix has 33 numeric columns but GEO declares 6 samples",Anti-cancer activity of Cotyledon orbiculata extract,COAD
GSE152395,SKIP,COAD,74,9.9 MB,tissue,"the 'raw' counts contain decimals, so they are not counts; sample-type flag inside GSE152395_Annot.csv.gz: NON_HUMAN",the first column does not look like gene identifiers,Predicting Impact of Myeloid Cells on T Cells Effector Funct,COAD
GSE158177,SKIP,UNKNOWN,12,3.7 MB,culture,"the 'raw' counts contain decimals, so they are not counts; sample-type flag in the matrix header: CELL_LINE; the samples declare culture (CELL_LINE): colo205","the abstract mentions SINGLE_CELL, which the sample records did not confirm; the abstract names no cancer type clearly",Straightforward extraction of high-quality RNA from glyoxal-,COAD
GSE158632,SKIP,COAD,36,2.9 MB,culture,sample-type flag in the matrix header: CELL_LINE; the samples declare culture (CELL_LINE): caco-2,"the abstract mentions CELL_LINE, which the sample records did not confirm; the title is about non-coding RNA, so gene-level counts may be a by-product; the first column does not look like gene identifiers",Integrated mRNA/miRNA-seq of Caco-2 and HT-29 cells under ch,COAD
GSE146009,SKIP,COAD,65,11.4 MB,tissue,"the 'raw' counts contain decimals, so they are not counts",the matrix has 22 numeric columns but GEO declares 65 samples,Immune-Related Gene Expression and Cytokine Secretion is Red,COAD
GSE154936,SKIP,UNKNOWN,24,722.0 KB,culture,sample-type flag in the matrix header: CELL_LINE; the samples declare culture (CELL_LINE): hct116,"the abstract mentions CELL_LINE, which the sample records did not confirm; the abstract names no cancer type clearly",Elucidation of remdesivir cytotoxicity pathways through geno,COAD
GSE142340,SKIP,COAD,24,3.2 MB,culture,the samples declare culture (CELL_LINE): dld1,,Optimized high-order low-dose drug mixtures boost selectivit,COAD
GSE149224,SKIP,COAD,10,127.1 MB,culture,sample-type flag inside GSE149224_meta.information.csv.gz: CELL_LINE; the samples declare culture (CELL_LINE): human colon cancer cell line,"the abstract mentions CELL_LINE, SINGLE_CELL, which the sample records did not confirm; the first column does not look like gene identifiers; the matrix has 11126 numeric columns but GEO declares 10 samples",Transcriptome landscape of DNA-damage response at single-cel,COAD
GSE152430,DOWNLOAD,COAD,49,20.1 MB,tissue,tissue confirmed,,Next generation sequencing of FFPE human colon cancer sample,COAD
GSE147111,SKIP,COAD,16,1.1 MB,culture,sample-type flag in the matrix header: CELL_LINE; the samples declare culture (CELL_LINE): sw480,"the abstract mentions CELL_LINE, which the sample records did not confirm",The LIM protein Ajuba promotes a metastatic phenotype in col,COAD
GSE148560,SKIP,UNKNOWN,6,466.0 KB,culture,the samples declare culture (CELL_LINE): dld-1,the abstract names no cancer type clearly; only 6 samples (< 10): small studies are usually mechanistic experiments on cell lines,Gene expression profiling of human DLD-1 cells after block o,COAD
GSE147971,AMBIGUOUS,COAD,17,681.0 KB,tissue,the first column does not look like gene identifiers,the first column does not look like gene identifiers,Medium-throughput drug screening of patient-derived organoid,COAD
GSE151165,AMBIGUOUS,COAD,30,3.3 MB,tissue,"the counts are in .xlsx, which cannot be read from a byte range: check by hand that the values are whole and the columns are tissue","the counts are in .xlsx, which cannot be read from a byte range: check by hand that the values are whole and the columns are tissue",Neutrophils expressing lysyl oxidase-like 4 protein are pres,COAD
GSE151069,SKIP,COAD,6,443.0 KB,culture,the samples declare culture (XENOGRAFT): pdx tumor,"the abstract mentions XENOGRAFT, which the sample records did not confirm; only 6 samples (< 10): small studies are usually mechanistic experiments on cell lines",Generation of an in vitro 3D Engineered Colorectal Cancer Pa,COAD
GSE140455,SKIP,COAD,3,2.9 MB,culture,"sample-type flag in the matrix header: CELL_LINE, ORGANOID; the samples declare culture (ORGANOID): human intestinal organoid","the abstract mentions CELL_LINE, ORGANOID, NOT_RNASEQ, which the sample records did not confirm; only 3 samples (< 10): small studies are usually mechanistic experiments on cell lines; the matrix has 32 numeric columns but GEO declares 3 samples",Functional genomics of human colon organoids (RNA-Seq),COAD
GSE145429,DOWNLOAD,COAD,22,1.0 MB,tissue,tissue confirmed,,Reducing metastases stiffness by targeting fibroblasts impro,COAD
GSE145428,SKIP,COAD,12,495.0 KB,culture,the samples declare culture: primary cells,,Reducing metastases stiffness by targeting fibroblasts impro,COAD
GSE149262,SKIP,COAD,36,5.1 MB,culture,the samples declare culture (CELL_LINE): dld-1 parental (hd-par-111 p4),"the abstract mentions CELL_LINE, ORGANOID, NON_HUMAN, which the sample records did not confirm",RNA-sequencing analysis of transcriptional changes in DLD-1 ,COAD
GSE144735,AMBIGUOUS,COAD,18,310.2 MB,unstated,"the abstract mentions SINGLE_CELL, which the sample records did not confirm; the first column does not look like gene identifiers; the matrix has 27414 numeric columns but GEO declares 18 samples; the samples declare neither tissue nor cell line, so the type could not be confirmed","the abstract mentions SINGLE_CELL, which the sample records did not confirm; the first column does not look like gene identifiers; the matrix has 27414 numeric columns but GEO declares 18 samples; the samples declare neither tissue nor cell line, so the type could not be confirmed",Single cell 3' RNA sequencing of 6 Belgian colorectal cancer,COAD
GSE132705,SKIP,COAD,67,2.6 MB,culture,sample-type flag inside filelist.txt: CELL_LINE; the samples declare culture (CELL_LINE): hct116,"the abstract mentions CELL_LINE, which the sample records did not confirm; the matrix has 9 numeric columns but GEO declares 67 samples",KAP1/TRIM28 maintains the transcriptional state of cancer ce,COAD
GSE146889,SKIP,COAD,176,51.0 MB,tissue,"the 'raw' counts contain decimals, so they are not counts",the matrix has 355 numeric columns but GEO declares 176 samples,RNA-seq Reveals Differences in Expressed Tumor Mutation Burd,COAD
GSE119968,SKIP,COAD,20,8.6 MB,tissue,"the 'raw' counts contain decimals, so they are not counts",,An optimised protocol harnessing laser capture microdissecti,COAD
GSE135458,SKIP,COAD,8,1.0 MB,culture,"the 'raw' counts contain decimals, so they are not counts; the samples declare culture (CELL_LINE): hct116",only 8 samples (< 10): small studies are usually mechanistic experiments on cell lines,A precisely positioned MED12 activation helix stimulates CDK,COAD
GSE121309,SKIP,UNKNOWN,4,384.0 MB,culture,the samples declare culture (CELL_LINE): h1299,"the abstract mentions SINGLE_CELL, NOT_RNASEQ, which the sample records did not confirm; the abstract names no cancer type clearly; only 4 samples (< 10): small studies are usually mechanistic experiments on cell lines; the first column does not look like gene identifiers; the matrix has 1 numeric columns but GEO declares 4 samples",Single cell analysis reveals dynamics of transposable elemen,COAD
GSE116631,SKIP,COAD,8,1.0 MB,culture,"the 'raw' counts contain decimals, so they are not counts; the samples declare culture (CELL_LINE): caco2","the abstract mentions CELL_LINE, XENOGRAFT, which the sample records did not confirm; only 8 samples (< 10): small studies are usually mechanistic experiments on cell lines",SFPQ depletion is synthetically lethal with BRAFV600E in col,COAD
GSE141878,SKIP,COAD,73,2.3 MB,culture,sample-type flag inside GSE141878_README.txt: NOT_RNASEQ; the samples declare culture: naã¯ve t cells isolated from colorectal cancer patient,"the abstract mentions NOT_RNASEQ, which the sample records did not confirm; the matrix has 35 numeric columns but GEO declares 73 samples",Distinct epigenetic features of tumor-reactive CD8+ T cells ,COAD
GSE92432,AMBIGUOUS,COAD,10,722.0 KB,tissue,the first column does not look like gene identifiers,the first column does not look like gene identifiers,An optimization system for isolating and sequencing of singl,COAD
GSE122534,SKIP,UNKNOWN,2,3.4 MB,culture,the samples declare culture (CELL_LINE): ht-29,"the abstract mentions CELL_LINE, NON_HUMAN, which the sample records did not confirm; the abstract names no cancer type clearly; only 2 samples (< 10): small studies are usually mechanistic experiments on cell lines; the first column does not look like gene identifiers",Knockdown IGF-1R triggers viral RNA sensors MDA5- and RIG-1-,COAD
GSE140984,DOWNLOAD,COAD,12,735.0 KB,tissue,tissue confirmed,,The role of the Calcium-Sensing receptor in colorectal cance,COAD
GSE121842,DOWNLOAD,COAD,12,482.0 KB,tissue,tissue confirmed,,Next Generation  Sequencing  Analysis of Colorectal Cancer T,COAD
GSE126385,SKIP,UNKNOWN,12,1.5 MB,culture,the samples declare culture (CELL_LINE): colon cancer cell line,"the abstract names no cancer type clearly; the counts are in .xlsx, which cannot be read from a byte range: check by hand that the values are whole and the columns are tissue",Divergent effects of eRF3 and Upf1 on the expression of uORF,COAD
GSE139169,SKIP,COAD,6,1.2 MB,culture,the samples declare culture (CELL_LINE): lovo ern1 knockout cells (5b),"the abstract mentions CELL_LINE, which the sample records did not confirm; only 6 samples (< 10): small studies are usually mechanistic experiments on cell lines",RUNX2/CBFB modulates the response to MEK inhibitors through ,COAD
GSE76043,SKIP,UNKNOWN,4,1.6 MB,culture,sample-type flag in the matrix header: CELL_LINE; sample-type flag inside GSE76043_README.txt: CELL_LINE; the samples declare culture (CELL_LINE): hct116,the abstract names no cancer type clearly; only 4 samples (< 10): small studies are usually mechanistic experiments on cell lines; the matrix has 9 numeric columns but GEO declares 4 samples,The ultra-sensitive Nodewalk technique identifies stochastic,COAD
GSE76041,SKIP,UNKNOWN,4,1.6 MB,culture,sample-type flag in the matrix header: CELL_LINE; sample-type flag inside GSE76041_README.txt: CELL_LINE; the samples declare culture (CELL_LINE): hct116,the abstract names no cancer type clearly; only 4 samples (< 10): small studies are usually mechanistic experiments on cell lines; the matrix has 9 numeric columns but GEO declares 4 samples,The ultra-sensitive Nodewalk technique identifies stochastic,COAD
GSE110649,SKIP,COAD,36,1.7 MB,culture,the samples declare culture: unstimulated wthke3 cells (time 0 mins),"the abstract mentions CELL_LINE, which the sample records did not confirm",RNA sequencing of wildtype-KRAS HKE3 (wtHKE3) and mutant-KRA,COAD
GSE100785,SKIP,COAD,24,12.4 MB,culture,the samples declare culture: stem cell enriched primary culture,"the abstract mentions ORGANOID, which the sample records did not confirm",RNA-Seq on the effect of VitaminD on colonic and tumor organ,COAD
GSE129501,SKIP,UNKNOWN,16,1.9 MB,culture,the samples declare culture (CELL_LINE): hct116,the abstract names no cancer type clearly,Transcriptional responses to interferon require Mediator kin,COAD
GSE134095,SKIP,COAD,4,418.0 KB,culture,sample-type flag in the matrix header: CELL_LINE; the samples declare culture (CELL_LINE): hct116,"the abstract mentions CELL_LINE, which the sample records did not confirm; only 4 samples (< 10): small studies are usually mechanistic experiments on cell lines",Colorectal cancer cells respond differentially to autophagy ,COAD
GSE120106,SKIP,COAD,12,2.5 MB,culture,the samples declare culture (CELL_LINE): ccd-18co,"the counts are in .xlsx, which cannot be read from a byte range: check by hand that the values are whole and the columns are tissue",Vitamin D and Wnt3A have additive and partially overlapping ,COAD
GSE128998,SKIP,COAD,6,417.0 KB,culture,sample-type flag in the matrix header: CELL_LINE; the samples declare culture (CELL_LINE): lovo_scramble sirna,"the abstract mentions CELL_LINE, which the sample records did not confirm; the title is about non-coding RNA, so gene-level counts may be a by-product; only 6 samples (< 10): small studies are usually mechanistic experiments on cell lines",SNHG15 is a bifunctional MYC-regulated noncoding locus encod,COAD
GSE125905,SKIP,UNKNOWN,42,1.3 MB,culture,the samples declare culture: cell,"the abstract mentions CELL_LINE, NOT_TISSUE, which the sample records did not confirm; the abstract names no cancer type clearly; the matrix has 15 numeric columns but GEO declares 42 samples",Reassessment of Exosome Composition,COAD
GSE115305,SKIP,COAD,12,580.0 KB,culture,the samples declare another organ: lung,"the abstract mentions CELL_LINE, NON_HUMAN, which the sample records did not confirm",Self-associated molecular patterns mediate cancer immune eva,COAD
GSE108989,SKIP,COAD,12,802.7 MB,culture,the samples declare culture: t cells,"the abstract mentions CELL_LINE, which the sample records did not confirm; the matrix has 11138 numeric columns but GEO declares 12 samples",Lineage tracking reveals dynamic relationships of T cells in,COAD
GSE114946,SKIP,UNKNOWN,16,2.8 MB,culture,"the identifiers are transcripts, not genes; sample-type flag in the matrix header: CELL_LINE; the samples declare culture (CELL_LINE): hct116","the title is about non-coding RNA, so gene-level counts may be a by-product; the abstract names no cancer type clearly",The NORAD lncRNA assembles a topoisomerase complex critical ,COAD
GSE99897,SKIP,COAD,10,866.0 KB,tissue,"the 'raw' counts contain decimals, so they are not counts",,Comparison of rectal patient data separated by their event o,COAD
GSE106169,SKIP,COAD,9,597.0 KB,culture,sample-type flag in the matrix header: CELL_LINE; the samples declare another organ: lung,"the abstract mentions CELL_LINE, NON_HUMAN, which the sample records did not confirm; only 9 samples (< 10): small studies are usually mechanistic experiments on cell lines",Polyol pathway links glucose metabolism to the aggressivenes,COAD
GSE98922,SKIP,COAD,9,1.3 MB,culture,"the samples declare culture (CELL_LINE, XENOGRAFT): sw480","the abstract mentions CELL_LINE, XENOGRAFT, which the sample records did not confirm; only 9 samples (< 10): small studies are usually mechanistic experiments on cell lines",Treatment of SW480 colon cancer cell induced xenografts with,COAD
GSE110536,DOWNLOAD,COAD,13,1.0 MB,tissue,tissue confirmed,,Active BRAF-V600E is the key player in generation of a sessi,COAD
GSE109607,SKIP,COAD,30,958.0 KB,culture,the samples declare culture (CELL_LINE): sw620,"the abstract mentions CELL_LINE, ORGANOID, XENOGRAFT, NON_HUMAN, which the sample records did not confirm",Mechanistic insights into anti-cancer properties of oligomer,COAD
GSE108050,SKIP,UNKNOWN,36,759.8 KB,culture,the samples declare culture (CELL_LINE): lovo treated with dmso,the abstract names no cancer type clearly,Expression data in LoVo cells treated with MEK inhibitor,COAD
GSE95132,DOWNLOAD,COAD,31,1.1 MB,tissue,tissue confirmed,,Coding and noncoding transcriptome sequencing of KRAS mutate,COAD
GSE95542,SKIP,COAD,6,346.0 KB,culture,the samples declare another organ: prostate,"the abstract mentions CELL_LINE, SINGLE_CELL, which the sample records did not confirm; only 6 samples (< 10): small studies are usually mechanistic experiments on cell lines",Isolation and Functional Interrogation of Adult Human Prosta,COAD
GSE90830,SKIP,COAD,44,1.6 MB,culture,sample-type flag in the matrix header: CELL_LINE; the samples declare culture (CELL_LINE): c125pm,"the abstract mentions CELL_LINE, which the sample records did not confirm",Integrative proteogenomic characterization of colorectal can,COAD
GSE93904,SKIP,COAD,20,3.4 MB,culture,"the 'raw' counts contain decimals, so they are not counts; the samples declare culture: healthy_colonic mucosa",,Gene expression profile of CRC-derived HILEC,COAD
GSE108140,SKIP,COAD,16,14.3 MB,culture,the samples declare culture (CELL_LINE): sw480,"the abstract mentions CELL_LINE, which the sample records did not confirm",Identification of Differentially Expressed Splice Variants b,COAD
GSE106886,SKIP,UNKNOWN,16,6.0 MB,culture,the samples declare culture (CELL_LINE): hct-116-cmv-ostir1,the abstract names no cancer type clearly,Cohesin loss eliminates all loop domains [PRO-Seq],COAD
GSE101526,SKIP,COAD,16,585.7 KB,culture,the samples declare culture (CELL_LINE): hct116,"the abstract mentions CELL_LINE, which the sample records did not confirm",PolyA RNA-seq from HCT116 (WT and CDK8as/as) cells in normox,COAD
GSE72577,SKIP,COAD,15,536.3 KB,culture,"sample-type flag in the matrix header: NOT_TISSUE; the samples declare culture (CELL_LINE, NOT_TISSUE): dko-1","the abstract mentions CELL_LINE, NOT_TISSUE, which the sample records did not confirm; the title is about non-coding RNA, so gene-level counts may be a by-product",Circular RNAs are down-regulated in KRAS mutant colon cancer,COAD
GSE82236,SKIP,COAD,12,463.0 KB,culture,the samples declare culture (CELL_LINE): hca-7 derived cc subline,,Whole-transcriptome profilings between a pair of HCA7-derive,COAD
GSE102923,SKIP,COAD,9,283.0 KB,culture,the samples declare culture (CELL_LINE): hct8,only 9 samples (< 10): small studies are usually mechanistic experiments on cell lines,Modulation of gene transcription and epigenetics of colon ca,COAD
GSE86219,SKIP,COAD,12,780.5 MB,culture,the samples declare culture (CELL_LINE): colorectal adenocarcinoma cell line hct116,"the abstract mentions CELL_LINE, which the sample records did not confirm","RNAseq from polysomal RNA harvested from HCT116, MCF7 and SJ",COAD
GSE99821,SKIP,COAD,48,813.0 KB,culture,"the samples declare culture (CELL_LINE, ORGANOID): wt-hipscs-1.1","the abstract mentions ORGANOID, which the sample records did not confirm",Transcriptional profile of human iPSC and HIOs with APC muta,COAD
GSE79395,SKIP,COAD,6,708.0 KB,culture,sample-type flag in the matrix header: CELL_LINE; the samples declare culture (CELL_LINE): hct116,"the abstract mentions CELL_LINE, which the sample records did not confirm; only 6 samples (< 10): small studies are usually mechanistic experiments on cell lines",Knockdown of ADNP in HCT116 colon cancer cells,COAD
GSE77039,SKIP,COAD,82,2.5 MB,culture,"the identifier column is 'Gene_transcript', so the rows are not genes; the samples declare culture (CELL_LINE): ht29",the first column does not look like gene identifiers; the matrix has 16 numeric columns but GEO declares 82 samples,Distinct gene regulatory programs define the inhibitory effe,COAD
GSE66207,DOWNLOAD,COAD,33,3.5 MB,tissue,tissue confirmed,,mRNA and small RNA associated with Crohn's disease behavior ,COAD
GSE308451,SKIP,UNKNOWN,90,13.7 MB,,"only normalised values (FPKM/TPM/CPM), unusable by DESeq2",,CDK4/6 and SHP2 mediate BRAF/MEK inhibitor resistance in Cla,COAD
GSE295725,SKIP,UNKNOWN,98,10.0 MB,,no file recognisable as a count matrix,,Multimodal delineation of a layer of effector function among,COAD
GSE154548,SKIP,COAD,40,4.6 MB,,no file recognisable as a count matrix,,Transcriptomic profiles of advanced colorectal adenomas from,COAD
GSE205787,SKIP,COAD,53,63.0 MB,,no file recognisable as a count matrix,,Gene expression profile of RAS/RAF–wild-type colorectal canc,COAD
GSE184398,SKIP,UNKNOWN,1072,357.2 MB,,"only a per-sample archive (<GSE>_RAW.tar), no count matrix",,RNA-sequencing of tumor infiltrating cells across 12 differe,COAD
GSE189212,SKIP,COAD,31,40.0 MB,,no file recognisable as a count matrix,,Gene expression profile of RAS/RAF–wild-type colorectal canc,COAD
GSE157086,SKIP,UNKNOWN,184,273.0 MB,,"only a per-sample archive (<GSE>_RAW.tar), no count matrix",,Large-scale genomic alterations identified in cancer patient,COAD
GSE178265,SKIP,UNKNOWN,101,4.7 GB,,"no file recognisable as a count matrix | sample-type flag in the file names: NON_HUMAN, SINGLE_CELL",,A molecular census of midbrain dopaminergic neurons in Parki,COAD
GSE160310,SKIP,UNKNOWN,158,0.0 B,,no supplementary files: the data may only be in SRA,,In-depth transcriptomic analyses investigating molecular mec,COAD
GSE124395,SKIP,LIHC,319,157.1 MB,,"only a per-sample archive (<GSE>_RAW.tar), no count matrix",,A Human Liver Cell Atlas reveals Heterogeneity and Epithelia,COAD
GSE266330,SKIP,UNKNOWN,63,1.7 GB,,"only a per-sample archive (<GSE>_RAW.tar), no count matrix",,Single cell profiling of bone metastasis ecosystems from mul,COAD
GSE174302,SKIP,ESCA,230,17.7 MB,,no file recognisable as a count matrix,,Cancer specific microbiome revealed by cell-free RNA reads i,COAD
GSE138734,SKIP,UNKNOWN,921,173.0 MB,,sample-type flag in the file names: CELL_LINE,,The RNA Atlas expands the catalog of human non-coding RNAs,COAD
GSE162946,SKIP,UNKNOWN,53,0.0 B,,no supplementary files: the data may only be in SRA,,Stereotactic body radiotherapy is effective in modifying the,COAD
GSE120101,SKIP,COAD,105,27.0 MB,,"only a per-sample archive (<GSE>_RAW.tar), no count matrix",,T-cell receptor repertoire analysis of advanced solid tumors,COAD
GSE120028,SKIP,COAD,19,2.5 MB,,"only a per-sample archive (<GSE>_RAW.tar), no count matrix",,Transcriptomic analysis of advanced solid tumors in first-in,COAD
GSE338428,SKIP,PAAD,6,2.5 MB,,sample-type flag in the file names: CELL_LINE,,Proximity of pre-mRNA 3′ end processing and transcription te,COAD
GSE291826,SKIP,UNKNOWN,49,3.2 GB,,"only a per-sample archive (<GSE>_RAW.tar), no count matrix",,Proximity of pre-mRNA 3′ end processing and transcription te,COAD
GSE270300,SKIP,PAAD,1,475.0 MB,,"only a per-sample archive (<GSE>_RAW.tar), no count matrix",,N-glycans in non-malignant tumor microenvironment cells damp,COAD
GSE292334,SKIP,PAAD,15,3.8 MB,,"only a per-sample archive (<GSE>_RAW.tar), no count matrix",,The tumor suppressor SMAD4 is a gatekeeper for genome stabil,COAD
GSE282463,SKIP,COAD,12,29.0 MB,,no file recognisable as a count matrix | sample-type flag in the file names: CELL_LINE,,Splicing Factor 3a Subunit 1 Promotes Colorectal Cancer Grow,COAD
GSE295349,SKIP,PAAD,183,17.2 MB,,"only normalised values (FPKM/TPM/CPM), unusable by DESeq2 | sample-type flag in the file names: CELL_LINE",,KLF5 interacts with RUVBL1/2 to activate classical and basal,COAD
GSE308145,SKIP,UNKNOWN,1,269.0 MB,,"only a per-sample archive (<GSE>_RAW.tar), no count matrix",,Systematic benchmarking of imaging spatial transcriptomics p,COAD
GSE248800,SKIP,UNKNOWN,17,392.0 MB,,"only a per-sample archive (<GSE>_RAW.tar), no count matrix",,scRNAseq Data Analysis Code Muscle Inflammation is Regulated,COAD
GSE210540,SKIP,PAAD,54,234.0 MB,,"only a per-sample archive (<GSE>_RAW.tar), no count matrix",,GDF15 gene suppression by BET inhibition and gene signature ,COAD
GSE212779,SKIP,UNKNOWN,47,2.2 GB,,"only a per-sample archive (<GSE>_RAW.tar), no count matrix",,PHF8 enables immune evasion by silencing endogenous retroele,COAD
GSE211474,SKIP,UNKNOWN,39,4.8 MB,,"only normalised values (FPKM/TPM/CPM), unusable by DESeq2",,PHF8 enables immune evasion by silencing endogenous retroele,COAD
GSE212854,SKIP,UNKNOWN,25,5.8 MB,,sample-type flag in the file names: XENOGRAFT,,An RNA-based precision oncology platform for patient-therapy,COAD
GSE179064,SKIP,UNKNOWN,60,0.0 B,,no supplementary files: the data may only be in SRA,,Perturbation-informed signatures from crosswise integration ,COAD
GSE197763,SKIP,UNKNOWN,126,7.0 MB,,sample-type flag in the file names: XENOGRAFT,,Pre-clinical validation of an RNA-based precision oncology p,COAD
GSE159702,SKIP,UNKNOWN,70,13.0 MB,,sample-type flag in the file names: NON_HUMAN,,Systematic analysis of the cancer-stroma interactome of a di,COAD
GSE134195,SKIP,PAAD,14,2.0 MB,,"only a per-sample archive (<GSE>_RAW.tar), no count matrix",,Next Generation Sequencing Facilitates Quantitative Analysis,COAD
GSE120102,SKIP,UNKNOWN,124,30.0 MB,,"only a per-sample archive (<GSE>_RAW.tar), no count matrix",,TCR repertoire and transcriptomic analyses of advanced solid,COAD
GSE78519,SKIP,PAAD,48,53.0 MB,,no file recognisable as a count matrix | sample-type flag in the file names: CELL_LINE,,Capicua-dependent transcriptional changes in human cancer ce,COAD
GSE68086,SKIP,CHOL,285,3.6 MB,,no file recognisable as a count matrix,,RNA-seq of tumor-educated platelets enables blood-based pan-,COAD
GSE64039,SKIP,UNKNOWN,18,40.0 MB,,"only a per-sample archive (<GSE>_RAW.tar), no count matrix",,Altering cancer transcriptomes using epigenomic inhibitors,COAD
GSE63776,SKIP,PAAD,6,266.0 KB,,sample-type flag in the file names: CELL_LINE,,Altering cancer transcriptomes using epigenomic inhibitors [,COAD
GSE347204,SKIP,COAD,6,2.0 GB,,"only a per-sample archive (<GSE>_RAW.tar), no count matrix",,Modular engineered colorectal tumor microenvironments for im,COAD
GSE279921,SKIP,UNKNOWN,36,1.2 GB,,"only a per-sample archive (<GSE>_RAW.tar), no count matrix",,Bivalent promoters are predisposed to gain and retain DNA me,COAD
GSE279919,SKIP,UNKNOWN,15,5.2 MB,,"only a per-sample archive (<GSE>_RAW.tar), no count matrix",,Bivalent promoters are predisposed to gain and retain DNA me,COAD
GSE301000,SKIP,UNKNOWN,12,4.5 MB,,"only normalised values (FPKM/TPM/CPM), unusable by DESeq2 | sample-type flag in the file names: CELL_LINE",,RNA-seq analysis of RNA polymerase I inhibitor in HCT116 TP5,COAD
GSE287468,SKIP,COAD,68,2.2 MB,,"only normalised values (FPKM/TPM/CPM), unusable by DESeq2",,The transcriptomic changes of patient's derived colorectal c,COAD
GSE290240,SKIP,UNKNOWN,48,3.6 MB,,"only normalised values (FPKM/TPM/CPM), unusable by DESeq2",,Differentially expressed genes in cells with CDK2 inhibition,COAD
GSE342379,SKIP,COAD,9,1.0 MB,,sample-type flag in the file names: ORGANOID,,Inhibition of a corrupted embryonic developmental regulator ,COAD
GSE266086,SKIP,COAD,3,155.0 MB,,"only a per-sample archive (<GSE>_RAW.tar), no count matrix",,Inhibition of a corrupted embryonic developmental regulator ,COAD
GSE333618,SKIP,COAD,8,1.5 GB,,"only a per-sample archive (<GSE>_RAW.tar), no count matrix",,Colorectal cancer heterogeneity co-evolves with tumor archit,COAD
GSE297054,SKIP,COAD,5,1.1 GB,,"only a per-sample archive (<GSE>_RAW.tar), no count matrix",,Colorectal cancer heterogeneity co-evolves with tumor archit,COAD
GSE345612,SKIP,COAD,6,9.1 MB,,no file recognisable as a count matrix | sample-type flag in the file names: CELL_LINE,,Transcriptomic Profiling of adherent (2D) and spheroid (3D) ,COAD
GSE335477,SKIP,COAD,10,948.0 KB,,no file recognisable as a count matrix,,Westernized diet related arachidonic acid metabolism expands,COAD
GSE333907,SKIP,COAD,83,33.0 MB,,"only a per-sample archive (<GSE>_RAW.tar), no count matrix",,Transcriptional profiling of Dana-Farber Cancer Institute ea,COAD
GSE312983,SKIP,COAD,189,83.0 GB,,"only a per-sample archive (<GSE>_RAW.tar), no count matrix",,A single-nucleus RNA-seq atlas of colorectal cancer across t,COAD
GSE342684,SKIP,COAD,19,9.7 MB,,"only a per-sample archive (<GSE>_RAW.tar), no count matrix",,RNF43 p.G659fs Leads to Natural Killer Cell Dysfunction in M,COAD
GSE326239,SKIP,UNKNOWN,26,787.0 MB,,"only a per-sample archive (<GSE>_RAW.tar), no count matrix",,5-Azacytidine incorporation into mRNAs disrupts translation ,COAD
GSE309895,SKIP,COAD,6,1.0 MB,,"only normalised values (FPKM/TPM/CPM), unusable by DESeq2",,Autophagy orchestrates anti-tumor immunity to enhance chemo-,COAD
GSE329052,SKIP,COAD,12,672.0 KB,,"only normalised values (FPKM/TPM/CPM), unusable by DESeq2",,MEK inhibition induces persistent growth arrest through Wnt ,COAD
GSE347194,SKIP,COAD,8,1.3 MB,,"only normalised values (FPKM/TPM/CPM), unusable by DESeq2",,Transcriptomic profiling of HT29 colorectal cancer cells tre,COAD
GSE346887,SKIP,COAD,6,1.7 MB,,"only normalised values (FPKM/TPM/CPM), unusable by DESeq2",,Transcriptome profiling of PAXX knockdown in HCT116 colorect,COAD
GSE316373,SKIP,COAD,18,25.0 MB,,"only a per-sample archive (<GSE>_RAW.tar), no count matrix",,Suppression of the myofibroblastic cancer-associated fibrobl,COAD
GSE338053,SKIP,COAD,8,5.2 MB,,"only normalised values (FPKM/TPM/CPM), unusable by DESeq2",,3-Hydroxyanthranilic acid suppresses colorectal cancer growt,COAD
GSE338052,SKIP,COAD,6,11.4 MB,,no file recognisable as a count matrix,,3-Hydroxyanthranilic acid suppresses colorectal cancer growt,COAD
GSE324133,SKIP,COAD,12,1.9 MB,,"only normalised values (FPKM/TPM/CPM), unusable by DESeq2",,Phosphorylation-driven targeted protein degradation of oncog,COAD
GSE346114,SKIP,PAAD,12,894.0 KB,,"only normalised values (FPKM/TPM/CPM), unusable by DESeq2",,Clinical and functional profiling nominates melanoma as a pr,COAD
GSE319984,SKIP,COAD,24,0.0 B,,no supplementary files: the data may only be in SRA,,Targeted RNA N6-Methyladenosine Demethylation inhibits cell ,COAD
GSE319983,SKIP,COAD,18,96.2 MB,,"only circRNA/isoform/miRNA counts, not gene level | sample-type flag in the file names: NOT_RNASEQ",,Targeted RNA N6-Methyladenosine Demethylation inhibits cell ,COAD
GSE318761,SKIP,UNKNOWN,164,14.0 GB,,"only a per-sample archive (<GSE>_RAW.tar), no count matrix",,Multi-omics profiling of CDK2 kinase-dependent transcriptomi,COAD
GSE302405,SKIP,COAD,6,2.9 MB,,no file recognisable as a count matrix,,Targeted RNA N6-Methyladenosine Demethylation inhibits cell ,COAD
GSE345464,SKIP,COAD,58,2.0 GB,,"only a per-sample archive (<GSE>_RAW.tar), no count matrix",,Compartment-specific PPARδ activity controls the outcome of ,COAD
GSE248008,SKIP,UNKNOWN,97,2.2 GB,,"only a per-sample archive (<GSE>_RAW.tar), no count matrix",,A metabolic switch that boosts immune cell fitness against c,COAD
GSE312429,SKIP,COAD,10,3.0 MB,,no file recognisable as a count matrix,,"Bacteriophage-Mediated Restoration of Epithelial Integrity, ",COAD
GSE291823,SKIP,COAD,12,4.9 MB,,sample-type flag in the file names: CELL_LINE,,Proximity of pre-mRNA 3′ end processing and transcription te,COAD
GSE307398,SKIP,COAD,12,29.0 MB,,"only a per-sample archive (<GSE>_RAW.tar), no count matrix",,Phase II Study of Pembrolizumab Plus Capecitabine and Bevaci,COAD
GSE344100,SKIP,UNKNOWN,6,9.8 MB,,"only normalised values (FPKM/TPM/CPM), unusable by DESeq2",,Effects of 3D and 2D culture on gene expression of HCT116 ce,COAD
GSE343958,SKIP,COAD,12,4.4 MB,,no file recognisable as a count matrix,,Bulk RNA-seq of HCT116 colorectal cancer 3D spheroids treate,COAD
GSE343610,SKIP,COAD,6,3.1 MB,,"only normalised values (FPKM/TPM/CPM), unusable by DESeq2",,MACF1 Promotes Colorectal Cancer Progression via ATF4-Mediat,COAD
GSE338505,SKIP,COAD,13,1.7 GB,,"only a per-sample archive (<GSE>_RAW.tar), no count matrix",,Intact Cell Dissociation of FFPE Colon Tissue Enhances Cell ,COAD
GSE313017,SKIP,COAD,6,11.0 MB,,"only normalised values (FPKM/TPM/CPM), unusable by DESeq2",,CHTOP Regulates ROS Homeostasis to Modulate Chemoresistance ,COAD
GSE313248,SKIP,UNKNOWN,14,6.9 GB,,no file recognisable as a count matrix,,Characterization of Circulating Neoantigen-Specific T Cell R,COAD
GSE313246,SKIP,UNKNOWN,14,7.6 MB,,"only a per-sample archive (<GSE>_RAW.tar), no count matrix",,Characterization of Circulating Neoantigen-Specific T Cell R,COAD
GSE304710,SKIP,COAD,18,41.0 MB,,"only a per-sample archive (<GSE>_RAW.tar), no count matrix",,Pan-ERBB inhibitors synergize with KRAS inhibitors in rectal,COAD
GSE337374,SKIP,COAD,6,3.1 MB,,"only normalised values (FPKM/TPM/CPM), unusable by DESeq2",,The Oncogenic Role of Prostate Stem Cell Antigen (PSCA) in C,COAD
GSE318822,SKIP,UNKNOWN,63,14.0 GB,,"only a per-sample archive (<GSE>_RAW.tar), no count matrix",,MED26 facilitates Mediator–Pol II complex assembly and promo,COAD
GSE338021,SKIP,COAD,6,8.2 MB,,"only normalised values (FPKM/TPM/CPM), unusable by DESeq2",,Effect of a novel genistein isoflavonoid alkaloids (GIA) on ,COAD
GSE325868,SKIP,COAD,30,11.7 MB,,"only normalised values (FPKM/TPM/CPM), unusable by DESeq2",,Integrated Transcriptomic Profiling Reveals Immune and Molec,COAD
GSE312474,SKIP,COAD,14,5.0 MB,,sample-type flag in the file names: XENOGRAFT,,MODULATION OF VIRUS–TUMOR-STROMAL INTERACTIONS BY MINNELIDE ,COAD
GSE271690,SKIP,COAD,16,657.0 MB,,"only a per-sample archive (<GSE>_RAW.tar), no count matrix",,An integrated single cell and spatial transcriptomic map of ,COAD
GSE331313,SKIP,COAD,8,591.6 MB,,"only a per-sample archive (<GSE>_RAW.tar), no count matrix | sample-type flag in the file names: SINGLE_CELL",,Colonic epithelial regeneration shapes susceptibility to Clo,COAD
GSE327671,SKIP,UNKNOWN,4,80.4 KB,,"only a per-sample archive (<GSE>_RAW.tar), no count matrix",,PRMT5-mediated intron retention triggers innate and adaptive,COAD
GSE289482,SKIP,UNKNOWN,32,44.0 MB,,"only a per-sample archive (<GSE>_RAW.tar), no count matrix",,IGF2BP3 regulates RNA metabolism during unfolded protein res,COAD
GSE289481,SKIP,UNKNOWN,32,42.0 MB,,"only a per-sample archive (<GSE>_RAW.tar), no count matrix",,IGF2BP3 regulates RNA metabolism during unfolded protein res,COAD
GSE294300,SKIP,COAD,36,3.1 GB,,"only a per-sample archive (<GSE>_RAW.tar), no count matrix",,Single-cell gene expression profiles of cells from primary c,COAD
GSE336781,SKIP,COAD,93,0.0 B,,no supplementary files: the data may only be in SRA,,ZFP36L2 orchestrates stress-adaptive plasticity in intestina,COAD
GSE336564,SKIP,COAD,6,2.0 GB,,no file recognisable as a count matrix,,ZFP36L2 orchestrates stress-adaptive plasticity in intestina,COAD
GSE336415,SKIP,COAD,24,297.0 KB,,no file recognisable as a count matrix,,ZFP36L2 orchestrates stress-adaptive plasticity in intestina,COAD
GSE336319,SKIP,COAD,12,2.3 MB,,sample-type flag in the file names: CELL_LINE,,ZFP36L2 orchestrates stress-adaptive plasticity in intestina,COAD
GSE272618,SKIP,UNKNOWN,140,1.8 GB,,"only a per-sample archive (<GSE>_RAW.tar), no count matrix",,Single-Molecule Barcoding Technology for Single-Cell Genomic,COAD
GSE338309,SKIP,UNKNOWN,2,8.0 MB,,no file recognisable as a count matrix,,Dissection of Poly(A)-binding protein (PABPC) cellular funct,COAD
GSE333995,SKIP,COAD,9,4.1 MB,,"only normalised values (FPKM/TPM/CPM), unusable by DESeq2",,IGFBP5 Derived From Endothelial Cells Drive Vascular Invasio,COAD
GSE337675,SKIP,UNKNOWN,28,1.9 MB,,sample-type flag in the file names: CELL_LINE,,Truncating ASXL1 variants rewire cellular metabolism via mit,COAD
GSE333496,SKIP,COAD,11,25.0 MB,,"only a per-sample archive (<GSE>_RAW.tar), no count matrix",,"Epigenetic landscape, key transcriptional regulators, and in",COAD
GSE261033,SKIP,COAD,28,7.4 GB,,"only a per-sample archive (<GSE>_RAW.tar), no count matrix",,"Epigenetic landscape, key transcriptional regulators, and in",COAD
GSE245885,SKIP,COAD,10,7.3 MB,,"only a per-sample archive (<GSE>_RAW.tar), no count matrix",,"Comprehensive Expression Profiles of mRNAs, LncRNAs, and Cir",COAD
GSE312260,SKIP,COAD,2,202.0 MB,,"only a per-sample archive (<GSE>_RAW.tar), no count matrix",,Gene expression profile at single cell level of Irinotecan-s,COAD
GSE285319,SKIP,COAD,6,2.0 MB,,"only normalised values (FPKM/TPM/CPM), unusable by DESeq2",,The high expression of siglec10 in tumor macrophages may pro,COAD
GSE335811,SKIP,COAD,12,712.0 MB,,"only a per-sample archive (<GSE>_RAW.tar), no count matrix",,Macrophage-Induced Senescent Cancer-Associated Fibroblasts P,COAD
GSE324345,SKIP,UNKNOWN,66,4.2 GB,,"only a per-sample archive (<GSE>_RAW.tar), no count matrix",,Analysis of ER stress-induced three-dimensional enhancer net,COAD
GSE319664,SKIP,UNKNOWN,29,2.7 MB,,"only normalised values (FPKM/TPM/CPM), unusable by DESeq2",,RNA-seq analysis of tumors derived from a xenograft model tr,COAD
GSE313035,SKIP,COAD,67,5.6 MB,,"only normalised values (FPKM/TPM/CPM), unusable by DESeq2",,METIMMOX: Colorectal Cancer METastasis - Shaping Anti-tumor ,COAD
GSE311632,SKIP,COAD,10,1.1 MB,,"only normalised values (FPKM/TPM/CPM), unusable by DESeq2",,Peristaltic forces drive tumor cell invasion in colorectal c,COAD
GSE311338,SKIP,COAD,3,503.0 MB,,"only a per-sample archive (<GSE>_RAW.tar), no count matrix",,Peristaltic forces drive tumor cell invasion in colorectal c,COAD
GSE299214,SKIP,COAD,6,10.0 MB,,no file recognisable as a count matrix,,Orphan drug nitisinone combined with sorafenib synergistical,COAD
GSE300623,SKIP,COAD,17,16.0 MB,,"only normalised values (FPKM/TPM/CPM), unusable by DESeq2",,Transcriptomic analyses of PDX tumors (QQX-17) to gain insig,COAD
GSE300621,SKIP,COAD,15,9.6 MB,,"only normalised values (FPKM/TPM/CPM), unusable by DESeq2",,Transcriptomic analyses of PDX tumors (QQX-09) to gain insig,COAD
GSE327570,SKIP,UNKNOWN,4,224.0 MB,,"only a per-sample archive (<GSE>_RAW.tar), no count matrix",,Clostridioides difficile stimulates CCL20 expression in huma,COAD
GSE298631,SKIP,COAD,6,860.5 KB,,"only a per-sample archive (<GSE>_RAW.tar), no count matrix",,The mRNA profile of HT29 cells after treatment with YM155,COAD
GSE310281,SKIP,COAD,12,4.6 MB,,"only a per-sample archive (<GSE>_RAW.tar), no count matrix",,Translational control by RPL22L1-specific ribosomes enhances,COAD
GSE333940,SKIP,COAD,6,680.4 KB,,"only a per-sample archive (<GSE>_RAW.tar), no count matrix",,Transcriptome change led by GSK3B knockout (KO) in colon can,COAD
GSE335210,SKIP,COAD,173,15.0 GB,,no file recognisable as a count matrix,,SOX9-BAF multi-omics profiling in human colon cancer cell mo,COAD
GSE294934,SKIP,COAD,15,2.5 MB,,"only a per-sample archive (<GSE>_RAW.tar), no count matrix",,Epigenomic analysis of organoids from colorectal cancer peri,COAD
GSE334973,SKIP,COAD,6,6.8 MB,,no file recognisable as a count matrix,,Genome-wide characterization of extrachromosomal circular DN,COAD
GSE330797,SKIP,COAD,4,375.0 MB,,"only a per-sample archive (<GSE>_RAW.tar), no count matrix",,Single-cell transcriptomics analysis of colorectal cancer (C,COAD
GSE269456,SKIP,COAD,3,2.5 MB,,"only normalised values (FPKM/TPM/CPM), unusable by DESeq2",,CircRAPGEF5 acts as a modulator of RAS/RAF/MEK/ERK signaling,COAD
GSE335198,SKIP,COAD,19,1.7 MB,,sample-type flag in the file names: CELL_LINE,,RNA-seq and ONT full-length transcriptome profiling of HCT11,COAD
GSE326923,SKIP,COAD,6,3.3 MB,,"only normalised values (FPKM/TPM/CPM), unusable by DESeq2",,Integrin beta 4 promotes colorectal cancer progression by up,COAD
GSE333925,SKIP,COAD,38,71.0 MB,,no file recognisable as a count matrix,,Gene expression profile of 31 RAS/RAF-wild-type colorectal c,COAD
GSE272870,SKIP,UNKNOWN,12,491.0 MB,,"only a per-sample archive (<GSE>_RAW.tar), no count matrix",,Butyrate is anti-inflammatory at low and pro-inflammatory at,COAD
GSE316027,SKIP,COAD,32,2.1 GB,,no file recognisable as a count matrix,,β-hydroxybutyrate-driven histone lysine β-hydroxybutyrylatio,COAD
GSE312197,SKIP,COAD,66,0.0 B,,no supplementary files: the data may only be in SRA,,MEK inhibition induces AXIN1 loss in colorectal cancer by mT,COAD
GSE312195,SKIP,COAD,27,8.9 MB,,"only normalised values (FPKM/TPM/CPM), unusable by DESeq2 | sample-type flag in the file names: CELL_LINE",,MEK inhibition induces AXIN1 loss in colorectal cancer by mT,COAD
GSE312194,SKIP,COAD,27,8.3 MB,,"only normalised values (FPKM/TPM/CPM), unusable by DESeq2 | sample-type flag in the file names: CELL_LINE",,MEK inhibition induces AXIN1 loss in colorectal cancer by mT,COAD
GSE314768,SKIP,COAD,6,250.0 KB,,sample-type flag in the file names: CELL_LINE,,Transcriptomic profiling of oxaliplatin-resistant colorectal,COAD
GSE298489,SKIP,COAD,12,3.7 MB,,"only a per-sample archive (<GSE>_RAW.tar), no count matrix",,Metabolic surgery reduces CRC disease progression mediated b,COAD
GSE295155,SKIP,COAD,3,3.1 MB,,"only normalised values (FPKM/TPM/CPM), unusable by DESeq2",,Transcriptome profiling of HCT116 cells and differentiated H,COAD
GSE262785,SKIP,COAD,6,4.5 MB,,"only normalised values (FPKM/TPM/CPM), unusable by DESeq2",,HNF4α is a target of the Wnt/β-catenin pathway and regulates,COAD
GSE333210,SKIP,UNKNOWN,3,2.4 MB,,"only normalised values (FPKM/TPM/CPM), unusable by DESeq2",,ZEB1 K80R Suppresses the NF-κB/EMT Axis and Tumor Pro-inflam,COAD
GSE333323,SKIP,COAD,6,6.5 MB,,"only normalised values (FPKM/TPM/CPM), unusable by DESeq2",,STRIP2 Stabilizes LCN2 to Suppress Ferroptosis and Drives Co,COAD
GSE309797,SKIP,COAD,4,1.1 MB,,"only a per-sample archive (<GSE>_RAW.tar), no count matrix",,High Expression of TMEM161A in Colorectal Cancer is Associat,COAD
GSE297614,SKIP,UNKNOWN,10,8.6 MB,,"only a per-sample archive (<GSE>_RAW.tar), no count matrix",,SMYD2 methylates KDM5A restricting its demethylase activity ,COAD
GSE312236,SKIP,COAD,26,66.0 MB,,"only a per-sample archive (<GSE>_RAW.tar), no count matrix",,Comprehensive proteogenomic analysis identifies immune targe,COAD
GSE308265,SKIP,COAD,6,389.0 KB,,"only normalised values (FPKM/TPM/CPM), unusable by DESeq2 | sample-type flag in the file names: CELL_LINE",,Molecular Mechanisms of the MLL4 Complex in H3K4 Methylation,COAD
GSE297912,SKIP,COAD,10,17.0 MB,,"only a per-sample archive (<GSE>_RAW.tar), no count matrix",,Development of an AI Model to Predict Tumor Immune Responsiv,COAD
GSE308782,SKIP,COAD,36,2.2 MB,,no file recognisable as a count matrix,,Telomerase Dysfunction Strategy Overcomes Targeted Therapy I,COAD
GSE318640,SKIP,UNKNOWN,6,1.2 MB,,no file recognisable as a count matrix,,Transcriptome analysis on RKO cells treated with EZA,COAD
GSE298512,SKIP,COAD,8,1.3 GB,,"no file recognisable as a count matrix | sample-type flag in the file names: CELL_LINE, SINGLE_CELL",,Single Cell Glycome and Transcriptome Profiling Enabled by a,COAD
GSE324253,SKIP,UNKNOWN,6,805.0 KB,,"only normalised values (FPKM/TPM/CPM), unusable by DESeq2",,RNA-seq in HCT116 cells treated with coptisine,COAD
GSE319722,SKIP,COAD,117,13.0 MB,,no file recognisable as a count matrix,,Spatial dynamics links PD-L1 and Tumor-Associated Macrophage,COAD
GSE320040,SKIP,UNKNOWN,7,865.6 MB,,sample-type flag in the file names: SINGLE_CELL,,High-resolution and noninvasive profiling of the tumor micro,COAD
GSE320038,SKIP,UNKNOWN,14,3.5 MB,,"only normalised values (FPKM/TPM/CPM), unusable by DESeq2",,High-resolution and noninvasive profiling of the tumor micro,COAD
GSE299400,SKIP,UNKNOWN,6,5.5 MB,,"only normalised values (FPKM/TPM/CPM), unusable by DESeq2",,Transcriptome alterations after CUL4A knockdown in HT-29 cel,COAD
GSE320042,SKIP,UNKNOWN,38,4.6 GB,,"only a per-sample archive (<GSE>_RAW.tar), no count matrix",,High-resolution and noninvasive profiling of the tumor micro,COAD
GSE296448,SKIP,COAD,12,965.0 KB,,"only normalised values (FPKM/TPM/CPM), unusable by DESeq2 | sample-type flag in the file names: CELL_LINE",,Glycerol-3-Phosphate Dehydrogenase 1-Like serves as a tumor ,COAD
GSE303732,SKIP,COAD,6,3.5 GB,,"only a per-sample archive (<GSE>_RAW.tar), no count matrix",,An appendiceal cancer organoid biobank identifies phenotypic,COAD
GSE310994,SKIP,COAD,6,2.7 MB,,"only normalised values (FPKM/TPM/CPM), unusable by DESeq2",,RNA-seq of SW620 colorectal cancer cells: control (sh-contro,COAD
GSE280266,SKIP,COAD,48,11.0 MB,,"only a per-sample archive (<GSE>_RAW.tar), no count matrix",,Reprogramming of Cellular Plasticity via ETS and MYC Core-re,COAD
GSE272805,SKIP,COAD,24,8.4 MB,,no file recognisable as a count matrix,,tsRNAs sequencing of FFPE tissues reveals i-tRF-Gly-GCC as a,COAD
GSE327705,SKIP,COAD,2,620.3 KB,,"only a per-sample archive (<GSE>_RAW.tar), no count matrix",,Mast cells selectively deliver extracellular vesicle-encapsu,COAD
GSE327054,SKIP,COAD,9,44.4 GB,,"only a per-sample archive (<GSE>_RAW.tar), no count matrix",,Resolving cell-cell interaction networks and their molecular,COAD
GSE327488,SKIP,COAD,12,4.9 MB,,"only normalised values (FPKM/TPM/CPM), unusable by DESeq2",,Mutual interaction between Schwann cells and CD4+T cells pro,COAD
GSE281727,SKIP,COAD,12,7.9 MB,,"only normalised values (FPKM/TPM/CPM), unusable by DESeq2",,Gene expression analysis of Subperitoneal Fibroblast (SPF) b,COAD
GSE289766,SKIP,COAD,27,3.8 MB,,"only a per-sample archive (<GSE>_RAW.tar), no count matrix",,Analysis of the mechanism of acquisition of chemotherapy res,COAD
GSE322823,SKIP,COAD,6,25.0 MB,,"only a per-sample archive (<GSE>_RAW.tar), no count matrix",,IFNγ-induced antigen loss in chimeric antigen receptor (CAR),COAD
GSE327208,SKIP,COAD,12,622.0 KB,,sample-type flag in the file names: CELL_LINE,,Control of Cellular Differentiation Trajectories for Cancer ,COAD
GSE312823,SKIP,COAD,6,826.0 KB,,"only normalised values (FPKM/TPM/CPM), unusable by DESeq2",,Targeting the epigenome and the integrated stress response t,COAD
GSE315534,SKIP,COAD,15,838.0 MB,,"only a per-sample archive (<GSE>_RAW.tar), no count matrix",,"Single-cell RNA sequencing of primary colorectal cancer, mat",COAD
GSE316624,SKIP,COAD,12,22.0 MB,,"only circRNA/isoform/miRNA counts, not gene level",,Anti-SLC7A11 monoclonal antibody Inhibits Tumor Progression ,COAD
GSE292970,SKIP,UNKNOWN,54,11.0 MB,,"only normalised values (FPKM/TPM/CPM), unusable by DESeq2",,Spatially organizing million callus cells identify the core-,COAD
GSE319745,SKIP,COAD,10,13.5 MB,,sample-type flag in the file names: CELL_LINE,,DNMT1 loss leads to hypermethylation of a subset of late rep,COAD
GSE297847,SKIP,UNKNOWN,42,1.8 GB,,"only a per-sample archive (<GSE>_RAW.tar), no count matrix",,DNMT1 loss leads to hypermethylation of a subset of late rep,COAD
GSE292858,SKIP,COAD,73,3.1 MB,,"only normalised values (FPKM/TPM/CPM), unusable by DESeq2",,RNA-Seq analysis of  tumor and matched normal samples from c,COAD
GSE296192,SKIP,UNKNOWN,98,27.0 GB,,"only a per-sample archive (<GSE>_RAW.tar), no count matrix",,Hypoxic regulation of chromatin and gene transcription,COAD
GSE296191,SKIP,UNKNOWN,14,1.4 MB,,"only a per-sample archive (<GSE>_RAW.tar), no count matrix",,Hypoxic regulation of chromatin and gene transcription [RNA-,COAD
GSE303880,SKIP,COAD,3,1.3 GB,,no file recognisable as a count matrix,,MAIT cell enrichment in Lynch syndrome is associated with im,COAD
GSE314837,SKIP,COAD,6,1.2 MB,,"only a per-sample archive (<GSE>_RAW.tar), no count matrix",,EHMT2-mediated chromatin reprogramming in 5-fluorouracil (5-,COAD
GSE291804,SKIP,UNKNOWN,18,907.0 MB,,"only a per-sample archive (<GSE>_RAW.tar), no count matrix",,Multi-omics analysis of brain metastasis elucidates obesity ,COAD
GSE264050,SKIP,UNKNOWN,87,22.0 GB,,"only a per-sample archive (<GSE>_RAW.tar), no count matrix",,Parkinson's disease (PD) genetic asymmetry in neuronal nucle,COAD
GSE311000,SKIP,COAD,6,950.0 MB,,"only a per-sample archive (<GSE>_RAW.tar), no count matrix",,Intra-tumoral microbiota and host genotype cooperatively sha,COAD
GSE302491,SKIP,COAD,6,724.0 KB,,no file recognisable as a count matrix,,AURKA-Mediated 7-Dehydrocholesterol Biosynthesis Drives Ferr,COAD
GSE314194,SKIP,COAD,18,2.0 GB,,"only a per-sample archive (<GSE>_RAW.tar), no count matrix",,m6A Methylation Suppresses anti-tumour immune responses in C,COAD
GSE300323,SKIP,COAD,0,393.1 MB,,no file recognisable as a count matrix | sample-type flag in the file names: CELL_LINE,,Re-analysis of PRO-seq data from HCT116 cells (GSE129501),COAD
GSE300319,SKIP,UNKNOWN,6,2.7 GB,,"only a per-sample archive (<GSE>_RAW.tar), no count matrix",,Sequence-specific RNA recognition drives Restrictor-mediated,COAD
GSE289982,SKIP,COAD,70,6.6 GB,,"only a per-sample archive (<GSE>_RAW.tar), no count matrix",,m6A Methylation Suppresses anti-tumour immune responses in C,COAD
GSE289971,SKIP,COAD,16,2.6 GB,,"only a per-sample archive (<GSE>_RAW.tar), no count matrix",,m6A Methylation Suppresses anti-tumour immune responses in C,COAD
GSE322659,SKIP,COAD,24,818.0 KB,,sample-type flag in the file names: NON_HUMAN,,"Nitric Oxide Synthase 2-Dependent Metabolic Dysregulation, I",COAD
GSE322519,SKIP,COAD,3,492.0 MB,,"only a per-sample archive (<GSE>_RAW.tar), no count matrix",,Cancerformer: A CRISPR Screen-benchmarked Multimodal AI Plat,COAD
GSE271043,SKIP,COAD,6,12.0 MB,,no file recognisable as a count matrix,,Desulfovibrio Vulgaris Flagellin Induces Epithelial-Mesenchy,COAD
GSE300453,SKIP,UNKNOWN,163,25.0 GB,,"only a per-sample archive (<GSE>_RAW.tar), no count matrix",,Sequence-specific RNA recognition drives Restrictor-mediated,COAD
GSE312804,SKIP,LIHC,2,260.0 MB,,"only a per-sample archive (<GSE>_RAW.tar), no count matrix",,scRNAseq analysis of hepatocytes from liver cirrhosis patien,COAD
GSE310401,SKIP,COAD,9,1.9 MB,,"only a per-sample archive (<GSE>_RAW.tar), no count matrix",,Reactivation of the silenced BASP1 gene suppresses oncogenic,COAD
GSE289646,SKIP,COAD,1,92.0 MB,,"only a per-sample archive (<GSE>_RAW.tar), no count matrix",,Genomic Analysis of T cell Receptors Provides Novel Insights,COAD
GSE293576,SKIP,COAD,9,3.5 MB,,"only normalised values (FPKM/TPM/CPM), unusable by DESeq2",,Partial truncation of the C-terminal domain of PTCH1 in canc,COAD
GSE295985,SKIP,COAD,2,210.0 MB,,"only a per-sample archive (<GSE>_RAW.tar), no count matrix",,Aberrant NOTUM+ Program Induced in LGR5+ Crypt Base Columnar,COAD
GSE299569,SKIP,COAD,26,7.5 MB,,"only a per-sample archive (<GSE>_RAW.tar), no count matrix",,Palmitic Acid Activates c-Myc via Dual Palmitoylation-depend,COAD
GSE256188,SKIP,COAD,36,14.0 MB,,"only a per-sample archive (<GSE>_RAW.tar), no count matrix",,Super-enhancers reorganization controls re-sensitization of ,COAD
GSE308548,SKIP,COAD,9,6.4 MB,,"only a per-sample archive (<GSE>_RAW.tar), no count matrix",,Monocytes acquire a tumor-associated IL1B program upon encou,COAD
GSE308582,SKIP,COAD,6,195.0 MB,,"only a per-sample archive (<GSE>_RAW.tar), no count matrix",,Monocytes acquire a tumor-associated IL1B program upon encou,COAD
GSE294344,SKIP,UNKNOWN,76,15.0 MB,,"only a per-sample archive (<GSE>_RAW.tar), no count matrix",,DEAH-BOX HELICASE 8 IS A REGULATOR OF HEAT SHOCK FACTOR 1,COAD
GSE307937,SKIP,COAD,6,40.5 MB,,"only circRNA/isoform/miRNA counts, not gene level",,PKM2 lactylation promotes colorectal cancer vasculogenic mim,COAD
GSE309346,SKIP,COAD,3,111.0 MB,,"only a per-sample archive (<GSE>_RAW.tar), no count matrix",,PI3K and MAPK signaling nodes as divergent drivers of phenot,COAD
GSE309233,SKIP,COAD,12,2.8 MB,,"only a per-sample archive (<GSE>_RAW.tar), no count matrix",,PI3K and MAPK signaling nodes as divergent drivers of phenot,COAD
GSE302045,SKIP,COAD,19,532.0 MB,,no file recognisable as a count matrix,,"Innate lymphoid cells in unaffected colon, colorectal cancer",COAD
GSE269621,SKIP,UNKNOWN,4,357.0 MB,,"only a per-sample archive (<GSE>_RAW.tar), no count matrix",,scRNA-SEQ analysis of SW620 xenografts tumor in nude mice,COAD
GSE289217,SKIP,COAD,9,3.2 MB,,no file recognisable as a count matrix,,The alterations of gene expression profiling induced by ORM1,COAD
GSE289213,SKIP,COAD,9,3.3 MB,,no file recognisable as a count matrix,,The alterations of gene expression profiling induced by EXOS,COAD
GSE316301,SKIP,COAD,24,1.1 GB,,"only a per-sample archive (<GSE>_RAW.tar), no count matrix",,Tumor matrix proteoglycan accumulation and processing alters,COAD
GSE291324,SKIP,COAD,8,3.3 MB,,"only normalised values (FPKM/TPM/CPM), unusable by DESeq2",,Transcriptome analysis of HCT116 cells subjected to low gluc,COAD
GSE288874,SKIP,COAD,26,3.2 MB,,"only normalised values (FPKM/TPM/CPM), unusable by DESeq2",,THE INTEGRATIVE GENOMIC AND FUNCTIONAL IMMUNOLOGICAL ANALYSE,COAD
GSE318268,SKIP,COAD,73,5.1 MB,,"only normalised values (FPKM/TPM/CPM), unusable by DESeq2",,CMS subtypes correlate with complete response in trial of ne,COAD
GSE278461,SKIP,UNKNOWN,37,21.0 MB,,"only a per-sample archive (<GSE>_RAW.tar), no count matrix",,Separate transcription and splicing gene networks are linked,COAD
GSE289034,SKIP,COAD,6,18.0 MB,,"only a per-sample archive (<GSE>_RAW.tar), no count matrix",,Screening CRC-specific lncRNA,COAD
GSE314702,SKIP,COAD,12,6.3 MB,,no file recognisable as a count matrix,,Transcriptomic profiling of colorectal cancer cells treated ,COAD
GSE310036,SKIP,COAD,12,9.3 MB,,"only normalised values (FPKM/TPM/CPM), unusable by DESeq2",,Transcriptomic profiling of HCT116 and HT29 colorectal cance,COAD
GSE308376,SKIP,COAD,18,1.8 MB,,no file recognisable as a count matrix | sample-type flag in the file names: CELL_LINE,,ACTB methylation regulates SMARCA4 genomic occupancy to prom,COAD
GSE310683,SKIP,COAD,38,31.0 GB,,"only a per-sample archive (<GSE>_RAW.tar), no count matrix",,Detection of mitochondrial DNA mutations in T cells followin,COAD
GSE299943,SKIP,COAD,9,1.7 MB,,"only a per-sample archive (<GSE>_RAW.tar), no count matrix",,BCL-xL as a therapeutic target in cetuximab-refractory color,COAD
GSE298852,SKIP,COAD,26,37.0 MB,,"only a per-sample archive (<GSE>_RAW.tar), no count matrix",,NSMF Mitigates Excessive Replication Stress to Facilitate Co,COAD
GSE305039,SKIP,COAD,6,293.0 KB,,"only normalised values (FPKM/TPM/CPM), unusable by DESeq2 | sample-type flag in the file names: CELL_LINE",,Smoking promotes the progression of colorectal cancer via CK,COAD
GSE305020,SKIP,COAD,12,569.0 KB,,"only normalised values (FPKM/TPM/CPM), unusable by DESeq2 | sample-type flag in the file names: CELL_LINE",,Smoking promotes the progression of colorectal cancer via CK,COAD
GSE311253,SKIP,COAD,12,25.0 MB,,"only a per-sample archive (<GSE>_RAW.tar), no count matrix",,RNA-seq profiling of ADAM10 inhibition in DLD-1 and SW620 co,COAD
GSE288344,SKIP,UNKNOWN,258,31.0 GB,,"only a per-sample archive (<GSE>_RAW.tar), no count matrix",,Targeted citrullination enables p53 binding to non-canonical,COAD
GSE287870,SKIP,UNKNOWN,48,5.1 MB,,"only normalised values (FPKM/TPM/CPM), unusable by DESeq2",,Targeted citrullination enables p53 binding to non-canonical,COAD
GSE214255,SKIP,COAD,4,343.0 KB,,no file recognisable as a count matrix,,Functional Dynamic Modulation of Colorectal Cancer Initiatio,COAD
GSE316039,SKIP,COAD,14,1.0 MB,,"only normalised values (FPKM/TPM/CPM), unusable by DESeq2",,Downregulation of MGST3 promotes colorectal cancer progressi,COAD
GSE288026,SKIP,COAD,10,1.9 MB,,"only a per-sample archive (<GSE>_RAW.tar), no count matrix",,A conserved short 3 ́UTR short motif regulates gene expressi,COAD
GSE299651,SKIP,COAD,20,7.7 GB,,no file recognisable as a count matrix | sample-type flag in the file names: CELL_LINE,,Pooled single-cell screening in colorectal cancer identifies,COAD
GSE295961,SKIP,COAD,157,649.0 MB,,"only a per-sample archive (<GSE>_RAW.tar), no count matrix",,Genomic profiling of active vitamin D colonic responses in A,COAD
GSE286216,SKIP,COAD,6,3.1 MB,,"only normalised values (FPKM/TPM/CPM), unusable by DESeq2",,c-MET inhibition is synthetic lethal with ARID1A loss via ta,COAD
GSE270767,SKIP,COAD,1,34.0 MB,,"only a per-sample archive (<GSE>_RAW.tar), no count matrix",,Disseminated tumor cell of colorectal cancer adopt the wound,COAD
GSE315014,SKIP,UNKNOWN,10,14.1 MB,,"only normalised values (FPKM/TPM/CPM), unusable by DESeq2 | sample-type flag in the file names: CELL_LINE",,DOT1L-mediated CDK9 methylation is essential for DNA double-,COAD
GSE301220,SKIP,COAD,6,1.2 MB,,"only normalised values (FPKM/TPM/CPM), unusable by DESeq2",,RNA-seq analysis reveals dysregulated pathways in CAFs follo,COAD
GSE314476,SKIP,COAD,24,2.6 MB,,"only normalised values (FPKM/TPM/CPM), unusable by DESeq2",,Sex-specific effects of exogenous asparagine on colorectal t,COAD
GSE312098,SKIP,COAD,12,5.7 MB,,"only normalised values (FPKM/TPM/CPM), unusable by DESeq2",,Overcoming ADC resistance in advanced colorectal cancer by d,COAD
GSE311016,SKIP,COAD,10,5.1 MB,,"only normalised values (FPKM/TPM/CPM), unusable by DESeq2",,Overcoming ADC resistance in advanced colorectal cancer by d,COAD
GSE309239,SKIP,UNKNOWN,28,1.2 GB,,"only a per-sample archive (<GSE>_RAW.tar), no count matrix",,"High-dimensional profiling uncovers heterogeneity, lineage-s",COAD
GSE292020,SKIP,COAD,15,11.0 MB,,"only a per-sample archive (<GSE>_RAW.tar), no count matrix",,Colorectal cancer organoids drive patient-specific inflammat,COAD
GSE264360,SKIP,COAD,6,13.8 MB,,"only circRNA/isoform/miRNA counts, not gene level",,Nuclear translocation of Cx43 promotes CRC progression by CA,COAD
GSE290623,SKIP,COAD,142,1.9 GB,,"only a per-sample archive (<GSE>_RAW.tar), no count matrix",,Opposing functions of distinct regulatory T cell subsets in ,COAD
GSE290616,SKIP,COAD,12,3.2 GB,,"no file recognisable as a count matrix | sample-type flag in the file names: SINGLE_CELL, NOT_RNASEQ",,Opposing functions of distinct regulatory T cell subsets in ,COAD
GSE254009,SKIP,COAD,12,5.3 GB,,"only a per-sample archive (<GSE>_RAW.tar), no count matrix",,NELF prevents widespread transcriptional readthrough into DN,COAD
GSE253121,SKIP,COAD,70,15.0 GB,,"only a per-sample archive (<GSE>_RAW.tar), no count matrix",,NELF prevents transcriptional readthrough into DNA replicati,COAD
GSE253120,SKIP,COAD,28,6.0 GB,,"only a per-sample archive (<GSE>_RAW.tar), no count matrix",,NELF prevents widespread transcriptional readthrough into DN,COAD
GSE253012,SKIP,COAD,12,1.1 GB,,"only a per-sample archive (<GSE>_RAW.tar), no count matrix",,NELF prevents widespread transcriptional readthrough into DN,COAD
GSE313499,SKIP,UNKNOWN,12,780.9 KB,,"only a per-sample archive (<GSE>_RAW.tar), no count matrix",,Identification of Novel Regulators of LINE-1 Expression via ,COAD
GSE287188,SKIP,COAD,2,144.0 MB,,"only a per-sample archive (<GSE>_RAW.tar), no count matrix",,Effects of active-state RAS inhibition on the colorectal can,COAD
GSE313350,SKIP,COAD,24,4.8 MB,,"only normalised values (FPKM/TPM/CPM), unusable by DESeq2",,Asparagine synthetase and G-protein coupled estrogen recepto,COAD
GSE232110,SKIP,COAD,16,2.2 MB,,"only normalised values (FPKM/TPM/CPM), unusable by DESeq2",,Biomarkers of colorectal precancerous lesions,COAD
GSE291181,SKIP,COAD,4,11.0 MB,,"only circRNA/isoform/miRNA counts, not gene level",,Transcriptome of 3D cultivated colon cancer cell lines (HCT1,COAD
GSE253660,SKIP,COAD,4,327.0 MB,,"only a per-sample archive (<GSE>_RAW.tar), no count matrix",,A Nuclear Isoform of Hydroxyacyl-CoA Dehydrogenase Inhibits ,COAD
GSE312082,SKIP,COAD,36,6.8 MB,,"only normalised values (FPKM/TPM/CPM), unusable by DESeq2",,Translatome and transcriptome sequencing data of 16-day kine,COAD
GSE312287,SKIP,COAD,6,267.0 KB,,no file recognisable as a count matrix,,KMT5A-Mediated Methylation of IRF3 Promotes Tumor Progressio,COAD
GSE302917,SKIP,COAD,28,1.3 MB,,no file recognisable as a count matrix,,TP53 Mutation is a Prognostic Biomarker for Patients with Ad,COAD
GSE299648,SKIP,COAD,5,6.7 MB,,no file recognisable as a count matrix | sample-type flag in the file names: CELL_LINE,,4-Acetylantrocamol LT3 Suppresses Colorectal Cancer Growth a,COAD
GSE282029,SKIP,COAD,8,388.0 MB,,"only a per-sample archive (<GSE>_RAW.tar), no count matrix",,Multi-omics analyses integration reveals a novel TRF2-miR-18,COAD
GSE282027,SKIP,COAD,6,1.5 MB,,"only a per-sample archive (<GSE>_RAW.tar), no count matrix",,Multi-omics analyses integration reveals a novel TRF2-miR-18,COAD
GSE274368,SKIP,COAD,13,390.0 MB,,"only a per-sample archive (<GSE>_RAW.tar), no count matrix",,IKKa modulates colorectal cancer metastasis by preventing ti,COAD
GSE274326,SKIP,COAD,6,2.2 MB,,"sample-type flag in the file names: CELL_LINE, NON_HUMAN",,IKKa modulates colorectal cancer metastasis by preventing ti,COAD
GSE274325,SKIP,COAD,4,914.0 KB,,sample-type flag in the file names: CELL_LINE,,IKKa modulates colorectal cancer metastasis by preventing ti,COAD
GSE274321,SKIP,COAD,3,4.5 GB,,"only a per-sample archive (<GSE>_RAW.tar), no count matrix",,IKKa modulates colorectal cancer metastasis by preventing ti,COAD
GSE311262,SKIP,COAD,18,3.1 MB,,sample-type flag in the file names: NON_HUMAN,,Recapitulating Patient-to-Patient Colorectal Cancer Tumor He,COAD
GSE310085,SKIP,COAD,9,591.0 KB,,"only normalised values (FPKM/TPM/CPM), unusable by DESeq2",,Sulforaphane Inhibits Colorectal Cancer Progression via PI3K,COAD
GSE273769,SKIP,COAD,24,3.4 MB,,"only normalised values (FPKM/TPM/CPM), unusable by DESeq2 | sample-type flag in the file names: CELL_LINE",,The PLK1 Inhibitor Onvansertib in Combination with FOLFIRI a,COAD
GSE248066,SKIP,COAD,6,6.0 MB,,"only normalised values (FPKM/TPM/CPM), unusable by DESeq2",,Total flavone of Abelmoschus manihot Lmedic inhibits the met,COAD
GSE250483,SKIP,COAD,13,2.4 MB,,"only circRNA/isoform/miRNA counts, not gene level | sample-type flag in the file names: CELL_LINE",,Discovery of novel circular RNAs through integration of shor,COAD
GSE280932,SKIP,COAD,12,1.4 MB,,"only normalised values (FPKM/TPM/CPM), unusable by DESeq2",,Long non-coding RNA UCA1 modulates chromatin remodeling via ,COAD
GSE287252,SKIP,COAD,6,680.5 KB,,"only a per-sample archive (<GSE>_RAW.tar), no count matrix",,RNA-seq analysis of differentially expressed genes between W,COAD
GSE302903,SKIP,COAD,12,571.0 MB,,"only a per-sample archive (<GSE>_RAW.tar), no count matrix",,Single-cell RNA sequencing of tumor tissues from 12 colorect,COAD
GSE302902,SKIP,COAD,51,21.0 MB,,"only normalised values (FPKM/TPM/CPM), unusable by DESeq2",,"DRUG-seq of high-density neutrophils (HDNs), mature low-dens",COAD
GSE302900,SKIP,COAD,18,8.6 MB,,"only normalised values (FPKM/TPM/CPM), unusable by DESeq2",,DRUG-seq of High-Density Neutrophils (HDNs) from Colorectal ,COAD
GSE271342,SKIP,UNKNOWN,39,1.9 GB,,"only a per-sample archive (<GSE>_RAW.tar), no count matrix",,Histone 2B Monoubiquitylation regulates elongation-to-termin,COAD
GSE281816,SKIP,COAD,6,4.7 MB,,"only normalised values (FPKM/TPM/CPM), unusable by DESeq2",,"A Novel Microprotein, MUCP1, Mediates Succinate Transport an",COAD
GSE280633,SKIP,COAD,8,5.3 MB,,"only normalised values (FPKM/TPM/CPM), unusable by DESeq2",,The function and mechanisms of hsa_circCDKN2B-AS_012 on tumo,COAD
GSE301521,SKIP,UNKNOWN,72,1.9 MB,,sample-type flag in the file names: CELL_LINE,,FOCAS: Transcriptome-wide screening of individual m6A sites ,COAD
GSE228260,SKIP,COAD,31,6.4 MB,,"only normalised values (FPKM/TPM/CPM), unusable by DESeq2 | sample-type flag in the file names: XENOGRAFT",,RNA-seq study of a helicon peptide targeting β-Catenin/TCF t,COAD
GSE216381,SKIP,COAD,24,3.6 MB,,"only normalised values (FPKM/TPM/CPM), unusable by DESeq2 | sample-type flag in the file names: CELL_LINE",,RNA-seq study of a helicon peptide targeting β-Catenin/TCF t,COAD
GSE216380,SKIP,COAD,29,2.3 MB,,"only normalised values (FPKM/TPM/CPM), unusable by DESeq2",,RNA-seq study of a helicon peptide targeting β-Catenin/TCF t,COAD
GSE216379,SKIP,COAD,63,8.4 MB,,"only normalised values (FPKM/TPM/CPM), unusable by DESeq2",,RNA-seq study of a helicon peptide targeting β-Catenin/TCF t,COAD
GSE297604,SKIP,UNKNOWN,4,490.0 MB,,no file recognisable as a count matrix,,Sequential verification of transcription by Integrator and R,COAD
GSE297603,SKIP,UNKNOWN,8,2.1 GB,,no file recognisable as a count matrix,,Sequential verification of transcription by Integrator and R,COAD
GSE297602,SKIP,UNKNOWN,8,2.3 GB,,no file recognisable as a count matrix,,Sequential verification of transcription by Integrator and R,COAD
GSE297595,SKIP,UNKNOWN,8,2.0 GB,,no file recognisable as a count matrix,,Sequential verification of transcription by Integrator and R,COAD
GSE280385,SKIP,COAD,53,0.0 B,,no supplementary files: the data may only be in SRA,,Mesenchymal Colorectal Cancers Secrete Vesicles With Unique ,COAD
GSE280367,SKIP,COAD,8,3.0 MB,,"only normalised values (FPKM/TPM/CPM), unusable by DESeq2",,Mesenchymal Colorectal Cancers Secrete Vesicles With Unique ,COAD
GSE279907,SKIP,COAD,6,1.9 MB,,"only normalised values (FPKM/TPM/CPM), unusable by DESeq2",,METTL1 relays the tumor-promoting signal flow from senescent,COAD
GSE309625,SKIP,UNKNOWN,9,444.0 MB,,no file recognisable as a count matrix,,Antigen reactivity defines tissue-resident memory and exhaus,COAD
GSE254249,SKIP,COAD,92,4.0 GB,,no file recognisable as a count matrix | sample-type flag in the file names: SINGLE_CELL,,Remodeling of T and endothelial cells during total neoadjuva,COAD
GSE281919,SKIP,UNKNOWN,111,66.3 GB,,"sample-type flag in the file names: CELL_LINE, NOT_RNASEQ",,LBR and LAP2 mediate heterochromatin tethering to the nuclea,COAD
GSE294827,SKIP,COAD,81,262.0 MB,,"only a per-sample archive (<GSE>_RAW.tar), no count matrix",,A plastic EMP1⁺ to LGR5⁺ cell state conversion as a therapeu,COAD
GSE284019,SKIP,COAD,6,706.0 KB,,"only normalised values (FPKM/TPM/CPM), unusable by DESeq2",,Differentially Expressed Genes Between High-Metastatic LOVO-,COAD
GSE237626,SKIP,COAD,57,0.0 B,,no supplementary files: the data may only be in SRA,,Induction of CDX2 as a differentiation therapy in colorectal,COAD
GSE237625,SKIP,COAD,6,2.4 MB,,no file recognisable as a count matrix,,Induction of CDX2 as a differentiation therapy in colorectal,COAD
GSE237624,SKIP,COAD,12,4.0 MB,,no file recognisable as a count matrix,,Induction of CDX2 as a differentiation therapy in colorectal,COAD
GSE237623,SKIP,COAD,39,9.2 MB,,no file recognisable as a count matrix,,Induction of CDX2 as a differentiation therapy in colorectal,COAD
GSE305337,SKIP,COAD,73,12.0 MB,,no file recognisable as a count matrix,,Patient-Specific Pharmacogenomics demonstrates xCT as Predic,COAD
GSE296403,SKIP,COAD,88,1.6 MB,,sample-type flag in the file names: NOT_TISSUE,,RNA-Seq of PBMC of FAP patient before and after a low-inflam,COAD
GSE299737,SKIP,COAD,11,530.0 MB,,"only a per-sample archive (<GSE>_RAW.tar), no count matrix",,Single-cell transcriptome analysis deciphers stem cell-like ,COAD
GSE279285,SKIP,UNKNOWN,597,2.6 MB,,"only a per-sample archive (<GSE>_RAW.tar), no count matrix",,Systematic characterization of the composition and dynamics ,COAD
GSE279284,SKIP,UNKNOWN,131,19.1 MB,,"only a per-sample archive (<GSE>_RAW.tar), no count matrix | sample-type flag in the file names: CELL_LINE",,Systematic characterization of the composition and dynamics ,COAD
GSE307472,SKIP,UNKNOWN,32,34.0 MB,,"only a per-sample archive (<GSE>_RAW.tar), no count matrix",,Effect of CDK11 inhibition via OTS964 treatment on gene expr,COAD
GSE288120,SKIP,COAD,35,776.6 MB,,"only a per-sample archive (<GSE>_RAW.tar), no count matrix | sample-type flag in the file names: CELL_LINE",,Pseudouridylation of 7SK by PUS7 regulates Pol II transcript,COAD
GSE296861,SKIP,UNKNOWN,109,4.9 MB,,"only normalised values (FPKM/TPM/CPM), unusable by DESeq2",,CD47 Expression in Solid Tumors Correlates with Phagocytic T,COAD
GSE284535,SKIP,UNKNOWN,4,888.0 KB,,sample-type flag in the file names: CELL_LINE,,Genome-wide homeostatic regulation of R-loops by the dual RN,COAD
GSE248414,SKIP,COAD,12,11.5 MB,,no file recognisable as a count matrix,,Understanding the mechanisms of resistance to BRAF inhibitor,COAD
GSE303954,SKIP,COAD,6,1.2 MB,,no file recognisable as a count matrix,,Gene expression profile of CPT2-knockdown HCT116 colorectal ,COAD
GSE306286,SKIP,COAD,16,28.0 MB,,"only a per-sample archive (<GSE>_RAW.tar), no count matrix",,FOXO1 links KRAS G12D and G12V alleles to glutamine and nitr,COAD
GSE278268,SKIP,COAD,20,74.0 MB,,"only a per-sample archive (<GSE>_RAW.tar), no count matrix",,ALKBH8-Mediated Codon-Specific Translation Promotes Colorect,COAD
GSE254956,SKIP,COAD,6,680.5 KB,,"only a per-sample archive (<GSE>_RAW.tar), no count matrix",,RNA-seq analysis of differentially expressed genes between W,COAD
GSE305561,SKIP,COAD,18,1.6 MB,,"only normalised values (FPKM/TPM/CPM), unusable by DESeq2",,Targeting HSPB1 Reduces Tumor Growth and Abrogates Treg-Medi,COAD
GSE292281,SKIP,COAD,6,1.5 MB,,no file recognisable as a count matrix,,Effect of depletion of AURKB on gene expression in colorecta,COAD
GSE279572,SKIP,COAD,9,372.0 KB,,sample-type flag in the file names: CELL_LINE,,Candida albicans drives colorectal cancer progression by ind,COAD
GSE281509,SKIP,UNKNOWN,6,33.8 MB,,"only a per-sample archive (<GSE>_RAW.tar), no count matrix | sample-type flag in the file names: SINGLE_CELL",,The role of RUNX2 and BHLHE40 in pathologically relevant  CD,COAD
GSE281504,SKIP,UNKNOWN,18,121.7 MB,,"only a per-sample archive (<GSE>_RAW.tar), no count matrix | sample-type flag in the file names: SINGLE_CELL",,The role of RUNX2 and BHLHE40 in pathologically relevant  CD,COAD
GSE280714,SKIP,UNKNOWN,12,1.5 GB,,"only a per-sample archive (<GSE>_RAW.tar), no count matrix",,The role of RUNX2 and BHLHE40 in pathologically relevant  CD,COAD
GSE295547,SKIP,COAD,14,3.1 MB,,"only normalised values (FPKM/TPM/CPM), unusable by DESeq2",,ARID1A recruits non-homologous end joining factors to DNA br,COAD
GSE289314,SKIP,COAD,14,784.0 MB,,"only a per-sample archive (<GSE>_RAW.tar), no count matrix",,Single-cell and spatial transcriptome analysis revealed the ,COAD
GSE274150,SKIP,COAD,4,430.3 KB,,"only a per-sample archive (<GSE>_RAW.tar), no count matrix",,Sequencing data of a novel piperine derivative HJ-23 against,COAD
GSE298084,SKIP,COAD,8,152.0 MB,,"only a per-sample archive (<GSE>_RAW.tar), no count matrix",,Tissue-specific immunosuppressive and proliferating macropha,COAD
GSE264485,SKIP,COAD,6,91.0 MB,,"only a per-sample archive (<GSE>_RAW.tar), no count matrix",,Ribosome biogenesis in embryo-like grand states as potential,COAD
GSE240485,SKIP,COAD,12,5.0 MB,,"only a per-sample archive (<GSE>_RAW.tar), no count matrix",,TGF-β-induced MIR99AHG synergizes with PTBP1 to trigger an a,COAD
GSE304110,SKIP,COAD,11,3.8 MB,,sample-type flag in the file names: CELL_LINE,,Stress-Survival Pathway Profiling Reveals MCM10 as a Candida,COAD
GSE301380,SKIP,COAD,6,1.8 MB,,no file recognisable as a count matrix | sample-type flag in the file names: CELL_LINE,,Effect of Fatty Acid Binding Protein 1 (FABP1) knockdown on ,COAD
GSE304444,SKIP,COAD,6,1.5 MB,,"only a per-sample archive (<GSE>_RAW.tar), no count matrix",,Genetic Control of tRNA-Derived Fragments Contributes to Can,COAD
GSE290891,SKIP,UNKNOWN,11,5.4 GB,,"only a per-sample archive (<GSE>_RAW.tar), no count matrix | sample-type flag in the file names: SINGLE_CELL",,Isolation of mitochondrial mutation-specific T-cell receptor,COAD
GSE290772,SKIP,UNKNOWN,24,277.0 MB,,"only a per-sample archive (<GSE>_RAW.tar), no count matrix",,Cancer cells subvert ZNF93 to escape surveillance by L1 epig,COAD
GSE263027,SKIP,COAD,18,1.6 MB,,no file recognisable as a count matrix,,Highly-metastatic colorectal cancer cell released Nidogen 1-,COAD
GSE290774,SKIP,UNKNOWN,56,491.0 MB,,"only a per-sample archive (<GSE>_RAW.tar), no count matrix",,Cancer cells subvert ZNF93 to escape surveillance by L1 epig,COAD
GSE282110,SKIP,COAD,6,1.7 MB,,"only normalised values (FPKM/TPM/CPM), unusable by DESeq2",,RBM47 functions as an anti-oncogene by regulating expression,COAD
GSE277268,SKIP,COAD,15,356.0 MB,,no file recognisable as a count matrix,,Single-Cell RNA Sequencing Reveals Shenbai Granule Retards C,COAD
GSE248094,SKIP,COAD,51,116.5 MB,,sample-type flag in the file names: CELL_LINE,,Systematic characterization of single-cell full-length RNA i,COAD
GSE274247,SKIP,COAD,32,23.5 MB,,"only circRNA/isoform/miRNA counts, not gene level",,"Direct circMAN1A2(2,3,4,5)-CENPB mRNA interaction regulates ",COAD
GSE300390,SKIP,UNKNOWN,8,6.1 MB,,no file recognisable as a count matrix,,AI-Identified CD133-Targeting Natural Compounds Demonstrate ,COAD
GSE299428,SKIP,COAD,24,3.8 MB,,sample-type flag in the file names: CELL_LINE,,RNA-seq of oxaliplatin resistant HCT116 and SW480,COAD
GSE299427,SKIP,COAD,4,5.1 GB,,"only a per-sample archive (<GSE>_RAW.tar), no count matrix",,Single cell RNA-seq of oxaliplatin resistant HCT116 cells,COAD
GSE273567,SKIP,COAD,42,621.0 MB,,"only a per-sample archive (<GSE>_RAW.tar), no count matrix",,Secretory IgA dysfunction underlies poor prognosis in Fusoba,COAD
GSE283654,SKIP,COAD,6,717.0 KB,,no file recognisable as a count matrix,,AKR1B10 dictates c-Myc stability to suppress colorectal canc,COAD
GSE302923,SKIP,COAD,62,0.0 B,,no supplementary files: the data may only be in SRA,,"Phase I/II trial of encorafenib, cetuximab, and nivolumab in",COAD
GSE294559,SKIP,COAD,72,33.5 GB,,"only a per-sample archive (<GSE>_RAW.tar), no count matrix",,"Single-cell multi-omics characterize colorectal tumors, adja",COAD
GSE278020,SKIP,UNKNOWN,9,738.0 KB,,no file recognisable as a count matrix,,Characterization of off-target effects of a first-in-class E,COAD
GSE294639,SKIP,COAD,12,65.0 MB,,"only a per-sample archive (<GSE>_RAW.tar), no count matrix",,PHGDH Drives 5-FU Chemoresistance in Colorectal Cancer throu,COAD
GSE299474,SKIP,UNKNOWN,6,1.0 MB,,sample-type flag in the file names: CELL_LINE,,FAM72A promotes UNG2 degradation and mutagenesis in human ca,COAD
GSE282048,SKIP,COAD,32,4.6 MB,,"only a per-sample archive (<GSE>_RAW.tar), no count matrix",,Enrichment of ornithine decarboxylase degron transduced colo,COAD
GSE279376,SKIP,UNKNOWN,12,77.0 MB,,"only a per-sample archive (<GSE>_RAW.tar), no count matrix",,Exploring the Factors regulating RNA Enrichment in EVs,COAD
GSE207709,SKIP,COAD,6,7.8 MB,,"only normalised values (FPKM/TPM/CPM), unusable by DESeq2",,Effect of PLOD3 on the progression of colorectal cancer,COAD
GSE276573,SKIP,COAD,6,850.5 KB,,"only a per-sample archive (<GSE>_RAW.tar), no count matrix",,Enrichment of ornithine decarboxylase degron transduced colo,COAD
GSE299058,SKIP,COAD,9,607.0 KB,,no file recognisable as a count matrix,,Inhibition of PCSK9 Attenuates Liver Endothelial Cell Activa,COAD
GSE281918,SKIP,COAD,119,18.0 MB,,"only a per-sample archive (<GSE>_RAW.tar), no count matrix",,Gene expression data of non-mucinous colorectal cancers to s,COAD
GSE281917,SKIP,COAD,140,23.0 MB,,"only a per-sample archive (<GSE>_RAW.tar), no count matrix",,Gene expression data to identify molecular characteristics o,COAD
GSE286521,SKIP,COAD,24,62.0 MB,,"only a per-sample archive (<GSE>_RAW.tar), no count matrix",,scDUAL-seq Simultaneously Measures RNA Synthesis and Degrada,COAD
GSE271350,SKIP,COAD,24,2.2 MB,,no file recognisable as a count matrix,,Cancer-Associated Fibroblasts Promote Vasculogenic Mimicry o,COAD
GSE207378,SKIP,COAD,4,740.3 KB,,"only a per-sample archive (<GSE>_RAW.tar), no count matrix",,The c-MYC-WDR43 signalling axis promotes chemoresistance and,COAD
GSE280756,SKIP,COAD,10,1.7 MB,,no file recognisable as a count matrix | sample-type flag in the file names: CELL_LINE,,Identification of RNAs regulated by ZMAT3 and p53,COAD
GSE269296,SKIP,COAD,12,1.6 MB,,no file recognisable as a count matrix,,High expression of the structural maintenance of chromosomes,COAD
GSE298547,SKIP,COAD,87,2.5 MB,,sample-type flag in the file names: CELL_LINE,,Short chain fatty acids regulate the chromatin landscape and,COAD
GSE298365,SKIP,COAD,5,19.0 MB,,"only a per-sample archive (<GSE>_RAW.tar), no count matrix",,The deubiquitinase USP17 regulates the expression of the onc,COAD
GSE296923,SKIP,COAD,6,3.4 MB,,"only normalised values (FPKM/TPM/CPM), unusable by DESeq2",,The RNA-Binding Protein DDX39B Promotes Colorectal Adenocarc,COAD
GSE245341,SKIP,COAD,4,17.0 MB,,"only a per-sample archive (<GSE>_RAW.tar), no count matrix",,RBM25 depletion suppresses colon cancer progression through ,COAD
GSE264157,SKIP,COAD,12,556.0 KB,,sample-type flag in the file names: CELL_LINE,,Effect of stable genetic ablation and pharmacological inhibi,COAD
GSE278117,SKIP,COAD,12,22.0 MB,,no file recognisable as a count matrix,,Effect of FTO deletion on gene expression of HT29 and HCT116,COAD
GSE298346,SKIP,COAD,4,4.0 MB,,no file recognisable as a count matrix,,NSUN5 Mediates Resistance to Doxorubicin via Upregulation of,COAD
GSE252571,SKIP,COAD,6,3.0 MB,,no file recognisable as a count matrix | sample-type flag in the file names: CELL_LINE,,RNA sequencing to compare gene expression in control and CMT,COAD
GSE269369,SKIP,COAD,18,3.9 MB,,"only normalised values (FPKM/TPM/CPM), unusable by DESeq2",,LIN28B-mediated activation of the PI3K/AKT pathway promotes ,COAD
GSE298630,SKIP,COAD,5,633.0 KB,,"only normalised values (FPKM/TPM/CPM), unusable by DESeq2",,A deep learning framework for the reconstruction of gene exp,COAD
GSE271802,SKIP,COAD,6,451.0 KB,,no file recognisable as a count matrix,,Indole-3-lactic acid suppresses colorectal cancer via metabo,COAD
GSE296173,SKIP,COAD,8,36.0 MB,,"only a per-sample archive (<GSE>_RAW.tar), no count matrix",,Model systems and unique biological features of high and low,COAD
GSE297882,SKIP,UNKNOWN,26,5.7 MB,,"only normalised values (FPKM/TPM/CPM), unusable by DESeq2",,Cell and nuclear size are associated with chromosomal instab,COAD
GSE295932,SKIP,COAD,6,353.0 MB,,"only a per-sample archive (<GSE>_RAW.tar), no count matrix",,Single cell and spatial alternative splicing analysis with N,COAD
GSE226039,SKIP,COAD,46,136.0 MB,,"only a per-sample archive (<GSE>_RAW.tar), no count matrix",,"scRNAseq from pbmc, ileum, and rectal tissue of healthy and ",COAD
GSE276016,SKIP,UNKNOWN,36,8.5 MB,,no file recognisable as a count matrix | sample-type flag in the file names: CELL_LINE,,Genetic variants affecting RNA stability influence complex t,COAD
GSE278103,SKIP,COAD,36,11.0 MB,,"only a per-sample archive (<GSE>_RAW.tar), no count matrix",,DNA methylation protects cancer cells against non-canonical ,COAD
GSE239796,SKIP,UNKNOWN,38,4.0 GB,,"only a per-sample archive (<GSE>_RAW.tar), no count matrix",,Separation-of-function mutants reveal the NF-κB-independent ,COAD
GSE297086,SKIP,COAD,12,2.8 MB,,no file recognisable as a count matrix,,SLAM-seq reveals the promotive role of NDRG1 in Fusobacteriu,COAD
GSE264208,SKIP,COAD,167,9.9 MB,,"only circRNA/isoform/miRNA counts, not gene level | sample-type flag in the file names: CELL_LINE",,Modifications of microbiome-derived cell-free RNA in plasma ,COAD
GSE296969,SKIP,COAD,13,597.0 MB,,"only a per-sample archive (<GSE>_RAW.tar), no count matrix",,Gene expression at single cell level of stromal cells from t,COAD
GSE296656,SKIP,COAD,4,1.2 MB,,"only a per-sample archive (<GSE>_RAW.tar), no count matrix",,RNA seq of human colon cancer cell line HT29 treated with na,COAD
GSE282213,SKIP,UNKNOWN,6,1.6 MB,,"only normalised values (FPKM/TPM/CPM), unusable by DESeq2 | sample-type flag in the file names: CELL_LINE",,RNA-seq analysis of RRN3 knockdown in HCT116 cells,COAD
GSE282212,SKIP,UNKNOWN,6,1.6 MB,,"only normalised values (FPKM/TPM/CPM), unusable by DESeq2 | sample-type flag in the file names: CELL_LINE",,RNA-seq analysis of RNA polymerase I inhibitor in HCT116 cel,COAD
GSE267502,SKIP,COAD,6,1.6 MB,,"only normalised values (FPKM/TPM/CPM), unusable by DESeq2 | sample-type flag in the file names: CELL_LINE",,RNA-seq analysis of RNA polymerase I inhibitor in p53 null H,COAD
GSE267501,SKIP,COAD,6,1.6 MB,,"only normalised values (FPKM/TPM/CPM), unusable by DESeq2 | sample-type flag in the file names: CELL_LINE",,RNA-seq analysis of RNA polymerase I inhibitor in p53 profic,COAD
GSE267500,SKIP,UNKNOWN,9,6.9 MB,,"only circRNA/isoform/miRNA counts, not gene level",,"RNA-seq analysis of parent, RPL22L1 knockout and RPL22 recon",COAD
GSE268007,SKIP,COAD,6,169.0 KB,,no file recognisable as a count matrix,,Regulation of autophagy by Rab27B in colorectal cancer,COAD
GSE293618,SKIP,UNKNOWN,12,12.0 MB,,"only normalised values (FPKM/TPM/CPM), unusable by DESeq2",,Higher expression of HPV16 derived E7_LI Transcript Observed,COAD
GSE296060,SKIP,COAD,12,672.0 KB,,no file recognisable as a count matrix,,"Myricone C, a novel neolignan from Myristica fragrans, induc",COAD
GSE262823,SKIP,COAD,6,2.4 MB,,"only normalised values (FPKM/TPM/CPM), unusable by DESeq2",,TIPE regulates TGFB2 expression and induces extracellular M2,COAD
GSE263449,SKIP,UNKNOWN,36,32.3 MB,,"only normalised values (FPKM/TPM/CPM), unusable by DESeq2 | sample-type flag in the file names: CELL_LINE",,Transcription start site analysis of NIPBL depletion in canc,COAD
GSE232303,SKIP,UNKNOWN,191,21.0 GB,,"only a per-sample archive (<GSE>_RAW.tar), no count matrix",,TAD hierarchy restricts poised LTR activation and loss of TA,COAD
GSE290028,SKIP,COAD,23,690.0 MB,,"only a per-sample archive (<GSE>_RAW.tar), no count matrix",,LSD1 inhibition attenuates targeted therapy-induced lineage ,COAD
GSE280645,SKIP,COAD,12,791.0 KB,,"only normalised values (FPKM/TPM/CPM), unusable by DESeq2",,RNF26 promote the proliferation and metastasis of colorectal,COAD
GSE253843,SKIP,UNKNOWN,12,37.0 MB,,"only a per-sample archive (<GSE>_RAW.tar), no count matrix",,Effect of PXR on gene expression in LS174T cells,COAD
GSE289746,SKIP,COAD,12,5.0 MB,,"only normalised values (FPKM/TPM/CPM), unusable by DESeq2",,Combined therapy with DR5- targeting antibody-drug conjugate,COAD
GSE288560,SKIP,COAD,24,8.0 MB,,"only normalised values (FPKM/TPM/CPM), unusable by DESeq2",,Combined therapy with DR5- targeting antibody-drug conjugate,COAD
GSE240744,SKIP,COAD,12,11.0 MB,,"only normalised values (FPKM/TPM/CPM), unusable by DESeq2",,Distinct contributions of EMT states to colorectal cancer fe,COAD
GSE265884,SKIP,COAD,10,730.9 KB,,"only a per-sample archive (<GSE>_RAW.tar), no count matrix",,Tripartite phosphorylation of SPT5 by CDK9 times pause relea,COAD
GSE279678,SKIP,COAD,6,461.0 KB,,"only normalised values (FPKM/TPM/CPM), unusable by DESeq2 | sample-type flag in the file names: CELL_LINE",,RBM15-mediated Metabolic Reprogramming Boosts Immune Respons,COAD
GSE294201,SKIP,COAD,6,7.5 MB,,"only normalised values (FPKM/TPM/CPM), unusable by DESeq2",,TGFB1/CXCL5 Axis Regulation by LCN2 Overexpression: A Promis,COAD
GSE276620,SKIP,COAD,26,1.2 MB,,no file recognisable as a count matrix,,Oncogene induced senescence and senescence-associated secret,COAD
GSE200190,SKIP,UNKNOWN,2,68.0 MB,,"only a per-sample archive (<GSE>_RAW.tar), no count matrix",,PTIR1 acts as a suppressor of immunoproteasome and promotes ,COAD
GSE287956,SKIP,COAD,69,25.0 MB,,no file recognisable as a count matrix,,CAN-Scan: a multi-omic phenotype-driven precision oncology p,COAD
GSE263463,SKIP,COAD,6,4.1 MB,,no file recognisable as a count matrix,,HDAC inhibitors sensitize colorectal cancer to ferroptosis v,COAD
GSE287741,SKIP,COAD,12,7.8 MB,,"only a per-sample archive (<GSE>_RAW.tar), no count matrix",,Transcriptomic changes in CRC1 and CRC2 patient-derived CRC ,COAD
GSE268709,SKIP,COAD,12,7.7 MB,,"only a per-sample archive (<GSE>_RAW.tar), no count matrix",,Transcriptomic changes in HT29 cells and a patient-derived C,COAD
GSE289008,SKIP,COAD,6,9.3 MB,,no file recognisable as a count matrix,,Multi-omics analysis reveals Jianpi formula-derived bioactiv,COAD
GSE270815,SKIP,COAD,12,2.2 MB,,"only normalised values (FPKM/TPM/CPM), unusable by DESeq2",,The atypical KRASQ22K mutation directs TGF-β response toward,COAD
GSE280312,SKIP,COAD,16,34.0 MB,,"only a per-sample archive (<GSE>_RAW.tar), no count matrix",,Characterization of immune cell populations in the tumor mic,COAD
GSE291785,SKIP,COAD,8,471.0 KB,,no file recognisable as a count matrix | sample-type flag in the file names: CELL_LINE,,Nuclear ACAT1 orchestrates natural killer cell dependent ant,COAD
GSE280318,SKIP,COAD,39,56.0 GB,,"only a per-sample archive (<GSE>_RAW.tar), no count matrix",,Characterization of immune cell populations in the tumor mic,COAD
GSE289499,SKIP,COAD,29,867.0 KB,,no file recognisable as a count matrix,,Uncovering Stage-Specific Biomarkers in Colorectal Cancer: R,COAD
GSE235266,SKIP,COAD,87,0.0 B,,no supplementary files: the data may only be in SRA,,Dietary tyramine promotes colon cancer risk and development ,COAD
GSE233876,SKIP,COAD,18,3.1 MB,,"only normalised values (FPKM/TPM/CPM), unusable by DESeq2",,Dietary tyramine promotes colon cancer risk and development ,COAD
GSE290526,SKIP,PAAD,3,577.0 MB,,"only a per-sample archive (<GSE>_RAW.tar), no count matrix",,VEGFR2 blockade overcomes acquired KRAS G12D inhibitor resis,COAD
GSE290487,SKIP,PAAD,7,27.0 MB,,"only a per-sample archive (<GSE>_RAW.tar), no count matrix",,VEGFR2 blockade overcomes acquired KRAS G12D inhibitor resis,COAD
GSE290314,SKIP,COAD,6,12.0 MB,,no file recognisable as a count matrix,,Extracorporeal shock waves effectively suppress colorectal c,COAD
GSE146232,SKIP,COAD,18,3.7 MB,,"only normalised values (FPKM/TPM/CPM), unusable by DESeq2",,The Chromatin Remodeler Chromodomain Helicase DNA Binding Pr,COAD
GSE283167,SKIP,COAD,2,100.0 MB,,"only a per-sample archive (<GSE>_RAW.tar), no count matrix",,Attractor landscape analysis reveals a reversion switch in t,COAD
GSE264582,SKIP,COAD,6,32.1 MB,,"only a per-sample archive (<GSE>_RAW.tar), no count matrix",,Sequencing to Explore the Mechanism Network of N-acetyltrans,COAD
GSE233361,SKIP,COAD,18,0.0 B,,no supplementary files: the data may only be in SRA,,TRMT6-mediated tRNA m1A modification acts as a translational,COAD
GSE233358,SKIP,COAD,6,259.0 KB,,no file recognisable as a count matrix,,TRMT6-mediated tRNA m1A modification serves as a translation,COAD
GSE233356,SKIP,COAD,6,250.0 KB,,no file recognisable as a count matrix,,TRMT6-mediated tRNA m1A modification serves as a translation,COAD
GSE273846,SKIP,COAD,6,136.0 KB,,"only normalised values (FPKM/TPM/CPM), unusable by DESeq2",,Heat Shock Transcription Factor 4 Promotes Malignant Biologi,COAD
GSE274028,SKIP,COAD,4,546.0 KB,,"only normalised values (FPKM/TPM/CPM), unusable by DESeq2",,RNA m1A methyltransferase TRMT61A induces MAPK/ERK signaling,COAD
GSE274027,SKIP,COAD,4,8.1 MB,,no file recognisable as a count matrix,,RNA m1A methyltransferase TRMT61A induces MAPK/ERK signaling,COAD
GSE261388,SKIP,COAD,10,864.3 MB,,no file recognisable as a count matrix | sample-type flag in the file names: SINGLE_CELL,,Single cell transcriptomic profiling reveals a dynamic molec,COAD
GSE253112,SKIP,COAD,30,6.6 MB,,"only circRNA/isoform/miRNA counts, not gene level",,FXR isoforms drive differentiation and differentially inhibi,COAD
GSE285472,SKIP,COAD,5,430.5 KB,,"only a per-sample archive (<GSE>_RAW.tar), no count matrix",,Cancer-associated fibroblast-derived urea cycle metabolites ,COAD
GSE285457,SKIP,COAD,5,271.0 MB,,"only a per-sample archive (<GSE>_RAW.tar), no count matrix",,Long-term maintenanance of patient-specific characteristics ,COAD
GSE271639,SKIP,COAD,6,1.6 MB,,"only circRNA/isoform/miRNA counts, not gene level",,Transcriptomic analysis of RNA psi modification in colorecta,COAD
GSE267071,SKIP,COAD,34,7.8 MB,,sample-type flag in the file names: NON_HUMAN,,3D Intercellular Assembly of Decellularized Matrix  Recapitu,COAD
GSE287410,SKIP,PAAD,12,896.0 KB,,sample-type flag in the file names: NON_HUMAN,,ARM-X: an adaptable mesenchymal stromal cell-based vaccinati,COAD
GSE271172,SKIP,COAD,45,13.0 MB,,no file recognisable as a count matrix,,Immune infiltration characteristic of colorectal cancer with,COAD
GSE254323,SKIP,COAD,24,6.1 MB,,"only a per-sample archive (<GSE>_RAW.tar), no count matrix",,RNA-seq of colorectal cancer cell line HCT116 and DLD-1 cell,COAD
GSE284970,SKIP,UNKNOWN,2,781.0 MB,,"only a per-sample archive (<GSE>_RAW.tar), no count matrix",,total RNA-seq from HCT116 (ENCSR945VLG),COAD
GSE284964,SKIP,UNKNOWN,2,763.0 MB,,"only a per-sample archive (<GSE>_RAW.tar), no count matrix",,total RNA-seq from HCT116 (ENCSR931ATS),COAD
GSE284906,SKIP,UNKNOWN,2,852.0 MB,,"only a per-sample archive (<GSE>_RAW.tar), no count matrix",,total RNA-seq from HCT116 (ENCSR800KLD),COAD
GSE284895,SKIP,UNKNOWN,2,763.0 MB,,"only a per-sample archive (<GSE>_RAW.tar), no count matrix",,total RNA-seq from HCT116 (ENCSR294AKN),COAD
GSE284890,SKIP,UNKNOWN,2,694.0 MB,,"only a per-sample archive (<GSE>_RAW.tar), no count matrix",,total RNA-seq from HCT116 (ENCSR502PAY),COAD
GSE284885,SKIP,UNKNOWN,2,714.0 MB,,"only a per-sample archive (<GSE>_RAW.tar), no count matrix",,total RNA-seq from HCT116 (ENCSR275SNI),COAD
GSE284883,SKIP,UNKNOWN,2,748.0 MB,,"only a per-sample archive (<GSE>_RAW.tar), no count matrix",,total RNA-seq from HCT116 (ENCSR267FRL),COAD
GSE284880,SKIP,UNKNOWN,2,754.0 MB,,"only a per-sample archive (<GSE>_RAW.tar), no count matrix",,total RNA-seq from HCT116 (ENCSR266SBI),COAD
GSE284874,SKIP,UNKNOWN,2,794.0 MB,,"only a per-sample archive (<GSE>_RAW.tar), no count matrix",,total RNA-seq from HCT116 (ENCSR257FJF),COAD
GSE284870,SKIP,UNKNOWN,2,712.0 MB,,"only a per-sample archive (<GSE>_RAW.tar), no count matrix",,total RNA-seq from HCT116 (ENCSR729VMM),COAD
GSE284858,SKIP,UNKNOWN,2,909.0 MB,,"only a per-sample archive (<GSE>_RAW.tar), no count matrix",,total RNA-seq from HCT116 (ENCSR714CHF),COAD
GSE284831,SKIP,UNKNOWN,2,824.0 MB,,"only a per-sample archive (<GSE>_RAW.tar), no count matrix",,total RNA-seq from HCT116 (ENCSR146GSS),COAD
GSE284827,SKIP,UNKNOWN,2,754.0 MB,,"only a per-sample archive (<GSE>_RAW.tar), no count matrix",,total RNA-seq from HCT116 (ENCSR113CCF),COAD
GSE284821,SKIP,UNKNOWN,2,855.0 MB,,"only a per-sample archive (<GSE>_RAW.tar), no count matrix",,total RNA-seq from HCT116 (ENCSR096UGR),COAD
GSE284818,SKIP,UNKNOWN,2,834.0 MB,,"only a per-sample archive (<GSE>_RAW.tar), no count matrix",,total RNA-seq from HCT116 (ENCSR094RQC),COAD
GSE284806,SKIP,UNKNOWN,2,793.0 MB,,"only a per-sample archive (<GSE>_RAW.tar), no count matrix",,total RNA-seq from HCT116 (ENCSR034DEZ),COAD
GSE193554,SKIP,COAD,4,2.2 MB,,"only a per-sample archive (<GSE>_RAW.tar), no count matrix",,Transcriptomic profilings of CT45A1-expressing colorectal ca,COAD
GSE249128,SKIP,COAD,48,4.9 MB,,"only normalised values (FPKM/TPM/CPM), unusable by DESeq2",,Maintenance of p-eIF2 alpha levels by the eIF2B complex is v,COAD
GSE285815,SKIP,COAD,2,510.2 KB,,"only a per-sample archive (<GSE>_RAW.tar), no count matrix",,Effect of HERV-R env Knockout on Tumorigenic Characteristics,COAD
GSE252596,SKIP,UNKNOWN,6,481.0 MB,,"only a per-sample archive (<GSE>_RAW.tar), no count matrix",,RNA-seq for NKX2-3 knockout tumor pericytes,COAD
GSE226100,SKIP,COAD,6,692.0 KB,,"only normalised values (FPKM/TPM/CPM), unusable by DESeq2",,TBX21 attenuates colorectal cancer progression via a ARHGAP2,COAD
GSE278226,SKIP,COAD,6,820.5 KB,,"only a per-sample archive (<GSE>_RAW.tar), no count matrix",,PCYT2 inhibits epithelial-to-mesenchymal transition in color,COAD
GSE203071,SKIP,COAD,155,18.0 MB,,"only normalised values (FPKM/TPM/CPM), unusable by DESeq2",,Machine-learning detects non-invasive 5-hydroxymeythylcytosi,COAD
GSE284613,SKIP,COAD,6,4.7 MB,,no file recognisable as a count matrix,,Effects and Mechanisms of ACSL4 Induces Immunosuppression in,COAD
GSE223243,SKIP,COAD,4,3.4 MB,,no file recognisable as a count matrix,,LINC00261 Suppresses Epithelial-Mesenchymal Transition and M,COAD
GSE259375,SKIP,UNKNOWN,60,0.0 B,,no supplementary files: the data may only be in SRA,,Analysis of an HCA-7 derived cell line (CC-CR) and cell line,COAD
GSE259373,SKIP,UNKNOWN,30,2.3 MB,,sample-type flag in the file names: CELL_LINE,,Analysis of an HCA-7 derived cell line (CC-CR) and  cell lin,COAD
GSE259372,SKIP,UNKNOWN,22,0.0 B,,no supplementary files: the data may only be in SRA,,Analysis of a pair of HCA-7 derived cells with low expressin,COAD
GSE196711,SKIP,COAD,29,2.8 MB,,"only normalised values (FPKM/TPM/CPM), unusable by DESeq2",,Immune profiling of premalignant lesions in patients with Pe,COAD
GSE259306,SKIP,UNKNOWN,111,4.1 GB,,"only a per-sample archive (<GSE>_RAW.tar), no count matrix",,TurboCas: A method for locus-specific labeling of genomic re,COAD
GSE251666,SKIP,COAD,16,208.0 MB,,"only a per-sample archive (<GSE>_RAW.tar), no count matrix",,Effect of nonsense-mediated decay inhibition  on expression ,COAD
GSE251665,SKIP,COAD,8,103.0 MB,,"only a per-sample archive (<GSE>_RAW.tar), no count matrix",,Effect of activating Wnt signalling on expression of 3' UTR ,COAD
GSE266750,SKIP,COAD,75,18.0 GB,,"only a per-sample archive (<GSE>_RAW.tar), no count matrix",,GATA6 is a Novel Regulator of Gene Expression and 3D Genome ,COAD
GSE266748,SKIP,COAD,28,14.0 MB,,"only a per-sample archive (<GSE>_RAW.tar), no count matrix",,GATA6 is a Novel Regulator of Gene Expression and 3D Genome ,COAD
GSE261537,SKIP,COAD,6,720.5 KB,,"only a per-sample archive (<GSE>_RAW.tar), no count matrix",,"TR-107, An Agonist of Caseinolytic Peptidase Proteolytic Sub",COAD
GSE282765,SKIP,COAD,42,2.4 GB,,"only a per-sample archive (<GSE>_RAW.tar), no count matrix",,Eosinophils restrict CRC metastasis by inhibiting pro-tumori,COAD
GSE215924,SKIP,COAD,79,9.7 MB,,"only normalised values (FPKM/TPM/CPM), unusable by DESeq2",,Small bowel RNA-seq data from patients with Crohn's disease ,COAD
GSE277669,SKIP,COAD,1,23.0 MB,,"only a per-sample archive (<GSE>_RAW.tar), no count matrix",,Single-cell transcriptome landscape in colorectal cancer,COAD
GSE283752,SKIP,COAD,12,3.4 MB,,"only normalised values (FPKM/TPM/CPM), unusable by DESeq2 | sample-type flag in the file names: CELL_LINE",,Differential unfolded protein response regulation in KRAS si,COAD
GSE283737,SKIP,UNKNOWN,254,55.0 MB,,"only a per-sample archive (<GSE>_RAW.tar), no count matrix",,scBiopsy-seq: a platform for temporal single-cell RNA-seq an,COAD
GSE282925,SKIP,COAD,12,8.4 MB,,sample-type flag in the file names: CELL_LINE,,DNA hypomethylation promotes UHRF1- and SUV39H1/H2-dependent,COAD
GSE256114,SKIP,COAD,12,7.3 MB,,"only normalised values (FPKM/TPM/CPM), unusable by DESeq2",,DNA hypomethylation promotes UHRF1- and SUV39H1/H2-dependent,COAD
GSE276272,SKIP,COAD,8,8.7 MB,,"only normalised values (FPKM/TPM/CPM), unusable by DESeq2",,effect of PPA2 knockdown on gene expression under normoxia o,COAD
GSE214730,SKIP,UNKNOWN,12,4.0 MB,,no file recognisable as a count matrix,,RNA-seq of depletion Mina53 in HCT116 p53+/+ cells and HCT11,COAD
GSE189892,SKIP,UNKNOWN,4,3.8 MB,,no file recognisable as a count matrix | sample-type flag in the file names: CELL_LINE,,RNA-seq for HCT116 cells with TTC22-OE or kockdown,COAD
GSE282967,SKIP,COAD,4,247.0 KB,,no file recognisable as a count matrix,,Sequencing data of a novel piperine derivative HJ-4 against ,COAD
GSE264718,SKIP,UNKNOWN,4,1.5 GB,,no file recognisable as a count matrix,,Widespread termination of mammalian RNA polymerase II at T-r,COAD
GSE264499,SKIP,UNKNOWN,12,135.8 MB,,no file recognisable as a count matrix,,Widespread termination of mammalian RNA polymerase II at T-r,COAD
GSE226741,SKIP,COAD,30,0.0 B,,no supplementary files: the data may only be in SRA,,Expression changes of ecDNA in colorectal epithelium-adenoma,COAD
GSE226739,SKIP,COAD,15,3.9 MB,,no file recognisable as a count matrix,,Expression changes of ecDNA in colorectal epithelium-adenoma,COAD
GSE282542,SKIP,COAD,8,374.0 MB,,"only a per-sample archive (<GSE>_RAW.tar), no count matrix",,CD8+MTs+ Effector T Cells from Enlarged Tumor-Draining Lymph,COAD
GSE278406,SKIP,COAD,6,346.0 MB,,"only a per-sample archive (<GSE>_RAW.tar), no count matrix",,Phenotypic plasticity and increased tissue infiltration of T,COAD
GSE189486,SKIP,COAD,4,20.0 MB,,no file recognisable as a count matrix | sample-type flag in the file names: CELL_LINE,,Transcriptome analysis of AVEN wildtype(WT) and overexpressi,COAD
GSE281613,SKIP,COAD,12,1.7 MB,,"only normalised values (FPKM/TPM/CPM), unusable by DESeq2",,Microbial metabolite ammonia disrupts CEACAM1-TGF-β signalin,COAD
GSE241518,SKIP,COAD,4,9.3 MB,,"only normalised values (FPKM/TPM/CPM), unusable by DESeq2",,High-throughout sequencing of colorectal cancer and non-smal,COAD
GSE217760,SKIP,UNKNOWN,99,2.4 GB,,"only a per-sample archive (<GSE>_RAW.tar), no count matrix",,DNA methylation insulates exons from CTCF loops with nuclear,COAD
GSE217759,SKIP,UNKNOWN,30,167.6 MB,,sample-type flag in the file names: CELL_LINE,,DNA methylation insulates exons from CTCF loops with nuclear,COAD
GSE189310,SKIP,COAD,4,20.0 MB,,no file recognisable as a count matrix,,"Transcriptome analysis of multiple myeloma cells (HB, KB) an",COAD
GSE262850,SKIP,UNKNOWN,14,2.5 MB,,"only a per-sample archive (<GSE>_RAW.tar), no count matrix",,Discovery and Anti-inflammatory Activity of a Cyanobacterial,COAD
GSE249865,SKIP,COAD,6,3.0 MB,,"only normalised values (FPKM/TPM/CPM), unusable by DESeq2",,ROS-induced cytosolic release of mitochondrial PGAM5 acceler,COAD
GSE246881,SKIP,COAD,6,1.5 MB,,no file recognisable as a count matrix,,Transcriptomic changes in HCT116 cells after KAT2A knockout,COAD
GSE188329,SKIP,UNKNOWN,14,735.0 MB,,"only a per-sample archive (<GSE>_RAW.tar), no count matrix",,Single cell analysis of SW620/SW620-TET2CD with long time cl,COAD
GSE279800,SKIP,COAD,8,2.1 MB,,"only a per-sample archive (<GSE>_RAW.tar), no count matrix",,Caffeine modulates immunoproteasome activity and content in ,COAD
GSE277905,SKIP,COAD,7,215.0 MB,,"only a per-sample archive (<GSE>_RAW.tar), no count matrix",,Exploring Immune Microenvironment of Colorectal Cancer Patie,COAD
GSE245351,SKIP,COAD,18,28.2 MB,,"only a per-sample archive (<GSE>_RAW.tar), no count matrix",,Charting the transcriptomic landscape of primary and metasta,COAD
GSE190820,SKIP,UNKNOWN,16,719.0 MB,,"only a per-sample archive (<GSE>_RAW.tar), no count matrix | sample-type flag in the file names: CELL_LINE",,edu-Ψ-seq Reveals snoRNA-guided mRNA Pseudouridylation that ,COAD
GSE268122,SKIP,COAD,6,1.0 MB,,"only normalised values (FPKM/TPM/CPM), unusable by DESeq2",,The underlying mechanism of SCNAs-induced lncRNA LOC10192766,COAD
GSE232113,SKIP,UNKNOWN,8,1.6 MB,,"only a per-sample archive (<GSE>_RAW.tar), no count matrix",,Roles of H2A.Z histone variant isoforms during enterocyte-li,COAD
GSE278785,SKIP,COAD,26,29.3 MB,,no file recognisable as a count matrix | sample-type flag in the file names: NON_HUMAN,,Obesity facilitated colon cancer progression is mediated by ,COAD
GSE232114,SKIP,UNKNOWN,25,6.2 GB,,"only a per-sample archive (<GSE>_RAW.tar), no count matrix",,Roles of H2A.Z histone variant isoforms during enterocyte-li,COAD
GSE279062,SKIP,COAD,7,468.0 MB,,"only a per-sample archive (<GSE>_RAW.tar), no count matrix",,Gene expression profiles of interactions between colorectal ,COAD
GSE272875,SKIP,UNKNOWN,51,194.0 MB,,"only a per-sample archive (<GSE>_RAW.tar), no count matrix",,IGF2BP1 phosphorylation regulates ribonucleoprotein condensa,COAD
GSE272874,SKIP,UNKNOWN,26,99.0 MB,,"only a per-sample archive (<GSE>_RAW.tar), no count matrix",,IGF2BP1 phosphorylation regulates ribonucleoprotein condensa,COAD
GSE247894,SKIP,COAD,6,1.2 MB,,"only normalised values (FPKM/TPM/CPM), unusable by DESeq2 | sample-type flag in the file names: CELL_LINE",,HMGA1 promotes the tumorigenesis of colorectal cancer by inc,COAD
GSE275330,SKIP,COAD,10,1.0 GB,,"only a per-sample archive (<GSE>_RAW.tar), no count matrix",,Doxorubicin resistance involves modulation of interferon sig,COAD
GSE242091,SKIP,UNKNOWN,1,1.4 MB,,"only a per-sample archive (<GSE>_RAW.tar), no count matrix",,Gene expression profile of human intestinal mononuclear phag,COAD
GSE240900,SKIP,UNKNOWN,4,58.0 MB,,"only a per-sample archive (<GSE>_RAW.tar), no count matrix",,Gene expression profile of human intestinal mononuclear phag,COAD
GSE189558,SKIP,COAD,4,22.0 MB,,no file recognisable as a count matrix | sample-type flag in the file names: CELL_LINE,,Transcriptome analysis of ZCCHC7  wildtype(WT) and overexpre,COAD
GSE264006,SKIP,UNKNOWN,48,2.3 GB,,"only a per-sample archive (<GSE>_RAW.tar), no count matrix",,Engineered extrachromosomal oncogene amplifications promote ,COAD
GSE270759,SKIP,COAD,18,1.5 MB,,"only normalised values (FPKM/TPM/CPM), unusable by DESeq2",,Oncogenic KRAS Mutations Confer a Unique Mechanotransduction,COAD
GSE275454,SKIP,COAD,4,777.0 KB,,"only normalised values (FPKM/TPM/CPM), unusable by DESeq2",,ID3 Enhances PD-L1 Expression by Restructuring MYC and  Prom,COAD
GSE213953,SKIP,COAD,4,2.1 MB,,no file recognisable as a count matrix,,The alterations of gene expression profiling induced by ALKB,COAD
GSE230058,SKIP,COAD,53,4.3 MB,,"only normalised values (FPKM/TPM/CPM), unusable by DESeq2",,Eosinophils exhibit a unique transcriptional signature and i,COAD
GSE242271,SKIP,UNKNOWN,15,1.0 GB,,"only a per-sample archive (<GSE>_RAW.tar), no count matrix | sample-type flag in the file names: SINGLE_CELL",,Prostaglandin E2-EP4 signaling shapes immunosuppressive tumo,COAD
GSE266321,SKIP,UNKNOWN,8,39.0 MB,,"only a per-sample archive (<GSE>_RAW.tar), no count matrix",,The BAF complex enhances transcription through interaction w,COAD
GSE277845,SKIP,COAD,6,690.5 KB,,"only a per-sample archive (<GSE>_RAW.tar), no count matrix",,RNA-seq analysis of differentially expressed genes between W,COAD
GSE277467,SKIP,COAD,85,13.0 MB,,"only normalised values (FPKM/TPM/CPM), unusable by DESeq2",,First multiomics association study of trace element and mine,COAD
GSE268957,SKIP,COAD,4,5.6 GB,,no file recognisable as a count matrix | sample-type flag in the file names: NOT_RNASEQ,,LSD1 and CoREST2 Regulate STAT3 Activity to Promote Enteroen,COAD
GSE255739,SKIP,UNKNOWN,42,5.1 GB,,"only a per-sample archive (<GSE>_RAW.tar), no count matrix",,Type II topoisomerases shape multi-scale 3D chromatin foldin,COAD
GSE255737,SKIP,UNKNOWN,4,1.2 MB,,"only a per-sample archive (<GSE>_RAW.tar), no count matrix",,Type II topoisomerases shape multi-scale 3D chromatin foldin,COAD
GSE272456,SKIP,COAD,9,525.0 KB,,sample-type flag in the file names: CELL_LINE,,Mitochondrial metabolism is a key determinant of chemotherap,COAD
GSE255877,SKIP,UNKNOWN,18,0.0 B,,no supplementary files: the data may only be in SRA,,5-Fluorouracil Treatment Represses Pseudouridine-Containing ,COAD
GSE270887,SKIP,UNKNOWN,12,1.3 MB,,"only a per-sample archive (<GSE>_RAW.tar), no count matrix",,Toggling of BRD4 functions is triggered through its phosphor,COAD
GSE252982,SKIP,UNKNOWN,52,11.0 GB,,"only a per-sample archive (<GSE>_RAW.tar), no count matrix",,Toggling of BRD4 functions is triggered through its phosphor,COAD
GSE252980,SKIP,UNKNOWN,18,2.0 MB,,"only a per-sample archive (<GSE>_RAW.tar), no count matrix",,Toggling of BRD4 functions is triggered through its phosphor,COAD
GSE272912,SKIP,COAD,6,4.9 MB,,"only a per-sample archive (<GSE>_RAW.tar), no count matrix",,Transcription factor ZEB1 coordinating with NuRD complex to ,COAD
GSE234709,SKIP,COAD,6,1.5 MB,,no file recognisable as a count matrix,,Shikonin inhibit progression of colon cancer,COAD
GSE271642,SKIP,COAD,8,5.2 MB,,"only a per-sample archive (<GSE>_RAW.tar), no count matrix",,Effects of Simulated Microgravity on Colorectal Cancer Organ,COAD
GSE256276,SKIP,COAD,6,83.0 MB,,"only a per-sample archive (<GSE>_RAW.tar), no count matrix",,JOSD1 facilitates colorectal cancer progression via stabiliz,COAD
GSE254366,SKIP,COAD,36,18.0 MB,,"only a per-sample archive (<GSE>_RAW.tar), no count matrix",,Epigenome reprogramming through H3K27 and H3K4 trimethylatio,COAD
GSE239425,SKIP,COAD,134,400.0 MB,,"only a per-sample archive (<GSE>_RAW.tar), no count matrix",,Genomic and cellular responses to aspirin treatment in colon,COAD
GSE270402,SKIP,COAD,4,15.0 KB,,no file recognisable as a count matrix,,NCBP2 promotes colorectal cancer growth and metastasis by dr,COAD
GSE225822,SKIP,COAD,8,10.0 MB,,no file recognisable as a count matrix,,Transcriptome expression changes after knockdown of ALDH1A1 ,COAD
GSE275628,SKIP,COAD,34,45.0 MB,,"only a per-sample archive (<GSE>_RAW.tar), no count matrix",,"TAS-102, Irinotecan, and Bevacizumab in Pre-treated Metastat",COAD
GSE228606,SKIP,COAD,4,11.1 MB,,"only a per-sample archive (<GSE>_RAW.tar), no count matrix",,Recruitment of the m6A/Am demethylase FTO to target RNAs by ,COAD
GSE213403,SKIP,UNKNOWN,16,1.1 GB,,"only a per-sample archive (<GSE>_RAW.tar), no count matrix",,RNA Interacts with Topoisomerase I to Modulate its Catalytic,COAD
GSE243551,SKIP,UNKNOWN,44,0.0 B,,no supplementary files: the data may only be in SRA,,Endogenous retrovirus LTR12C hold potential locus-dependent ,COAD
GSE243546,SKIP,UNKNOWN,36,16.0 MB,,no file recognisable as a count matrix,,Endogenous retrovirus LTR12C hold potential locus-dependent ,COAD
GSE274172,SKIP,COAD,4,156.0 MB,,no file recognisable as a count matrix,,ATF6 promotes colorectal cancer growth and stemness by regul,COAD
GSE273988,SKIP,COAD,33,4.2 MB,,no file recognisable as a count matrix,,ATF6 promotes colorectal cancer growth and stemness by regul,COAD
GSE181537,SKIP,COAD,12,2.3 MB,,"only circRNA/isoform/miRNA counts, not gene level",,RNA-Seq profiling of circular RNAs in human colorectal cance,COAD
GSE246916,SKIP,COAD,14,0.0 B,,no supplementary files: the data may only be in SRA,,MORC2 regulates RBM39-mediated CDK5RAP2 alternative splicing,COAD
GSE250000,SKIP,COAD,4,940.4 KB,,"only a per-sample archive (<GSE>_RAW.tar), no count matrix",,Bulk RNA-sequencing of transduced colorectal cancer cell lin,COAD
GSE119947,SKIP,UNKNOWN,4,6.6 MB,,"only a per-sample archive (<GSE>_RAW.tar), no count matrix",,Chromatin conformation dynamics are essential to control the,COAD
GSE266390,SKIP,COAD,35,1.0 MB,,no file recognisable as a count matrix | sample-type flag in the file names: CELL_LINE,,Transcriptome profiling associated with CARD11 overexpressio,COAD
GSE252810,SKIP,UNKNOWN,86,0.0 B,,no supplementary files: the data may only be in SRA,,Chrom-seq Identifies RNAs at Chromatin Marks,COAD
GSE252807,SKIP,UNKNOWN,47,9.4 MB,,sample-type flag in the file names: CELL_LINE,,Chrom-seq Identifies RNAs at Chromatin Marks [Chrom_and_RNA_,COAD
GSE248259,SKIP,UNKNOWN,6,3.2 MB,,"only normalised values (FPKM/TPM/CPM), unusable by DESeq2",,Stabilization of mitochondrial double stranded RNAs by SLIRP,COAD
GSE243371,SKIP,LIHC,6,4.7 MB,,no file recognisable as a count matrix,,Integrate multi-omics analysis of LINC01767 in HCC,COAD
GSE239683,SKIP,COAD,48,2.0 GB,,"only a per-sample archive (<GSE>_RAW.tar), no count matrix",,BET protein-dependent E2F pathway confers bell-shaped type r,COAD
GSE239745,SKIP,UNKNOWN,15,177.0 MB,,"only a per-sample archive (<GSE>_RAW.tar), no count matrix",,Mis-splicing Drives Loss of Function of p53E224D Point Mutat,COAD
GSE264131,SKIP,UNKNOWN,27,1.0 MB,,"only normalised values (FPKM/TPM/CPM), unusable by DESeq2",,Comparative network-based analysis of toll-like receptor ago,COAD
GSE273106,SKIP,COAD,6,914.0 KB,,"only normalised values (FPKM/TPM/CPM), unusable by DESeq2",,Lipid engulfed macrophages interfere with protective T cell ,COAD
GSE268903,SKIP,COAD,10,209.0 MB,,"only a per-sample archive (<GSE>_RAW.tar), no count matrix",,Neoadjuvant immune checkpoint blockade in women with mismatc,COAD
GSE242924,SKIP,COAD,6,1.0 MB,,no file recognisable as a count matrix,,MMP-9-dependent proteolysis of the histone H3 N-terminal tai,COAD
GSE261888,SKIP,COAD,18,18.0 MB,,"only a per-sample archive (<GSE>_RAW.tar), no count matrix",,Global gene expression profile of colon biopsy samples from ,COAD
GSE252554,SKIP,COAD,8,941.0 KB,,no file recognisable as a count matrix,,Combination of dual JAK/HDAC inhibitor with regorafenib  red,COAD
GSE246494,SKIP,UNKNOWN,24,0.0 B,,no supplementary files: the data may only be in SRA,,Effect of depletion of C15ORF48/miR-147 on gene expression i,COAD
GSE270763,SKIP,COAD,1,73.0 MB,,"only a per-sample archive (<GSE>_RAW.tar), no count matrix",,Single cell gene expression profiling of the SW620 colorecta,COAD
GSE236384,SKIP,COAD,13,136.0 MB,,"only a per-sample archive (<GSE>_RAW.tar), no count matrix",,Dysfunctional tumor-infiltrating Vδ1+ T lymphocytes in MSS c,COAD
GSE202408,SKIP,UNKNOWN,40,2.3 GB,,sample-type flag in the file names: CELL_LINE,,Downstream-of-gene (DoG) transcripts contribute to an imbala,COAD
GSE254156,SKIP,COAD,25,2.2 MB,,sample-type flag in the file names: XENOGRAFT,,The receptor protein tyrosine phosphatase PTPRK promotes int,COAD
GSE179314,SKIP,COAD,5,770.4 KB,,"only a per-sample archive (<GSE>_RAW.tar), no count matrix",,Identification of differential expressed genes after SP1 or ,COAD
GSE267868,SKIP,COAD,8,8.9 MB,,"only a per-sample archive (<GSE>_RAW.tar), no count matrix | sample-type flag in the file names: CELL_LINE",,Identification and Validation of Small Molecule Inhibitors T,COAD
GSE241338,SKIP,UNKNOWN,250,19.0 GB,,"sample-type flag in the file names: CELL_LINE, SINGLE_CELL, NOT_RNASEQ",,Genome-wide interference of chromatin architecture and Media,COAD
GSE270298,SKIP,COAD,6,6.6 MB,,no file recognisable as a count matrix,,KAT7 promotes malignant phenotypes of colorectal cancer via ,COAD
GSE253106,SKIP,COAD,37,16.0 MB,,"only normalised values (FPKM/TPM/CPM), unusable by DESeq2",,Transcriptome analysis reveal novel gene fusions in early on,COAD
GSE244754,SKIP,UNKNOWN,137,21.0 GB,,"only a per-sample archive (<GSE>_RAW.tar), no count matrix",,Transcriptional elongation control of hypoxic response and t,COAD
GSE270210,SKIP,COAD,6,1.3 MB,,no file recognisable as a count matrix,,RNAseq of patient-derived colon organoids treated with 3PO f,COAD
GSE240441,SKIP,UNKNOWN,18,684.4 MB,,"only a per-sample archive (<GSE>_RAW.tar), no count matrix | sample-type flag in the file names: SINGLE_CELL",,"scRNAseq of human blood, tonsil, lung and small intestine in",COAD
GSE245617,SKIP,COAD,9,1.8 MB,,"only normalised values (FPKM/TPM/CPM), unusable by DESeq2",,The adhesin RadD enhances Fusobacterium nucleatum tumor colo,COAD
GSE241028,SKIP,COAD,5,247.0 MB,,"only a per-sample archive (<GSE>_RAW.tar), no count matrix",,TCF7L1 regulates colorectal cancer cell migration and invasi,COAD
GSE225182,SKIP,COAD,33,16.7 MB,,"only a per-sample archive (<GSE>_RAW.tar), no count matrix",,Gene expression profiling study to identify distinct subtype,COAD
GSE262460,SKIP,COAD,6,11.0 MB,,"only a per-sample archive (<GSE>_RAW.tar), no count matrix",,O-GlcNAcylation of NONO is Critical for Paraspeckle Componen,COAD
GSE256159,SKIP,COAD,21,1.7 MB,,no file recognisable as a count matrix,,Glucocorticoid promotes metastasis of colorectal cancer via ,COAD
GSE249872,SKIP,UNKNOWN,22,0.0 B,,no supplementary files: the data may only be in SRA,,Protective effect and mechanism of lipid perioxide in TNF-a ,COAD
GSE248867,SKIP,UNKNOWN,14,11.0 MB,,no file recognisable as a count matrix,,Effect of ferrostatin-1 and liproxstatin-1 during TNF-induce,COAD
GSE253110,SKIP,COAD,8,3.6 MB,,"only normalised values (FPKM/TPM/CPM), unusable by DESeq2 | sample-type flag in the file names: CELL_LINE",,The SW480 cell line as a model of resident and migrating col,COAD
GSE232138,SKIP,COAD,14,0.0 B,,no supplementary files: the data may only be in SRA,,In vitro organoid-based assays reveal SMAD4 tumor-suppressiv,COAD
GSE232675,SKIP,UNKNOWN,17,1.8 GB,,"only a per-sample archive (<GSE>_RAW.tar), no count matrix",,Genome-wide maps of TAF2 (ChIP-seq) and Gene expression prof,COAD
GSE249657,SKIP,STAD,42,3.7 GB,,"only a per-sample archive (<GSE>_RAW.tar), no count matrix",,Enhancing transcription replication conflict targets ecDNA p,COAD
GSE249656,SKIP,STAD,8,540.0 MB,,"only a per-sample archive (<GSE>_RAW.tar), no count matrix",,Enhancing transcription replication conflict targets ecDNA p,COAD
GSE267010,SKIP,COAD,104,28.0 MB,,"only a per-sample archive (<GSE>_RAW.tar), no count matrix",,A consensus molecular subtypes classification strategy for c,COAD
GSE239584,SKIP,COAD,9,1.3 GB,,"only a per-sample archive (<GSE>_RAW.tar), no count matrix",,Uranium-bearing dust induces differentiation and expansion o,COAD
GSE232678,SKIP,UNKNOWN,6,113.0 KB,,no file recognisable as a count matrix,,Gene expression profiling of RKO cells with or without SQLE ,COAD
GSE243615,SKIP,UNKNOWN,18,19.0 MB,,no file recognisable as a count matrix,,Effect of PDD00017273 and GSK2606414 on MZ1-induced cell dea,COAD
GSE232639,SKIP,COAD,20,17.6 MB,,no file recognisable as a count matrix,,Chemical genetics in Caenorhabditis elegans identifies antic,COAD
GSE162710,SKIP,COAD,12,21.0 MB,,"only a per-sample archive (<GSE>_RAW.tar), no count matrix",,Genome-wide characterization of effects of LINC01021 on p53-,COAD
GSE232258,SKIP,COAD,6,538.0 KB,,no file recognisable as a count matrix,,O-GlcNAcylation regulates c-Myc/PDK2 axis to rewire TCA cycl,COAD
GSE246923,SKIP,UNKNOWN,49,6.4 GB,,"only a per-sample archive (<GSE>_RAW.tar), no count matrix",,Opposing tumor cell-intrinsic and -extrinsic roles  of the I,COAD
GSE241656,SKIP,COAD,6,2.9 MB,,"only normalised values (FPKM/TPM/CPM), unusable by DESeq2",,Transcriptome of DLD-1 co-cultured with or without extracell,COAD
GSE226723,SKIP,COAD,9,1.3 MB,,"only a per-sample archive (<GSE>_RAW.tar), no count matrix",,Patient-derived mini-colons enable long-term modeling of tum,COAD
GSE173606,SKIP,COAD,9,60.4 MB,,"only circRNA/isoform/miRNA counts, not gene level",,Non-coding RNA and mRNA expression profile in multi-drug res,COAD
GSE184731,SKIP,UNKNOWN,54,1.8 MB,,no file recognisable as a count matrix,,A scalable derivative-free optimizer trained through learnin,COAD
GSE254891,SKIP,COAD,10,1.0 MB,,"only a per-sample archive (<GSE>_RAW.tar), no count matrix",,Deep transcriptional profiling of the two cancer stem cell p,COAD
GSE254890,SKIP,COAD,14,2.3 GB,,"only a per-sample archive (<GSE>_RAW.tar), no count matrix | sample-type flag in the file names: CELL_LINE, XENOGRAFT",,Single cell profiling of SW480 subtype-specific subcutaneous,COAD
GSE248258,SKIP,COAD,6,541.0 KB,,"only normalised values (FPKM/TPM/CPM), unusable by DESeq2",,Loss of the proteasome deubiquitinase USP14 induces growth d,COAD
GSE261012,SKIP,COAD,12,223.0 MB,,no file recognisable as a count matrix,,Single-cell gene expression profiles of cells from colorecta,COAD
GSE261004,SKIP,COAD,39,5.0 MB,,"only a per-sample archive (<GSE>_RAW.tar), no count matrix | sample-type flag in the file names: ORGANOID",,Gene expression profiles of cells from PDOs of normal colon ,COAD
GSE263844,SKIP,COAD,34,10.0 MB,,"only a per-sample archive (<GSE>_RAW.tar), no count matrix",,Targeting metabolism to improve immunotherapy in GSNOR-defic,COAD
GSE248963,SKIP,COAD,6,2.9 MB,,"only normalised values (FPKM/TPM/CPM), unusable by DESeq2",,Multilayer network construction and analysis pipeline for ge,COAD
GSE232217,SKIP,COAD,28,5.3 MB,,"only a per-sample archive (<GSE>_RAW.tar), no count matrix",,Tissue-specific reprogramming leads to angiogenic neutrophil,COAD
GSE262381,SKIP,COAD,4,5.7 GB,,"only a per-sample archive (<GSE>_RAW.tar), no count matrix",,Antibody-mediated Inhibition of Global HLA/LILR Interactions,COAD
GSE224707,SKIP,COAD,34,6.0 MB,,no file recognisable as a count matrix,,Identification and Validation of Frameshift Neoantigens for ,COAD
GSE243266,SKIP,UNKNOWN,32,2.5 GB,,"only a per-sample archive (<GSE>_RAW.tar), no count matrix",,Human promoter directionality is determined by transcription,COAD
GSE243265,SKIP,UNKNOWN,4,3.0 GB,,no file recognisable as a count matrix,,Human promoter directionality is determined by transcription,COAD
GSE243264,SKIP,UNKNOWN,8,536.0 MB,,no file recognisable as a count matrix,,Human promoter directionality is determined by transcription,COAD
GSE243262,SKIP,UNKNOWN,6,2.0 GB,,no file recognisable as a count matrix,,Human promoter directionality is determined by transcription,COAD
GSE243260,SKIP,UNKNOWN,10,3.7 GB,,"only a per-sample archive (<GSE>_RAW.tar), no count matrix",,Human promoter directionality is determined by transcription,COAD
GSE245329,SKIP,UNKNOWN,2,6.2 MB,,"only a per-sample archive (<GSE>_RAW.tar), no count matrix",,single-cell RNA-seq of OVCAR3 and CCL218 cancer cells with e,COAD
GSE261205,SKIP,UNKNOWN,12,521.0 KB,,"only normalised values (FPKM/TPM/CPM), unusable by DESeq2",,A network-based framework to discover treatment-response-pre,COAD
GSE260979,SKIP,COAD,6,15.0 MB,,"only a per-sample archive (<GSE>_RAW.tar), no count matrix",,New therapy for colorectal cancer targeting cancer metabolis,COAD
GSE260661,SKIP,COAD,16,141.0 KB,,"only a per-sample archive (<GSE>_RAW.tar), no count matrix",,Exploring MicroRNA Patterns as Biomarkers of FOLFOX Chemothe,COAD
GSE246046,SKIP,COAD,30,1.5 GB,,"only a per-sample archive (<GSE>_RAW.tar), no count matrix",,Chromatin accessibility and transcriptomic responses to HDAC,COAD
GSE227941,SKIP,UNKNOWN,21,1.9 GB,,"only a per-sample archive (<GSE>_RAW.tar), no count matrix",,The nucleoskeleton protein NuMA maintains local chromatin ar,COAD
GSE260560,SKIP,COAD,70,1.3 MB,,sample-type flag in the file names: NOT_TISSUE,,Transcriptomic Profiling of Plasma Extracellular Vesicles En,COAD
GSE259422,SKIP,COAD,156,2.3 MB,,sample-type flag in the file names: NOT_TISSUE,,Transcriptomic Profiling of Plasma Extracellular Vesicles En,COAD
GSE255775,SKIP,UNKNOWN,319,0.0 B,,no supplementary files: the data may only be in SRA,,Transcriptomic Profiling of Plasma Extracellular Vesicles En,COAD
GSE255773,SKIP,COAD,20,603.0 KB,,sample-type flag in the file names: CELL_LINE,,Transcriptomic Profiling of Plasma Extracellular Vesicles En,COAD
GSE237665,SKIP,UNKNOWN,64,2.6 GB,,"only a per-sample archive (<GSE>_RAW.tar), no count matrix",,Select EZH2 inhibitors enhance the viral mimicry effects of ,COAD
GSE207521,SKIP,COAD,13,818.0 KB,,no file recognisable as a count matrix,,Targeting CDK4/6 epigenetically impairs DNA damage repair to,COAD
GSE256405,SKIP,UNKNOWN,10,0.0 B,,no supplementary files: the data may only be in SRA,,SIGNAL-seq: Multimodal Single-cell Inter- and Intra-cellular,COAD
GSE256404,SKIP,UNKNOWN,8,7.6 GB,,no file recognisable as a count matrix,,SIGNAL-seq: Multimodal Single-cell Inter- and Intra-cellular,COAD
GSE256074,SKIP,UNKNOWN,2,148.0 MB,,"only a per-sample archive (<GSE>_RAW.tar), no count matrix",,Genome-wide mapping of RNA polymerase active sites in DOT1L-,COAD
GSE256061,SKIP,COAD,5,600.4 KB,,"only a per-sample archive (<GSE>_RAW.tar), no count matrix",,RNA sequencing of tumors from mice fed diets excluding methi,COAD
GSE256049,SKIP,COAD,2,290.2 KB,,"only a per-sample archive (<GSE>_RAW.tar), no count matrix",,RNA sequencing of tumors from mice fed diets excluding methi,COAD
GSE255286,SKIP,COAD,6,650.5 KB,,"only a per-sample archive (<GSE>_RAW.tar), no count matrix",,Next generation sequencing facilities quantitative analysis ,COAD
GSE255129,SKIP,COAD,9,1.9 MB,,"only normalised values (FPKM/TPM/CPM), unusable by DESeq2",,Enterohemorrhagic Escherichia coli effector EspF triggers ox,COAD
GSE238108,SKIP,COAD,6,5.1 MB,,"only a per-sample archive (<GSE>_RAW.tar), no count matrix",,Gene expression profiling of acidic cell compartments from H,COAD
GSE249536,SKIP,COAD,24,73.0 MB,,"only a per-sample archive (<GSE>_RAW.tar), no count matrix",,Non-canonical functions of UHRF1 maintain DNA methylation ho,COAD
GSE255300,SKIP,COAD,24,64.4 MB,,"only a per-sample archive (<GSE>_RAW.tar), no count matrix | sample-type flag in the file names: CELL_LINE",,Global decay of regulatory chromatin architecture promotes r,COAD
GSE246616,SKIP,COAD,30,2.0 GB,,"only a per-sample archive (<GSE>_RAW.tar), no count matrix",,Fusobacterium nucleatum infection modulates the transcriptom,COAD
GSE246615,SKIP,COAD,12,30.0 MB,,"only a per-sample archive (<GSE>_RAW.tar), no count matrix",,Fusobacterium nucleatum infection modulates the transcriptom,COAD
GSE220879,SKIP,UNKNOWN,6,720.5 KB,,"only a per-sample archive (<GSE>_RAW.tar), no count matrix",,Transcriptome analysis of Control and FBXO38 knockdown in HC,COAD
GSE254833,SKIP,COAD,4,1.9 MB,,"only normalised values (FPKM/TPM/CPM), unusable by DESeq2",,Differential unfolded protein response regulation in KRAS si,COAD
GSE254832,SKIP,COAD,4,3.9 MB,,"only normalised values (FPKM/TPM/CPM), unusable by DESeq2",,Differential unfolded protein response regulation in KRAS si,COAD
GSE254651,SKIP,UNKNOWN,6,6.6 MB,,"only normalised values (FPKM/TPM/CPM), unusable by DESeq2",,Blocker-SELEX: A Structure-Guided Strategy for Developing In,COAD
GSE254054,SKIP,COAD,120,4.3 MB,,"only a per-sample archive (<GSE>_RAW.tar), no count matrix",,Clinical and Biomarker Results from A Phase II Trial of Comb,COAD
GSE253554,SKIP,COAD,12,9.1 MB,,no file recognisable as a count matrix,,The effect of CHRDL2 overexpression on gene expression in CA,COAD
GSE244520,SKIP,UNKNOWN,80,2.6 GB,,"only a per-sample archive (<GSE>_RAW.tar), no count matrix",,DNMT3B PWWP mutations cause hypermethylation of heterochroma,COAD
GSE244518,SKIP,UNKNOWN,6,3.8 MB,,"only a per-sample archive (<GSE>_RAW.tar), no count matrix",,DNMT3B PWWP mutations cause hypermethylation of heterochroma,COAD
GSE236003,SKIP,COAD,12,2.0 MB,,no file recognisable as a count matrix,,UBR5 mediates chemoresistance in colorectal cancer by attenu,COAD
GSE249552,SKIP,UNKNOWN,4,930.4 KB,,"only a per-sample archive (<GSE>_RAW.tar), no count matrix",,The histone acetylation reader ENL is required for oncogenic,COAD
GSE230421,SKIP,UNKNOWN,6,899.0 KB,,"only normalised values (FPKM/TPM/CPM), unusable by DESeq2",,The histone acetylation reader ENL is required for oncogenic,COAD
GSE230422,SKIP,UNKNOWN,27,2.4 GB,,"only a per-sample archive (<GSE>_RAW.tar), no count matrix",,The histone acetylation reader ENL is required for oncogenic,COAD
GSE246627,SKIP,COAD,9,2.5 MB,,"only a per-sample archive (<GSE>_RAW.tar), no count matrix",,RNA sequencing of tumors from mice fed diets excluding methi,COAD
GSE246626,SKIP,COAD,7,2.0 MB,,"only a per-sample archive (<GSE>_RAW.tar), no count matrix",,RNA sequencing of tumors from mice fed diets excluding methi,COAD
GSE245839,SKIP,COAD,16,354.0 MB,,"only a per-sample archive (<GSE>_RAW.tar), no count matrix",,Neutrophil Extracellular Traps induced by chemotherapy inhib,COAD
GSE231943,SKIP,COAD,8,2.8 MB,,no file recognisable as a count matrix,,Effect of GNAS mutation on the gene expression of HCT116 col,COAD
GSE252753,SKIP,COAD,12,969.1 KB,,sample-type flag in the file names: CELL_LINE,,Short-chain fatty acids propionate and butyrate control grow,COAD
GSE234804,SKIP,COAD,13,569.0 MB,,"only a per-sample archive (<GSE>_RAW.tar), no count matrix",,Orthotopic CRC organoid transplantation in mice: A novel mod,COAD
GSE220507,SKIP,COAD,19,942.0 MB,,"only a per-sample archive (<GSE>_RAW.tar), no count matrix",,Orthotopic CRC organoid transplantation in mice: A novel mod,COAD
GSE245552,SKIP,COAD,39,1.0 GB,,"only a per-sample archive (<GSE>_RAW.tar), no count matrix",,Th17 cells secrete TWEAK to trigger epithelial-mesenchymal t,COAD
GSE251765,SKIP,COAD,4,4.7 MB,,no file recognisable as a count matrix,,OLFM4 promotes the progression of intestinal metaplasia thro,COAD
GSE223415,SKIP,COAD,4,2.1 MB,,"only a per-sample archive (<GSE>_RAW.tar), no count matrix",,Effect of depletion of NUDT21 on gene expression in HCT116,COAD
GSE235595,SKIP,COAD,9,1.9 MB,,"only normalised values (FPKM/TPM/CPM), unusable by DESeq2",,Structure-guided design of a selective inhibitor of the meth,COAD
GSE231436,SKIP,COAD,34,2.0 MB,,"only normalised values (FPKM/TPM/CPM), unusable by DESeq2",,Multi-omic study of genome-edited human colonoids reveal pat,COAD
GSE224779,SKIP,COAD,17,1.9 GB,,"only a per-sample archive (<GSE>_RAW.tar), no count matrix",,Pooled CRISPR Screening Identifies P-Bodies as Repressors of,COAD
GSE224778,SKIP,COAD,3,147.0 MB,,"only a per-sample archive (<GSE>_RAW.tar), no count matrix",,Pooled CRISPR Screening Identifies P-Bodies as Repressors of,COAD
GSE224773,SKIP,COAD,14,1.8 GB,,"only a per-sample archive (<GSE>_RAW.tar), no count matrix",,Pooled CRISPR Screening Identifies P-Bodies as Repressors of,COAD
GSE234877,SKIP,COAD,22,51.0 MB,,"only a per-sample archive (<GSE>_RAW.tar), no count matrix",,Staufen1 Represses the FOXA1-Regulated Transcriptome by Dest,COAD
GSE250119,SKIP,COAD,24,0.0 B,,no supplementary files: the data may only be in SRA,,KRAS inhibition impacts chromatin organization and transcrip,COAD
GSE240357,SKIP,UNKNOWN,24,9.1 GB,,"only a per-sample archive (<GSE>_RAW.tar), no count matrix",,Restrictor synergizes with Symplekin and PNUTS to terminate ,COAD
GSE237460,SKIP,UNKNOWN,59,20.0 GB,,"only a per-sample archive (<GSE>_RAW.tar), no count matrix",,Restrictor synergizes with Symplekin and PNUTS to terminate ,COAD
GSE237459,SKIP,UNKNOWN,8,3.2 GB,,"only a per-sample archive (<GSE>_RAW.tar), no count matrix",,Restrictor synergizes with Symplekin and PNUTS to terminate ,COAD
GSE237458,SKIP,UNKNOWN,12,4.4 GB,,"only a per-sample archive (<GSE>_RAW.tar), no count matrix",,Restrictor synergizes with Symplekin and PNUTS to terminate ,COAD
GSE227871,SKIP,COAD,24,9.7 MB,,"only normalised values (FPKM/TPM/CPM), unusable by DESeq2",,Removal of oxaliplatin- and cisplatin-DNA lesions requires d,COAD
GSE239386,SKIP,COAD,4,116.0 MB,,"only a per-sample archive (<GSE>_RAW.tar), no count matrix",,Trellis Single-Cell Screening Reveals Stromal Regulation of ,COAD
GSE246058,SKIP,UNKNOWN,70,11.0 GB,,"only a per-sample archive (<GSE>_RAW.tar), no count matrix",,Somatic mutations of MLL4/COMPASS induce cytoplasmic localiz,COAD
GSE241878,SKIP,COAD,6,4.8 MB,,no file recognisable as a count matrix,,The effect of MYG1 knockout on gene expression in LoVo cells,COAD
GSE232211,SKIP,COAD,18,81.0 MB,,"only a per-sample archive (<GSE>_RAW.tar), no count matrix",,Transcriptional response to gut pathobiont Streptococcus gal,COAD
GSE219173,SKIP,COAD,8,3.7 MB,,"only a per-sample archive (<GSE>_RAW.tar), no count matrix",,The post-translational modifications and translation-regulat,COAD
GSE219171,SKIP,COAD,4,1.9 MB,,"only a per-sample archive (<GSE>_RAW.tar), no count matrix",,The post-translational modifications and translation-regulat,COAD
GSE207071,SKIP,COAD,53,4.6 MB,,"only a per-sample archive (<GSE>_RAW.tar), no count matrix",,Transcriptome and chromatin changes during CRC organoid outg,COAD
GSE207070,SKIP,COAD,11,1.6 MB,,"only a per-sample archive (<GSE>_RAW.tar), no count matrix",,Transcriptome and chromatin changes during CRC organoid outg,COAD
GSE207069,SKIP,COAD,21,3.0 MB,,"only a per-sample archive (<GSE>_RAW.tar), no count matrix",,Transcriptome and chromatin changes during CRC organoid outg,COAD
GSE236987,SKIP,STAD,9,4.8 MB,,"only circRNA/isoform/miRNA counts, not gene level",,A novel lncRNA FUAT1/TNS4 axis confers chemoresistance by su,COAD
GSE216006,SKIP,UNKNOWN,2,10.0 MB,,no file recognisable as a count matrix,,Adenosine induced gene expression,COAD
GSE215815,SKIP,UNKNOWN,6,641.0 KB,,no file recognisable as a count matrix | sample-type flag in the file names: CELL_LINE,,Function of YAP in glucose deprivation-induced gene expressi,COAD
GSE169220,SKIP,COAD,2,64.0 MB,,"only a per-sample archive (<GSE>_RAW.tar), no count matrix",,POU5F1 induces cellular heterogeneity in colorectal cancer,COAD
GSE162297,SKIP,COAD,2,659.0 MB,,"only a per-sample archive (<GSE>_RAW.tar), no count matrix",,LncRNA ITGB8-AS1 functions as a ceRNA to promote colorectal ,COAD
GSE179294,SKIP,COAD,5,600.4 KB,,"only a per-sample archive (<GSE>_RAW.tar), no count matrix",,Identification of differential expressed genes after ELK4 kn,COAD
GSE247230,SKIP,COAD,6,17.0 MB,,"only a per-sample archive (<GSE>_RAW.tar), no count matrix",,ANP32B promotes colorectal cancer cell progression and reduc,COAD
GSE240624,SKIP,COAD,164,0.0 B,,no supplementary files: the data may only be in SRA,,Spatial profiling of a unique cancer-associated fibroblast p,COAD
GSE240623,SKIP,COAD,52,428.0 KB,,no file recognisable as a count matrix,,Spatial profiling of a unique cancer-associated fibroblast p,COAD
GSE240531,SKIP,COAD,112,13.3 MB,,"only normalised values (FPKM/TPM/CPM), unusable by DESeq2",,Spatial profiling of a unique cancer-associated fibroblast p,COAD
GSE161963,SKIP,COAD,8,3.0 MB,,"only normalised values (FPKM/TPM/CPM), unusable by DESeq2",,FGF19 facilitates colorectal cancer metastasis through FGFR4,COAD
GSE226324,SKIP,COAD,9,4.6 MB,,sample-type flag in the file names: CELL_LINE,,Impact of the dopamine transporter knockdown in human colore,COAD
GSE228991,SKIP,COAD,36,236.0 MB,,"only normalised values (FPKM/TPM/CPM), unusable by DESeq2",,Defective RNA helicase genes underlie predisposition to colo,COAD
GSE243014,SKIP,COAD,12,7.5 MB,,no file recognisable as a count matrix,,Expression data from colorectal cancer cell lines with USP51,COAD
GSE231706,SKIP,COAD,6,827.0 KB,,"only normalised values (FPKM/TPM/CPM), unusable by DESeq2",,The role of ALDH1B1 in human SW480 colon cancer cells,COAD
GSE235066,SKIP,UNKNOWN,32,5.9 MB,,"only a per-sample archive (<GSE>_RAW.tar), no count matrix",,Immunomodulatory effect of cisplatin and carboplatin in huma,COAD
GSE212897,SKIP,UNKNOWN,12,228.8 KB,,"only a per-sample archive (<GSE>_RAW.tar), no count matrix",,Expression of miRNAs in patient-derived cancer models and mo,COAD
GSE193594,SKIP,COAD,53,202.0 MB,,"only a per-sample archive (<GSE>_RAW.tar), no count matrix",,Distant antimetastatic effect of enterotropic colon cancer-d,COAD
GSE193534,SKIP,COAD,33,4.4 MB,,"only normalised values (FPKM/TPM/CPM), unusable by DESeq2",,Distant antimetastatic effect of enterotropic colon cancer-d,COAD
GSE216022,SKIP,COAD,59,14.0 MB,,no file recognisable as a count matrix,,"Comprehensive multi-omics analysis of microbiome, metabolome",COAD
GSE203608,SKIP,COAD,53,2.1 GB,,sample-type flag in the file names: SINGLE_CELL,,Mapping and modeling human colorectal carcinoma interactions,COAD
GSE230388,SKIP,UNKNOWN,63,12.0 MB,,no file recognisable as a count matrix | sample-type flag in the file names: CELL_LINE,,"HILPS, a novel long non-coding RNA essential for global oxyg",COAD
GSE201778,SKIP,COAD,8,1.1 MB,,"only a per-sample archive (<GSE>_RAW.tar), no count matrix",,Effect of inhibition of VCP on gene expression during colore,COAD
GSE225516,SKIP,COAD,18,4.8 MB,,"only a per-sample archive (<GSE>_RAW.tar), no count matrix",,Alternative splicing induced by bacterial pore-forming toxin,COAD
GSE212835,SKIP,COAD,4,950.4 KB,,"only a per-sample archive (<GSE>_RAW.tar), no count matrix",,Transcriptome analysis of MET-constitutively active versus M,COAD
GSE181016,SKIP,UNKNOWN,18,7.0 MB,,"only a per-sample archive (<GSE>_RAW.tar), no count matrix",,Only the loss-of-function but not the gain-of-function prope,COAD
GSE208345,SKIP,UNKNOWN,12,2.0 MB,,"only normalised values (FPKM/TPM/CPM), unusable by DESeq2",,Effect of condensate perturbing CR3 peptide on HCT116 gene e,COAD
GSE244579,SKIP,UNKNOWN,1,1.8 MB,,no file recognisable as a count matrix | sample-type flag in the file names: CELL_LINE,,DPEP INHIBITS CANCER CELL GROWTH AND SURVIVAL VIA SHARED AND,COAD
GSE213963,SKIP,COAD,6,800.4 KB,,"only a per-sample archive (<GSE>_RAW.tar), no count matrix",,Fisetin suppresses colorectal cancer growth through AKAP12 i,COAD
GSE159051,SKIP,COAD,3,62.0 MB,,"only a per-sample archive (<GSE>_RAW.tar), no count matrix",,Intrahepatic CD69+ Vd1 T cells recirculate in the blood of p,COAD
GSE128590,SKIP,COAD,44,2.1 MB,,sample-type flag in the file names: CELL_LINE,,Role of Histone H3 Lysine 27 Crotonylation in Gene Transcrip,COAD
GSE181337,SKIP,COAD,6,2.0 MB,,"only circRNA/isoform/miRNA counts, not gene level",,F. nucleatum-derived succinic acid induces tumor resistance ,COAD
GSE241699,SKIP,COAD,154,56.0 MB,,"only a per-sample archive (<GSE>_RAW.tar), no count matrix",,Genetic variants that impact alternative polyadenylation in ,COAD
GSE218999,SKIP,COAD,14,1.2 MB,,sample-type flag in the file names: NOT_TISSUE,,Plasma Multi-omics Nucleic Acid Landscape of Gastrointestina,COAD
GSE186607,SKIP,UNKNOWN,404,0.0 B,,no supplementary files: the data may only be in SRA,,Plasma Multi-omics Nucleic Acid Landscape of Gastrointestina,COAD
GSE231559,SKIP,COAD,26,692.0 MB,,"only a per-sample archive (<GSE>_RAW.tar), no count matrix",,Gene expression profile at single cell level from the colore,COAD
GSE237687,SKIP,COAD,12,2.3 MB,,"only a per-sample archive (<GSE>_RAW.tar), no count matrix",,Global role of IGF2BP1 in controlling the expression of Wnt/,COAD
GSE237658,SKIP,COAD,6,1.7 MB,,"only a per-sample archive (<GSE>_RAW.tar), no count matrix",,Global role of IGF2BP1 in controlling the expression of Wnt/,COAD
GSE243108,SKIP,COAD,6,652.0 KB,,"only normalised values (FPKM/TPM/CPM), unusable by DESeq2",,The role of MDM4 in tumors,COAD
GSE236803,SKIP,COAD,16,1.3 GB,,"only a per-sample archive (<GSE>_RAW.tar), no count matrix",,Inhibition of CDK12 induces cancer cell dependence on activa,COAD
GSE234513,SKIP,COAD,12,3.3 MB,,no file recognisable as a count matrix,,LIN28B promotes cell invasion and colorectal cancer metastas,COAD
GSE234803,SKIP,UNKNOWN,20,0.0 B,,no supplementary files: the data may only be in SRA,,Amino acid availability is a crucial factor for survivabilit,COAD
GSE230814,SKIP,UNKNOWN,16,51.0 MB,,"only a per-sample archive (<GSE>_RAW.tar), no count matrix",,Overexpression of CLK and wild-type CPSF6 and mutant CPSF6 i,COAD
GSE227376,SKIP,UNKNOWN,59,6.2 MB,,"only normalised values (FPKM/TPM/CPM), unusable by DESeq2",,Transcriptomic analysis reveals the dynamic changes of immun,COAD
GSE212519,SKIP,UNKNOWN,10,31.0 MB,,"only a per-sample archive (<GSE>_RAW.tar), no count matrix",,CPSF role on APA regulation,COAD
GSE225380,SKIP,UNKNOWN,1,3.3 MB,,"only a per-sample archive (<GSE>_RAW.tar), no count matrix",,LocusMasterTE: long-read assisted short-read TE quantificati,COAD
GSE225377,SKIP,UNKNOWN,1,21.0 MB,,"only a per-sample archive (<GSE>_RAW.tar), no count matrix",,LocusMasterTE: long-read assisted short-read RNA-seq TE quan,COAD
GSE241659,SKIP,UNKNOWN,7,1.7 MB,,"only normalised values (FPKM/TPM/CPM), unusable by DESeq2",,Efficient genetic editing of human intestinal organoids usin,COAD
GSE237684,SKIP,COAD,61,962.0 KB,,"only normalised values (FPKM/TPM/CPM), unusable by DESeq2",,Molecular Disparities in Colorectal Cancers of White America,COAD
GSE226589,SKIP,COAD,26,4.1 MB,,"only a per-sample archive (<GSE>_RAW.tar), no count matrix",,Activation of AKT induces EZH2-mediated β-catenin trimethyla,COAD
GSE226584,SKIP,COAD,12,3.3 MB,,"only a per-sample archive (<GSE>_RAW.tar), no count matrix",,Activation of AKT induces EZH2-mediated β-catenin trimethyla,COAD
GSE213402,SKIP,COAD,40,403.4 MB,,"only normalised values (FPKM/TPM/CPM), unusable by DESeq2",,DNA methylome and gene expression profiling of paired primar,COAD
GSE209777,SKIP,UNKNOWN,64,240.0 MB,,"only a per-sample archive (<GSE>_RAW.tar), no count matrix",,DNMT and HDAC inhibition induces immunogenic neoantigens fro,COAD
GSE209772,SKIP,UNKNOWN,60,833.0 MB,,no file recognisable as a count matrix | sample-type flag in the file names: CELL_LINE,,DNMT and HDAC inhibition induces immunogenic neoantigens fro,COAD
GSE227230,SKIP,COAD,12,3.2 MB,,"only a per-sample archive (<GSE>_RAW.tar), no count matrix",,Characterization of miR-34 effectors in colorectal cancer ce,COAD
GSE237129,SKIP,COAD,2,29.0 KB,,no file recognisable as a count matrix,,Hedyotis diffusa-Sculellaria barbata (HD-SB) suppresses the ,COAD
GSE157181,SKIP,UNKNOWN,12,674.0 KB,,no file recognisable as a count matrix,,Exploration of the synergistic mechanism of Gegen Qinlian De,COAD
GSE156281,SKIP,COAD,116,23.0 MB,,"only a per-sample archive (<GSE>_RAW.tar), no count matrix",,Therapy-induced senescence of cancer-associated fibroblasts ,COAD
GSE228578,SKIP,LIHC,12,28.0 MB,,"only a per-sample archive (<GSE>_RAW.tar), no count matrix",,Transcriptomics and proteomics analyses reveal the anti-canc,COAD
GSE239325,SKIP,COAD,12,1.9 MB,,"only a per-sample archive (<GSE>_RAW.tar), no count matrix",,RNA-Seq of human colorectal cancer (CRC) cell lines with or ,COAD
GSE210011,SKIP,UNKNOWN,54,6.9 MB,,"only a per-sample archive (<GSE>_RAW.tar), no count matrix",,Exercise Training Reduces the Inflammatory Response and Prom,COAD
GSE189035,SKIP,UNKNOWN,26,13.0 MB,,"only a per-sample archive (<GSE>_RAW.tar), no count matrix",,PIGA mutation and glycosylphosphatidylinositol anchor dysreg,COAD
GSE184322,SKIP,COAD,28,9.8 MB,,sample-type flag in the file names: CELL_LINE,,CRSPR/Cas9 gene knockout screen identifies colorectal cancer,COAD
GSE230557,SKIP,COAD,20,632.0 KB,,no file recognisable as a count matrix,,In vitro cross-talk between metastasis-competent circulating,COAD
GSE218240,SKIP,UNKNOWN,67,2.4 GB,,"only a per-sample archive (<GSE>_RAW.tar), no count matrix",,RNAPII-dependent ATM signaling at collisions with replicatio,COAD
GSE185738,SKIP,COAD,2,250.2 KB,,"only a per-sample archive (<GSE>_RAW.tar), no count matrix",,Transcriptomics analysis of iron chelator deferoxamine treat,COAD
GSE209869,SKIP,COAD,6,13.6 MB,,"only normalised values (FPKM/TPM/CPM), unusable by DESeq2",,Effect of overexpression of ELAPOR1 on gene expression of co,COAD
GSE123416,SKIP,COAD,12,15.0 MB,,no file recognisable as a count matrix,,RNA-seq of human colorectal cancer cells in presence and abs,COAD
GSE232525,SKIP,COAD,2,70.0 MB,,"only a per-sample archive (<GSE>_RAW.tar), no count matrix",,Single-Cell Analysis Reveals Cellular Reprogramming in Advan,COAD
GSE201660,SKIP,COAD,6,1.1 MB,,"only a per-sample archive (<GSE>_RAW.tar), no count matrix",,Effect of overexpression of VCP on gene expression during co,COAD
GSE236946,SKIP,UNKNOWN,18,12.3 MB,,no file recognisable as a count matrix,,Nuclear Localization of Argonaute is affected by Cell Densit,COAD
GSE236764,SKIP,COAD,4,3.1 MB,,"only normalised values (FPKM/TPM/CPM), unusable by DESeq2",,A novel TOX3-WDR5-ABCG2 signaling axis regulates the progres,COAD
GSE205366,SKIP,UNKNOWN,6,6.8 MB,,no file recognisable as a count matrix,,FBL promotes cancer cell proliferation and DNA damage repair,COAD
GSE211866,SKIP,COAD,9,12.0 MB,,no file recognisable as a count matrix,,USP11/LSH/CYP24A1 axis activation underlies calcium homeosta,COAD
GSE200133,SKIP,COAD,137,553.5 KB,,"only a per-sample archive (<GSE>_RAW.tar), no count matrix",,Revealing and harnessing CD39 for the treatment of colorecta,COAD
GSE207618,SKIP,COAD,11,25.0 MB,,no file recognisable as a count matrix,,Phenylacetaldehyde inhibits development of colorectal cancer,COAD
GSE235920,SKIP,COAD,42,0.0 B,,no supplementary files: the data may only be in SRA,,First-line durvalumab and tremelimumab with chemotherapy in ,COAD
GSE235919,SKIP,COAD,34,2.7 MB,,"only normalised values (FPKM/TPM/CPM), unusable by DESeq2",,First-line durvalumab and tremelimumab with chemotherapy in ,COAD
GSE235917,SKIP,COAD,8,60.0 MB,,no file recognisable as a count matrix | sample-type flag in the file names: SINGLE_CELL,,First-line durvalumab and tremelimumab with chemotherapy in ,COAD
GSE228293,SKIP,UNKNOWN,4,1.4 GB,,no file recognisable as a count matrix,,"ZC3H4, ARS2, and WDR82 coordinate non-coding transcriptional",COAD
GSE228291,SKIP,UNKNOWN,8,2.8 GB,,no file recognisable as a count matrix,,"ZC3H4, ARS2, and WDR82 coordinate non-coding transcriptional",COAD
GSE228290,SKIP,UNKNOWN,6,2.9 GB,,no file recognisable as a count matrix,,"ZC3H4, ARS2, and WDR82 coordinate non-coding transcriptional",COAD
GSE228286,SKIP,UNKNOWN,4,898.0 MB,,no file recognisable as a count matrix,,"ZC3H4, ARS2, and WDR82 coordinate non-coding transcriptional",COAD
GSE207421,SKIP,UNKNOWN,76,1.4 MB,,"only a per-sample archive (<GSE>_RAW.tar), no count matrix",,"ZC3H4, ARS2, and WDR82 coordinate non-coding transcriptional",COAD
GSE207420,SKIP,UNKNOWN,6,1.2 GB,,"only normalised values (FPKM/TPM/CPM), unusable by DESeq2",,"ZC3H4, ARS2, and WDR82 coordinate non-coding transcriptional",COAD
GSE207419,SKIP,UNKNOWN,16,5.3 GB,,no file recognisable as a count matrix,,"ZC3H4, ARS2, and WDR82 coordinate non-coding transcriptional",COAD
GSE207418,SKIP,UNKNOWN,12,9.4 GB,,"only normalised values (FPKM/TPM/CPM), unusable by DESeq2",,"ZC3H4, ARS2, and WDR82 coordinate non-coding transcriptional",COAD
GSE207417,SKIP,UNKNOWN,10,4.4 GB,,no file recognisable as a count matrix,,"ZC3H4, ARS2, and WDR82 coordinate non-coding transcriptional",COAD
GSE215882,SKIP,COAD,3,6.8 MB,,"only normalised values (FPKM/TPM/CPM), unusable by DESeq2",,FGF19 induces the inflammatory phenotype of LX-2 cells,COAD
GSE224754,SKIP,UNKNOWN,8,122.0 MB,,"only a per-sample archive (<GSE>_RAW.tar), no count matrix",,"Distinct roles of the two SEC scaffold proteins, AFF1 and AF",COAD
GSE207813,SKIP,UNKNOWN,31,2.6 GB,,"only a per-sample archive (<GSE>_RAW.tar), no count matrix",,"Distinct roles of the two SEC scaffold proteins, AFF1 and AF",COAD
GSE207812,SKIP,UNKNOWN,4,48.0 MB,,"only a per-sample archive (<GSE>_RAW.tar), no count matrix",,"Distinct roles of the two SEC scaffold proteins, AFF1 and AF",COAD
GSE217774,SKIP,COAD,3,182.0 MB,,"only a per-sample archive (<GSE>_RAW.tar), no count matrix",,Single-cell RNA profiling of mononuclear phagocyte in colore,COAD
GSE216513,SKIP,COAD,4,1.7 MB,,"only normalised values (FPKM/TPM/CPM), unusable by DESeq2",,Targeting lysine-specific demethylase 1 (KDM1A/LSD1) impairs,COAD
GSE211202,SKIP,UNKNOWN,32,1.8 GB,,"only a per-sample archive (<GSE>_RAW.tar), no count matrix",,Co-transcriptional pseudouridylation of mRNAs by the H/ACA c,COAD
GSE223997,SKIP,UNKNOWN,111,17.0 GB,,"only a per-sample archive (<GSE>_RAW.tar), no count matrix",,R-loop dependent promoter-proximal termination ensures genom,COAD
GSE223996,SKIP,UNKNOWN,4,414.0 MB,,"only a per-sample archive (<GSE>_RAW.tar), no count matrix",,R-loop dependent promoter-proximal termination ensures genom,COAD
GSE223993,SKIP,UNKNOWN,50,3.2 GB,,"only a per-sample archive (<GSE>_RAW.tar), no count matrix",,R-loop dependent promoter-proximal termination ensures genom,COAD
GSE235057,SKIP,LIHC,29,962.0 MB,,"only a per-sample archive (<GSE>_RAW.tar), no count matrix",,Crosstalk between myeloid and B cells shapes the distinct mi,COAD
GSE217414,SKIP,COAD,4,113.0 MB,,"only a per-sample archive (<GSE>_RAW.tar), no count matrix",,Liver metastases originating from 4 colorectal cancer patien,COAD
GSE212795,SKIP,COAD,12,1.2 MB,,"only a per-sample archive (<GSE>_RAW.tar), no count matrix",,"Colon cancer cells DLD1 cells incubated with kynurenine, TCD",COAD
GSE234395,SKIP,COAD,6,1.9 MB,,no file recognisable as a count matrix,,CAPG silencing promotes CRC cell apoptosis and ferroptosis v,COAD
GSE173452,SKIP,UNKNOWN,42,1.9 GB,,"only a per-sample archive (<GSE>_RAW.tar), no count matrix",,ORC1 binds to cis-transcribed RNAs for efficient activation ,COAD
GSE173450,SKIP,UNKNOWN,4,386.0 KB,,sample-type flag in the file names: CELL_LINE,,ORC1 binds to cis-transcribed RNAs for efficient activation ,COAD
GSE173449,SKIP,UNKNOWN,9,125.6 MB,,"only a per-sample archive (<GSE>_RAW.tar), no count matrix | sample-type flag in the file names: CELL_LINE",,ORC1 binds to cis-transcribed RNAs for efficient activation ,COAD
GSE173438,SKIP,UNKNOWN,6,202.2 MB,,"only normalised values (FPKM/TPM/CPM), unusable by DESeq2",,ORC1 binds to cis-transcribed RNAs for efficient activation ,COAD
GSE211222,SKIP,COAD,74,813.0 MB,,"only a per-sample archive (<GSE>_RAW.tar), no count matrix",,Multi-omic colon organoid analysis highlight MSH4 as a marke,COAD
GSE200120,SKIP,UNKNOWN,106,13.0 GB,,"only a per-sample archive (<GSE>_RAW.tar), no count matrix",,Therapeutic targeting of metabolic vulnerabilities in cancer,COAD
GSE233628,SKIP,COAD,3,108.0 MB,,"only a per-sample archive (<GSE>_RAW.tar), no count matrix",,Detailed Survey of an in-vitro Intestinal Epithelium Model b,COAD
GSE233326,SKIP,COAD,6,14.0 MB,,no file recognisable as a count matrix,,Effect of coculture with normal colonic epithelial cells on ,COAD
GSE211267,SKIP,COAD,6,670.5 KB,,"only a per-sample archive (<GSE>_RAW.tar), no count matrix",,RNA-seq analysis of differentially expressed genes between W,COAD
GSE225184,SKIP,COAD,15,39.0 MB,,"only a per-sample archive (<GSE>_RAW.tar), no count matrix",,Immunogenetic metabolomics revealed key enzymes that modulat,COAD
GSE232305,SKIP,COAD,24,7.6 MB,,"only a per-sample archive (<GSE>_RAW.tar), no count matrix",,APR-246 enhances colorectal cancer sensitivity to radiothera,COAD
GSE214569,SKIP,COAD,5,27.2 MB,,"only a per-sample archive (<GSE>_RAW.tar), no count matrix",,Co-cultures of colon cancer cells and cancer-associated fibr,COAD
GSE205506,SKIP,COAD,40,1.5 GB,,"only a per-sample archive (<GSE>_RAW.tar), no count matrix",,Remodeling of the Immune and Stromal Cell Compartment by PD-,COAD
GSE210040,SKIP,COAD,9,48.0 MB,,"only a per-sample archive (<GSE>_RAW.tar), no count matrix",,Innate lymphocytes in solid human tumors,COAD
GSE228532,SKIP,COAD,9,6.1 MB,,no file recognisable as a count matrix,,Epiploic Adipose Tissue (EPAT) in Obese Individuals Promotes,COAD
GSE221240,SKIP,COAD,35,39.3 MB,,"only circRNA/isoform/miRNA counts, not gene level | sample-type flag in the file names: CELL_LINE",,Characterization of cell-type specific circular RNAs associa,COAD
GSE149867,SKIP,COAD,6,1.7 MB,,"only a per-sample archive (<GSE>_RAW.tar), no count matrix",,AHR regulated genes in Colorectal Cancer,COAD
GSE149783,SKIP,COAD,6,1.2 MB,,"only a per-sample archive (<GSE>_RAW.tar), no count matrix",,lncSLCC1(RP11-400N13.2)-regulated genes in Colorectal Cancer,COAD
GSE230568,SKIP,CHOL,27,34.0 MB,,"only a per-sample archive (<GSE>_RAW.tar), no count matrix",,Antigen-driven colonic inflammation is associated with devel,COAD
GSE163726,SKIP,COAD,22,2.4 GB,,"only a per-sample archive (<GSE>_RAW.tar), no count matrix",,Pro-inflammatory polarization and colorectal cancer modulate,COAD
GSE193937,SKIP,COAD,6,2.4 MB,,"only a per-sample archive (<GSE>_RAW.tar), no count matrix",,RNA-seq analyses of doxycycline-induced PROX1-exprressing ce,COAD
GSE193936,SKIP,COAD,6,2.4 MB,,"only a per-sample archive (<GSE>_RAW.tar), no count matrix",,RNA-seq analyses of autophagy-high and autophagy-low cells f,COAD
GSE229742,SKIP,COAD,12,2.4 MB,,"only a per-sample archive (<GSE>_RAW.tar), no count matrix",,RNA-seq of CAF05s grown on different substrates,COAD
GSE229503,SKIP,UNKNOWN,12,2.9 MB,,"only normalised values (FPKM/TPM/CPM), unusable by DESeq2",,AVA-ADR-001- a small molecular inhibitor of ADAR1 (Immuno-on,COAD
GSE220040,SKIP,COAD,2,172.0 MB,,"only a per-sample archive (<GSE>_RAW.tar), no count matrix",,CMTR1 promotes colorectal cancer cell growth and immune evas,COAD
GSE200660,SKIP,COAD,20,838.0 KB,,no file recognisable as a count matrix,,Cancer-associated fibroblasts in T1 colorectal cancer,COAD
GSE182830,SKIP,UNKNOWN,9,5.4 MB,,no file recognisable as a count matrix | sample-type flag in the file names: CELL_LINE,,Gene expression and intron retention analysis of ZCRB1-knock,COAD
GSE182759,SKIP,UNKNOWN,9,7.1 MB,,no file recognisable as a count matrix | sample-type flag in the file names: CELL_LINE,,Gene expression and intron retention analysis of 15.5K-knock,COAD
GSE160515,SKIP,UNKNOWN,15,23.2 MB,,no file recognisable as a count matrix | sample-type flag in the file names: CELL_LINE,,Gene expression and intron retention analysis of bktRNA1-dep,COAD
GSE214537,SKIP,COAD,6,311.0 KB,,no file recognisable as a count matrix,,Fasting-mimicking diet synergizes with ferroptosis against q,COAD
GSE206493,SKIP,COAD,12,1.6 MB,,sample-type flag in the file names: CELL_LINE,,Escape From Oncogene-Induced Senescence is Controlled by POU,COAD
GSE224679,SKIP,COAD,9,343.0 MB,,"only a per-sample archive (<GSE>_RAW.tar), no count matrix",,Aberrant cell state plasticity mediated by developmental rep,COAD
GSE203236,SKIP,COAD,30,76.0 MB,,"only a per-sample archive (<GSE>_RAW.tar), no count matrix",,The effect of depletion of BRD8 or TIP60 on gene expression ,COAD
GSE192489,SKIP,COAD,3,279.0 KB,,"only normalised values (FPKM/TPM/CPM), unusable by DESeq2 | sample-type flag in the file names: CELL_LINE",,Phosphorylation and stabilization of EZH2 by VprBP trigger a,COAD
GSE210056,SKIP,COAD,14,60.0 MB,,"only a per-sample archive (<GSE>_RAW.tar), no count matrix",,RNA-seq and miRNA microarray of control and METTL14-overexpr,COAD
GSE210045,SKIP,COAD,8,18.0 MB,,"only a per-sample archive (<GSE>_RAW.tar), no count matrix",,Gene expression profiling by RNA-seq of control and METTL14-,COAD
GSE186792,SKIP,COAD,14,20.0 MB,,"only a per-sample archive (<GSE>_RAW.tar), no count matrix",,HCT116 human colon cancer cells and METTL14,COAD
GSE186791,SKIP,COAD,8,16.0 MB,,"only a per-sample archive (<GSE>_RAW.tar), no count matrix",,Gene expression profiling by RNA-seq of control and METTL14-,COAD
GSE211651,SKIP,UNKNOWN,39,6.3 GB,,"only a per-sample archive (<GSE>_RAW.tar), no count matrix",,Enhancing HIV-1 latency reversal through regulating the elon,COAD
GSE227641,SKIP,COAD,18,20.0 MB,,"only a per-sample archive (<GSE>_RAW.tar), no count matrix",,Inositol hexaphosphate enhances chemotherapy by reversing pe,COAD
GSE227609,SKIP,COAD,9,18.0 MB,,"only a per-sample archive (<GSE>_RAW.tar), no count matrix",,Inositol hexaphosphate enhances chemotherapy by reversing pe,COAD
GSE227379,SKIP,COAD,9,1.5 MB,,"only a per-sample archive (<GSE>_RAW.tar), no count matrix",,Inositol hexaphosphate enhances chemotherapy by reversing pe,COAD
GSE227315,SKIP,COAD,6,1.0 MB,,"only normalised values (FPKM/TPM/CPM), unusable by DESeq2 | sample-type flag in the file names: CELL_LINE",,RNA-Seq of Oxaliplatin-treated HCT116 human colon cancer cel,COAD
GSE227206,SKIP,COAD,8,1.1 MB,,"only normalised values (FPKM/TPM/CPM), unusable by DESeq2",,Lipid engulfed macrophages interfere with protective T cell ,COAD
GSE224734,SKIP,COAD,4,527.0 MB,,"only a per-sample archive (<GSE>_RAW.tar), no count matrix",,A tumor suppressive-molecular axis EP300/circRERE/miR-6837-3,COAD
GSE205565,SKIP,COAD,1,30.0 MB,,"only a per-sample archive (<GSE>_RAW.tar), no count matrix",,Matrin3 regulates mitotic spindle dynamics by controlling al,COAD
GSE203521,SKIP,UNKNOWN,16,80.0 MB,,"only a per-sample archive (<GSE>_RAW.tar), no count matrix",,Matrin3 regulates mitotic spindle dynamics by controlling al,COAD
GSE203520,SKIP,COAD,3,33.0 MB,,"only a per-sample archive (<GSE>_RAW.tar), no count matrix",,Matrin3 regulates mitotic spindle dynamics by controlling al,COAD
GSE203519,SKIP,COAD,6,8.1 MB,,"only a per-sample archive (<GSE>_RAW.tar), no count matrix",,Matrin3 regulates mitotic spindle dynamics by controlling al,COAD
GSE203518,SKIP,COAD,6,8.4 MB,,"only a per-sample archive (<GSE>_RAW.tar), no count matrix",,Matrin3 regulates mitotic spindle dynamics by controlling al,COAD
GSE227069,SKIP,COAD,6,2.1 MB,,no file recognisable as a count matrix,,Transcriptome profiling of colorectal cancer cells on BZW2 k,COAD
GSE226998,SKIP,COAD,4,3.1 MB,,"only normalised values (FPKM/TPM/CPM), unusable by DESeq2",,mRNA expression profile of control and senescent human color,COAD
GSE226997,SKIP,COAD,4,41.0 GB,,"only a per-sample archive (<GSE>_RAW.tar), no count matrix",,Visium Spatial transcriptomics analysis of human primary col,COAD
GSE224287,SKIP,COAD,10,1.0 GB,,"only a per-sample archive (<GSE>_RAW.tar), no count matrix",,CDK13 phosphorylates the translational machinery and promote,COAD
GSE224870,SKIP,COAD,6,7.3 MB,,"only normalised values (FPKM/TPM/CPM), unusable by DESeq2 | sample-type flag in the file names: CELL_LINE",,Effects of DAB2IP depletion on gene expression in HCT116 cel,COAD
GSE224869,SKIP,COAD,6,596.0 KB,,"only normalised values (FPKM/TPM/CPM), unusable by DESeq2",,Effects of DAB2IP expression on gene expression in DLD1  cel,COAD
GSE204805,SKIP,COAD,1225,266.0 MB,,no file recognisable as a count matrix,,RNAseq analysis on metastatic Colorectal Cancer,COAD
GSE199726,SKIP,COAD,6,698.0 MB,,"only a per-sample archive (<GSE>_RAW.tar), no count matrix",,TCF21high pericyte subpopulation promotes cancer metastasis ,COAD
GSE180943,SKIP,UNKNOWN,49,0.0 B,,no supplementary files: the data may only be in SRA,,Cancer Cell Resistance to IFNγ Can Occur via Enhanced Double,COAD
GSE215214,SKIP,UNKNOWN,4,4.9 MB,,"only normalised values (FPKM/TPM/CPM), unusable by DESeq2",,The differentially expressed genes regulated by 5-Aza-CdR,COAD
GSE225857,SKIP,COAD,8,607.0 MB,,"only a per-sample archive (<GSE>_RAW.tar), no count matrix",,Single-cell and spatial transcriptome analysis reveals the c,COAD
GSE213092,SKIP,COAD,99,3.3 MB,,no file recognisable as a count matrix,,Early onset colorectal cancer tissues and late onset colorec,COAD
GSE214322,SKIP,UNKNOWN,66,6.6 GB,,"only a per-sample archive (<GSE>_RAW.tar), no count matrix",,A dual-activity topoisomerase complex promotes both transcri,COAD
GSE196515,SKIP,COAD,10,3.8 GB,,"only circRNA/isoform/miRNA counts, not gene level | sample-type flag in the file names: CELL_LINE",,ATAC-seq deconvolution with CiberATAC identifies a prognosti,COAD
GSE218378,SKIP,COAD,6,3.0 MB,,"only a per-sample archive (<GSE>_RAW.tar), no count matrix",,Effect of overexpression PBX1 on gene expression in HCT116 c,COAD
GSE216616,SKIP,COAD,298,652.0 MB,,"only a per-sample archive (<GSE>_RAW.tar), no count matrix",,Transcriptomic Analyses Reveal Pre-treatment Cytotoxic Lymph,COAD
GSE213411,SKIP,COAD,6,1.0 MB,,"only normalised values (FPKM/TPM/CPM), unusable by DESeq2",,piR-36249 and DHX36 together inhibit testicular cancer cell ,COAD
GSE223026,SKIP,UNKNOWN,22,1020.4 MB,,no file recognisable as a count matrix,,Human CD4 cytotoxic T lymphocytes mediate potent tumor contr,COAD
GSE223120,SKIP,COAD,52,0.0 B,,no supplementary files: the data may only be in SRA,,Hypoxia-induced cysteine metabolism reprogramming are crucia,COAD
GSE223119,SKIP,COAD,40,15.0 MB,,"only normalised values (FPKM/TPM/CPM), unusable by DESeq2",,Hypoxia-induced cysteine metabolism reprogramming are crucia,COAD
GSE176062,SKIP,COAD,6,5.1 MB,,no file recognisable as a count matrix | sample-type flag in the file names: CELL_LINE,,Identification of TEAD4 target genes in the colorectal cance,COAD
GSE143939,SKIP,COAD,12,20.3 MB,,"only circRNA/isoform/miRNA counts, not gene level",,Noncoding RNA and mRNA expression data from human colorectal,COAD
GSE222770,SKIP,COAD,40,4.1 GB,,"only a per-sample archive (<GSE>_RAW.tar), no count matrix",,Genome-wide enhancer-gene regulatory maps link causal varian,COAD
GSE222769,SKIP,COAD,10,5.2 MB,,"only a per-sample archive (<GSE>_RAW.tar), no count matrix",,Genome-wide enhancer-gene regulatory maps link causal varian,COAD
GSE222612,SKIP,UNKNOWN,28,7.0 GB,,"only a per-sample archive (<GSE>_RAW.tar), no count matrix",,Pan-cancer analysis revealed H3K4me1 at bivalent promoters p,COAD
GSE222202,SKIP,COAD,18,8.0 MB,,"only a per-sample archive (<GSE>_RAW.tar), no count matrix",,Molecular Profiling Provides Clinical Insights into Targeted,COAD
GSE222379,SKIP,UNKNOWN,62,121.0 MB,,"only a per-sample archive (<GSE>_RAW.tar), no count matrix",,Oncogene-like addiction to aneuploidy in human cancers,COAD
GSE222300,SKIP,COAD,3,65.0 MB,,"only a per-sample archive (<GSE>_RAW.tar), no count matrix",,Molecular Profiling Provides Clinical Insights into Targeted,COAD
GSE221181,SKIP,UNKNOWN,118,415.0 MB,,"only a per-sample archive (<GSE>_RAW.tar), no count matrix",,Cancer cells enter an adaptive persistence to survive radiot,COAD
GSE221171,SKIP,COAD,3,415.0 MB,,"only a per-sample archive (<GSE>_RAW.tar), no count matrix",,Cancer cells enter an adaptive persistence to survive radiot,COAD
GSE205986,SKIP,COAD,9,5.7 MB,,"only normalised values (FPKM/TPM/CPM), unusable by DESeq2",,Sequential treatment with activin and hepatocyte growth fact,COAD
GSE212375,SKIP,UNKNOWN,281,2.1 GB,,"only a per-sample archive (<GSE>_RAW.tar), no count matrix",,Multiplatform Analysis of Primary and Metastatic Breast Tumo,COAD
GSE198434,SKIP,COAD,12,29.0 MB,,"only a per-sample archive (<GSE>_RAW.tar), no count matrix",,Genomic and epigenomic responses to aspirin in human colonic,COAD
GSE221926,SKIP,COAD,161,17.0 MB,,"only a per-sample archive (<GSE>_RAW.tar), no count matrix",,PFKFB3 overexpression in monocytes of patients with colon bu,COAD
GSE198630,SKIP,COAD,12,6.2 MB,,no file recognisable as a count matrix,,Gene expression of colorectal cancer cells treated with Cela,COAD
GSE220285,SKIP,COAD,15,883.0 KB,,"only normalised values (FPKM/TPM/CPM), unusable by DESeq2",,Transcriptomic analysis of colorectal cancer cells treated w,COAD
GSE218000,SKIP,UNKNOWN,12,9.1 MB,,"only a per-sample archive (<GSE>_RAW.tar), no count matrix",,Gene expression profile at single cell level of the intestin,COAD
GSE210385,SKIP,COAD,6,4.4 MB,,"only a per-sample archive (<GSE>_RAW.tar), no count matrix",,Identification of NAT10 targets in CRC by RNA immunoprecipit,COAD
GSE221575,SKIP,COAD,5,91.0 MB,,"only a per-sample archive (<GSE>_RAW.tar), no count matrix",,Single cell analysis of colorectal cancer tissues,COAD
GSE221430,SKIP,UNKNOWN,36,206.7 MB,,"only a per-sample archive (<GSE>_RAW.tar), no count matrix",,Differential transcriptional responses to BIRC6 depletion be,COAD
GSE200024,SKIP,UNKNOWN,10,47.0 MB,,"only a per-sample archive (<GSE>_RAW.tar), no count matrix",,Analysis of TRIM40 induced gene profiles in intestinal cells,COAD
GSE200023,SKIP,UNKNOWN,4,4.2 MB,,"only circRNA/isoform/miRNA counts, not gene level",,Analysis of total RNA transcriptome in TRIM40 overexpressing,COAD
GSE221435,SKIP,COAD,6,80.0 MB,,"only normalised values (FPKM/TPM/CPM), unusable by DESeq2 | sample-type flag in the file names: CELL_LINE",,DNA 5-methylcytosine regulates genome-wide formation of G-qu,COAD
GSE142279,SKIP,COAD,40,9.3 MB,,"only normalised values (FPKM/TPM/CPM), unusable by DESeq2",,RNA-seq data of 20 pairs of colorectal tumor with matched ad,COAD
GSE190435,SKIP,COAD,8,5.6 MB,,"only normalised values (FPKM/TPM/CPM), unusable by DESeq2",,Next Generation Sequencing Facilitates Quantitative Analysis,COAD
GSE199835,SKIP,COAD,24,7.3 MB,,"only a per-sample archive (<GSE>_RAW.tar), no count matrix | sample-type flag in the file names: CELL_LINE",,Cell-line-specific gene expression changes following inactiv,COAD
GSE220150,SKIP,COAD,172,573.9 KB,,"only a per-sample archive (<GSE>_RAW.tar), no count matrix",,"Transcriptomics of colorectal cancer in Siriraj cohort, Thai",COAD
GSE220148,SKIP,COAD,114,23.6 MB,,"only normalised values (FPKM/TPM/CPM), unusable by DESeq2",,"Transcriptomics of colorectal cancer in Siriraj cohort, Thai",COAD
GSE220067,SKIP,UNKNOWN,38,0.0 B,,no supplementary files: the data may only be in SRA,,Integrated clinical and genomic analysis identifies driver e,COAD
GSE220063,SKIP,UNKNOWN,11,3.1 MB,,"only normalised values (FPKM/TPM/CPM), unusable by DESeq2",,Integrated clinical and genomic analysis identifies driver e,COAD
GSE213564,SKIP,COAD,23,403.0 MB,,"only a per-sample archive (<GSE>_RAW.tar), no count matrix",,Interdependent genomic binding of BAP1 and MLL4 regulates a ,COAD
GSE219994,SKIP,UNKNOWN,2,75.0 MB,,"only a per-sample archive (<GSE>_RAW.tar), no count matrix",,PRO-seq from HCT116 (ENCSR703UYN),COAD
GSE219979,SKIP,UNKNOWN,2,44.6 MB,,"only a per-sample archive (<GSE>_RAW.tar), no count matrix",,PRO-cap from HCT116 (ENCSR273ORE),COAD
GSE219977,SKIP,UNKNOWN,2,92.8 MB,,"only a per-sample archive (<GSE>_RAW.tar), no count matrix",,PRO-cap from HCT116 (ENCSR273JQN),COAD
GSE219965,SKIP,UNKNOWN,2,64.6 MB,,"only a per-sample archive (<GSE>_RAW.tar), no count matrix",,PRO-cap from HCT116 (ENCSR990FJB),COAD
GSE219942,SKIP,UNKNOWN,2,66.0 MB,,"only a per-sample archive (<GSE>_RAW.tar), no count matrix",,PRO-seq from HCT116 (ENCSR954XDE),COAD
GSE219933,SKIP,UNKNOWN,2,31.0 MB,,"only a per-sample archive (<GSE>_RAW.tar), no count matrix",,PRO-seq from HCT116 (ENCSR945WVF),COAD
GSE219932,SKIP,UNKNOWN,2,2.3 GB,,"only a per-sample archive (<GSE>_RAW.tar), no count matrix",,Bru-seq from HCT116 (ENCSR945UXU),COAD
GSE219924,SKIP,UNKNOWN,2,73.6 MB,,"only a per-sample archive (<GSE>_RAW.tar), no count matrix",,PRO-cap from HCT116 (ENCSR932TRR),COAD
GSE219921,SKIP,UNKNOWN,2,81.0 MB,,"only a per-sample archive (<GSE>_RAW.tar), no count matrix",,PRO-seq from HCT116 (ENCSR929NJH),COAD
GSE219905,SKIP,UNKNOWN,2,2.8 GB,,"only a per-sample archive (<GSE>_RAW.tar), no count matrix",,Bru-seq from HCT116 (ENCSR914PUX),COAD
GSE219897,SKIP,UNKNOWN,2,2.7 GB,,"only a per-sample archive (<GSE>_RAW.tar), no count matrix",,Bru-seq from HCT116 (ENCSR906UFM),COAD
GSE219896,SKIP,UNKNOWN,2,70.6 MB,,"only a per-sample archive (<GSE>_RAW.tar), no count matrix",,PRO-cap from HCT116 (ENCSR900SLO),COAD
GSE219883,SKIP,UNKNOWN,2,86.0 MB,,"only a per-sample archive (<GSE>_RAW.tar), no count matrix",,PRO-seq from HCT116 (ENCSR889SZI),COAD
GSE219868,SKIP,UNKNOWN,2,2.3 GB,,"only a per-sample archive (<GSE>_RAW.tar), no count matrix",,Bru-seq from HCT116 (ENCSR877LIZ),COAD
GSE219858,SKIP,UNKNOWN,2,60.6 MB,,"only a per-sample archive (<GSE>_RAW.tar), no count matrix",,PRO-cap from HCT116 (ENCSR871CUV),COAD
GSE219848,SKIP,UNKNOWN,2,101.9 MB,,"only a per-sample archive (<GSE>_RAW.tar), no count matrix",,PRO-cap from HCT116 (ENCSR867EQV),COAD
GSE219816,SKIP,UNKNOWN,2,2.1 GB,,"only a per-sample archive (<GSE>_RAW.tar), no count matrix",,Bru-seq from HCT116 (ENCSR423WIK),COAD
GSE219800,SKIP,UNKNOWN,2,63.0 MB,,"only a per-sample archive (<GSE>_RAW.tar), no count matrix",,PRO-seq from HCT116 (ENCSR404RZX),COAD
GSE219780,SKIP,UNKNOWN,2,2.1 GB,,"only a per-sample archive (<GSE>_RAW.tar), no count matrix",,Bru-seq from HCT116 (ENCSR810EZV),COAD
GSE219775,SKIP,UNKNOWN,2,2.3 GB,,"only a per-sample archive (<GSE>_RAW.tar), no count matrix",,Bru-seq from HCT116 (ENCSR384BVS),COAD
GSE219774,SKIP,UNKNOWN,2,2.1 GB,,"only a per-sample archive (<GSE>_RAW.tar), no count matrix",,Bru-seq from HCT116 (ENCSR808SOG),COAD
GSE219769,SKIP,UNKNOWN,2,2.2 GB,,"only a per-sample archive (<GSE>_RAW.tar), no count matrix",,Bru-seq from HCT116 (ENCSR801TQK),COAD
GSE219751,SKIP,UNKNOWN,2,2.2 GB,,"only a per-sample archive (<GSE>_RAW.tar), no count matrix",,Bru-seq from HCT116 (ENCSR366XGV),COAD
GSE219736,SKIP,UNKNOWN,2,67.7 MB,,"only a per-sample archive (<GSE>_RAW.tar), no count matrix",,PRO-cap from HCT116 (ENCSR360MUR),COAD
GSE219735,SKIP,UNKNOWN,2,49.0 MB,,"only a per-sample archive (<GSE>_RAW.tar), no count matrix",,PRO-seq from HCT116 (ENCSR351QUY),COAD
GSE219730,SKIP,UNKNOWN,2,72.0 MB,,"only a per-sample archive (<GSE>_RAW.tar), no count matrix",,PRO-seq from HCT116 (ENCSR349AFH),COAD
GSE219648,SKIP,UNKNOWN,2,65.6 MB,,"only a per-sample archive (<GSE>_RAW.tar), no count matrix",,PRO-cap from HCT116 (ENCSR261OWE),COAD
GSE219625,SKIP,UNKNOWN,2,85.0 MB,,"only a per-sample archive (<GSE>_RAW.tar), no count matrix",,PRO-seq from HCT116 (ENCSR673THD),COAD
GSE219619,SKIP,UNKNOWN,2,38.0 MB,,"only a per-sample archive (<GSE>_RAW.tar), no count matrix",,PRO-seq from HCT116 (ENCSR242MOQ),COAD
GSE219607,SKIP,UNKNOWN,2,2.7 GB,,"only a per-sample archive (<GSE>_RAW.tar), no count matrix",,Bru-seq from HCT116 (ENCSR664LAL),COAD
GSE219597,SKIP,UNKNOWN,2,99.0 MB,,"only a per-sample archive (<GSE>_RAW.tar), no count matrix",,PRO-seq from HCT116 (ENCSR222XCG),COAD
GSE219596,SKIP,UNKNOWN,2,2.2 GB,,"only a per-sample archive (<GSE>_RAW.tar), no count matrix",,Bru-seq from HCT116 (ENCSR651PJF),COAD
GSE219569,SKIP,UNKNOWN,2,56.6 MB,,"only a per-sample archive (<GSE>_RAW.tar), no count matrix",,PRO-cap from HCT116 (ENCSR197JLW),COAD
GSE219548,SKIP,UNKNOWN,2,78.7 MB,,"only a per-sample archive (<GSE>_RAW.tar), no count matrix",,PRO-cap from HCT116 (ENCSR635SXX),COAD
GSE219542,SKIP,UNKNOWN,2,79.7 MB,,"only a per-sample archive (<GSE>_RAW.tar), no count matrix",,PRO-cap from HCT116 (ENCSR165QKR),COAD
GSE219536,SKIP,UNKNOWN,2,91.0 MB,,"only a per-sample archive (<GSE>_RAW.tar), no count matrix",,PRO-seq from HCT116 (ENCSR163WLJ),COAD
GSE219523,SKIP,UNKNOWN,2,2.6 GB,,"only a per-sample archive (<GSE>_RAW.tar), no count matrix",,Bru-seq from HCT116 (ENCSR626FRT),COAD
GSE219458,SKIP,UNKNOWN,2,102.9 MB,,"only a per-sample archive (<GSE>_RAW.tar), no count matrix",,PRO-cap from HCT116 (ENCSR100EDZ),COAD
GSE219447,SKIP,UNKNOWN,2,2.4 GB,,"only a per-sample archive (<GSE>_RAW.tar), no count matrix",,Bru-seq from HCT116 (ENCSR093FVX),COAD
GSE219427,SKIP,UNKNOWN,2,79.7 MB,,"only a per-sample archive (<GSE>_RAW.tar), no count matrix",,PRO-cap from HCT116 (ENCSR074XOP),COAD
GSE219377,SKIP,UNKNOWN,2,77.0 MB,,"only a per-sample archive (<GSE>_RAW.tar), no count matrix",,PRO-seq from HCT116 (ENCSR545PWV),COAD
GSE219376,SKIP,UNKNOWN,2,71.0 MB,,"only a per-sample archive (<GSE>_RAW.tar), no count matrix",,PRO-seq from HCT116 (ENCSR545GXL),COAD
GSE219357,SKIP,UNKNOWN,2,2.1 GB,,"only a per-sample archive (<GSE>_RAW.tar), no count matrix",,Bru-seq from HCT116 (ENCSR025QKI),COAD
GSE219345,SKIP,UNKNOWN,2,82.0 MB,,"only a per-sample archive (<GSE>_RAW.tar), no count matrix",,PRO-seq from HCT116 (ENCSR019RWT),COAD
GSE219337,SKIP,UNKNOWN,2,110.0 MB,,"only a per-sample archive (<GSE>_RAW.tar), no count matrix",,PRO-seq from HCT116 (ENCSR516VKD),COAD
GSE219313,SKIP,UNKNOWN,2,2.3 GB,,"only a per-sample archive (<GSE>_RAW.tar), no count matrix",,Bru-seq from HCT116 (ENCSR008ZZZ),COAD
GSE218623,SKIP,COAD,4,113.0 MB,,"only a per-sample archive (<GSE>_RAW.tar), no count matrix",,Physiological hypoxia improves growth and functional differe,COAD
GSE217663,SKIP,COAD,6,13.0 MB,,"only a per-sample archive (<GSE>_RAW.tar), no count matrix",,Physiological hypoxia improves growth and functional differe,COAD
GSE191257,SKIP,COAD,6,1.7 MB,,"only a per-sample archive (<GSE>_RAW.tar), no count matrix",,Fusobacterium nucleatum promotes colorectal carcinogenesis v,COAD
GSE215849,SKIP,COAD,12,2.0 MB,,"only normalised values (FPKM/TPM/CPM), unusable by DESeq2",,Targeting MUC1-C sensitizes colorectal cancer cells to BRAF ,COAD
GSE218558,SKIP,COAD,26,3.7 MB,,"only normalised values (FPKM/TPM/CPM), unusable by DESeq2",,RNAseq of colorectal cancer organoids,COAD
GSE201046,SKIP,UNKNOWN,58,61.0 MB,,"only a per-sample archive (<GSE>_RAW.tar), no count matrix",,The PNUTS-protein phosphatase 1 complex acts as an intrinsic,COAD
GSE213536,SKIP,UNKNOWN,20,651.0 MB,,"only a per-sample archive (<GSE>_RAW.tar), no count matrix",,ATF3-CBS axis regulates ferroptosis and tumorigenesis via ta,COAD
GSE213535,SKIP,COAD,16,5.0 MB,,"only a per-sample archive (<GSE>_RAW.tar), no count matrix",,Suppression of endogenous CBS promotes Ferroptosis.,COAD
GSE200205,SKIP,UNKNOWN,40,5.5 GB,,"only a per-sample archive (<GSE>_RAW.tar), no count matrix",,HIF-1a and HIF-2a ChIP-seq and RNA-seq of hypoxic cancer cel,COAD
GSE200204,SKIP,UNKNOWN,24,2.2 MB,,"only a per-sample archive (<GSE>_RAW.tar), no count matrix",,RNA-seq analysis of gene expression in normoxic and hypoxic ,COAD
GSE188212,SKIP,COAD,58,8.7 MB,,"only normalised values (FPKM/TPM/CPM), unusable by DESeq2",,Comprehensive microRNA analysis across genome-edited colorec,COAD
GSE197906,SKIP,COAD,36,532.0 KB,,no file recognisable as a count matrix,,"RNA sequencing of human regulatory T cell clones, both Faeca",COAD
GSE193020,SKIP,UNKNOWN,37,3.2 GB,,"only a per-sample archive (<GSE>_RAW.tar), no count matrix",,USP7 regulates the ncPRC1 Polycomb axis to stimulate genomic,COAD
GSE193019,SKIP,UNKNOWN,15,1.2 GB,,"only a per-sample archive (<GSE>_RAW.tar), no count matrix",,(RNA-seq) USP7 regulates the ncPRC1 Polycomb axis to stimula,COAD
GSE158692,SKIP,COAD,13,39.0 MB,,"only a per-sample archive (<GSE>_RAW.tar), no count matrix",,Single-cell sequencing of colorectal cancer liver metastases,COAD
GSE200773,SKIP,UNKNOWN,19,6.3 GB,,"only a per-sample archive (<GSE>_RAW.tar), no count matrix",,Co-depletion of NIPBL and WAPL balance cohesin activity to c,COAD
GSE202074,SKIP,COAD,24,6.1 MB,,"only a per-sample archive (<GSE>_RAW.tar), no count matrix",,EHF and CDX1 co-operate to drive extensive transcriptional r,COAD
GSE216534,SKIP,COAD,2,9.9 MB,,no file recognisable as a count matrix,,γδ T cells are effectors of immunotherapy in cancers with HL,COAD
GSE139546,SKIP,COAD,16,3.5 MB,,"only normalised values (FPKM/TPM/CPM), unusable by DESeq2 | sample-type flag in the file names: CELL_LINE",,RNAseq analysis for transcriptomes of colon cancer cell line,COAD
GSE216189,SKIP,LIHC,34,5.8 GB,,"only a per-sample archive (<GSE>_RAW.tar), no count matrix",,Fragment-sequencing unveils local tissue microenvironments a,COAD
GSE215308,SKIP,UNKNOWN,18,2.4 MB,,"only normalised values (FPKM/TPM/CPM), unusable by DESeq2",,MUC1-C IS A MASTER REGULATOR OF MICA/B NKG2D LIGAND AND EXOS,COAD
GSE122587,SKIP,COAD,5,22.0 MB,,"only a per-sample archive (<GSE>_RAW.tar), no count matrix",,Insights into the mechanism underlying the therapeutic effec,COAD
GSE198804,SKIP,COAD,4,6.3 MB,,"only normalised values (FPKM/TPM/CPM), unusable by DESeq2",,IMP1/IGF2BP1 enters extracellular vesicles in colorectal can,COAD
GSE214030,SKIP,COAD,6,12.6 MB,,"only normalised values (FPKM/TPM/CPM), unusable by DESeq2",,Molecular dynamics and experimental verification studies of ,COAD
GSE165463,SKIP,UNKNOWN,42,19.0 GB,,"only a per-sample archive (<GSE>_RAW.tar), no count matrix",,Human Core Nucleoporin Selectively Regulates Gene Transcript,COAD
GSE197947,SKIP,COAD,42,6.3 MB,,"only normalised values (FPKM/TPM/CPM), unusable by DESeq2",,Knock-out of 5-lipoxygenase in overexpressing tumor cells – ,COAD
GSE184242,SKIP,COAD,17,118.0 MB,,"only a per-sample archive (<GSE>_RAW.tar), no count matrix",,Patient-derived micro-organospheres (MOS) enable clinical pr,COAD
GSE137779,SKIP,COAD,6,1.2 MB,,"only a per-sample archive (<GSE>_RAW.tar), no count matrix",,Histone-acetyl Epigenome Regulates TGF-β Pathway-associated ,COAD
GSE206518,SKIP,UNKNOWN,42,21.0 MB,,"only a per-sample archive (<GSE>_RAW.tar), no count matrix",,Potent and selective PTDSS1 inhibitor targeting collateral l,COAD
GSE206517,SKIP,UNKNOWN,18,9.0 MB,,"only a per-sample archive (<GSE>_RAW.tar), no count matrix",,Potent and selective PTDSS1 inhibitor targeting collateral l,COAD
GSE206516,SKIP,UNKNOWN,24,12.0 MB,,"only a per-sample archive (<GSE>_RAW.tar), no count matrix",,Potent and selective PTDSS1 inhibitor targeting collateral l,COAD
GSE198383,SKIP,UNKNOWN,26,23.0 MB,,"only a per-sample archive (<GSE>_RAW.tar), no count matrix",,Transcriptional profile of NOMO1 knockout cell lines,COAD
GSE198382,SKIP,COAD,12,2.3 MB,,"only a per-sample archive (<GSE>_RAW.tar), no count matrix",,Transcriptional profile of NOMO1 knockout cell lines [RNA-se,COAD
GSE182960,SKIP,UNKNOWN,39,3.9 MB,,"only a per-sample archive (<GSE>_RAW.tar), no count matrix",,Cohesin regulates alternative splicing alone or with BRD4,COAD
GSE197706,SKIP,COAD,6,24.0 MB,,"only circRNA/isoform/miRNA counts, not gene level",,LncRNA LINC00839 promotes colorectal cancer progression by R,COAD
GSE211804,SKIP,COAD,10,21.0 MB,,sample-type flag in the file names: CELL_LINE,,FIT Links c-Myc and P53 Acetylation by Recruiting RBBP7 Duri,COAD
GSE207949,SKIP,COAD,24,62.6 MB,,"only a per-sample archive (<GSE>_RAW.tar), no count matrix",,Global decay of regulatory chromatin architecture promotes r,COAD
GSE207954,SKIP,COAD,104,169.0 GB,,"only a per-sample archive (<GSE>_RAW.tar), no count matrix",,Global decay of regulatory chromatin architecture promotes r,COAD
GSE205547,SKIP,COAD,3,4.9 MB,,no file recognisable as a count matrix,,KCTD9 inhibits the Wnt/β-catenin pathway by decreasing the l,COAD
GSE201363,SKIP,COAD,6,2.2 MB,,"only a per-sample archive (<GSE>_RAW.tar), no count matrix",,DBC1 is a positive regulator of enhancer epigenomic writers ,COAD
GSE179463,SKIP,UNKNOWN,32,7.8 GB,,"only a per-sample archive (<GSE>_RAW.tar), no count matrix",,DBC1 is a positive regulator of enhancer epigenomic writers ,COAD
GSE179462,SKIP,COAD,6,7.2 MB,,"only a per-sample archive (<GSE>_RAW.tar), no count matrix",,DBC1 is a positive regulator of enhancer epigenomic writers ,COAD
GSE201069,SKIP,COAD,9,2.4 MB,,no file recognisable as a count matrix,,The alterations of gene expression profiling induced by LINC,COAD
GSE168147,SKIP,COAD,18,2.7 MB,,"only normalised values (FPKM/TPM/CPM), unusable by DESeq2",,Colorectal liver metastases-specific lncRNA CRLM1 inhibits a,COAD
GSE168145,SKIP,COAD,9,2.1 MB,,"only normalised values (FPKM/TPM/CPM), unusable by DESeq2",,Colorectal liver metastases-specific lncRNA CRLM1 inhibits a,COAD
GSE166254,SKIP,COAD,100,3.3 GB,,"only a per-sample archive (<GSE>_RAW.tar), no count matrix",,Super-enhancer landscape profiling in primary colorectal car,COAD
GSE182467,SKIP,COAD,24,6.1 MB,,"only a per-sample archive (<GSE>_RAW.tar), no count matrix",,Transposon-activated POU5F1B promotes colorectal cancer grow,COAD
GSE182466,SKIP,COAD,9,2.3 MB,,"only a per-sample archive (<GSE>_RAW.tar), no count matrix",,Transposon-activated POU5F1B promotes colorectal cancer grow,COAD
GSE182465,SKIP,COAD,9,2.3 MB,,"only a per-sample archive (<GSE>_RAW.tar), no count matrix",,Transposon-activated POU5F1B promotes colorectal cancer grow,COAD
GSE161083,SKIP,COAD,6,1.5 MB,,"only a per-sample archive (<GSE>_RAW.tar), no count matrix",,Transposon-activated POU5F1B promotes colorectal cancer grow,COAD
GSE110009,SKIP,COAD,76,91.2 MB,,"only a per-sample archive (<GSE>_RAW.tar), no count matrix",,Single cell transcriptome landscape of primary and metastati,COAD
GSE209746,SKIP,COAD,114,3.3 MB,,no file recognisable as a count matrix,,Genomic and transcriptomic determinants of response to neoad,COAD
GSE134834,SKIP,COAD,10,83.0 MB,,"only a per-sample archive (<GSE>_RAW.tar), no count matrix",,Colorectal cancer lncRNA/mRNA expression,COAD
GSE185865,SKIP,COAD,6,1.8 MB,,"only normalised values (FPKM/TPM/CPM), unusable by DESeq2",,RNA Binding Protein CELF6 Modulates Expression and Alternati,COAD
GSE192374,SKIP,COAD,4,2.9 MB,,"only normalised values (FPKM/TPM/CPM), unusable by DESeq2",,Transcriptome profiling of SW480 cells and cells derived fro,COAD
GSE192372,SKIP,COAD,2,2.3 MB,,"only normalised values (FPKM/TPM/CPM), unusable by DESeq2",,Transcriptome profiling of HCT116 cells and HCT116 cells wit,COAD
GSE183916,SKIP,COAD,6,201.0 MB,,no file recognisable as a count matrix,,Molecular characterization of colorectal cancer related peri,COAD
GSE162753,SKIP,COAD,4,543.0 KB,,"only normalised values (FPKM/TPM/CPM), unusable by DESeq2",,Transcriptome  analysis of YTHDF2 kockdown(KD) and wildtype(,COAD
GSE205937,SKIP,COAD,8,1.6 MB,,"only a per-sample archive (<GSE>_RAW.tar), no count matrix",,RNA-seq of CAFs grown on different substrates,COAD
GSE190609,SKIP,COAD,113,14.0 MB,,"only normalised values (FPKM/TPM/CPM), unusable by DESeq2",,Peritoneal Metastases from Colorectal Cancer belong to Conse,COAD
GSE205720,SKIP,COAD,9,28.0 MB,,"only a per-sample archive (<GSE>_RAW.tar), no count matrix",,TCR-Vγδ usage distinguishes pro- and anti-tumor intestinal γ,COAD
GSE205641,SKIP,COAD,8,227.0 MB,,"only a per-sample archive (<GSE>_RAW.tar), no count matrix",,An in vitro vascularized micro-tumor model of human colorect,COAD
GSE205630,SKIP,COAD,6,6.4 MB,,"only a per-sample archive (<GSE>_RAW.tar), no count matrix",,Effect of depletion of GMDS-AS1 on gene expression of HCT116,COAD
GSE188574,SKIP,COAD,62,251.0 MB,,"only a per-sample archive (<GSE>_RAW.tar), no count matrix",,A dual-activity topoisomerase complex regulates mRNA transla,COAD
GSE196263,SKIP,COAD,30,11.0 MB,,"only a per-sample archive (<GSE>_RAW.tar), no count matrix",,Expression data from 5 colorectal cancer patients neoadjuvan,COAD
GSE183917,SKIP,COAD,96,0.0 B,,no supplementary files: the data may only be in SRA,,Molecular characterization of colorectal cancer-related peri,COAD
GSE165621,SKIP,PAAD,12,16.9 MB,,no file recognisable as a count matrix | sample-type flag in the file names: CELL_LINE,,Characterization of the ALDH1B1-dependent transcriptome in S,COAD
GSE186796,SKIP,COAD,24,2.7 MB,,"only normalised values (FPKM/TPM/CPM), unusable by DESeq2",,Divergent transcription from lentiviral gene editing of canc,COAD
GSE181327,SKIP,COAD,12,1015.0 KB,,"only normalised values (FPKM/TPM/CPM), unusable by DESeq2 | sample-type flag in the file names: CELL_LINE",,Epigenomic and transcriptomic features induced by silencing ,COAD
GSE181856,SKIP,COAD,41,6.8 GB,,"only a per-sample archive (<GSE>_RAW.tar), no count matrix",,Zinc finger protein 280C contributes to colorectal tumorigen,COAD
GSE192378,SKIP,UNKNOWN,41,0.0 B,,no supplementary files: the data may only be in SRA,,RBM33,COAD
GSE192376,SKIP,UNKNOWN,21,542.0 KB,,"only normalised values (FPKM/TPM/CPM), unusable by DESeq2",,RNA-fractionation sequencing,COAD
GSE184138,SKIP,UNKNOWN,6,3.1 MB,,no file recognisable as a count matrix,,Homeostasis imbalance of YY2 and YY1 promotes tumor growth b,COAD
GSE121455,SKIP,COAD,58,83.5 KB,,"only a per-sample archive (<GSE>_RAW.tar), no count matrix",,A comprehensive transcriptome portrait of colorectal cancer ,COAD
GSE121454,SKIP,COAD,6,431.0 KB,,"only normalised values (FPKM/TPM/CPM), unusable by DESeq2 | sample-type flag in the file names: ORGANOID",,A comprehensive transcriptome portrait of colorectal cancer ,COAD
GSE120065,SKIP,COAD,52,80.1 MB,,"only a per-sample archive (<GSE>_RAW.tar), no count matrix | sample-type flag in the file names: ORGANOID",,A comprehensive transcriptome portrait of colorectal cancer ,COAD
GSE173444,SKIP,UNKNOWN,12,1.1 GB,,"only a per-sample archive (<GSE>_RAW.tar), no count matrix",,CTCF blocks anti-sense transcription initiation at divergent,COAD
GSE173442,SKIP,UNKNOWN,6,547.0 MB,,"only a per-sample archive (<GSE>_RAW.tar), no count matrix",,CTCF blocks anti-sense transcription initiation at divergent,COAD
GSE195985,SKIP,COAD,17,46.0 MB,,"only a per-sample archive (<GSE>_RAW.tar), no count matrix",,Immunopeptidomic analyses of colorectal cancers with and wit,COAD
GSE201349,SKIP,COAD,161,118.0 GB,,"only a per-sample archive (<GSE>_RAW.tar), no count matrix",,Single-cell analyses define a continuum of cell state and co,COAD
GSE201348,SKIP,COAD,72,1.2 GB,,"only a per-sample archive (<GSE>_RAW.tar), no count matrix",,Single-cell analyses define a continuum of cell state and co,COAD
GSE201107,SKIP,COAD,6,2.6 MB,,no file recognisable as a count matrix,,MUC3A promotes the progression of colorectal cancer through ,COAD
GSE200998,SKIP,COAD,12,8.1 MB,,"only circRNA/isoform/miRNA counts, not gene level",,Complete transcriptome analysis of gene expression in colore,COAD
GSE179843,SKIP,UNKNOWN,51,24.7 MB,,"only normalised values (FPKM/TPM/CPM), unusable by DESeq2",,Mammalian UPF3A and UPF3B activate NMD independently of thei,COAD
GSE200997,SKIP,COAD,23,68.3 MB,,sample-type flag in the file names: SINGLE_CELL,,Refining Colorectal Cancer Classification and Clinical Strat,COAD
GSE166783,SKIP,COAD,32,770.0 KB,,no file recognisable as a count matrix | sample-type flag in the file names: CELL_LINE,,Ribo-Seq experiments in HCT116 WT and TP53-/- cells upon neo,COAD
GSE155354,SKIP,COAD,14,2.8 MB,,"only a per-sample archive (<GSE>_RAW.tar), no count matrix",,p53 wild-type colorectal cancer cells that express a fetal g,COAD
GSE184726,SKIP,COAD,4,661.0 KB,,"only normalised values (FPKM/TPM/CPM), unusable by DESeq2",,RNAseq analysis of DDX21-silenced colorectal cancer cell HCT,COAD
GSE200065,SKIP,UNKNOWN,8,500.2 KB,,"only a per-sample archive (<GSE>_RAW.tar), no count matrix",,RNA-seq and CHIP-seq for TCF21 overexpressing tumor pericyte,COAD
GSE200064,SKIP,UNKNOWN,6,7.5 MB,,"only normalised values (FPKM/TPM/CPM), unusable by DESeq2",,RNA-seq for TCF21 overexpressing tumor pericytes,COAD
GSE178665,SKIP,UNKNOWN,18,1.3 MB,,"only a per-sample archive (<GSE>_RAW.tar), no count matrix",,ESCRT-I controls lysosomal membrane protein homeostasis and ,COAD
GSE179464,SKIP,COAD,6,309.0 KB,,no file recognisable as a count matrix,,RNF43 G659fs is an oncogenic colorectal cancer mutation and ,COAD
GSE199097,SKIP,COAD,161,13.2 MB,,"sample-type flag in the file names: CELL_LINE, XENOGRAFT",,Reverse Transcriptase Inhibition Disrupts Repeat Element Lif,COAD
GSE188381,SKIP,COAD,3,2.5 MB,,"only a per-sample archive (<GSE>_RAW.tar), no count matrix",,Cancer specific tissue-resident memory T cells expressed ZNF,COAD
GSE199010,SKIP,UNKNOWN,91,5.9 MB,,sample-type flag in the file names: CELL_LINE,,Simultaneous Single-cell Genome and Transcriptome Sequencing,COAD
GSE164742,SKIP,UNKNOWN,12,516.0 KB,,"only normalised values (FPKM/TPM/CPM), unusable by DESeq2",,RNA-seq analysis of MDA-MB-231 and HCT-166 cells treated wit,COAD
GSE184040,SKIP,COAD,15,2.9 MB,,no file recognisable as a count matrix | sample-type flag in the file names: CELL_LINE,,Genome-wide analysis of differentially expressed genes in Fb,COAD
GSE184041,SKIP,UNKNOWN,79,4.4 GB,,"only a per-sample archive (<GSE>_RAW.tar), no count matrix",,Genome-Scale Analysis of Transcriptional Regulation by the F,COAD
GSE196333,SKIP,COAD,10,278.0 MB,,"only a per-sample archive (<GSE>_RAW.tar), no count matrix",,Activation of the YAP-TEAD4-HHEX transcriptional complex by ,COAD
GSE176475,SKIP,COAD,8,940.6 KB,,"only a per-sample archive (<GSE>_RAW.tar), no count matrix",,Identification of differential expressed genes after HHEX/YA,COAD
GSE197985,SKIP,UNKNOWN,36,4.8 MB,,"only a per-sample archive (<GSE>_RAW.tar), no count matrix",,Optimization of Class I Histone Deacetylase JPS0s Reveals HD,COAD
GSE180959,SKIP,UNKNOWN,13,8.6 MB,,"only a per-sample archive (<GSE>_RAW.tar), no count matrix",,Oncogenic lncRNAs alter epigenetic memory at a fragile chrom,COAD
GSE180923,SKIP,UNKNOWN,4,8.6 MB,,"only a per-sample archive (<GSE>_RAW.tar), no count matrix",,Oncogenic lncRNAs alter epigenetic memory at a fragile chrom,COAD
GSE171611,SKIP,COAD,6,60.5 KB,,"only a per-sample archive (<GSE>_RAW.tar), no count matrix",,Fusobacterium nucleatum promotes colorectal cancer cells adh,COAD
GSE171679,SKIP,COAD,12,0.0 B,,no supplementary files: the data may only be in SRA,,Colon cancer cells after escape of late apoptosis,COAD
GSE171560,SKIP,COAD,6,4.4 MB,,no file recognisable as a count matrix,,Colon cancer cells after escape of late apoptosis [exp_2],COAD
GSE171543,SKIP,COAD,6,5.9 MB,,no file recognisable as a count matrix,,Colon cancer cells after escape of late apoptosis [exp_1],COAD
GSE197895,SKIP,COAD,6,900.0 KB,,"only normalised values (FPKM/TPM/CPM), unusable by DESeq2",,RNF186/EPHB2 axis is essential for colorectal tumorigenesis ,COAD
GSE154754,SKIP,COAD,12,2.4 MB,,"only a per-sample archive (<GSE>_RAW.tar), no count matrix",,Characterization of novel natural compound derivatives with ,COAD
GSE154753,SKIP,COAD,8,1.6 MB,,"only a per-sample archive (<GSE>_RAW.tar), no count matrix",,Characterization of novel natural compound derivatives with ,COAD
GSE154752,SKIP,COAD,8,1.6 MB,,"only a per-sample archive (<GSE>_RAW.tar), no count matrix",,Characterization of novel natural compound derivatives with ,COAD
GSE197535,SKIP,COAD,6,9.6 MB,,no file recognisable as a count matrix,,Human colon cancer cell line HCT116 stably transfected with ,COAD
GSE190234,SKIP,COAD,4,192.0 KB,,no file recognisable as a count matrix,,SHMT2 drives the progression of colorectal cancer by regulat,COAD
GSE196875,SKIP,COAD,6,1.0 MB,,no file recognisable as a count matrix,,Next Generation Sequencing Facilitates Quantitative Analysis,COAD
GSE193248,SKIP,COAD,15,2.2 MB,,"only a per-sample archive (<GSE>_RAW.tar), no count matrix",,Liver colonisation by colorectal cancer metastases requires ,COAD
GSE196965,SKIP,COAD,11,940.0 MB,,"only a per-sample archive (<GSE>_RAW.tar), no count matrix",,Suppression of colorectal cancer by ketogenic diet and beta-,COAD
GSE196964,SKIP,COAD,11,940.0 MB,,"only a per-sample archive (<GSE>_RAW.tar), no count matrix",,Paired human colon and tumor biopsies,COAD
GSE196576,SKIP,COAD,579,22.0 MB,,no file recognisable as a count matrix,,Tumor immunogenomic features determine outcomes in metastati,COAD
GSE164522,SKIP,COAD,17,3.7 GB,,no file recognisable as a count matrix | sample-type flag in the file names: NOT_TISSUE,,Single-cell analyses reveal phenotypic linkage between color,COAD
GSE186731,SKIP,UNKNOWN,6,12.0 MB,,"only normalised values (FPKM/TPM/CPM), unusable by DESeq2",,Next Generation Sequencing Facilitates Quantitative Analysis,COAD
GSE186662,SKIP,UNKNOWN,6,12.0 MB,,"only normalised values (FPKM/TPM/CPM), unusable by DESeq2",,Next Generation Sequencing Facilitates Quantitative Analysis,COAD
GSE190093,SKIP,COAD,8,2.6 MB,,"only normalised values (FPKM/TPM/CPM), unusable by DESeq2",,"Dissecting the mechanism of action of spiperone, a candidate",COAD
GSE150310,SKIP,COAD,12,1.4 MB,,"only a per-sample archive (<GSE>_RAW.tar), no count matrix",,Fusobacterium nucleatum Reducing METTL3-mediated m6A Modific,COAD
GSE192667,SKIP,COAD,89,62.0 MB,,"only a per-sample archive (<GSE>_RAW.tar), no count matrix",,Transcriptome profiling in advanced colorectal cancer,COAD
GSE150309,SKIP,COAD,4,1.4 MB,,"only a per-sample archive (<GSE>_RAW.tar), no count matrix",,Fusobacterium nucleatum Reducing METTL3-mediated m6A Modific,COAD
GSE194357,SKIP,COAD,12,65.0 MB,,"only a per-sample archive (<GSE>_RAW.tar), no count matrix",,Well-TEMP-seq characterizes the temporal dynamics of single-,COAD
GSE159425,SKIP,COAD,12,1.2 MB,,sample-type flag in the file names: CELL_LINE,,YTHDF1-N6-methyladenosine-ARHGEF2 axis  promoted colorectal ,COAD
GSE125202,SKIP,UNKNOWN,10,872.0 KB,,no file recognisable as a count matrix | sample-type flag in the file names: CELL_LINE,,Transcriptomic profile of cohesin proficient and deficient c,COAD
GSE190826,SKIP,COAD,117,509.0 MB,,"only a per-sample archive (<GSE>_RAW.tar), no count matrix",,Inflammatory fibroblasts mediate resistance to neoadjuvant t,COAD
GSE182031,SKIP,COAD,103,122.0 MB,,"only a per-sample archive (<GSE>_RAW.tar), no count matrix",,T-cell receptor repertoire in metastatic colorectal cancer d,COAD
GSE171454,SKIP,COAD,12,1.2 MB,,no file recognisable as a count matrix,,The TRRAP transcription cofactor represses interferon-stimul,COAD
GSE189697,SKIP,COAD,6,15.2 MB,,"only normalised values (FPKM/TPM/CPM), unusable by DESeq2",,Profiling of DHOK targets through transcriptome sequencing,COAD
GSE182432,SKIP,COAD,36,3.5 GB,,"only a per-sample archive (<GSE>_RAW.tar), no count matrix",,YAP1 and PRDM14 converge to promote cell survival and tumori,COAD
GSE192877,SKIP,COAD,12,7.8 MB,,sample-type flag in the file names: CELL_LINE,,Alternative spliced genes downstream of EMT enhance phenotyp,COAD
GSE186111,SKIP,COAD,12,17.0 MB,,"only a per-sample archive (<GSE>_RAW.tar), no count matrix",,Genome-wide maps of chromatin state in HCT116 colorectal can,COAD
GSE179545,SKIP,COAD,40,2.7 GB,,"only a per-sample archive (<GSE>_RAW.tar), no count matrix",,Genome-wide maps of chromatin state in HCT116 colorectal can,COAD
GSE192745,SKIP,UNKNOWN,8,13.0 MB,,"only a per-sample archive (<GSE>_RAW.tar), no count matrix",,DAC-treated tumor tissue from PDX model and DAC-treated CT26,COAD
GSE192743,SKIP,COAD,2,340.2 KB,,"only a per-sample archive (<GSE>_RAW.tar), no count matrix",,RNA sequencing of control and DAC-treated tumor tissue from ,COAD
GSE171910,SKIP,COAD,34,3.5 GB,,"only a per-sample archive (<GSE>_RAW.tar), no count matrix",,A b-catenin-TCF-sensitive Locus Control Region Mediates GUCY,COAD
GSE182086,SKIP,COAD,6,1.0 MB,,"only normalised values (FPKM/TPM/CPM), unusable by DESeq2",,Treatment of HCT116 cells with a small molecule inhibitor of,COAD
GSE113856,SKIP,COAD,6,10.0 MB,,"only a per-sample archive (<GSE>_RAW.tar), no count matrix",,TGF-β promotes the conversion of human CD5low cDC2s to toler,COAD
GSE169725,SKIP,UNKNOWN,109,7.8 GB,,"only a per-sample archive (<GSE>_RAW.tar), no count matrix",,Prrx1 is a Master Transcription Factor of myofibroblastic Ca,COAD
GSE156103,SKIP,COAD,16,5.6 MB,,no file recognisable as a count matrix | sample-type flag in the file names: CELL_LINE,,Nucleoporin-93 overexpression overcomes trafficking bottlene,COAD
GSE112280,SKIP,UNKNOWN,9,847.0 KB,,no file recognisable as a count matrix | sample-type flag in the file names: CELL_LINE,,Analysis of gene expression in co-culture of PBMCs with brea,COAD
GSE161277,SKIP,COAD,13,338.0 MB,,"only a per-sample archive (<GSE>_RAW.tar), no count matrix",,Dissecting the Epithelial and Immune Evolution during Colore,COAD
GSE192559,SKIP,COAD,6,8.8 MB,,"only a per-sample archive (<GSE>_RAW.tar), no count matrix",,Zinc finger protein 277 is an intestinal transit-amplifying ,COAD
GSE159504,SKIP,COAD,2,638.0 KB,,"only normalised values (FPKM/TPM/CPM), unusable by DESeq2",,BCL-XL inhibition induces an FGFR4 mediated rescue response ,COAD
GSE190951,SKIP,COAD,12,919.4 MB,,"only a per-sample archive (<GSE>_RAW.tar), no count matrix",,Integrated chromatin accessibility and transcriptome landsca,COAD
GSE155953,SKIP,COAD,4,94.2 MB,,no file recognisable as a count matrix,,Capturing tumor heterogeneity in pre- and post-chemotherapy ,COAD
GSE139918,SKIP,COAD,3,2.6 MB,,no file recognisable as a count matrix,,Next Generation Sequencing Facilitates Quantitative Analysis,COAD
GSE150506,SKIP,COAD,72,1.4 GB,,"only a per-sample archive (<GSE>_RAW.tar), no count matrix",,KMT9 controls growth and stemness of colorectal cancer,COAD
GSE150503,SKIP,COAD,52,4.3 MB,,sample-type flag in the file names: CELL_LINE,,KMT9 controls growth and stemness of colorectal cancer [RNA-,COAD
GSE189194,SKIP,UNKNOWN,12,2.3 MB,,"only a per-sample archive (<GSE>_RAW.tar), no count matrix",,Vibrio vulnificus MARTX toxin effector domains differentiall,COAD
GSE185055,SKIP,COAD,192,35.0 MB,,"only a per-sample archive (<GSE>_RAW.tar), no count matrix",,Gene expression profiles of colorectal cancer cells grown in,COAD
GSE188711,SKIP,COAD,6,148.0 MB,,"only a per-sample archive (<GSE>_RAW.tar), no count matrix",,Resolving the Difference Between Left-sided and Right-sided ,COAD
GSE186344,SKIP,UNKNOWN,18,3.1 GB,,"only a per-sample archive (<GSE>_RAW.tar), no count matrix",,Cellular Architecture of Human Brain Metastases,COAD
GSE180158,SKIP,UNKNOWN,80,50.0 MB,,"only a per-sample archive (<GSE>_RAW.tar), no count matrix",,Sequence determinants of human gene regulatory elements,COAD
GSE180146,SKIP,UNKNOWN,18,3.5 MB,,no file recognisable as a count matrix | sample-type flag in the file names: CELL_LINE,,"Sequence determinants of human gene regulatory elements, RNA",COAD
GSE180145,SKIP,UNKNOWN,1,1.0 MB,,"only a per-sample archive (<GSE>_RAW.tar), no count matrix",,"Sequence determinants of human gene regulatory elements, CAG",COAD
GSE154876,SKIP,COAD,6,291.0 MB,,"only a per-sample archive (<GSE>_RAW.tar), no count matrix",,CBFβ promotes colorectal tumor growth and metastasis in a RU,COAD
GSE184103,SKIP,COAD,5,139.0 MB,,"only a per-sample archive (<GSE>_RAW.tar), no count matrix",,The WNT-dependent gating of MYC requires non-canonical funct,COAD
GSE181722,SKIP,COAD,4,2.8 MB,,"only normalised values (FPKM/TPM/CPM), unusable by DESeq2",,A colorectal cancer 3D bioprinting workflow as a platform fo,COAD
GSE187160,SKIP,UNKNOWN,2,1.6 GB,,"only a per-sample archive (<GSE>_RAW.tar), no count matrix",,BruUV-seq from HCT116 (ENCSR037CVT),COAD
GSE144506,SKIP,COAD,12,1.0 MB,,"only a per-sample archive (<GSE>_RAW.tar), no count matrix",,Exogenous and Endogenous Sources of Serine Contribute to Col,COAD
GSE167947,SKIP,COAD,4,600.4 KB,,"only a per-sample archive (<GSE>_RAW.tar), no count matrix",,Mitochondrial matrix protein C14orf159 attenuates colorectal,COAD
GSE186619,SKIP,COAD,43,2.6 GB,,"only a per-sample archive (<GSE>_RAW.tar), no count matrix",,Endogenous retroviruses mediate transcriptional rewiring in ,COAD
GSE186618,SKIP,COAD,31,7.9 MB,,sample-type flag in the file names: CELL_LINE,,Endogenous retroviruses mediate transcriptional rewiring in ,COAD
GSE150261,SKIP,UNKNOWN,4,2.0 MB,,"only a per-sample archive (<GSE>_RAW.tar), no count matrix",,Gene expression profiling of HCT116 cells with or without PH,COAD
GSE176026,SKIP,COAD,8,27.8 MB,,"only a per-sample archive (<GSE>_RAW.tar), no count matrix",,Transcriptional response to reverse-turn peptidomimetics in ,COAD
GSE180790,SKIP,COAD,35,6.1 MB,,"only normalised values (FPKM/TPM/CPM), unusable by DESeq2 | sample-type flag in the file names: XENOGRAFT",,Peritoneal metastasis of colorectal cancer (pmCRC): Identifi,COAD
GSE186206,SKIP,UNKNOWN,213,92.7 MB,,sample-type flag in the file names: CELL_LINE,,Dynamic genome-wide interaction patterns elucidate the roles,COAD
GSE163396,SKIP,COAD,6,1.3 MB,,no file recognisable as a count matrix,,SLCO1B3 promotes the progression of colorectal cancer cells ,COAD
GSE173549,SKIP,COAD,6,1.4 MB,,"only a per-sample archive (<GSE>_RAW.tar), no count matrix",,Fusobacterium nucleatum promotes colorectal cancer metastasi,COAD
GSE185747,SKIP,COAD,48,1.7 GB,,"only a per-sample archive (<GSE>_RAW.tar), no count matrix",,An enhancer-driven stem cell-like program mediated by SOX9 b,COAD
GSE185652,SKIP,UNKNOWN,11,1.2 MB,,"only normalised values (FPKM/TPM/CPM), unusable by DESeq2",,Transcriptomics of human adenocarcinoma cell line HCT-8 infe,COAD
GSE168418,SKIP,UNKNOWN,21,0.0 B,,no supplementary files: the data may only be in SRA,,"Supermeres, a new functional extracellular nanoparticle repl",COAD
GSE182226,SKIP,COAD,4,6.2 MB,,no file recognisable as a count matrix,,Nonylphenol treatment effect on RNA expression in colorectal,COAD
GSE180282,SKIP,COAD,6,1.2 MB,,"only normalised values (FPKM/TPM/CPM), unusable by DESeq2",,VprBP directs epigenetic gene silencing through H2A phosphor,COAD
GSE185332,SKIP,COAD,10,963.0 MB,,"only a per-sample archive (<GSE>_RAW.tar), no count matrix",,Super-enhancer landscape shaped by master regulator in liver,COAD
GSE185141,SKIP,COAD,6,7.7 MB,,"only normalised values (FPKM/TPM/CPM), unusable by DESeq2",,Dihydroartemisinin suppresses the tumorigenesis and cycle pr,COAD
GSE138657,SKIP,COAD,16,25.0 MB,,"only a per-sample archive (<GSE>_RAW.tar), no count matrix",,Mapping the global chromatin connectivity network in colorec,COAD
GSE138647,SKIP,COAD,2,9.6 MB,,"only a per-sample archive (<GSE>_RAW.tar), no count matrix",,Mapping the global chromatin connectivity network in colorec,COAD
GSE184566,SKIP,COAD,1,1.1 MB,,"only a per-sample archive (<GSE>_RAW.tar), no count matrix",,ecDNA hubs drive cooperative intermolecular oncogene express,COAD
GSE158369,SKIP,UNKNOWN,6,3.6 MB,,no file recognisable as a count matrix,,"Vp1524, a Vibrio parahaemolyticus NAD+ dependent deacetylase",COAD
GSE159664,SKIP,COAD,6,495.0 KB,,"only normalised values (FPKM/TPM/CPM), unusable by DESeq2 | sample-type flag in the file names: CELL_LINE",,DNA methylation maintains integrity of higher order genome a,COAD
GSE174204,SKIP,COAD,12,3.1 MB,,no file recognisable as a count matrix | sample-type flag in the file names: CELL_LINE,,NCOR1 sustains CRC growth and protects from cellular senesce,COAD
GSE165875,SKIP,COAD,4,738.3 KB,,"only a per-sample archive (<GSE>_RAW.tar), no count matrix",,Transcriptome analysis of novel CPT-CEF-treated HT29 colon c,COAD
GSE183859,SKIP,UNKNOWN,8,2.5 MB,,no file recognisable as a count matrix,,Gene expression profiling during  treatment of HT29 cells wi,COAD
GSE178318,SKIP,COAD,15,521.8 MB,,no file recognisable as a count matrix | sample-type flag in the file names: SINGLE_CELL,,A Single-Cell Atlas of Liver Metastases of Colorectal Cancer,COAD
GSE173364,SKIP,COAD,22,11.4 MB,,"only normalised values (FPKM/TPM/CPM), unusable by DESeq2 | sample-type flag in the file names: CELL_LINE",,Different hot spot mutations in the TP53 genes exerts differ,COAD
GSE182877,SKIP,LIHC,35,49.0 MB,,"only a per-sample archive (<GSE>_RAW.tar), no count matrix",,In vitro expansion of cirrhosis derived liver epithelial cel,COAD
GSE178341,SKIP,COAD,181,1.1 GB,,no file recognisable as a count matrix,,A Single Cell Atlas of MMRd and MMRp Colorectal Cancer,COAD
GSE156614,SKIP,COAD,524,86.0 GB,,"only a per-sample archive (<GSE>_RAW.tar), no count matrix",,Genome-wide analysis of enhancer landscape in colorectal can,COAD
GSE156451,SKIP,COAD,144,40.0 MB,,"only a per-sample archive (<GSE>_RAW.tar), no count matrix",,Genome-wide analysis of enhancer landscape in colorectal can,COAD
GSE136044,SKIP,UNKNOWN,10,5.1 MB,,"only a per-sample archive (<GSE>_RAW.tar), no count matrix",,Mucosa samples from patients with Familial Adenomatous Polyp,COAD
GSE153476,SKIP,UNKNOWN,39,0.0 B,,no supplementary files: the data may only be in SRA,,Regulation of translation by site-specific ribosomal RNA met,COAD
GSE181817,SKIP,UNKNOWN,6,276.0 KB,,"only normalised values (FPKM/TPM/CPM), unusable by DESeq2",,Atlas of Clinically Distinct Cell States and Cellular Ecosys,COAD
GSE180440,SKIP,COAD,190,125.0 KB,,no file recognisable as a count matrix,,NTRK1 fusions for the therapeutic intervention of Korean pat,COAD
GSE165610,SKIP,PAAD,10,661.0 KB,,"only normalised values (FPKM/TPM/CPM), unusable by DESeq2",,CD276 is an important player in macrophage recruitment into ,COAD
GSE180805,SKIP,COAD,2,2.0 MB,,no file recognisable as a count matrix,,LYAR promotes colorectal cancer progression by up-regulating,COAD
GSE159160,SKIP,COAD,4,3.8 MB,,"only normalised values (FPKM/TPM/CPM), unusable by DESeq2",,Raw RNA-seq data from control and Ki-67-depleted HCT116 huma,COAD
GSE148907,SKIP,COAD,26,5.5 MB,,"only normalised values (FPKM/TPM/CPM), unusable by DESeq2 | sample-type flag in the file names: NON_HUMAN",,Generation of eosinophils with potent antitumor activity fro,COAD
GSE171682,SKIP,COAD,174,0.0 B,,no supplementary files: the data may only be in SRA,,Immuno-genomic classification of colorectal cancer organoids,COAD
GSE171681,SKIP,COAD,87,6.2 MB,,"only normalised values (FPKM/TPM/CPM), unusable by DESeq2 | sample-type flag in the file names: ORGANOID",,Gene expression profiles of colorectal cancer organoids from,COAD
GSE171680,SKIP,COAD,87,11.0 MB,,"only normalised values (FPKM/TPM/CPM), unusable by DESeq2",,Gene expression profile of colorectal cancer tissues from 87,COAD
GSE180042,SKIP,COAD,2,12.0 MB,,no file recognisable as a count matrix,,Transcriptome-wide identification of transcripts regulated b,COAD
GSE179982,SKIP,UNKNOWN,6,1.2 MB,,no file recognisable as a count matrix | sample-type flag in the file names: CELL_LINE,,RNA sequencing of AHNAK2 knockdown adenocarcinoma cells comp,COAD
GSE179784,SKIP,COAD,6,520.0 MB,,"only a per-sample archive (<GSE>_RAW.tar), no count matrix",,Inflammatory Conditions Promote Resistance to Immune Checkpo,COAD
GSE115646,SKIP,UNKNOWN,185,393.0 MB,,"only a per-sample archive (<GSE>_RAW.tar), no count matrix",,The regulatory impact of RNA-binding proteins on microRNA ta,COAD
GSE158164,SKIP,COAD,18,5.2 MB,,"only a per-sample archive (<GSE>_RAW.tar), no count matrix",,Immune modulation underpins the anti-cancer activity of HDAC,COAD
GSE179042,SKIP,COAD,40,15.1 MB,,"only normalised values (FPKM/TPM/CPM), unusable by DESeq2",,Transcriptome m6A sequencing (MeRIP-seq)of human colon cance,COAD
GSE175593,SKIP,UNKNOWN,6,2.4 MB,,"only normalised values (FPKM/TPM/CPM), unusable by DESeq2",,Transcriptome of DLD-1 co-cultured with or without Fusobacte,COAD
GSE164634,SKIP,COAD,43,2.0 GB,,"only a per-sample archive (<GSE>_RAW.tar), no count matrix | sample-type flag in the file names: CELL_LINE",,Sequencing of Argonaute-bound miRNA/mRNA hybrids reveals reg,COAD
GSE157982,SKIP,COAD,98,280.0 MB,,"only a per-sample archive (<GSE>_RAW.tar), no count matrix",,Scottish Colorectal Cancer Vitamin D Intervention Study (SCo,COAD
GSE167262,SKIP,COAD,4,124.0 MB,,"only a per-sample archive (<GSE>_RAW.tar), no count matrix",,LSD1 promotes secretory cell specification to drive BRAFmuta,COAD
GSE160321,SKIP,UNKNOWN,39,14.0 GB,,"only a per-sample archive (<GSE>_RAW.tar), no count matrix",,RNA polymerase II is necessary for spatial chromatin reorgan,COAD
GSE153016,SKIP,COAD,14,579.0 MB,,"only a per-sample archive (<GSE>_RAW.tar), no count matrix",,Chromatin Remodeling of Colorectal Cancer Liver Metastasis i,COAD
GSE141861,SKIP,COAD,50,6.1 MB,,"only a per-sample archive (<GSE>_RAW.tar), no count matrix",,Secondary Resistance to Anti-EGFR Therapy by Transcriptional,COAD
GSE169211,SKIP,COAD,6,1.0 MB,,no file recognisable as a count matrix,,Next Generation Sequencing Facilitates Quantitative Analysis,COAD
GSE176231,SKIP,UNKNOWN,4,134.0 KB,,"only circRNA/isoform/miRNA counts, not gene level | sample-type flag in the file names: CELL_LINE",,High migration and invasion ability of PGCCs and their daugh,COAD
GSE155169,SKIP,COAD,15,1.1 GB,,"only a per-sample archive (<GSE>_RAW.tar), no count matrix",,AP-2α Regulates S-phase and is a Marker for Sensitivity to P,COAD
GSE155162,SKIP,COAD,12,4.5 MB,,no file recognisable as a count matrix | sample-type flag in the file names: CELL_LINE,,AP-2α Regulates S-phase and is a Marker for Sensitivity to P,COAD
GSE156083,SKIP,COAD,20,1.4 GB,,"only a per-sample archive (<GSE>_RAW.tar), no count matrix",,Genome-scale CRISPR-Cas9 screen of Wnt/β-catenin signalling ,COAD
GSE175221,SKIP,UNKNOWN,1,65.0 MB,,"only a per-sample archive (<GSE>_RAW.tar), no count matrix",,long read RNA-seq from HCT116 (ENCSR388RWE),COAD
GSE175056,SKIP,UNKNOWN,1,400.0 MB,,"only a per-sample archive (<GSE>_RAW.tar), no count matrix",,total RNA-seq from HCT116 (ENCSR698RPL),COAD
GSE163805,SKIP,UNKNOWN,77,6.1 GB,,"only a per-sample archive (<GSE>_RAW.tar), no count matrix",,A PP2A-Integrator complex fine-tunes transcription by opposi,COAD
GSE163802,SKIP,UNKNOWN,32,12.7 MB,,sample-type flag in the file names: CELL_LINE,,A PP2A-Integrator complex fine-tunes transcription by opposi,COAD
GSE136889,SKIP,COAD,309,114.0 MB,,"only a per-sample archive (<GSE>_RAW.tar), no count matrix",,Epigenomics landscape of colorectal cancer,COAD
GSE136630,SKIP,COAD,12,4.5 MB,,"only a per-sample archive (<GSE>_RAW.tar), no count matrix",,RNA-seq access dataset for epigenomics landscape of colorect,COAD
GSE140288,SKIP,COAD,2,223.0 MB,,"only a per-sample archive (<GSE>_RAW.tar), no count matrix",,Enhancing single-cell cellular state inference by incorporat,COAD
GSE155921,SKIP,COAD,26,248.0 MB,,"only a per-sample archive (<GSE>_RAW.tar), no count matrix",,LoopSeq Synthetic Long Read Sequencing Uncovers Isoform Modu,COAD
GSE155375,SKIP,COAD,16,236.0 MB,,"only a per-sample archive (<GSE>_RAW.tar), no count matrix",,LoopSeq Synthetic Long Read Sequencing Uncovers Isoform Modu,COAD
GSE168173,SKIP,UNKNOWN,48,6.7 GB,,"only a per-sample archive (<GSE>_RAW.tar), no count matrix",,MapR in U2OS and HCT116 cells and RNA-seq in U2OS,COAD
GSE159352,SKIP,COAD,4,1.0 MB,,"only normalised values (FPKM/TPM/CPM), unusable by DESeq2",,EZH2 deficiency induced gene expression change in CRCs,COAD
GSE159351,SKIP,COAD,2,1.2 MB,,no file recognisable as a count matrix,,Glucose deprivation induced gene expression,COAD
GSE173609,SKIP,COAD,10,25.3 MB,,"only normalised values (FPKM/TPM/CPM), unusable by DESeq2",,The prevalence of human cytomegalovirus in colorectal cancer,COAD
GSE173575,SKIP,COAD,4,1.3 MB,,"only a per-sample archive (<GSE>_RAW.tar), no count matrix",,RNA-seq analysis of HT8 cells based on PPDPF knockdown,COAD
GSE156453,SKIP,COAD,33,31.0 MB,,"only normalised values (FPKM/TPM/CPM), unusable by DESeq2",,In vivo gene expression profile of human intestinal epitheli,COAD
GSE147348,SKIP,COAD,4,1.9 GB,,"only a per-sample archive (<GSE>_RAW.tar), no count matrix",,Genome-wide RNAi Screening Identifies pseudouridine synthase,COAD
GSE160563,SKIP,UNKNOWN,156,85.7 GB,,"only normalised values (FPKM/TPM/CPM), unusable by DESeq2 | sample-type flag in the file names: CELL_LINE, SINGLE_CELL",,RIF1 is necessary to maintain the global epigenetic state in,COAD
GSE161961,SKIP,COAD,6,49.0 MB,,"only a per-sample archive (<GSE>_RAW.tar), no count matrix",,Hltf-deletion from the TME in a CDX model of CRC reprogramme,COAD
GSE165255,SKIP,COAD,172,7.1 MB,,"only normalised values (FPKM/TPM/CPM), unusable by DESeq2",,Impact of preoperative antibiotics on integrated microbiome-,COAD
GSE151804,SKIP,UNKNOWN,8,740.2 MB,,"only a per-sample archive (<GSE>_RAW.tar), no count matrix",,The ZMYND8-regulated Mevalonate Pathway Endows YAP-High Inte,COAD
GSE157894,SKIP,COAD,12,7.3 MB,,"only normalised values (FPKM/TPM/CPM), unusable by DESeq2",,Next Generation Sequencing Facilitates Quantitative Analysis,COAD
GSE165732,SKIP,UNKNOWN,18,680.0 KB,,no file recognisable as a count matrix,,Ribosome quality control activity potentiates vaccinia virus,COAD
GSE149206,SKIP,COAD,22,4.4 MB,,no file recognisable as a count matrix,,Dickkopf 1 Impairs Sensitivity to PD-1 Blockade through CD8+,COAD
GSE171214,SKIP,UNKNOWN,24,94.3 MB,,"only a per-sample archive (<GSE>_RAW.tar), no count matrix | sample-type flag in the file names: CELL_LINE",,Quantitative analysis of phosphoproteome in necroptosis reve,COAD
GSE157300,SKIP,UNKNOWN,14,2.9 MB,,"only normalised values (FPKM/TPM/CPM), unusable by DESeq2",,Temporal gene regulation by p53 is associated with the rotat,COAD
GSE158947,SKIP,UNKNOWN,12,8.4 MB,,no file recognisable as a count matrix,,A deep learning approach to identify new gene targets of a n,COAD
GSE169722,SKIP,COAD,6,8.2 MB,,no file recognisable as a count matrix,,Long Non-coding RNA LINC02474  Affects Metastasis and Apopto,COAD
GSE169567,SKIP,COAD,2,1.7 MB,,no file recognisable as a count matrix,,RNA-seq analysis of HCT116 human colon cancer cell line sile,COAD
GSE168604,SKIP,UNKNOWN,133,272.0 MB,,"only a per-sample archive (<GSE>_RAW.tar), no count matrix",,Selumetinib,COAD
GSE168602,SKIP,UNKNOWN,23,5.0 MB,,no file recognisable as a count matrix,,Gene expression profiling during  treatment of COLO205 cells,COAD
GSE167249,SKIP,UNKNOWN,7,1.2 MB,,"only normalised values (FPKM/TPM/CPM), unusable by DESeq2 | sample-type flag in the file names: CELL_LINE",,Transcriptional profiling of Caco2 cells infected with Encep,COAD
GSE127934,SKIP,COAD,14,57.0 MB,,"only a per-sample archive (<GSE>_RAW.tar), no count matrix",,Correlation between immune lymphoid cells and plasmacytoid D,COAD
GSE168888,SKIP,COAD,8,31.5 MB,,"only a per-sample archive (<GSE>_RAW.tar), no count matrix",,Phosphorylation of Cajal body protein coilin activated by UH,COAD
GSE112569,SKIP,COAD,24,0.0 B,,no supplementary files: the data may only be in SRA,,Gene Expression Profiling of Estrogen Signaling in Colon Can,COAD
GSE166319,SKIP,COAD,3,99.0 MB,,"only a per-sample archive (<GSE>_RAW.tar), no count matrix",,Human MSI colon cancer study,COAD
GSE158636,SKIP,COAD,2,95.0 MB,,"only a per-sample archive (<GSE>_RAW.tar), no count matrix",,Human MSI colon cancer,COAD
GSE140897,SKIP,COAD,72,19.0 MB,,"only normalised values (FPKM/TPM/CPM), unusable by DESeq2",,Single-cell RNA-sequencing of organoid derived from colon ca,COAD
GSE167473,SKIP,UNKNOWN,68,3.4 MB,,no file recognisable as a count matrix,,Cancer of Unknown Primary stem-like cells model multi-organ ,COAD
GSE167395,SKIP,COAD,17,4.0 MB,,"only normalised values (FPKM/TPM/CPM), unusable by DESeq2",,Expression profiles of the spheroids derived from colon canc,COAD
GSE141805,SKIP,COAD,6,1.8 MB,,"only a per-sample archive (<GSE>_RAW.tar), no count matrix",,The Fusobacterium Nucleatum (Fn) in colorectal carcinogenesi,COAD
GSE140327,SKIP,COAD,8,44.0 KB,,no file recognisable as a count matrix,,Sequencing profiling data of tRNA-derived small RNAs (tsRNAs,COAD
GSE139402,SKIP,COAD,10,3.0 MB,,"only a per-sample archive (<GSE>_RAW.tar), no count matrix",,Long non-coding RNAs are  involved in the  activation  of gl,COAD
GSE162749,SKIP,UNKNOWN,24,66.0 MB,,"only a per-sample archive (<GSE>_RAW.tar), no count matrix",,Impact of TNRC6 isoforms on gene expression and splicing,COAD
GSE161559,SKIP,UNKNOWN,38,1.8 GB,,"only a per-sample archive (<GSE>_RAW.tar), no count matrix",,Sites for Argonaute Binding within Human Nuclear RNA and the,COAD
GSE158021,SKIP,COAD,26,862.0 MB,,"only a per-sample archive (<GSE>_RAW.tar), no count matrix",,Different p53 status controls resistance to 5-fluorouracil v,COAD
GSE157951,SKIP,UNKNOWN,16,23.0 MB,,"only a per-sample archive (<GSE>_RAW.tar), no count matrix",,Next Generation Sequencing Facilitates Quantitative Analysis,COAD
GSE145568,SKIP,UNKNOWN,40,0.0 B,,no supplementary files: the data may only be in SRA,,Identification of an acute transcriptional response to hypox,COAD
GSE151934,SKIP,COAD,8,319.0 KB,,"only normalised values (FPKM/TPM/CPM), unusable by DESeq2 | sample-type flag in the file names: CELL_LINE",,TCF7L2 silencing results in altered gene expression patterns,COAD
GSE139455,SKIP,COAD,24,2.5 MB,,"only normalised values (FPKM/TPM/CPM), unusable by DESeq2",,Identification of STAT3 downstream targets involved in chemo,COAD
GSE125107,SKIP,COAD,10,0.0 B,,no supplementary files: the data may only be in SRA,,Genome-wide profiling of mutant p53 unveils a subset of lncR,COAD
GSE161349,SKIP,COAD,28,1.4 GB,,"only a per-sample archive (<GSE>_RAW.tar), no count matrix",,RNAseq of CD44v6+ and CD44v6- colon cancer cells,COAD
GSE145525,SKIP,UNKNOWN,135,29.0 GB,,"only a per-sample archive (<GSE>_RAW.tar), no count matrix",,Acute perturbation strategies in interrogating RNA Polymeras,COAD
GSE164730,SKIP,COAD,12,4.1 MB,,no file recognisable as a count matrix,,DNA damage contributes to cGAS-STING activation in colon can,COAD
GSE163076,SKIP,COAD,22,0.0 B,,no supplementary files: the data may only be in SRA,,Identification of circular RNA and miRNAs during colorectal ,COAD
GSE149233,SKIP,COAD,6,1.6 MB,,no file recognisable as a count matrix | sample-type flag in the file names: CELL_LINE,,"RNA-seq analysis of HCT116, HCP-1 and DLD-1 cells after IOX1",COAD
GSE145407,SKIP,COAD,3,16.0 MB,,"only a per-sample archive (<GSE>_RAW.tar), no count matrix",,Next Generation Sequencing Profiles Transcriptomes of Contro,COAD
GSE137053,SKIP,COAD,11,29.0 MB,,"only circRNA/isoform/miRNA counts, not gene level",,Identification of circular RNAs during colorectal cancer pro,COAD
GSE164492,SKIP,COAD,24,1.8 MB,,sample-type flag in the file names: CELL_LINE,,Next generation sequencing analysis of control and KSR1 knoc,COAD
GSE102636,SKIP,UNKNOWN,14,2.8 MB,,"only a per-sample archive (<GSE>_RAW.tar), no count matrix",,MTA1 interacts with primary RNAs to regulate expression and ,COAD
GSE102635,SKIP,UNKNOWN,6,1.1 MB,,"only normalised values (FPKM/TPM/CPM), unusable by DESeq2",,MTA1 interacts with primary RNAs to regulate expression and ,COAD
GSE102634,SKIP,UNKNOWN,4,2.8 MB,,"only a per-sample archive (<GSE>_RAW.tar), no count matrix",,MTA1 interacts with primary RNAs to regulate expression and ,COAD
GSE110989,SKIP,COAD,10,774.0 KB,,no file recognisable as a count matrix | sample-type flag in the file names: CELL_LINE,,Analysis of gene expression in co-culture of PBMCs with colo,COAD
GSE109968,SKIP,COAD,3,530.3 KB,,"only a per-sample archive (<GSE>_RAW.tar), no count matrix",,Genome-wide maps of upregulated or downregulated genes in re,COAD
GSE163974,SKIP,COAD,2,6.6 MB,,"only a per-sample archive (<GSE>_RAW.tar), no count matrix",,Colorectal cancer stem cell states uncovered by simultaneous,COAD
GSE80606,SKIP,COAD,22,4.2 MB,,"only a per-sample archive (<GSE>_RAW.tar), no count matrix",,Gene expression profiling study by RNA-seq to identify gene ,COAD
GSE163683,SKIP,COAD,2,2.2 MB,,no file recognisable as a count matrix,,EIF2S3 suppresses proliferation and regulates cell cycle  in,COAD
GSE128465,SKIP,UNKNOWN,9,42.9 MB,,no file recognisable as a count matrix,,LINC00266-1-encoded peptide regulates mRNA splicing,COAD
GSE150718,SKIP,COAD,26,69.0 MB,,"only a per-sample archive (<GSE>_RAW.tar), no count matrix",,p53-induced RNA-binding protein ZMAT3 is splicing regulator ,COAD
GSE150717,SKIP,COAD,12,19.0 MB,,"only a per-sample archive (<GSE>_RAW.tar), no count matrix",,p53-induced RNA-binding protein ZMAT3 is splicing regulator ,COAD
GSE150716,SKIP,COAD,6,8.0 MB,,"only a per-sample archive (<GSE>_RAW.tar), no count matrix",,p53-induced RNA-binding protein ZMAT3 is splicing regulator ,COAD
GSE150715,SKIP,COAD,8,42.0 MB,,"only a per-sample archive (<GSE>_RAW.tar), no count matrix",,p53-induced RNA-binding protein ZMAT3 is splicing regulator ,COAD
GSE152195,SKIP,COAD,27,2.3 MB,,"only normalised values (FPKM/TPM/CPM), unusable by DESeq2",,Concurrent depletion of Vps37 proteins evokes inflammatory r,COAD
GSE154057,SKIP,COAD,14,45.9 MB,,"only a per-sample archive (<GSE>_RAW.tar), no count matrix",,Pharmacological modulation of H3K9me2 deposition in human in,COAD
GSE123734,SKIP,COAD,8,1.7 MB,,"only a per-sample archive (<GSE>_RAW.tar), no count matrix",,Functional dissection of MIEN1 trans-regulation provides new,COAD
GSE147856,SKIP,UNKNOWN,34,3.2 GB,,"only a per-sample archive (<GSE>_RAW.tar), no count matrix",,To study the function of KLF5 in squamous cancers and gastro,COAD
GSE147855,SKIP,UNKNOWN,12,29.0 MB,,"only a per-sample archive (<GSE>_RAW.tar), no count matrix",,To study the function of KLF5 in squamous cancers and gastro,COAD
GSE145368,SKIP,UNKNOWN,41,8.3 GB,,"only a per-sample archive (<GSE>_RAW.tar), no count matrix",,Characterization of the role of Elongin A in transcription r,COAD
GSE109204,SKIP,COAD,30,1.3 GB,,"only a per-sample archive (<GSE>_RAW.tar), no count matrix",,The Epigenetic dysregulation of lncRNA on gene expression in,COAD
GSE109203,SKIP,COAD,15,350.0 MB,,"only a per-sample archive (<GSE>_RAW.tar), no count matrix",,The Epigenetic dysregulation of lncRNA on gene expression in,COAD
GSE136931,SKIP,UNKNOWN,8,51.6 MB,,"only a per-sample archive (<GSE>_RAW.tar), no count matrix",,LSH facilitates DNA methylation primarily by promoting UHRF1,COAD
GSE137155,SKIP,COAD,5,1.4 MB,,"only a per-sample archive (<GSE>_RAW.tar), no count matrix",,Identification of a STAT2 transcriptome in HCT116 p53 null t,COAD
GSE161186,SKIP,COAD,6,14.0 MB,,no file recognisable as a count matrix,,Next Generation Sequencing Facilitates Quantitative Analysis,COAD
GSE146501,SKIP,COAD,12,24.0 KB,,no file recognisable as a count matrix,,FACSorting cell population depending on their relative expre,COAD
GSE146315,SKIP,COAD,9,13.0 MB,,no file recognisable as a count matrix,,Emergent metastatic heterogeneity of primary tumor cells is ,COAD
GSE146314,SKIP,COAD,9,79.0 KB,,no file recognisable as a count matrix,,Emergent metastatic heterogeneity of primary tumor cells is ,COAD
GSE146313,SKIP,COAD,6,851.0 KB,,no file recognisable as a count matrix | sample-type flag in the file names: CELL_LINE,,Emergent metastatic heterogeneity of primary tumor cells is ,COAD
GSE146312,SKIP,COAD,6,4.0 MB,,no file recognisable as a count matrix,,Emergent metastatic heterogeneity of primary tumor cells is ,COAD
GSE146311,SKIP,COAD,9,12.2 MB,,no file recognisable as a count matrix,,Emergent metastatic heterogeneity of primary tumor cells is ,COAD
GSE146310,SKIP,COAD,6,6.2 MB,,no file recognisable as a count matrix,,Emergent metastatic heterogeneity of primary tumor cells is ,COAD
GSE132024,SKIP,COAD,98,18.0 MB,,"only a per-sample archive (<GSE>_RAW.tar), no count matrix",,Genomic validation of the revised Bethesda criteria in terms,COAD
GSE160687,SKIP,UNKNOWN,35,402.0 MB,,"only a per-sample archive (<GSE>_RAW.tar), no count matrix",,TGFb-blockade uncovers stromal plasticity in tumors by revea,COAD
GSE155343,SKIP,COAD,25,7.8 MB,,"only normalised values (FPKM/TPM/CPM), unusable by DESeq2",,Co-cultivation of colorectal cancer cells and human skin fib,COAD
GSE158803,SKIP,UNKNOWN,10,123.0 MB,,"only a per-sample archive (<GSE>_RAW.tar), no count matrix",,A Single-Cell Tumor Immune Atlas for Precision Oncology,COAD
GSE144296,SKIP,UNKNOWN,4869,183.4 MB,,"only a per-sample archive (<GSE>_RAW.tar), no count matrix",,A highly scalable method for joint whole genome sequencing a,COAD
GSE145639,SKIP,UNKNOWN,65,14.6 GB,,"only circRNA/isoform/miRNA counts, not gene level",,Epigenetic therapy induces transcription of Inverted SINEs a,COAD
GSE155364,SKIP,COAD,30,6.0 MB,,no file recognisable as a count matrix,,A Wnt-induced phenotypic switch in cancer-associated fibrobl,COAD
GSE158672,SKIP,UNKNOWN,22,347.5 KB,,sample-type flag in the file names: CELL_LINE,,A small UTX stabilization domain of Trr is conserved within ,COAD
GSE148918,SKIP,COAD,16,61.0 MB,,"only a per-sample archive (<GSE>_RAW.tar), no count matrix",,Modeling Tumor Development and Metastasis using Paired Organ,COAD
GSE147334,SKIP,COAD,10,4.9 MB,,"only a per-sample archive (<GSE>_RAW.tar), no count matrix",,RNAi Screening Identifies that TEX10 Promotes the Proliferat,COAD
GSE121624,SKIP,COAD,15,172.0 MB,,"only a per-sample archive (<GSE>_RAW.tar), no count matrix",,ZFP90 promotes colorectal carcinogenesis and stemness,COAD
GSE121621,SKIP,COAD,6,1.2 MB,,"only a per-sample archive (<GSE>_RAW.tar), no count matrix",,ZFP90 promotes colorectal carcinogenesis and stemness [RNA-s,COAD
GSE158559,SKIP,COAD,53,16.0 MB,,"only a per-sample archive (<GSE>_RAW.tar), no count matrix",,The molecular subtype in colorectal cancer,COAD
GSE128416,SKIP,COAD,79,166.0 MB,,"only a per-sample archive (<GSE>_RAW.tar), no count matrix",,RNA sequencing on HT29 colorectal cancer cell line,COAD
GSE152745,SKIP,COAD,4,96.0 MB,,"only a per-sample archive (<GSE>_RAW.tar), no count matrix",,Transcriptomic analysis of APC knock down HCEC 1CT cells com,COAD
GSE158445,SKIP,COAD,6,881.0 KB,,no file recognisable as a count matrix,,LncRNA AC010789.1 promotes colorectal cancer progression by ,COAD
GSE158294,SKIP,COAD,3,3.6 MB,,no file recognisable as a count matrix,,Impact of transcription factor ETV1 on HCT116 colon cancer c,COAD
GSE146679,SKIP,COAD,10,1.0 GB,,"only a per-sample archive (<GSE>_RAW.tar), no count matrix",,Transcriptomic and epigenomic profiling of H3K27me3 demethyl,COAD
GSE146676,SKIP,COAD,6,2.0 MB,,"only a per-sample archive (<GSE>_RAW.tar), no count matrix",,Transcriptomic and epigenomic profiling of H3K27me3 demethyl,COAD
GSE104016,SKIP,COAD,2,2.1 MB,,"only circRNA/isoform/miRNA counts, not gene level",,RNA-Seq analysis of HCT-116 colon cancer cells upon lysophos,COAD
GSE147738,SKIP,LIHC,4,3.4 MB,,"only circRNA/isoform/miRNA counts, not gene level",,Gene expression in matched primary and liver metastases,COAD
GSE139253,SKIP,UNKNOWN,26,1.2 GB,,"only a per-sample archive (<GSE>_RAW.tar), no count matrix",,Visualization and Sequencing of Accessible Chromatin Reveals,COAD
GSE137203,SKIP,COAD,6,810.5 KB,,"only a per-sample archive (<GSE>_RAW.tar), no count matrix",,mRNA expression data of Tumor budding cells and Tumor center,COAD
GSE143782,SKIP,COAD,36,24.1 MB,,"only normalised values (FPKM/TPM/CPM), unusable by DESeq2",,"Colon, rectum and rectal tumor organoids. Effects of calcitr",COAD
GSE136610,SKIP,COAD,237,36.0 MB,,"only a per-sample archive (<GSE>_RAW.tar), no count matrix",,Fluidigm single-cell RNA-seq analysis for gene signatures as,COAD
GSE130140,SKIP,UNKNOWN,92,9.5 GB,,"only a per-sample archive (<GSE>_RAW.tar), no count matrix",,Cancer-specific CTCF binding facilitates oncogenic transcrip,COAD
GSE155457,SKIP,COAD,18,6.4 GB,,"only a per-sample archive (<GSE>_RAW.tar), no count matrix",,Genome-wide analysis of the FOXA1 transcriptional network id,COAD
GSE140536,SKIP,COAD,10,11.0 GB,,"only a per-sample archive (<GSE>_RAW.tar), no count matrix",,A small protein encoded by a putative long noncoding RNA inh,COAD
GSE136540,SKIP,UNKNOWN,54,10.7 MB,,no file recognisable as a count matrix,,Host cell - V. vulnificus interactions,COAD
GSE143263,SKIP,COAD,10,651.0 MB,,"only circRNA/isoform/miRNA counts, not gene level | sample-type flag in the file names: CELL_LINE",,Thousands of novel unannotated proteins expand the MHC I imm,COAD
GSE135870,SKIP,UNKNOWN,20,5.3 MB,,"only circRNA/isoform/miRNA counts, not gene level",,Suppression of p53 response by blocking p53–Mediator binding,COAD
GSE142430,SKIP,UNKNOWN,12,3.7 MB,,"only a per-sample archive (<GSE>_RAW.tar), no count matrix",,PRMT5 promotes cancer cell migration and invasion through th,COAD
GSE154930,SKIP,COAD,4,17.5 MB,,no file recognisable as a count matrix | sample-type flag in the file names: CELL_LINE,,Phenotypic plasticity underlies local invasion and distant m,COAD
GSE154927,SKIP,COAD,16,3.0 MB,,no file recognisable as a count matrix | sample-type flag in the file names: CELL_LINE,,Phenotypic plasticity underlies local invasion and distant m,COAD
GSE154646,SKIP,COAD,24,23.0 MB,,"only a per-sample archive (<GSE>_RAW.tar), no count matrix",,RNA-seq analysis of various colon cancer cell lines treated ,COAD
GSE123958,SKIP,UNKNOWN,16,5.6 MB,,no file recognisable as a count matrix,,RNA-binding chromatin modifier MTA1 regulates mitotic transi,COAD
GSE123957,SKIP,UNKNOWN,6,1.0 MB,,no file recognisable as a count matrix,,RNA-binding chromatin modifier MTA1 regulates mitotic transi,COAD
GSE123956,SKIP,UNKNOWN,4,3.3 MB,,"only a per-sample archive (<GSE>_RAW.tar), no count matrix",,RNA-binding chromatin modifier MTA1 regulates mitotic transi,COAD
GSE150524,SKIP,UNKNOWN,4,1.2 MB,,"only normalised values (FPKM/TPM/CPM), unusable by DESeq2",,RNA-seq of Paraquat-treated cells,COAD
GSE150523,SKIP,UNKNOWN,4,1.2 MB,,"only normalised values (FPKM/TPM/CPM), unusable by DESeq2",,RNA-seq of Bafilomycin-treated cells,COAD
GSE144165,SKIP,UNKNOWN,16,0.0 B,,no supplementary files: the data may only be in SRA,,Ribosome recycling by ABCE1 links lysosomal function and iro,COAD
GSE144164,SKIP,UNKNOWN,4,1.4 MB,,"only normalised values (FPKM/TPM/CPM), unusable by DESeq2",,RNA-seq of ABCE1-knockout cells,COAD
GSE142745,SKIP,UNKNOWN,124,20.0 GB,,"only a per-sample archive (<GSE>_RAW.tar), no count matrix",,High-throughput single-cell mitochondrial DNA genotyping rev,COAD
GSE101386,SKIP,COAD,9,8.9 MB,,"only a per-sample archive (<GSE>_RAW.tar), no count matrix",,RNA-seq analysis of various colon cancer cell lines with TET,COAD
GSE153492,SKIP,COAD,3,11.2 MB,,no file recognisable as a count matrix,,A novel class of CLK inhibitors that targets SRSF10 and prom,COAD
GSE106923,SKIP,COAD,20,3.0 GB,,"only a per-sample archive (<GSE>_RAW.tar), no count matrix",,Tissue-specific transcription reprogramming promotes liver m,COAD
GSE106920,SKIP,COAD,8,4.6 MB,,"only a per-sample archive (<GSE>_RAW.tar), no count matrix",,Tissue-specific transcription reprogramming promotes liver m,COAD
GSE58535,SKIP,UNKNOWN,16,26.0 MB,,"only a per-sample archive (<GSE>_RAW.tar), no count matrix",,H3K9 methylation fine-tunes coordination of transcription by,COAD
GSE144381,SKIP,COAD,118,4.9 MB,,"sample-type flag in the file names: ORGANOID, NON_HUMAN",,Naproxen Chemoprevention Promotes Immune Activation In Lynch,COAD
GSE131575,SKIP,COAD,4,507.4 KB,,"only a per-sample archive (<GSE>_RAW.tar), no count matrix",,Differential gene expression upon shRNA-mediated silencing o,COAD
GSE152904,SKIP,COAD,18,760.0 KB,,"only normalised values (FPKM/TPM/CPM), unusable by DESeq2",,FcγRIIB engagement drives agonistic activity of Fc-engineere,COAD
GSE149890,SKIP,UNKNOWN,24,9.2 MB,,"only a per-sample archive (<GSE>_RAW.tar), no count matrix",,Nascent RNA-seq of human AID-NeonGreen-Tpr tagged DLD-1 cell,COAD
GSE132363,SKIP,UNKNOWN,66,13.0 MB,,"only a per-sample archive (<GSE>_RAW.tar), no count matrix",,Gene expression profiling of human DLD-1 cells after instant,COAD
GSE142284,SKIP,UNKNOWN,28,11.0 GB,,"only a per-sample archive (<GSE>_RAW.tar), no count matrix | sample-type flag in the file names: CELL_LINE",,"Genome-wide mapping of AP sites, binding of repair proteins ",COAD
GSE140792,SKIP,COAD,4,460.3 KB,,"only a per-sample archive (<GSE>_RAW.tar), no count matrix",,Identification of differential expressed genes after LAMB3 k,COAD
GSE131507,SKIP,COAD,12,1.6 MB,,"only a per-sample archive (<GSE>_RAW.tar), no count matrix",,Gene regulation by restoration of KMT2C in human colorectal ,COAD
GSE131948,SKIP,COAD,16,1.7 MB,,"only a per-sample archive (<GSE>_RAW.tar), no count matrix",,Wnt signaling inhibition in human colon cancer cell lines (S,COAD
GSE146688,SKIP,UNKNOWN,23,197.0 MB,,"only a per-sample archive (<GSE>_RAW.tar), no count matrix",,Argonaute Binding within 3’-Untranslated Regions Does Not Pr,COAD
GSE143649,SKIP,COAD,15,4.9 MB,,sample-type flag in the file names: CELL_LINE,,Non-biased genome-wide mRNA profiling of triazoloacridone C-,COAD
GSE139406,SKIP,UNKNOWN,9,17.3 MB,,no file recognisable as a count matrix,,LOC90024-encoded small protein SRSP regulates mRNA splicing,COAD
GSE148996,SKIP,COAD,8,216.0 MB,,"only a per-sample archive (<GSE>_RAW.tar), no count matrix",,Adaptable durable human endothelial cells for organogenesis ,COAD
GSE150134,SKIP,COAD,6,2.1 MB,,no file recognisable as a count matrix,,Voltage-gated Sodium Channel SCN5A Promotes Tumor Progressio,COAD
GSE122246,SKIP,COAD,24,770.0 KB,,no file recognisable as a count matrix,,RNA sequencing reveals PNN as a predictive biomarker of clin,COAD
GSE145432,SKIP,COAD,34,0.0 B,,no supplementary files: the data may only be in SRA,,Reducing metastases stiffness by targeting fibroblasts impro,COAD
GSE145180,SKIP,COAD,4,4.2 MB,,"only normalised values (FPKM/TPM/CPM), unusable by DESeq2",,RNA-seq of GAP43 overexpressed and control SW620 cancer cell,COAD
GSE131416,SKIP,COAD,24,57.0 MB,,"only a per-sample archive (<GSE>_RAW.tar), no count matrix",,p53 exon 11 mutants generated by CRISPR/Cas9 result in aberr,COAD
GSE125928,SKIP,UNKNOWN,70,4.5 GB,,"only a per-sample archive (<GSE>_RAW.tar), no count matrix",,Genome-wide screen of transcription co-regulators identifies,COAD
GSE125920,SKIP,COAD,12,2.1 MB,,"only a per-sample archive (<GSE>_RAW.tar), no count matrix",,Genome-wide screen of transcription co-regulators identifies,COAD
GSE130205,SKIP,UNKNOWN,2,3.5 MB,,"only a per-sample archive (<GSE>_RAW.tar), no count matrix",,A hybrid signal/sequence model to detect RNA polymerase acti,COAD
GSE149371,SKIP,COAD,16,0.0 B,,no supplementary files: the data may only be in SRA,,SFPQ depletion is synthetically lethal with BRAFV600E in col,COAD
GSE149370,SKIP,COAD,8,880.0 KB,,"only normalised values (FPKM/TPM/CPM), unusable by DESeq2",,SFPQ depletion is synthetically lethal with BRAFV600E in col,COAD
GSE113682,SKIP,COAD,16,1.1 MB,,"only normalised values (FPKM/TPM/CPM), unusable by DESeq2",,p53 activation induces targetable dependence on FLIPL,COAD
GSE148823,SKIP,COAD,6,273.0 KB,,no file recognisable as a count matrix,,ZEB2-mediated EMT in CRC cell line DLD-1,COAD
GSE146771,SKIP,COAD,20,825.8 MB,,"only normalised values (FPKM/TPM/CPM), unusable by DESeq2",,Single-Cell Analyses Inform Mechanisms of Myeloid-Targeted t,COAD
GSE145807,SKIP,UNKNOWN,12,45.0 MB,,"only a per-sample archive (<GSE>_RAW.tar), no count matrix",,Transcriptome profile of HCT 116p53-/- and HCT 116p53-/- RPL,COAD
GSE130152,SKIP,COAD,19,5.5 MB,,"only a per-sample archive (<GSE>_RAW.tar), no count matrix",,The bacteroides fragilis(BF) in colorectal carcinogenesis,COAD
GSE130012,SKIP,COAD,6,1.2 MB,,"only a per-sample archive (<GSE>_RAW.tar), no count matrix",,METTL3 promotes carcinogenesis in colorectal cancer,COAD
GSE148347,SKIP,COAD,4,2.1 MB,,"only normalised values (FPKM/TPM/CPM), unusable by DESeq2",,High-throughput automated organoid culture via stem-cell agg,COAD
GSE148345,SKIP,COAD,1441,20.1 MB,,no file recognisable as a count matrix,,Zonation of ribosomal DNA transcription defines a stem cell ,COAD
GSE132465,SKIP,COAD,33,1.1 GB,,sample-type flag in the file names: SINGLE_CELL,,Single cell 3' RNA sequencing of 23 Korean colorectal cancer,COAD
GSE132257,SKIP,COAD,10,291.1 MB,,sample-type flag in the file names: SINGLE_CELL,,Single cell RNA sequencing of colorectal cancer with diverse,COAD
GSE147905,SKIP,UNKNOWN,24,132.1 MB,,"only a per-sample archive (<GSE>_RAW.tar), no count matrix",,Expression profiling by high-throughput RNA-sequencing follo,COAD
GSE137564,SKIP,COAD,3,470.3 KB,,"only a per-sample archive (<GSE>_RAW.tar), no count matrix",,NKp44+ group3 innate lymphoid cells are associated with tumo,COAD
GSE142116,SKIP,COAD,12,2.2 GB,,"only a per-sample archive (<GSE>_RAW.tar), no count matrix",,5' droplet-based single cell RNA sequencing of human colorec,COAD
GSE147456,SKIP,COAD,2,7.8 MB,,"only normalised values (FPKM/TPM/CPM), unusable by DESeq2",,Transcriptome analysis of SRD5A1 knockdown (Dox) and control,COAD
GSE140270,SKIP,COAD,44,1.2 MB,,"only a per-sample archive (<GSE>_RAW.tar), no count matrix",,α-Ketoglutarate attenuates Wnt signaling and drives differen,COAD
GSE138574,SKIP,UNKNOWN,12,4.9 MB,,"only a per-sample archive (<GSE>_RAW.tar), no count matrix",,RNA sequencing analysis of HCT116 cells following 24 hours o,COAD
GSE135328,SKIP,COAD,14,816.0 KB,,sample-type flag in the file names: CELL_LINE,,Loss of the nuclear Wnt pathway effector TCF7L2 promotes mig,COAD
GSE110990,SKIP,COAD,16,4.6 MB,,"only a per-sample archive (<GSE>_RAW.tar), no count matrix",,Activation of the VEGFC/VEGFR3 pathway induces cancer immune,COAD
GSE130969,SKIP,COAD,12,3.2 MB,,"only a per-sample archive (<GSE>_RAW.tar), no count matrix",,"Differential Gene expression of furin knockout (KO) DLD1, HC",COAD
GSE136114,SKIP,COAD,26,150.0 KB,,no file recognisable as a count matrix,,Immune microenvironment evolution and tumor metabolism repro,COAD
GSE125962,SKIP,COAD,1,29.6 MB,,"only circRNA/isoform/miRNA counts, not gene level",,Identification of miRNAs and Their targets in Colorectal Can,COAD
GSE136040,SKIP,COAD,4,1.2 GB,,"only a per-sample archive (<GSE>_RAW.tar), no count matrix",,LncRNA LUCRC regulates colorectal cancer cell proliferation ,COAD
GSE134442,SKIP,COAD,4,530.4 KB,,"only a per-sample archive (<GSE>_RAW.tar), no count matrix",,miR-4711-5p regulates the cancer stemness and cell cycle pro,COAD
GSE132519,SKIP,COAD,4,470.3 KB,,"only a per-sample archive (<GSE>_RAW.tar), no count matrix",,High-throughput RNA sequencing analysis of human colon cance,COAD
GSE126311,SKIP,COAD,12,8.2 MB,,"only normalised values (FPKM/TPM/CPM), unusable by DESeq2",,DNMT3B has oncogenic activity but evidence suggests that it ,COAD
GSE144357,SKIP,UNKNOWN,20,596.2 MB,,"only a per-sample archive (<GSE>_RAW.tar), no count matrix | sample-type flag in the file names: SINGLE_CELL",,Clonal maintenance of transcriptional and epigenetic states ,COAD
GSE128804,SKIP,COAD,4,520.3 KB,,"only a per-sample archive (<GSE>_RAW.tar), no count matrix",,Serine racemase is required for colorectal tumor growth and ,COAD
GSE144259,SKIP,COAD,9,2.0 MB,,"only normalised values (FPKM/TPM/CPM), unusable by DESeq2",,RNA-seq of CRC tissues,COAD
GSE143505,SKIP,COAD,8,3.4 MB,,"only normalised values (FPKM/TPM/CPM), unusable by DESeq2",,mRNA sequencing of human colorectal cancer organoids,COAD
GSE130236,SKIP,COAD,21,2.8 MB,,"only normalised values (FPKM/TPM/CPM), unusable by DESeq2 | sample-type flag in the file names: NON_HUMAN",,Disrupting ß-catenin dependent Wnt signaling activates an in,COAD
GSE124526,SKIP,COAD,6,4.5 MB,,no file recognisable as a count matrix | sample-type flag in the file names: CELL_LINE,,A recurrently amplified long noncoding RNA in colorectal can,COAD
GSE109814,SKIP,UNKNOWN,48,521.0 MB,,"only a per-sample archive (<GSE>_RAW.tar), no count matrix",,Expression data and SNP data of Familial adenomatous polypos,COAD
GSE112590,SKIP,COAD,3,670.0 KB,,"only normalised values (FPKM/TPM/CPM), unusable by DESeq2",,Silencing of BEX2 promotes colorectal cancer metastasis thro,COAD
GSE141746,SKIP,UNKNOWN,10,10.0 MB,,no file recognisable as a count matrix,,RNA-sequencing,COAD
GSE132010,SKIP,UNKNOWN,28,0.0 B,,no supplementary files: the data may only be in SRA,,Suppression of ribosomal pausing by eIF5A is necessary to ma,COAD
GSE132008,SKIP,UNKNOWN,6,2.2 MB,,no file recognisable as a count matrix,,Suppression of ribosomal pausing by eIF5A is necessary to ma,COAD
GSE108834,SKIP,UNKNOWN,8,102.0 KB,,"only normalised values (FPKM/TPM/CPM), unusable by DESeq2",,TIP60 represses activation of endogenous retroviral elements,COAD
GSE104608,SKIP,COAD,6,953.0 KB,,no file recognisable as a count matrix,,Epigenetic Inactivation of Cysteine Dioxygenase Type 1 Contr,COAD
GSE140488,SKIP,COAD,12,1.0 MB,,"only normalised values (FPKM/TPM/CPM), unusable by DESeq2",,BCL9 provides multi-cellular communication properties in col,COAD
GSE128070,SKIP,COAD,38,1.1 MB,,no file recognisable as a count matrix,,Synthetic lethality between VPS4A and VPS4B triggers   an in,COAD
GSE124189,SKIP,COAD,30,2.6 MB,,no file recognisable as a count matrix,,The mevalonate pathway is required for pyrimidine synthesis ,COAD
GSE140198,SKIP,COAD,20,5.7 MB,,"only a per-sample archive (<GSE>_RAW.tar), no count matrix",,RNA-seq analysis of colorectal cancer cell lines HT29-POLR1D,COAD
GSE122527,SKIP,COAD,4,1.1 MB,,no file recognisable as a count matrix,,RNA sequencing of keratinocytes with or without LRG1 additio,COAD
GSE139927,SKIP,COAD,30,3.4 GB,,"only a per-sample archive (<GSE>_RAW.tar), no count matrix",,LSD1 mediates AKT activity in PIK3CA mutant colorectal cance,COAD
GSE139924,SKIP,COAD,18,927.0 KB,,sample-type flag in the file names: CELL_LINE,,LSD1 mediates AKT activity in PIK3CA mutant colorectal cance,COAD
GSE106858,SKIP,COAD,42,10.4 MB,,sample-type flag in the file names: CELL_LINE,,A MYC/GCN2/eIF2alpha negative feedback loop limits protein s,COAD
GSE132868,SKIP,COAD,14,595.0 KB,,"only normalised values (FPKM/TPM/CPM), unusable by DESeq2 | sample-type flag in the file names: CELL_LINE",,RelA mutants 'reconstituted' and cell cycle synchronized HCT,COAD
GSE107422,SKIP,COAD,110,70.0 MB,,"only a per-sample archive (<GSE>_RAW.tar), no count matrix",,Gene expression profiling study to identify key markers asso,COAD
GSE109308,SKIP,COAD,97,81.2 MB,,"only a per-sample archive (<GSE>_RAW.tar), no count matrix | sample-type flag in the file names: SINGLE_CELL",,Single-cell transcriptomic survey of adenomatous polyposis p,COAD
GSE121043,SKIP,COAD,6,499.0 KB,,"only normalised values (FPKM/TPM/CPM), unusable by DESeq2",,Integrated multi-omics approach reveals a role of ALDH1A1 in,COAD
GSE113581,SKIP,COAD,15,1.6 MB,,"only normalised values (FPKM/TPM/CPM), unusable by DESeq2",,"Determining effects of microbial metabolite, Urolithin A on ",COAD
GSE138441,SKIP,COAD,8,15.4 MB,,"only normalised values (FPKM/TPM/CPM), unusable by DESeq2",,Knockout of Staufen1 impairs the localization of specific su,COAD
GSE121209,SKIP,COAD,10,386.0 MB,,"only a per-sample archive (<GSE>_RAW.tar), no count matrix",,Oncogenic HOXB8 is driven by MYC-regulated super-enhancer an,COAD
GSE121207,SKIP,COAD,8,3.9 MB,,"only normalised values (FPKM/TPM/CPM), unusable by DESeq2",,Oncogenic HOXB8 is driven by MYC-regulated super-enhancer an,COAD
GSE138248,SKIP,COAD,8,12.6 MB,,"only a per-sample archive (<GSE>_RAW.tar), no count matrix",,mRNA sequencing of highly and lowly metastatic human colorec,COAD
GSE129950,SKIP,COAD,6,1.2 MB,,"only a per-sample archive (<GSE>_RAW.tar), no count matrix",,A novel lncRNA lncRNA-AK096729 promotes colorectal carcinoge,COAD
GSE115400,SKIP,COAD,26,8.4 MB,,sample-type flag in the file names: CELL_LINE,,Mutant KRAS/BRAF Reprograms the Enhancer Landscape via GATA1,COAD
GSE76049,SKIP,UNKNOWN,98,35.0 MB,,"only a per-sample archive (<GSE>_RAW.tar), no count matrix",,The ultra-sensitive Nodewalk technique identifies stochastic,COAD
GSE135798,SKIP,COAD,10,779.0 KB,,"only circRNA/isoform/miRNA counts, not gene level | sample-type flag in the file names: CELL_LINE",,VEGF-A drives TOX-dependent T cell exhaustion in anti–PD-1–r,COAD
GSE105094,SKIP,COAD,36,1.6 MB,,sample-type flag in the file names: CELL_LINE,,RNA sequencing of HCT116 and HKE3 colorectal cancer cell lin,COAD
GSE137327,SKIP,COAD,18,70.0 MB,,"only a per-sample archive (<GSE>_RAW.tar), no count matrix",,Differential gene expression between human colon cancers and,COAD
GSE136394,SKIP,COAD,32,389.0 MB,,"only a per-sample archive (<GSE>_RAW.tar), no count matrix",,Single-cell transcriptome analysis reveals gene signatures a,COAD
GSE136664,SKIP,COAD,10,1.4 MB,,"only a per-sample archive (<GSE>_RAW.tar), no count matrix",,YTHDF1 Amplifies Wnt/β-Catenin Signaling to Promote Intestin,COAD
GSE127960,SKIP,COAD,57,25.0 GB,,"only a per-sample archive (<GSE>_RAW.tar), no count matrix",,β-catenin/Tcf7l2 dependent transcriptional regulation of GLU,COAD
GSE133299,SKIP,UNKNOWN,17,25.0 MB,,"only a per-sample archive (<GSE>_RAW.tar), no count matrix",,Discovering the anti-cancer potential of non-oncology drugs ,COAD
GSE133286,SKIP,COAD,6,8.6 MB,,"only a per-sample archive (<GSE>_RAW.tar), no count matrix",,Transcriptional profiling of LS1034 cells treated with tepox,COAD
GSE135461,SKIP,COAD,34,170.0 MB,,"only a per-sample archive (<GSE>_RAW.tar), no count matrix",,Expression profiling of colorectal cancer cell lines,COAD
GSE135460,SKIP,COAD,30,3.5 MB,,"only a per-sample archive (<GSE>_RAW.tar), no count matrix",,Colorectal cancer cell lines with SETDB1 depletion [RNA-seq],COAD
GSE113176,SKIP,COAD,13,9.7 MB,,"only circRNA/isoform/miRNA counts, not gene level | sample-type flag in the file names: NOT_RNASEQ",,Investigation of bivalently marked promoters in patient-deri,COAD
GSE134552,SKIP,COAD,7,17.0 MB,,"only a per-sample archive (<GSE>_RAW.tar), no count matrix",,Hes1 is Associated with Long Non-Coding RNAs in Colorectal C,COAD
GSE134551,SKIP,COAD,1,620.2 KB,,"only a per-sample archive (<GSE>_RAW.tar), no count matrix",,RNA-binding protein immunoprecipitation (RIP)and RNA sequenc,COAD
GSE132888,SKIP,COAD,8,1.2 MB,,"only a per-sample archive (<GSE>_RAW.tar), no count matrix",,A novel lncRNA lncRNA-AF339830 promotes colorectal carcinoge,COAD
GSE125382,SKIP,COAD,40,11.0 MB,,"only a per-sample archive (<GSE>_RAW.tar), no count matrix",,Gene expression profiling of human colon cancer cell lines i,COAD
GSE119866,SKIP,COAD,6,1.2 MB,,"only a per-sample archive (<GSE>_RAW.tar), no count matrix",,A novel lncRNA lncRNA-AF339830 promotes colorectal carcinoge,COAD
GSE116521,SKIP,COAD,2,732.0 KB,,no file recognisable as a count matrix,,RNA-sequencing analysis of differentially expressed genes (D,COAD
GSE125282,SKIP,COAD,15,11.3 MB,,sample-type flag in the file names: CELL_LINE,,TMED9-gated CNIH4 and TGFa signaling promotes pro-metastatic,COAD
GSE125852,SKIP,UNKNOWN,39,26.7 MB,,no file recognisable as a count matrix,,Effect of the twelve isoforms of Hepatocyte nuclear factor 4,COAD
GSE106119,SKIP,COAD,18,1.6 MB,,"only normalised values (FPKM/TPM/CPM), unusable by DESeq2",,Stromal Mir-20a modulates paracrine CXCL8 secretion in colit,COAD
GSE125648,SKIP,COAD,6,4.7 MB,,"only normalised values (FPKM/TPM/CPM), unusable by DESeq2",,RNA-sequencing analysis for gene expression profiles affecte,COAD
GSE84270,SKIP,COAD,8,920.7 KB,,"only a per-sample archive (<GSE>_RAW.tar), no count matrix",,Transcriptomics changes in liver metastatic biopsies of colo,COAD
GSE84267,SKIP,COAD,4,880.4 KB,,"only a per-sample archive (<GSE>_RAW.tar), no count matrix",,Transcriptomics changes in liver metastatic biopsies of colo,COAD
GSE82338,SKIP,COAD,2,615.0 KB,,"only normalised values (FPKM/TPM/CPM), unusable by DESeq2 | sample-type flag in the file names: CELL_LINE",,RNA-seq of HCT116 and HCT116-DKO colon cancer cell lines,COAD
GSE132226,SKIP,COAD,4,416.0 KB,,"only normalised values (FPKM/TPM/CPM), unusable by DESeq2",,Genomic Signatures Reveal DNA Damage Response Deficiency in ,COAD
GSE102357,SKIP,COAD,32,532.0 MB,,"only a per-sample archive (<GSE>_RAW.tar), no count matrix",,hnRNPC regulates cancer-specific alternative cleavage and po,COAD
GSE82291,SKIP,UNKNOWN,15,37.0 MB,,"only a per-sample archive (<GSE>_RAW.tar), no count matrix",,Quantitative profiling of the UGT transcriptome in human dru,COAD
GSE100243,SKIP,COAD,23,2.8 MB,,"only a per-sample archive (<GSE>_RAW.tar), no count matrix",,Transcriptome of locally advanced colorectal tumours,COAD
GSE125512,SKIP,COAD,22,4.2 MB,,no file recognisable as a count matrix,,Intracerebral Hemorrhage Induces Inflammatory Gene Expressio,COAD
GSE108191,SKIP,COAD,40,12.0 MB,,"only normalised values (FPKM/TPM/CPM), unusable by DESeq2",,HDAC Inhibitor-Induced Acetylation of KRAS Confers A Pro-Onc,COAD
GSE128257,SKIP,UNKNOWN,6,1.2 MB,,"only normalised values (FPKM/TPM/CPM), unusable by DESeq2",,RNA-seq of RKO cells with cTAZ KO or putback,COAD
GSE126109,SKIP,COAD,10,1.0 MB,,"only a per-sample archive (<GSE>_RAW.tar), no count matrix",,RNA sequencing analysis of selumetinib-resistant CRC cells l,COAD
GSE127905,SKIP,UNKNOWN,8,7.4 MB,,no file recognisable as a count matrix,,Oncogenic Antisense LncRNA P14AS Regulates Expression of ANR,COAD
GSE101651,SKIP,COAD,159,423.0 MB,,"only a per-sample archive (<GSE>_RAW.tar), no count matrix",,A Low-cost Multiplex Biomarker Assay Stratifies Colorectal C,COAD
GSE101588,SKIP,COAD,17,23.2 MB,,"only a per-sample archive (<GSE>_RAW.tar), no count matrix",,A Low-cost Multiplex Biomarker Assay Stratifies Colorectal C,COAD
GSE122583,SKIP,UNKNOWN,3,188.0 B,,no file recognisable as a count matrix | sample-type flag in the file names: NOT_RNASEQ,,Human lineage tracing enabled by mitochondrial mutations and,COAD
GSE115218,SKIP,UNKNOWN,2733,10.2 KB,,"only a per-sample archive (<GSE>_RAW.tar), no count matrix",,Human lineage tracing enabled by mitochondrial mutations and,COAD
GSE113678,SKIP,COAD,11,7.5 MB,,"only a per-sample archive (<GSE>_RAW.tar), no count matrix",,Role of cohesin in cancer development,COAD
GSE126504,SKIP,UNKNOWN,6,1.1 MB,,"only normalised values (FPKM/TPM/CPM), unusable by DESeq2",,Next Generation Sequencing Facilitates Quantitative Analysis,COAD
GSE124620,SKIP,UNKNOWN,34,10.1 MB,,"only normalised values (FPKM/TPM/CPM), unusable by DESeq2",,Virus-specific memory T cells populate tumors and can be rep,COAD
GSE125578,SKIP,COAD,30,11.4 MB,,no file recognisable as a count matrix,,Human colon organoids reveal distinct physiologic and oncoge,COAD
GSE125472,SKIP,COAD,12,4.2 MB,,no file recognisable as a count matrix,,Human colon organoids reveal distinct physiologic and oncoge,COAD
GSE77462,SKIP,COAD,14,4.1 MB,,"only circRNA/isoform/miRNA counts, not gene level | sample-type flag in the file names: CELL_LINE",,Searching for target genes of miR-508/509/506/514 in HCT116 ,COAD
GSE125453,SKIP,UNKNOWN,12,25.3 MB,,no file recognisable as a count matrix,,RNA-sequencing analysis examining how the Vibrio cholerae MA,COAD
GSE125253,SKIP,COAD,10,0.0 B,,no supplementary files: the data may only be in SRA,,Compare of gene expression between p16INK4A positive and neg,COAD
GSE125252,SKIP,COAD,2,7.9 MB,,no file recognisable as a count matrix,,Compare of gene expression between p16INK4A positive and neg,COAD
GSE125251,SKIP,COAD,2,7.6 MB,,no file recognisable as a count matrix,,Compare of gene expression between p16INK4A positive and neg,COAD
GSE125250,SKIP,COAD,2,7.4 MB,,no file recognisable as a count matrix,,Compare of gene expression between p16INK4A positive and neg,COAD
GSE125248,SKIP,COAD,2,6.8 MB,,no file recognisable as a count matrix,,Compare of gene expression between p16INK4A positive and neg,COAD
GSE125247,SKIP,COAD,2,7.7 MB,,no file recognisable as a count matrix,,Compare of gene expression between p16INK4A positive and neg,COAD
GSE87096,SKIP,COAD,36,6.2 GB,,"only a per-sample archive (<GSE>_RAW.tar), no count matrix",,"Methylome, hydroxymethylome, and integrative transcriptome p",COAD
GSE92914,SKIP,COAD,12,280.8 KB,,"only a per-sample archive (<GSE>_RAW.tar), no count matrix",,RNA-Seq analysis of human colorectal cancer with liver metas,COAD
GSE116347,SKIP,COAD,78,2.4 MB,,sample-type flag in the file names: NON_HUMAN,,Identification and validation of a tumor-infiltrating Treg t,COAD
GSE112941,SKIP,COAD,57,4.3 MB,,"only normalised values (FPKM/TPM/CPM), unusable by DESeq2",,Molecular variability of patient-derived colon tumor xenogra,COAD
GSE108317,SKIP,COAD,5,2.5 MB,,"only a per-sample archive (<GSE>_RAW.tar), no count matrix",,Colorectal Adenomas and Consensus Molecular Subtyping,COAD
GSE116824,SKIP,UNKNOWN,14,690.0 MB,,"only a per-sample archive (<GSE>_RAW.tar), no count matrix",,LHX9 rescues KRAS suppression through transcriptional regula,COAD
GSE116823,SKIP,UNKNOWN,12,9.2 MB,,"only a per-sample archive (<GSE>_RAW.tar), no count matrix",,LHX9 rescues KRAS suppression through transcriptional regula,COAD
GSE121461,SKIP,UNKNOWN,3,65.0 MB,,"only a per-sample archive (<GSE>_RAW.tar), no count matrix",,EnD-Seq and AppEnD: Sequencing 3' ends to identify non-templ,COAD
GSE97693,SKIP,COAD,2503,718.0 GB,,"only a per-sample archive (<GSE>_RAW.tar), no count matrix",,Single-cell Multi-omics Sequencing and Analyses of Human Col,COAD
GSE122761,SKIP,COAD,6,1.5 MB,,no file recognisable as a count matrix,,Acetylation of spliceosome protein PHF5A modulates stress re,COAD
GSE106407,SKIP,COAD,2,17.0 MB,,"only a per-sample archive (<GSE>_RAW.tar), no count matrix",,Transcriptome analysis by RNA sequencing after treatment wit,COAD
GSE121964,SKIP,COAD,27,4.8 MB,,"only a per-sample archive (<GSE>_RAW.tar), no count matrix",,Diverse Long RNAs Are Differentially Sorted into Extracellul,COAD
GSE112608,SKIP,UNKNOWN,111,21.0 GB,,"only a per-sample archive (<GSE>_RAW.tar), no count matrix",,Targeting Processive Transcription Elongation via SEC Disrup,COAD
GSE104837,SKIP,UNKNOWN,48,6.7 MB,,no file recognisable as a count matrix,,RNA-seq of YB5 cells treated with HH1,COAD
GSE85522,SKIP,COAD,2,1.3 MB,,"only normalised values (FPKM/TPM/CPM), unusable by DESeq2",,Next Generation Sequencing Analysis of control and hnRNPK-/-,COAD
GSE121553,SKIP,COAD,4,291.0 KB,,"only normalised values (FPKM/TPM/CPM), unusable by DESeq2",,Integrative genomic analyses revealed colorectal cancer susc,COAD
GSE118548,SKIP,COAD,12,5.9 MB,,no file recognisable as a count matrix,,Transcriptomic analysis of T84 colon carcinoma cell line tre,COAD
GSE118490,SKIP,COAD,6,2.5 MB,,"only normalised values (FPKM/TPM/CPM), unusable by DESeq2 | sample-type flag in the file names: CELL_LINE",,Transcriptomic analysis of trametinib-resistant HCT116 color,COAD
GSE74333,SKIP,COAD,29,4.8 MB,,"only a per-sample archive (<GSE>_RAW.tar), no count matrix",,Transcriptomics analysis of gene expression in multiple huma,COAD
GSE89393,SKIP,COAD,17,7.3 MB,,"only a per-sample archive (<GSE>_RAW.tar), no count matrix",,Differences in RNA expression between primary and metastatic,COAD
GSE119900,SKIP,COAD,8,1.4 MB,,"only normalised values (FPKM/TPM/CPM), unusable by DESeq2",,mRNA expression analysis of human lung cancer cell line CUTO,COAD
GSE115429,SKIP,UNKNOWN,10,77.0 KB,,"only circRNA/isoform/miRNA counts, not gene level",,The NORAD lncRNA assembles a topoisomerase complex critical ,COAD
GSE114953,SKIP,UNKNOWN,26,0.0 B,,no supplementary files: the data may only be in SRA,,The NORAD lncRNA assembles a topoisomerase complex critical ,COAD
GSE119013,SKIP,UNKNOWN,5,576.0 KB,,"only normalised values (FPKM/TPM/CPM), unusable by DESeq2",,Effect for target mRNA degradation by methylated microRNAs,COAD
GSE106166,SKIP,COAD,6,1.2 MB,,"only a per-sample archive (<GSE>_RAW.tar), no count matrix",,Chromatin de-condensation by switching substrate elasticity,COAD
GSE118105,SKIP,UNKNOWN,2,460.2 KB,,"only a per-sample archive (<GSE>_RAW.tar), no count matrix",,Next generation sequencing facilities quantitative analysis ,COAD
GSE111683,SKIP,UNKNOWN,26,171.9 MB,,"only a per-sample archive (<GSE>_RAW.tar), no count matrix | sample-type flag in the file names: CELL_LINE",,ZBTB24 is a transcriptional regulator that coordinates with ,COAD
GSE111689,SKIP,UNKNOWN,33,261.0 MB,,"only a per-sample archive (<GSE>_RAW.tar), no count matrix",,ZBTB24 is a transcriptional regulator that coordinates with ,COAD
GSE108265,SKIP,UNKNOWN,38,3.8 GB,,"only a per-sample archive (<GSE>_RAW.tar), no count matrix",,Region-specific alteration of histone modification by LSD1 i,COAD
GSE113751,SKIP,UNKNOWN,34,8.6 MB,,"only a per-sample archive (<GSE>_RAW.tar), no count matrix",,Translational control through differential ribosome pausing ,COAD
GSE95499,SKIP,COAD,12,3.2 MB,,no file recognisable as a count matrix,,Stem cell functionality is microenvironmentally defined duri,COAD
GSE95670,SKIP,COAD,6,2.0 MB,,no file recognisable as a count matrix,,Multi-omics analysis of mutant and wild-type β-catenin netwo,COAD
GSE116087,SKIP,UNKNOWN,12,4.1 MB,,"only normalised values (FPKM/TPM/CPM), unusable by DESeq2",,A role for p53 in the adaptation to glutamine starvation thr,COAD
GSE106378,SKIP,COAD,9,1.1 MB,,"only circRNA/isoform/miRNA counts, not gene level | sample-type flag in the file names: CELL_LINE",,HNF4alpha P1 and P2 isoforms regulate different gene network,COAD
GSE104103,SKIP,COAD,13,35.1 MB,,"only normalised values (FPKM/TPM/CPM), unusable by DESeq2",,SOX9 has distinct regulatory roles in alternative splicing a,COAD
GSE99263,SKIP,COAD,3,842.0 KB,,"only normalised values (FPKM/TPM/CPM), unusable by DESeq2",,Gene expression data from the HCT-116 colon cancer cell line,COAD
GSE100110,SKIP,COAD,20,22.0 MB,,"only a per-sample archive (<GSE>_RAW.tar), no count matrix",,Comparison of rectal patient data separated by their event o,COAD
GSE114014,SKIP,COAD,80,14.0 MB,,"only a per-sample archive (<GSE>_RAW.tar), no count matrix",,Itraconazole targets cell cycle heterogeneity in colorectal ,COAD
GSE114013,SKIP,COAD,16,2.7 MB,,"only a per-sample archive (<GSE>_RAW.tar), no count matrix",,Identifying the molecular mode of action of itraconazole in ,COAD
GSE114012,SKIP,COAD,64,11.0 MB,,"only a per-sample archive (<GSE>_RAW.tar), no count matrix",,Identifying dormant cells in colorectal cancer spheroids,COAD
GSE113590,SKIP,UNKNOWN,32,0.0 B,,no supplementary files: the data may only be in SRA,,Profiling of tumor-infiltrating CD8 T cells according to the,COAD
GSE113585,SKIP,COAD,24,3.8 MB,,"only normalised values (FPKM/TPM/CPM), unusable by DESeq2",,Profiling of colorectal tumor-infiltrating CD8 T cells accor,COAD
GSE101342,SKIP,UNKNOWN,12,2.4 MB,,"only normalised values (FPKM/TPM/CPM), unusable by DESeq2 | sample-type flag in the file names: CELL_LINE",,Differentially expressed genes post knock down of lincDUSP26,COAD
GSE108177,SKIP,COAD,30,449.6 KB,,no file recognisable as a count matrix | sample-type flag in the file names: CELL_LINE,,Total RNA-seq of cancer cells with inhibition of DNA and/or ,COAD
GSE101540,SKIP,UNKNOWN,16,1.2 MB,,"only normalised values (FPKM/TPM/CPM), unusable by DESeq2",,RNA-seq of cancer cell lines treated with T-025,COAD
GSE98119,SKIP,UNKNOWN,352,476.9 GB,,"only a per-sample archive (<GSE>_RAW.tar), no count matrix",,The energetics and physiological impact of cohesin extrusion,COAD
GSE113218,SKIP,COAD,12,29.0 MB,,"only a per-sample archive (<GSE>_RAW.tar), no count matrix",,Epigenetic changes induced by Bacteroides fragilis toxin (BF,COAD
GSE106500,SKIP,UNKNOWN,24,12.0 MB,,"only a per-sample archive (<GSE>_RAW.tar), no count matrix",,Immune Profiling of Premalignant Lesions in Patients with Ly,COAD
GSE111084,SKIP,COAD,8,2.2 MB,,"only a per-sample archive (<GSE>_RAW.tar), no count matrix",,A20 regulates canonical wnt-signaling through an interaction,COAD
GSE108210,SKIP,UNKNOWN,34,0.0 B,,no supplementary files: the data may only be in SRA,,DNA methylation inhibitor in HCT116,COAD
GSE96852,SKIP,UNKNOWN,30,2.5 GB,,"only a per-sample archive (<GSE>_RAW.tar), no count matrix",,The roles of CSE1L in epigenetic silencing,COAD
GSE111741,SKIP,COAD,2,430.2 KB,,"only a per-sample archive (<GSE>_RAW.tar), no count matrix",,RNA-seq analysis of colorectal cancer cell line (CRC) SW1116,COAD
GSE107980,SKIP,COAD,6,1.2 MB,,"only a per-sample archive (<GSE>_RAW.tar), no count matrix",,RING-finger protein 6 amplification activates JAK/STAT3 path,COAD
GSE100063,SKIP,COAD,12,2.0 MB,,"only circRNA/isoform/miRNA counts, not gene level",,"RNA-seq reveals abundant circRNA, lncRNA and mRNA in blood e",COAD
GSE80033,SKIP,COAD,12,1.6 MB,,"only a per-sample archive (<GSE>_RAW.tar), no count matrix",,Somatic PRDM2 c.4459delA mutations in colorectal cancers con,COAD
GSE94919,SKIP,UNKNOWN,69,18.0 MB,,no file recognisable as a count matrix,,Chemoprevention with COX2 and EGFR inhibition in FAP patient,COAD
GSE104178,SKIP,COAD,6,1.0 KB,,"only circRNA/isoform/miRNA counts, not gene level",,RNA-Sequencing approach for the identification of novel long,COAD
GSE99133,SKIP,COAD,18,536.0 KB,,"only normalised values (FPKM/TPM/CPM), unusable by DESeq2",,Specific labeling of stem cell activity in human colorectal ,COAD
GSE102616,SKIP,UNKNOWN,47,32.4 MB,,sample-type flag in the file names: CELL_LINE,,ZFX acts as a transcriptional activator in multiple types of,COAD
GSE95656,SKIP,UNKNOWN,71,1.9 GB,,"only a per-sample archive (<GSE>_RAW.tar), no count matrix",,Genome-wide DNA methylation profiling reveals cancer-associa,COAD
GSE96035,SKIP,UNKNOWN,33,7.5 MB,,sample-type flag in the file names: CELL_LINE,,"Class I histone deacetylases HDAC1, 2 and 3 are histone decr",COAD
GSE103895,SKIP,COAD,10,0.0 B,,no supplementary files: the data may only be in SRA,,Transcriptional profiles reflect the mutational mechanism by,COAD
GSE101708,SKIP,UNKNOWN,49,6.9 GB,,"only a per-sample archive (<GSE>_RAW.tar), no count matrix",,Genome-wide Dose-dependent Inhibition of Histone Deacetylase,COAD
GSE99521,SKIP,UNKNOWN,47,6.3 GB,,"only a per-sample archive (<GSE>_RAW.tar), no count matrix",,YY1 is a structural regulator of enhancer-promoter loops,COAD
GSE93722,SKIP,COAD,4,4.5 MB,,"only a per-sample archive (<GSE>_RAW.tar), no count matrix",,Simultaneous enumeration of cancer and immune cell types fro,COAD
GSE106696,SKIP,COAD,2,196.0 KB,,no file recognisable as a count matrix,,RNA-seq analysis of gene expression in scramble and GPR126 k,COAD
GSE104836,SKIP,COAD,20,5.4 MB,,no file recognisable as a count matrix,,Differentially expressed LncRNAs and mRNA identified by SEQ ,COAD
GSE99794,SKIP,COAD,8,5.8 MB,,"only a per-sample archive (<GSE>_RAW.tar), no count matrix",,Activation of the p53 transcriptional program sensitizes can,COAD
GSE104334,SKIP,UNKNOWN,132,456.0 GB,,"only a per-sample archive (<GSE>_RAW.tar), no count matrix",,Cohesin loss eliminates all loop domains,COAD
GSE95513,SKIP,COAD,12,13.3 MB,,no file recognisable as a count matrix | sample-type flag in the file names: CELL_LINE,,Identification of differential expressed genes of JQ1 or JQ1,COAD
GSE101974,SKIP,COAD,22,15.3 MB,,"only a per-sample archive (<GSE>_RAW.tar), no count matrix",,ARID1A and ARID1B loss in TOV21G cells,COAD
GSE101966,SKIP,COAD,52,24.4 MB,,"only a per-sample archive (<GSE>_RAW.tar), no count matrix | sample-type flag in the file names: CELL_LINE",,ARID1A and ARID1B loss in HCT116 cells,COAD
GSE96914,SKIP,COAD,4,27.0 MB,,no file recognisable as a count matrix,,Autocrine BMP-4 signaling promotes survival of colorectal ca,COAD
GSE100408,SKIP,UNKNOWN,30,2.5 MB,,"only circRNA/isoform/miRNA counts, not gene level",,Probing the Roles of SUMOylation in Cancer Cell Biology Usin,COAD
GSE97527,SKIP,UNKNOWN,123,20.0 GB,,"only a per-sample archive (<GSE>_RAW.tar), no count matrix",,PAF1 regulation of promoter-proximal pause release via enhan,COAD
GSE93656,SKIP,COAD,10,38.8 MB,,"only circRNA/isoform/miRNA counts, not gene level | sample-type flag in the file names: NOT_RNASEQ",,O-GlcNAc expression levels epigenetically regulate colon can,COAD
GSE86221,SKIP,COAD,16,1.5 GB,,sample-type flag in the file names: CELL_LINE,,"Total RNA-seq from HCT116, MCF7 and SJSA cell lines treated ",COAD
GSE86165,SKIP,COAD,12,2.2 GB,,"only normalised values (FPKM/TPM/CPM), unusable by DESeq2",,"GRO-seq from HCT116, MCF7 and SJSA cell lines treated with D",COAD
GSE102796,SKIP,UNKNOWN,17,1.6 GB,,"only a per-sample archive (<GSE>_RAW.tar), no count matrix",,Mutant p53 Shapes the Enhancer Landscape of Cancer Cells in ,COAD
GSE99015,SKIP,COAD,198,8.2 MB,,"only normalised values (FPKM/TPM/CPM), unusable by DESeq2",,Synergistic activity and heterogeneous acquired resistance o,COAD
GSE99299,SKIP,UNKNOWN,81,2.1 MB,,sample-type flag in the file names: CELL_LINE,,Cytokine Stimulation of PTPN2-deleted cancer cells,COAD
GSE80746,SKIP,UNKNOWN,9,1.1 MB,,"only a per-sample archive (<GSE>_RAW.tar), no count matrix",,Gene regulation of candidate cancer gene DIP2C,COAD
GSE90944,SKIP,COAD,6,1.2 MB,,"only a per-sample archive (<GSE>_RAW.tar), no count matrix",,RNA-seq in HT-29 colorectal cancer cells after F. nucleatum ,COAD
GSE101668,SKIP,COAD,12,12.8 MB,,"only a per-sample archive (<GSE>_RAW.tar), no count matrix | sample-type flag in the file names: CELL_LINE",,PRDM1 inhibits proliferation of human colon cancer organoids,COAD
GSE83687,SKIP,COAD,134,23.0 MB,,"only a per-sample archive (<GSE>_RAW.tar), no count matrix",,A functional genomics predictive network model identifies re,COAD
GSE88945,SKIP,COAD,3,1.5 MB,,"only a per-sample archive (<GSE>_RAW.tar), no count matrix",,Colonic Organoids Derived from Human Pluripotent Stem Cells ,COAD
GSE77250,SKIP,COAD,8,2.8 MB,,no file recognisable as a count matrix,,Total RNA sequencing of APC mutant and wt colonic organoids,COAD
GSE90599,SKIP,COAD,4,771.3 MB,,"only a per-sample archive (<GSE>_RAW.tar), no count matrix",, Che-1 sustains hypoxic response of colorectal cancer cells ,COAD
GSE76457,SKIP,COAD,1,13.0 MB,,"only a per-sample archive (<GSE>_RAW.tar), no count matrix",,hnRNP Q1 targeting RNA in colorectal cancer cell line SW480,COAD
GSE96917,SKIP,UNKNOWN,24,273.0 MB,,"only a per-sample archive (<GSE>_RAW.tar), no count matrix",,Splicing Modulators Act at the Branch Point Adenosine Bindin,COAD
GSE79249,SKIP,COAD,14,94.0 MB,,"only a per-sample archive (<GSE>_RAW.tar), no count matrix",,Identification of long noncoding RNAs regulated by p53,COAD
GSE85688,SKIP,COAD,18,244.0 MB,,"only a per-sample archive (<GSE>_RAW.tar), no count matrix",,Cellular model of colon cancer progression reveals signature,COAD
GSE85685,SKIP,COAD,4,360.0 KB,,no file recognisable as a count matrix,,RNA profiling of four DLD1 colorectal cancer cell derivative,COAD
GSE81861,SKIP,COAD,1220,78.7 MB,,sample-type flag in the file names: CELL_LINE,,Reference component analysis of single-cell transcriptomes e,COAD
GSE95652,SKIP,COAD,10,12.0 MB,,"only a per-sample archive (<GSE>_RAW.tar), no count matrix",,SLC2525-AS1: a potential lncRNA biomarker for radiotherapy s,COAD
GSE95605,SKIP,COAD,4,3.8 MB,,"only normalised values (FPKM/TPM/CPM), unusable by DESeq2 | sample-type flag in the file names: CELL_LINE",,SLC25A25-AS1 knockdown data of two colorectal carcinoma cell,COAD
GSE78801,SKIP,UNKNOWN,100,100.0 GB,,"only a per-sample archive (<GSE>_RAW.tar), no count matrix",,Heterotypic nucleosomes and PRC2 drive DIPG oncogenesis,COAD
GSE84902,SKIP,COAD,2,2.2 MB,,"only a per-sample archive (<GSE>_RAW.tar), no count matrix",,The LIM protein AJUBA promotes colorectal cancer cell surviv,COAD
GSE78195,SKIP,COAD,8,1.9 MB,,"only a per-sample archive (<GSE>_RAW.tar), no count matrix",,Next Generation Sequencing Facilitates Quantitative Analysis,COAD
GSE81194,SKIP,COAD,3,126.7 MB,,no file recognisable as a count matrix,,A Novel RNA Sequencing Data Analysis Method for Cell Line Au,COAD
GSE84296,SKIP,COAD,6,10.4 MB,,no file recognisable as a count matrix | sample-type flag in the file names: NON_HUMAN,,Impact of laminin α1 chain on colorectal cancer progression,COAD
GSE77737,SKIP,COAD,139,19.0 GB,,"only a per-sample archive (<GSE>_RAW.tar), no count matrix",,Hotspots of aberrant enhancer activity punctuate the colorec,COAD
GSE74251,SKIP,UNKNOWN,12,5.2 MB,,no file recognisable as a count matrix | sample-type flag in the file names: CELL_LINE,,RNA-seq of YB5 and MCF7 treated with different doses of deci,COAD
GSE87328,SKIP,UNKNOWN,6,393.0 MB,,"only a per-sample archive (<GSE>_RAW.tar), no count matrix",,eIF1 modulates the recognition of sub-optimal translation st,COAD
GSE89946,SKIP,UNKNOWN,80,0.0 B,,no supplementary files: the data may only be in SRA,,An Argonaute phosphorylation cycle promotes microRNA-mediate,COAD
GSE89942,SKIP,UNKNOWN,12,3.3 MB,,"only normalised values (FPKM/TPM/CPM), unusable by DESeq2 | sample-type flag in the file names: CELL_LINE",,An Argonaute phosphorylation cycle promotes microRNA-mediate,COAD
GSE89940,SKIP,UNKNOWN,12,1.7 MB,,"only normalised values (FPKM/TPM/CPM), unusable by DESeq2 | sample-type flag in the file names: CELL_LINE",,An Argonaute phosphorylation cycle promotes microRNA-mediate,COAD
GSE93620,SKIP,UNKNOWN,4,1.7 MB,,no file recognisable as a count matrix,,Gene expression in HT-29-MTX intestinal epithelial cells tre,COAD
GSE73966,SKIP,UNKNOWN,30,15.0 MB,,no file recognisable as a count matrix,,RNA-seq of YB5 cells treated with epigenetic therapy,COAD
GSE66216,SKIP,COAD,45,1.3 GB,,"only a per-sample archive (<GSE>_RAW.tar), no count matrix | sample-type flag in the file names: CELL_LINE",,Nucleosome dynamics in human colorectal cancer specimens rev,COAD
GSE89729,SKIP,COAD,8,740.6 KB,,"only a per-sample archive (<GSE>_RAW.tar), no count matrix",,Quantitative Analysis of PPARD Transcriptomes  in Colon Canc,COAD
GSE89154,SKIP,UNKNOWN,12,1.7 MB,,no file recognisable as a count matrix,,RNA-seq of YB5 cells treated with Proscillaridin A,COAD
GSE71514,SKIP,COAD,34,1.9 GB,,"only a per-sample archive (<GSE>_RAW.tar), no count matrix",,ARID1A loss impairs enhancer-mediated gene regulation and dr,COAD
GSE71511,SKIP,COAD,6,130.0 MB,,"only a per-sample archive (<GSE>_RAW.tar), no count matrix",,ARID1A loss impairs enhancer-mediated gene regulation and dr,COAD
GSE77635,SKIP,COAD,39,5.2 MB,,no file recognisable as a count matrix,,Genetic and Epigenetic Landscapes of Laterally Spreading Tum,COAD
GSE85899,SKIP,COAD,6,7.3 MB,,"only a per-sample archive (<GSE>_RAW.tar), no count matrix",,Mechanistic evaluation and transcriptional signature of a Gl,COAD
GSE87400,SKIP,COAD,2,191.0 MB,,"only a per-sample archive (<GSE>_RAW.tar), no count matrix",,The methylome of Alu repeats in colon cancer (RNA-Seq),COAD
GSE82292,SKIP,UNKNOWN,30,73.0 MB,,"only a per-sample archive (<GSE>_RAW.tar), no count matrix",,Quantitative profiling of the UGT transcriptome in human dru,COAD
GSE80463,SKIP,UNKNOWN,15,36.0 MB,,"only a per-sample archive (<GSE>_RAW.tar), no count matrix",,Divergent expression and metabolic functions of human glucur,COAD
GSE86566,SKIP,COAD,326,498.0 MB,,"only a per-sample archive (<GSE>_RAW.tar), no count matrix",,Adaptation of a RAS pathway activation signature from FF to ,COAD
GSE86564,SKIP,COAD,54,14.0 MB,,no file recognisable as a count matrix,,Adaptation of a RAS pathway activation signature from FF to ,COAD
GSE86563,SKIP,COAD,56,50.0 KB,,no file recognisable as a count matrix,,Adaptation of a RAS pathway activation signature from FF to ,COAD
GSE86562,SKIP,COAD,54,13.0 MB,,no file recognisable as a count matrix,,Adaptation of a RAS pathway activation signature from FF to ,COAD
GSE72820,SKIP,COAD,14,15.9 MB,,"only normalised values (FPKM/TPM/CPM), unusable by DESeq2",,Gene expression analysis of human adenomas.,COAD
GSE81602,SKIP,UNKNOWN,15,1.4 GB,,"only a per-sample archive (<GSE>_RAW.tar), no count matrix",,A long noncoding RNA regulates sister chromatid cohesion,COAD
GSE81601,SKIP,UNKNOWN,3,1.3 MB,,"only a per-sample archive (<GSE>_RAW.tar), no count matrix",,A long noncoding RNA regulates sister chromatid cohesion [RN,COAD
GSE81513,SKIP,COAD,12,10.8 MB,,"only circRNA/isoform/miRNA counts, not gene level",,Splicing towards noncoding isoforms in colorectal carcinoma ,COAD
GSE81795,SKIP,UNKNOWN,87,90.0 GB,,"only a per-sample archive (<GSE>_RAW.tar), no count matrix",,An epigenetic mark of polycomb response elements implemented,COAD
GSE83939,SKIP,COAD,4,2.5 MB,,"only a per-sample archive (<GSE>_RAW.tar), no count matrix",,mRNA-seq analysis of HCT116 cells following gene overexpress,COAD
GSE57871,SKIP,UNKNOWN,42,4.6 MB,,"only normalised values (FPKM/TPM/CPM), unusable by DESeq2",,RNA-seq analysis of vorinostat-resistant HCT116 cells follow,COAD
GSE74369,SKIP,COAD,53,7.6 MB,,"only normalised values (FPKM/TPM/CPM), unusable by DESeq2",,Tumor-derived circulating endothelial cell clusters in color,COAD
GSE69036,SKIP,COAD,8,2.0 MB,,"only a per-sample archive (<GSE>_RAW.tar), no count matrix",,A positive regulatory loop between a Wnt-regulated non-codin,COAD
GSE68297,SKIP,COAD,16,570.0 KB,,"only normalised values (FPKM/TPM/CPM), unusable by DESeq2 | sample-type flag in the file names: CELL_LINE",,PolyA RNAseq from HCT116 cells in normoxia and hypoxia,COAD
GSE81867,SKIP,COAD,12,31.0 MB,,"only a per-sample archive (<GSE>_RAW.tar), no count matrix",,miRNA-mediated expression switch of cell adhesion genes driv,COAD
GSE69415,SKIP,COAD,9,1.0 MB,,"only normalised values (FPKM/TPM/CPM), unusable by DESeq2",,Fra-1 is a key driver of colon cancer metastasis and a Fra-1,COAD
GSE69236,SKIP,UNKNOWN,7,0.0 B,,no supplementary files: the data may only be in SRA,,The lncRNA LUST promotes CCICs self-renewal stimulating the ,COAD
GSE70833,SKIP,UNKNOWN,4,12.0 MB,,no file recognisable as a count matrix,,HCT116 MYC 3' TBE1 (WT) and KO RNA-Seq,COAD
GSE81266,SKIP,COAD,77,5.9 MB,,no file recognisable as a count matrix,,Ileal pouch transcriptomics reveal shared pathogenesis betwe,COAD
GSE67931,SKIP,COAD,9,125.0 MB,,"only a per-sample archive (<GSE>_RAW.tar), no count matrix | sample-type flag in the file names: CELL_LINE",,Disruption of Na+/H+ exchanger regulatory factor 2 scaffold ,COAD
GSE75964,SKIP,UNKNOWN,6,371.0 MB,,"only a per-sample archive (<GSE>_RAW.tar), no count matrix",,H2O2-treated and untreated HCT116 cells,COAD
GSE75962,SKIP,COAD,4,1.0 MB,,"only normalised values (FPKM/TPM/CPM), unusable by DESeq2",,RNA-seq Generated Transcriptional Profile of H2O2 Treated HC,COAD
GSE71801,SKIP,UNKNOWN,3,1.5 MB,,no file recognisable as a count matrix,,U1 snRNP regulates alternative polyadenylation in DNA damage,COAD
GSE73398,SKIP,COAD,109,12.0 GB,,"only a per-sample archive (<GSE>_RAW.tar), no count matrix",,Fixed tissue ChIP-Seq (FiT-Seq) of archived clinical samples,COAD
GSE57628,SKIP,UNKNOWN,27,8.4 GB,,"only a per-sample archive (<GSE>_RAW.tar), no count matrix",,Study of Topoisomerase I in human,COAD
GSE74999,SKIP,UNKNOWN,76,117.0 MB,,"only a per-sample archive (<GSE>_RAW.tar), no count matrix",,HDAC inhibitors cause site-specific chromatin remodeling at ,COAD
GSE76987,SKIP,COAD,86,40.7 MB,,no file recognisable as a count matrix,,Gene signature in sessile serrated polyps identifies colon c,COAD
GSE77661,SKIP,UNKNOWN,26,1.3 MB,,"only normalised values (FPKM/TPM/CPM), unusable by DESeq2",,RNA Sequencing Facilitates Quantitative Analysis of Transcri,COAD
GSE78506,SKIP,UNKNOWN,6,869.0 KB,,no file recognisable as a count matrix,,24hr CA treatment vs. DMSO in HCT116 cells (from 'Identifica,COAD
GSE76307,SKIP,COAD,9,3.7 MB,,"only circRNA/isoform/miRNA counts, not gene level",,Differential RNA-seq analysis comparing APC-defective and AP,COAD
GSE73318,SKIP,COAD,36,5.3 MB,,"only normalised values (FPKM/TPM/CPM), unusable by DESeq2",,Gene expression analysis following JQ1 treatments in colon c,COAD
GSE57961,SKIP,COAD,12,31.0 MB,,"only a per-sample archive (<GSE>_RAW.tar), no count matrix",,"Bioreactor-engineered cancer tissues mimic phenotypes, gene ",COAD
GSE72631,SKIP,COAD,32,1.1 GB,,"only a per-sample archive (<GSE>_RAW.tar), no count matrix",,Effects on the transcriptome upon deletion of distal element,COAD
GSE76420,SKIP,UNKNOWN,56,56.0 MB,,"only a per-sample archive (<GSE>_RAW.tar), no count matrix",,LncRNA DINO guides DNA damage signaling,COAD
GSE69333,SKIP,COAD,12,4.5 GB,,"only a per-sample archive (<GSE>_RAW.tar), no count matrix",,TET-catalyzed 5-hydroxymethylcytosine regulates gene express,COAD
GSE75440,SKIP,UNKNOWN,17,2.0 MB,,"only normalised values (FPKM/TPM/CPM), unusable by DESeq2",,Gene expression profiles in NORAD knockout and PUMILIO overe,COAD
GSE73588,SKIP,UNKNOWN,2,5.0 MB,,"only a per-sample archive (<GSE>_RAW.tar), no count matrix",,HCT116 cells treated with the p97 inhibitior CB-5083,COAD
GSE64471,SKIP,COAD,6,348.0 KB,,no file recognisable as a count matrix,,Pericentromeric satellite repeat expansions through RNA-deri,COAD
GSE58989,SKIP,COAD,12,5.7 MB,,"only a per-sample archive (<GSE>_RAW.tar), no count matrix",,DNMT1-associated long non-coding RNA regulate global gene ex,COAD
GSE62891,SKIP,UNKNOWN,36,0.0 B,,no supplementary files: the data may only be in SRA,,Genome-wide expression profile of the Tet-On HCT116 inducibl,COAD
GSE62889,SKIP,COAD,21,122.3 MB,,"only circRNA/isoform/miRNA counts, not gene level",,Genome-wide expression profile of the Tet-On HCT116 inducibl,COAD
GSE72131,SKIP,UNKNOWN,12,636.0 MB,,"only a per-sample archive (<GSE>_RAW.tar), no count matrix",,Genome-wide map of H3K4me3 before and after methionine restr,COAD
GSE70408,SKIP,UNKNOWN,61,26.0 GB,,"only a per-sample archive (<GSE>_RAW.tar), no count matrix",,"PAF1, a molecular regulator of promoter-proximal pausing   b",COAD
GSE69687,SKIP,UNKNOWN,8,454.0 KB,,sample-type flag in the file names: XENOGRAFT,,Wnt addiction of genetically defined cancers reversed by POR,COAD
GSE67110,SKIP,COAD,6,470.2 KB,,"only a per-sample archive (<GSE>_RAW.tar), no count matrix",,p53 in colorectal cancer cells,COAD
GSE67109,SKIP,COAD,2,470.2 KB,,"only a per-sample archive (<GSE>_RAW.tar), no count matrix",,Genome-wide RNA-expression analysis after p53 activation in ,COAD
GSE66209,SKIP,UNKNOWN,74,0.0 B,,no supplementary files: the data may only be in SRA,,mRNA and small RNA associated with Crohn's disease behavior,COAD
GSE45162,SKIP,COAD,8,63.0 MB,,no file recognisable as a count matrix,,Mutational activation of a mechanosensitive megachannel driv,COAD
GSE67945,SKIP,COAD,12,2.3 MB,,"only a per-sample archive (<GSE>_RAW.tar), no count matrix",,Investigation about fibroblasts of different origins in cult,COAD
GSE65253,SKIP,COAD,108,1.7 MB,,no file recognisable as a count matrix,,Prospective derivation of a 'Living Organoid Biobank' of col,COAD
GSE62518,SKIP,COAD,6,32.0 MB,,"only a per-sample archive (<GSE>_RAW.tar), no count matrix",,IL-33 activates tumor stroma to promote intestinal polyposis,COAD
GSE68027,SKIP,UNKNOWN,11,98.9 MB,,no file recognisable as a count matrix | sample-type flag in the file names: NOT_RNASEQ,,Small RNA mediated DNA (cytosine-5) methyltransferase 1 inhi,COAD
GSE57325,SKIP,COAD,2,5.6 KB,,"only circRNA/isoform/miRNA counts, not gene level",,BCLAF1 and its pre-mRNA splicing regulator SRSF10 both regul,COAD
GSE59290,SKIP,COAD,4,15.2 MB,,"only circRNA/isoform/miRNA counts, not gene level",,MiRNA23B REGULATES SELF-RENEWAL AND CHEMORESISTANCE PROPERTI,COAD
GSE57397,SKIP,COAD,8,5.1 MB,,no file recognisable as a count matrix | sample-type flag in the file names: CELL_LINE,,Transriptional profiling upon heat shock and recovery in cel,COAD
GSE57399,SKIP,UNKNOWN,21,350.9 KB,,"only a per-sample archive (<GSE>_RAW.tar), no count matrix",,FBXW7 modulates stress response by post-translational modifi,COAD
GSE63314,SKIP,UNKNOWN,23,5.1 GB,,"only a per-sample archive (<GSE>_RAW.tar), no count matrix",,Stably-paused genes revealed through inhibition of transcrip,COAD
GSE58507,SKIP,COAD,4,1.7 MB,,"only a per-sample archive (<GSE>_RAW.tar), no count matrix",,Genomewide analysis of the human p53 transcriptional network,COAD
GSE58528,SKIP,UNKNOWN,15,876.0 MB,,"only a per-sample archive (<GSE>_RAW.tar), no count matrix",,Genomewide analysis of the human p53 transcriptional network,COAD
GSE58207,SKIP,UNKNOWN,2,40.0 MB,,"only a per-sample archive (<GSE>_RAW.tar), no count matrix",,PROTEOFORMER: deep proteome coverage through ribosome profil,COAD
GSE58107,SKIP,UNKNOWN,8,860.0 MB,,"only a per-sample archive (<GSE>_RAW.tar), no count matrix",,Characterization of human CDK12 and CDK13 in the regulation ,COAD
GSE56660,SKIP,COAD,4,3.1 MB,,"only a per-sample archive (<GSE>_RAW.tar), no count matrix",,Establishment of Highly Tumorigenic Human Colorectal Cancer ,COAD
GSE53172,SKIP,COAD,2,196.0 MB,,"only a per-sample archive (<GSE>_RAW.tar), no count matrix",,TET1 is a tumour suppressor that inhibits colon cancer growt,COAD
GSE59223,SKIP,COAD,22,554.8 MB,,"only a per-sample archive (<GSE>_RAW.tar), no count matrix | sample-type flag in the file names: CELL_LINE",,Tumor cell-specific inhibition of MYC function using small m,COAD
GSE52429,SKIP,COAD,2,3.4 MB,,"only a per-sample archive (<GSE>_RAW.tar), no count matrix",,Functional Annotation of Colon Cancer Risk SNPs,COAD
GSE60106,SKIP,COAD,11,529.0 MB,,"only a per-sample archive (<GSE>_RAW.tar), no count matrix",,Global loss of DNA methylation uncovers intronic enhancers i,COAD
GSE50760,SKIP,COAD,54,7.4 MB,,"only a per-sample archive (<GSE>_RAW.tar), no count matrix",,Gene expression profiling study by RNA-seq in colorectal can,COAD
GSE60939,SKIP,COAD,6,1.6 MB,,"only normalised values (FPKM/TPM/CPM), unusable by DESeq2",,"Potent antitumor activity of Cabozantinib, a c-MET and VEGFR",COAD
GSE56788,SKIP,UNKNOWN,45,5.1 MB,,"only normalised values (FPKM/TPM/CPM), unusable by DESeq2 | sample-type flag in the file names: CELL_LINE",,RNA-seq analysis of vorinostat-resistant HCT116 cells follow,COAD
GSE54074,SKIP,UNKNOWN,6,4.1 MB,,"only a per-sample archive (<GSE>_RAW.tar), no count matrix",,An atlas of TNF-α-responsive promoters and enhancers in the ,COAD
GSE43093,SKIP,COAD,3,280.0 MB,,"only a per-sample archive (<GSE>_RAW.tar), no count matrix",,Direct ChIP-bisulfite sequencing reveals a role of H3K27me3 ,COAD
GSE42735,SKIP,COAD,18,24.0 MB,,"only a per-sample archive (<GSE>_RAW.tar), no count matrix",,"Genome-wide transcriptome profiling of SK-Mel-28, UACC-62 an",COAD
GSE50491,SKIP,COAD,8,9.1 MB,,"only a per-sample archive (<GSE>_RAW.tar), no count matrix",,Regulation of the KEAP1/NRF2 oxidative stress response pathw,COAD
GSE45334,SKIP,UNKNOWN,25,12.0 MB,,"only a per-sample archive (<GSE>_RAW.tar), no count matrix",,Genome-wide total RNA and MBD-sequencing in HCT116 and DKO c,COAD
GSE45332,SKIP,COAD,17,4.0 MB,,"only normalised values (FPKM/TPM/CPM), unusable by DESeq2",,Genome-wide total RNA and MBD-sequencing in HCT116 and DKO c,COAD
GSE46622,SKIP,COAD,36,12.0 MB,,"only a per-sample archive (<GSE>_RAW.tar), no count matrix",,"High-throughput sequencing of matched colorectal normal, tum",COAD
GSE41588,SKIP,UNKNOWN,18,46.0 MB,,"only a per-sample archive (<GSE>_RAW.tar), no count matrix",,Expression data for HT29 cells treated with 5-aza-deoxy-cyti,COAD
GSE41586,SKIP,COAD,9,1.3 MB,,"only a per-sample archive (<GSE>_RAW.tar), no count matrix",,Expression data for HT29 cells treated with 5-aza-deoxy-cyti,COAD
GSE38101,SKIP,UNKNOWN,10,2.6 GB,,"only a per-sample archive (<GSE>_RAW.tar), no count matrix",,USP49 deubiquitinates histone H2B and regulates pre-mRNA spl,COAD
GSE38100,SKIP,UNKNOWN,2,356.0 MB,,"only a per-sample archive (<GSE>_RAW.tar), no count matrix",,Examination of gene expression in wild type and USP49 knockd,COAD
GSE38140,SKIP,COAD,1,700.0 MB,,"only a per-sample archive (<GSE>_RAW.tar), no count matrix",,GRO-seq from HCT116 cells,COAD
GSE39068,SKIP,COAD,68,8.2 GB,,"only a per-sample archive (<GSE>_RAW.tar), no count matrix",,Comparative genome-wide DNA methylation analysis of colorect,COAD
GSE33782,SKIP,COAD,3,12.0 GB,,"only a per-sample archive (<GSE>_RAW.tar), no count matrix",,"Transcriptome of normal,paracancerous and cancerous colon ti",COAD
GSE38447,SKIP,UNKNOWN,9,5.0 MB,,"only a per-sample archive (<GSE>_RAW.tar), no count matrix",,Cell type-specific binding patterns reveal that TCF7L2 can b,COAD
GSE28115,SKIP,UNKNOWN,39,5.8 GB,,"only a per-sample archive (<GSE>_RAW.tar), no count matrix",,CBX3 Regulates Efficient RNA Processing Genome Wide,COAD
GSE28254,SKIP,UNKNOWN,15,6.5 GB,,"only a per-sample archive (<GSE>_RAW.tar), no count matrix",,Sequential ChIP-bisulfite sequencing enables direct genome-s,COAD
GSE36349,SKIP,UNKNOWN,12,1.2 GB,,"only a per-sample archive (<GSE>_RAW.tar), no count matrix",,Integrated genome-wide analysis of transcription factor occu,COAD
GSE30786,SKIP,COAD,4,1.1 GB,,"only a per-sample archive (<GSE>_RAW.tar), no count matrix",,Determination of transcript abundance before and after serum,COAD
GSE30268,SKIP,UNKNOWN,34,6.9 GB,,"only a per-sample archive (<GSE>_RAW.tar), no count matrix",,Dynamic transcriptional events in embryonic stem cells media,COAD
GSE29580,SKIP,COAD,4,358.0 MB,,"only a per-sample archive (<GSE>_RAW.tar), no count matrix",,RNA-seq of two paired normal and cancer tissues in two stage,COAD
GSE23776,SKIP,COAD,2,171.0 MB,,"only a per-sample archive (<GSE>_RAW.tar), no count matrix",,Alternative expression analysis by RNA sequencing (compariso,COAD
