accession,search_cancer,n_samples,date,title,url
GSE347204,COAD,6,2026/10/01,Modular engineered colorectal tumor microenvironments for immuno-oncology research and drug development,https://www.ncbi.nlm.nih.gov/geo/query/acc.cgi?acc=GSE347204
GSE279921,COAD,36,2026/10/01,"Bivalent promoters are predisposed to gain and retain DNA methylation, leading to paradoxical gene activation.",https://www.ncbi.nlm.nih.gov/geo/query/acc.cgi?acc=GSE279921
GSE279919,COAD,15,2026/10/01,"Bivalent promoters are predisposed to gain and retain DNA methylation, leading to paradoxical gene activation [RNA-seq]",https://www.ncbi.nlm.nih.gov/geo/query/acc.cgi?acc=GSE279919
GSE301000,COAD,12,2026/09/30,RNA-seq analysis of RNA polymerase I inhibitor in HCT116 TP53 KO cells [HCT116_TP53KO_3days_RNA-seq],https://www.ncbi.nlm.nih.gov/geo/query/acc.cgi?acc=GSE301000
GSE287468,COAD,68,2026/09/30,The transcriptomic changes of patient's derived colorectal cancer organoids induced by drug treatment.,https://www.ncbi.nlm.nih.gov/geo/query/acc.cgi?acc=GSE287468
GSE290240,COAD,48,2026/09/28,"Differentially expressed genes in cells with CDK2 inhibition or genetic ablation, together with JQ1 treatment",https://www.ncbi.nlm.nih.gov/geo/query/acc.cgi?acc=GSE290240
GSE342379,COAD,9,2026/09/27,Inhibition of a corrupted embryonic developmental regulator reverses colon cancer to a normal-like state [Normal organoid],https://www.ncbi.nlm.nih.gov/geo/query/acc.cgi?acc=GSE342379
GSE310477,COAD,6,2026/09/27,Inhibition of a corrupted embryonic developmental regulator reverses colon cancer to a normal-like state [TAF10_bulk_RNA],https://www.ncbi.nlm.nih.gov/geo/query/acc.cgi?acc=GSE310477
GSE266086,COAD,3,2026/09/27,Inhibition of a corrupted embryonic developmental regulator reverses colon cancer to a normal-like state [scRNA-seq],https://www.ncbi.nlm.nih.gov/geo/query/acc.cgi?acc=GSE266086
GSE333618,COAD,8,2026/09/26,Colorectal cancer heterogeneity co-evolves with tumor architecture to determine disease outcome [scRNA-seq],https://www.ncbi.nlm.nih.gov/geo/query/acc.cgi?acc=GSE333618
GSE297054,COAD,5,2026/09/26,Colorectal cancer heterogeneity co-evolves with tumor architecture to determine disease outcome,https://www.ncbi.nlm.nih.gov/geo/query/acc.cgi?acc=GSE297054
GSE345612,COAD,6,2026/09/24,Transcriptomic Profiling of adherent (2D) and spheroid (3D) cultures of SW480 colorectal cancer cells,https://www.ncbi.nlm.nih.gov/geo/query/acc.cgi?acc=GSE345612
GSE335477,COAD,10,2026/09/23,Westernized diet related arachidonic acid metabolism expands DNA error-prone growth factor-dependent colonic quiescent stem cells in adolesc,https://www.ncbi.nlm.nih.gov/geo/query/acc.cgi?acc=GSE335477
GSE333907,COAD,83,2026/09/23,Transcriptional profiling of Dana-Farber Cancer Institute early-onset colorectal cancer cohort.,https://www.ncbi.nlm.nih.gov/geo/query/acc.cgi?acc=GSE333907
GSE312983,COAD,189,2026/09/23,A single-nucleus RNA-seq atlas of colorectal cancer across the age continuum reveals distinct features of early-onset colorectal cancer,https://www.ncbi.nlm.nih.gov/geo/query/acc.cgi?acc=GSE312983
GSE342684,COAD,19,2026/09/21,RNF43 p.G659fs Leads to Natural Killer Cell Dysfunction in MSI-high Colorectal Cancer Through PI3K/AKT/mTOR Signaling and HLA-E Upregulation,https://www.ncbi.nlm.nih.gov/geo/query/acc.cgi?acc=GSE342684
GSE326239,COAD,26,2026/09/21,5-Azacytidine incorporation into mRNAs disrupts translation and induces ribosome collisions,https://www.ncbi.nlm.nih.gov/geo/query/acc.cgi?acc=GSE326239
GSE309895,COAD,6,2026/09/18,Autophagy orchestrates anti-tumor immunity to enhance chemo-sensitivity by upregulation of TIMP-2 through FBXW2/CEBPB axis in Colorectal Can,https://www.ncbi.nlm.nih.gov/geo/query/acc.cgi?acc=GSE309895
GSE347528,COAD,20,2026/09/17,Transcriptomic comparison of colorectal cancer biopsies and human iPSC-derived intestinal organoids,https://www.ncbi.nlm.nih.gov/geo/query/acc.cgi?acc=GSE347528
GSE329052,COAD,12,2026/09/16,MEK inhibition induces persistent growth arrest through Wnt hyperactivation in KRAS wild-type colorectal cancer,https://www.ncbi.nlm.nih.gov/geo/query/acc.cgi?acc=GSE329052
GSE347194,COAD,8,2026/09/15,Transcriptomic profiling of HT29 colorectal cancer cells treated with indole-3-pyruvic acid,https://www.ncbi.nlm.nih.gov/geo/query/acc.cgi?acc=GSE347194
GSE346887,COAD,6,2026/09/15,Transcriptome profiling of PAXX knockdown in HCT116 colorectal cancer cells,https://www.ncbi.nlm.nih.gov/geo/query/acc.cgi?acc=GSE346887
GSE316373,COAD,18,2026/09/15,Suppression of the myofibroblastic cancer-associated fibroblast phenotype to enhance anti-PD-1 response,https://www.ncbi.nlm.nih.gov/geo/query/acc.cgi?acc=GSE316373
GSE343051,COAD,12,2026/09/11,Mechanical stress remodeling drives epithelial-mesenchymal transition in the tumor microenvironment,https://www.ncbi.nlm.nih.gov/geo/query/acc.cgi?acc=GSE343051
GSE338053,COAD,8,2026/09/11,3-Hydroxyanthranilic acid suppresses colorectal cancer growth and enhances 5-fluorouracil sensitivity via the YY1–p53 and YY1–DKK4 axes [RNA,https://www.ncbi.nlm.nih.gov/geo/query/acc.cgi?acc=GSE338053
GSE338052,COAD,6,2026/09/11,3-Hydroxyanthranilic acid suppresses colorectal cancer growth and enhances 5-fluorouracil sensitivity via the YY1-p53 and YY1-DKK4 axes [RNA,https://www.ncbi.nlm.nih.gov/geo/query/acc.cgi?acc=GSE338052
GSE324133,COAD,12,2026/09/11,Phosphorylation-driven targeted protein degradation of oncogenic β-catenin,https://www.ncbi.nlm.nih.gov/geo/query/acc.cgi?acc=GSE324133
GSE326566,COAD,6,2026/09/10,Effect of overexpression of DDX17(P82) on gene expression in LIM1215 cells,https://www.ncbi.nlm.nih.gov/geo/query/acc.cgi?acc=GSE326566
GSE346114,COAD,12,2026/09/08,Clinical and functional profiling nominates melanoma as a priority indication for GPNMB CAR T cell therapy,https://www.ncbi.nlm.nih.gov/geo/query/acc.cgi?acc=GSE346114
GSE303774,COAD,6,2026/09/08,CHK2 deficiency affects the engagement of DSBs repair pathways following DNA damage,https://www.ncbi.nlm.nih.gov/geo/query/acc.cgi?acc=GSE303774
GSE344104,COAD,12,2026/09/02,Epithelial Tissue Architecture Acts as a Barrier to Carcinoma Initiation,https://www.ncbi.nlm.nih.gov/geo/query/acc.cgi?acc=GSE344104
GSE319984,COAD,24,2026/09/02,Targeted RNA N6-Methyladenosine Demethylation inhibits cell migration in colorectal cancer cells,https://www.ncbi.nlm.nih.gov/geo/query/acc.cgi?acc=GSE319984
GSE319983,COAD,18,2026/09/02,Targeted RNA N6-Methyladenosine Demethylation inhibits cell migration in colorectal cancer cells [MeRIP-seq],https://www.ncbi.nlm.nih.gov/geo/query/acc.cgi?acc=GSE319983
GSE318761,COAD,164,2026/09/02,Multi-omics profiling of CDK2 kinase-dependent transcriptomic and epigenetic changes,https://www.ncbi.nlm.nih.gov/geo/query/acc.cgi?acc=GSE318761
GSE302405,COAD,6,2026/09/02,Targeted RNA N6-Methyladenosine Demethylation inhibits cell migration in colorectal cancer cells [RNA-seq],https://www.ncbi.nlm.nih.gov/geo/query/acc.cgi?acc=GSE302405
GSE343714,COAD,24,2026/09/01,Patient-derived Colorectal Cancer Organoids Enable Functional Prioritization of Molecular Tumor Board-Recommended Therapies,https://www.ncbi.nlm.nih.gov/geo/query/acc.cgi?acc=GSE343714
GSE345464,COAD,58,2026/08/31,Compartment-specific PPARδ activity controls the outcome of cancer – immune cell competition and immunotherapy efficacy,https://www.ncbi.nlm.nih.gov/geo/query/acc.cgi?acc=GSE345464
GSE306289,COAD,16,2026/08/31,Human ZBP1 Is a Potent Inducer of RIPK1-Dependent Cell Death Through Mechanisms Divergent from Mouse ZBP1 [human],https://www.ncbi.nlm.nih.gov/geo/query/acc.cgi?acc=GSE306289
GSE248000,COAD,30,2026/08/31,A metabolic switch that boosts immune cell fitness against cancer [Bulk RNA-seq],https://www.ncbi.nlm.nih.gov/geo/query/acc.cgi?acc=GSE248000
GSE305943,COAD,6,2026/08/30,GBP2 Enhances Anti–PD-L1 Response in Colorectal Cancer by Non-Pyroptotic Inhibition of GSDMD-Mediated YAP Activation,https://www.ncbi.nlm.nih.gov/geo/query/acc.cgi?acc=GSE305943
GSE315876,COAD,6,2026/08/28,The GSEC-encoded polypeptide GESP drives colorectal cancer tumorigenesis via NPM1-c-Myc–mediated repression of NDRG1,https://www.ncbi.nlm.nih.gov/geo/query/acc.cgi?acc=GSE315876
GSE248008,COAD,97,2026/08/28,A metabolic switch that boosts immune cell fitness against cancer,https://www.ncbi.nlm.nih.gov/geo/query/acc.cgi?acc=GSE248008
GSE312429,COAD,10,2026/08/26,"Bacteriophage-Mediated Restoration of Epithelial Integrity, DNA Damage Response, and Transcriptomic Homeostasis in Colon Organoids Exposed t",https://www.ncbi.nlm.nih.gov/geo/query/acc.cgi?acc=GSE312429
GSE338428,COAD,6,2026/08/24,Proximity of pre-mRNA 3′ end processing and transcription termination is associated with enhanced gene expression [Pancreatic 3'mRNA-Seq],https://www.ncbi.nlm.nih.gov/geo/query/acc.cgi?acc=GSE338428
GSE291826,COAD,49,2026/08/24,Proximity of pre-mRNA 3′ end processing and transcription termination is associated with enhanced gene expression,https://www.ncbi.nlm.nih.gov/geo/query/acc.cgi?acc=GSE291826
GSE291823,COAD,12,2026/08/24,Proximity of pre-mRNA 3′ end processing and transcription termination is associated with enhanced gene expression [Colorectal 3'mRNA-seq],https://www.ncbi.nlm.nih.gov/geo/query/acc.cgi?acc=GSE291823
GSE107605,COAD,8,2026/08/24,Role of differential mRNA processing by oncogenic KRAS in colon cancer,https://www.ncbi.nlm.nih.gov/geo/query/acc.cgi?acc=GSE107605
GSE307398,COAD,12,2026/08/23,Phase II Study of Pembrolizumab Plus Capecitabine and Bevacizumab for Microsatellite Stable/Mismatch Repair-Proficient Metastatic Colorectal,https://www.ncbi.nlm.nih.gov/geo/query/acc.cgi?acc=GSE307398
GSE314343,COAD,24,2026/08/21,Interference with PADI1 and PADI3 re-sensitizes KRAS-Mutant PDAC and CRC to KRAS ON/OFF Inhibitors by Promoting Non-lytic Apoptosis,https://www.ncbi.nlm.nih.gov/geo/query/acc.cgi?acc=GSE314343
GSE270300,COAD,1,2026/08/19,N-glycans in non-malignant tumor microenvironment cells dampen CAR-T cell function in solid tumors [scRNA-seq],https://www.ncbi.nlm.nih.gov/geo/query/acc.cgi?acc=GSE270300
GSE265950,COAD,12,2026/08/19,N-glycans in non-malignant tumor microenvironment cells dampen CAR-T cell function in solid tumors [RNA-Seq],https://www.ncbi.nlm.nih.gov/geo/query/acc.cgi?acc=GSE265950
GSE344100,COAD,6,2026/08/18,Effects of 3D and 2D culture on gene expression of HCT116 cells,https://www.ncbi.nlm.nih.gov/geo/query/acc.cgi?acc=GSE344100
GSE343958,COAD,12,2026/08/18,Bulk RNA-seq of HCT116 colorectal cancer 3D spheroids treated with 5-fluorouracil or olaparib,https://www.ncbi.nlm.nih.gov/geo/query/acc.cgi?acc=GSE343958
GSE343784,COAD,12,2026/08/18,Transcriptional Response of WT and MCL1-KO HCT116 Cells to the Chemotherapy Doxorubicin,https://www.ncbi.nlm.nih.gov/geo/query/acc.cgi?acc=GSE343784
GSE343610,COAD,6,2026/08/17,MACF1 Promotes Colorectal Cancer Progression via ATF4-Mediated ASNS Regulation,https://www.ncbi.nlm.nih.gov/geo/query/acc.cgi?acc=GSE343610
GSE338505,COAD,13,2026/08/17,Intact Cell Dissociation of FFPE Colon Tissue Enhances Cell Recovery and Gene Detection in scRNA-seq,https://www.ncbi.nlm.nih.gov/geo/query/acc.cgi?acc=GSE338505
GSE313017,COAD,6,2026/08/15,CHTOP Regulates ROS Homeostasis to Modulate Chemoresistance in Colorectal Cancer,https://www.ncbi.nlm.nih.gov/geo/query/acc.cgi?acc=GSE313017
GSE313248,COAD,14,2026/08/13,Characterization of Circulating Neoantigen-Specific T Cell Responses and Their Public TCR Repertoires in Lynch Syndrome Carriers (scRNAseq),https://www.ncbi.nlm.nih.gov/geo/query/acc.cgi?acc=GSE313248
GSE313246,COAD,14,2026/08/13,Characterization of Circulating Neoantigen-Specific T Cell Responses and Their Public TCR Repertoires in Lynch Syndrome Carriers (scTCRseq),https://www.ncbi.nlm.nih.gov/geo/query/acc.cgi?acc=GSE313246
GSE342462,COAD,12,2026/08/08,Integrated transcriptomic and bioelectrical profiling of stem-like cellular states in a colorectal cancer using SdFFF and UHF-DEP,https://www.ncbi.nlm.nih.gov/geo/query/acc.cgi?acc=GSE342462
GSE304710,COAD,18,2026/08/06,Pan-ERBB inhibitors synergize with KRAS inhibitors in rectal cancer,https://www.ncbi.nlm.nih.gov/geo/query/acc.cgi?acc=GSE304710
GSE337374,COAD,6,2026/08/05,The Oncogenic Role of Prostate Stem Cell Antigen (PSCA) in Colorectal Cancer: Implications for Targeted Therapy,https://www.ncbi.nlm.nih.gov/geo/query/acc.cgi?acc=GSE337374
GSE318822,COAD,63,2026/08/04,MED26 facilitates Mediator–Pol II complex assembly and promotes nuclear stress body formation during heat stress,https://www.ncbi.nlm.nih.gov/geo/query/acc.cgi?acc=GSE318822
GSE341447,COAD,6,2026/08/01,Effect of levofloxacin on apoptosis pathways in SW48 colorectal cancer cells,https://www.ncbi.nlm.nih.gov/geo/query/acc.cgi?acc=GSE341447
GSE338021,COAD,6,2026/07/31,Effect of a novel genistein isoflavonoid alkaloids (GIA) on gene expression in HCT116 colorectal cancer cells under hypoxic conditions,https://www.ncbi.nlm.nih.gov/geo/query/acc.cgi?acc=GSE338021
GSE325868,COAD,30,2026/07/31,Integrated Transcriptomic Profiling Reveals Immune and Molecular Stage-Specific Signatures of Colorectal Cancer in Hispanics Living in Puert,https://www.ncbi.nlm.nih.gov/geo/query/acc.cgi?acc=GSE325868
GSE312474,COAD,14,2026/07/31,MODULATION OF VIRUS–TUMOR-STROMAL INTERACTIONS BY MINNELIDE ENHANCES SYSTEMIC DUAL TARGETED MEASLES VIROTHERAPY IN BRAF-MUTANT COLORECTAL CA,https://www.ncbi.nlm.nih.gov/geo/query/acc.cgi?acc=GSE312474
GSE282103,COAD,6,2026/07/31,SOWAHA as a cancer suppressor gene Influence Metabolic Reprogramming,https://www.ncbi.nlm.nih.gov/geo/query/acc.cgi?acc=GSE282103
GSE271690,COAD,16,2026/07/31,An integrated single cell and spatial transcriptomic map of Tumor Margin in Colorectal Cancer,https://www.ncbi.nlm.nih.gov/geo/query/acc.cgi?acc=GSE271690
GSE332607,COAD,6,2026/07/29,SETD8-mediated mono-methylation of YAP at K76 promotes K48-linked polyubiquitination and degradation to suppress colorectal cancer​​,https://www.ncbi.nlm.nih.gov/geo/query/acc.cgi?acc=GSE332607
GSE331313,COAD,8,2026/07/29,Colonic epithelial regeneration shapes susceptibility to Clostridioides difficile infection,https://www.ncbi.nlm.nih.gov/geo/query/acc.cgi?acc=GSE331313
GSE327671,COAD,4,2026/07/27,PRMT5-mediated intron retention triggers innate and adaptive immunity against cancer,https://www.ncbi.nlm.nih.gov/geo/query/acc.cgi?acc=GSE327671
GSE289482,COAD,32,2026/07/23,IGF2BP3 regulates RNA metabolism during unfolded protein response [HCT116],https://www.ncbi.nlm.nih.gov/geo/query/acc.cgi?acc=GSE289482
GSE289481,COAD,32,2026/07/23,IGF2BP3 regulates RNA metabolism during unfolded protein response [IGF2BP3 cells],https://www.ncbi.nlm.nih.gov/geo/query/acc.cgi?acc=GSE289481
GSE289480,COAD,40,2026/07/23,IGF2BP3 regulates RNA metabolism during unfolded protein response [RKO iCas9 cells],https://www.ncbi.nlm.nih.gov/geo/query/acc.cgi?acc=GSE289480
GSE289424,COAD,18,2026/07/23,IGF2BP3 regulates RNA metabolism during unfolded protein response [RNA-Seq],https://www.ncbi.nlm.nih.gov/geo/query/acc.cgi?acc=GSE289424
GSE289214,COAD,32,2026/07/23,IGF2BP3 regulates RNA metabolism during unfolded protein response,https://www.ncbi.nlm.nih.gov/geo/query/acc.cgi?acc=GSE289214
GSE289024,COAD,15,2026/07/23,IGF2BP3 regulates RNA metabolism during unfolded protein response [QuantSeq],https://www.ncbi.nlm.nih.gov/geo/query/acc.cgi?acc=GSE289024
GSE294300,COAD,36,2026/07/22,Single-cell gene expression profiles of cells from primary colorectal cancer and adjacent normal tissue [scRNA-Seq],https://www.ncbi.nlm.nih.gov/geo/query/acc.cgi?acc=GSE294300
GSE336781,COAD,93,2026/07/20,ZFP36L2 orchestrates stress-adaptive plasticity in intestinal regeneration and colorectal cancer metastasis,https://www.ncbi.nlm.nih.gov/geo/query/acc.cgi?acc=GSE336781
GSE336564,COAD,6,2026/07/20,ZFP36L2 orchestrates stress-adaptive plasticity in intestinal regeneration and colorectal cancer metastasis (PDO scRNAseq),https://www.ncbi.nlm.nih.gov/geo/query/acc.cgi?acc=GSE336564
GSE336415,COAD,24,2026/07/20,ZFP36L2 orchestrates stress-adaptive plasticity in intestinal regeneration and colorectal cancer metastasis (ActDseq),https://www.ncbi.nlm.nih.gov/geo/query/acc.cgi?acc=GSE336415
GSE336319,COAD,12,2026/07/20,ZFP36L2 orchestrates stress-adaptive plasticity in intestinal regeneration and colorectal cancer metastasis (bulk RNAseq),https://www.ncbi.nlm.nih.gov/geo/query/acc.cgi?acc=GSE336319
GSE272618,COAD,140,2026/07/18,Single-Molecule Barcoding Technology for Single-Cell Genomics,https://www.ncbi.nlm.nih.gov/geo/query/acc.cgi?acc=GSE272618
GSE337619,COAD,8,2026/07/16,Differential Transcriptomic Responses to MRQ 74 and MRQ 76 Rice Extracts in HT-29 Cells; Implications for Apoptosis and Cell Cycle Regulatio,https://www.ncbi.nlm.nih.gov/geo/query/acc.cgi?acc=GSE337619
GSE338309,COAD,2,2026/07/15,Dissection of Poly(A)-binding protein (PABPC) cellular function using degron-mediated depletion with replacement [Nanopore],https://www.ncbi.nlm.nih.gov/geo/query/acc.cgi?acc=GSE338309
GSE333995,COAD,9,2026/07/15,IGFBP5 Derived From Endothelial Cells Drive Vascular Invasion and Liver Metastasis of Colorectal Cancer by Activating the ITGB3/PI3K/AKT Axi,https://www.ncbi.nlm.nih.gov/geo/query/acc.cgi?acc=GSE333995
GSE338197,COAD,33,2026/07/14,Dissection of Poly(A)-binding protein (PABPC) cellular function using degron-mediated depletion with replacement,https://www.ncbi.nlm.nih.gov/geo/query/acc.cgi?acc=GSE338197
GSE337675,COAD,28,2026/07/14,Truncating ASXL1 variants rewire cellular metabolism via mitochondrial pyruvate carrier repression,https://www.ncbi.nlm.nih.gov/geo/query/acc.cgi?acc=GSE337675
GSE292334,COAD,15,2026/07/14,The tumor suppressor SMAD4 is a gatekeeper for genome stability,https://www.ncbi.nlm.nih.gov/geo/query/acc.cgi?acc=GSE292334
GSE333496,COAD,11,2026/07/10,"Epigenetic landscape, key transcriptional regulators, and in vivo identification of human Tr1 cells [RNA-Seq]",https://www.ncbi.nlm.nih.gov/geo/query/acc.cgi?acc=GSE333496
GSE261033,COAD,28,2026/07/10,"Epigenetic landscape, key transcriptional regulators, and in vivo identification of human Tr1 cells [scMultiome]",https://www.ncbi.nlm.nih.gov/geo/query/acc.cgi?acc=GSE261033
GSE245885,COAD,10,2026/07/09,"Comprehensive Expression Profiles of mRNAs, LncRNAs, and CircRNAs in Colon Specimens of Patients with Slow Transit Constipation",https://www.ncbi.nlm.nih.gov/geo/query/acc.cgi?acc=GSE245885
GSE318306,COAD,36,2026/07/08,Whole transcriptome sequencing of HCT116 cells with altered DNA repair capacities treated with RTX or 5FdUR,https://www.ncbi.nlm.nih.gov/geo/query/acc.cgi?acc=GSE318306
GSE312260,COAD,2,2026/07/07,Gene expression profile at single cell level of Irinotecan-sensitive and Irinotecan-resistant organoids for colorectal cancer,https://www.ncbi.nlm.nih.gov/geo/query/acc.cgi?acc=GSE312260
GSE289055,COAD,18,2026/07/07,P2RY2 fuelled by eATP drives cancer immune evasion and therapy resistance,https://www.ncbi.nlm.nih.gov/geo/query/acc.cgi?acc=GSE289055
GSE285319,COAD,6,2026/07/03,The high expression of siglec10 in tumor macrophages may promote the progression of colorectal cancer,https://www.ncbi.nlm.nih.gov/geo/query/acc.cgi?acc=GSE285319
GSE335811,COAD,12,2026/07/01,Macrophage-Induced Senescent Cancer-Associated Fibroblasts Promote SASP-Mediated Chemoresistance in Colorectal Cancer,https://www.ncbi.nlm.nih.gov/geo/query/acc.cgi?acc=GSE335811
GSE324345,COAD,66,2026/07/01,Analysis of ER stress-induced three-dimensional enhancer network in wild-type and transcription facotr-knockout HCT116 cells [RNA-Seq],https://www.ncbi.nlm.nih.gov/geo/query/acc.cgi?acc=GSE324345
GSE319664,COAD,29,2026/07/01,RNA-seq analysis of tumors derived from a xenograft model treated with the KDM5B inhibitors JB-157 or JB-161.,https://www.ncbi.nlm.nih.gov/geo/query/acc.cgi?acc=GSE319664
GSE313035,COAD,67,2026/07/01,METIMMOX: Colorectal Cancer METastasis - Shaping Anti-tumor IMMunity by OXaliplatin,https://www.ncbi.nlm.nih.gov/geo/query/acc.cgi?acc=GSE313035
GSE311632,COAD,10,2026/06/30,Peristaltic forces drive tumor cell invasion in colorectal cancer [bulk RNA-seq],https://www.ncbi.nlm.nih.gov/geo/query/acc.cgi?acc=GSE311632
GSE311338,COAD,3,2026/06/30,Peristaltic forces drive tumor cell invasion in colorectal cancer [scRNA-seq],https://www.ncbi.nlm.nih.gov/geo/query/acc.cgi?acc=GSE311338
GSE299214,COAD,6,2026/06/30,Orphan drug nitisinone combined with sorafenib synergistically boosts anti-PD-1 efficacy in MSS Colorectal Cancer [RNA-Seq],https://www.ncbi.nlm.nih.gov/geo/query/acc.cgi?acc=GSE299214
GSE292601,COAD,62,2026/06/30,Epithelial interferon-stimulated gene programs modulate chemotherapy sensitivity in colorectal cancer via EPSTI1,https://www.ncbi.nlm.nih.gov/geo/query/acc.cgi?acc=GSE292601
GSE300623,COAD,17,2026/06/27,Transcriptomic analyses of PDX tumors (QQX-17) to gain insight into the mechanisms underlying FOLFOXIRI-induced DTP state.,https://www.ncbi.nlm.nih.gov/geo/query/acc.cgi?acc=GSE300623
GSE300621,COAD,15,2026/06/27,Transcriptomic analyses of PDX tumors (QQX-09) to gain insight into the mechanisms underlying FOLFOXIRI-induced DTP state.,https://www.ncbi.nlm.nih.gov/geo/query/acc.cgi?acc=GSE300621
GSE304522,COAD,24,2026/06/25,The MUC1 extracellular domain and cytoplasmic tail play distinct roles during Salmonella invasion of enterocytes,https://www.ncbi.nlm.nih.gov/geo/query/acc.cgi?acc=GSE304522
GSE327570,COAD,4,2026/06/22,Clostridioides difficile stimulates CCL20 expression in human colonoid monolayers in a transwell-based co-culture system that supports its a,https://www.ncbi.nlm.nih.gov/geo/query/acc.cgi?acc=GSE327570
GSE298631,COAD,6,2026/06/22,The mRNA profile of HT29 cells after treatment with YM155,https://www.ncbi.nlm.nih.gov/geo/query/acc.cgi?acc=GSE298631
GSE310281,COAD,12,2026/06/21,Translational control by RPL22L1-specific ribosomes enhances DNA repair and chemoresistance,https://www.ncbi.nlm.nih.gov/geo/query/acc.cgi?acc=GSE310281
GSE333940,COAD,6,2026/06/19,Transcriptome change led by GSK3B knockout (KO) in colon cancer RKO cells,https://www.ncbi.nlm.nih.gov/geo/query/acc.cgi?acc=GSE333940
GSE335210,COAD,173,2026/06/16,SOX9-BAF multi-omics profiling in human colon cancer cell models,https://www.ncbi.nlm.nih.gov/geo/query/acc.cgi?acc=GSE335210
GSE294934,COAD,15,2026/06/16,Epigenomic analysis of organoids from colorectal cancer peritoneal and liver metastases uncovers a mechanism of resistance to doxorubicin,https://www.ncbi.nlm.nih.gov/geo/query/acc.cgi?acc=GSE294934
GSE335441,COAD,18,2026/06/15,HCFC2 knockdown in human colorectal cancer cell lines,https://www.ncbi.nlm.nih.gov/geo/query/acc.cgi?acc=GSE335441
GSE334973,COAD,6,2026/06/15,Genome-wide characterization of extrachromosomal circular DNA and its functional role in colon cancer carcinogenesis and progression [RNA-se,https://www.ncbi.nlm.nih.gov/geo/query/acc.cgi?acc=GSE334973
GSE330797,COAD,4,2026/06/15,Single-cell transcriptomics analysis of colorectal cancer (CRC),https://www.ncbi.nlm.nih.gov/geo/query/acc.cgi?acc=GSE330797
GSE269456,COAD,3,2026/06/13,CircRAPGEF5 acts as a modulator of RAS/RAF/MEK/ERK signaling during colorectal carcinogenesis,https://www.ncbi.nlm.nih.gov/geo/query/acc.cgi?acc=GSE269456
GSE335198,COAD,19,2026/06/12,"RNA-seq and ONT full-length transcriptome profiling of HCT116 and WiDr cells treated with DMSO, GSK025, or GSK715",https://www.ncbi.nlm.nih.gov/geo/query/acc.cgi?acc=GSE335198
GSE333629,COAD,6,2026/06/10,An Exploratory Integrative Analysis of Plasma Transcriptomic and Proteomic Predictors of Response to Total Neoadjuvant Therapy in Locally Ad,https://www.ncbi.nlm.nih.gov/geo/query/acc.cgi?acc=GSE333629
GSE329293,COAD,20,2026/06/10,Macrophages transfer functional target-cell proteins to their surface during live cell uptake ,https://www.ncbi.nlm.nih.gov/geo/query/acc.cgi?acc=GSE329293
GSE326923,COAD,6,2026/06/10,Integrin beta 4 promotes colorectal cancer progression by upregulating Ezrin and activating the Wnt/β-catenin signaling pathway,https://www.ncbi.nlm.nih.gov/geo/query/acc.cgi?acc=GSE326923
GSE333925,COAD,38,2026/06/09,Gene expression profile of 31 RAS/RAF-wild-type colorectal cancer (CRC) stem-cell (SC)  spheroids and 7 FGFR-inhibitor resistant CSC-SC sphe,https://www.ncbi.nlm.nih.gov/geo/query/acc.cgi?acc=GSE333925
GSE272870,COAD,12,2026/06/04,Butyrate is anti-inflammatory at low and pro-inflammatory at high concentrations,https://www.ncbi.nlm.nih.gov/geo/query/acc.cgi?acc=GSE272870
GSE329984,COAD,108,2026/06/03,Non-Temperature-Induced Antitumor Effects of Amplitude-Modulated Radiofrequency: Molecular and Functional Synergies with Radiotherapy,https://www.ncbi.nlm.nih.gov/geo/query/acc.cgi?acc=GSE329984
GSE316027,COAD,32,2026/06/03,β-hydroxybutyrate-driven histone lysine β-hydroxybutyrylation promotes the immunostimulatory activity of monocyte-derived macrophages in rec,https://www.ncbi.nlm.nih.gov/geo/query/acc.cgi?acc=GSE316027
GSE312197,COAD,66,2026/06/03,MEK inhibition induces AXIN1 loss in colorectal cancer by mTOR associated suppression of protein synthesis,https://www.ncbi.nlm.nih.gov/geo/query/acc.cgi?acc=GSE312197
GSE312195,COAD,27,2026/06/03,MEK inhibition induces AXIN1 loss in colorectal cancer by mTOR associated suppression of protein synthesis [RNASeq_SW480],https://www.ncbi.nlm.nih.gov/geo/query/acc.cgi?acc=GSE312195
GSE312194,COAD,27,2026/06/03,MEK inhibition induces AXIN1 loss in colorectal cancer by mTOR associated suppression of protein synthesis [RNASeq_HCT116],https://www.ncbi.nlm.nih.gov/geo/query/acc.cgi?acc=GSE312194
GSE314768,COAD,6,2026/06/01,Transcriptomic profiling of oxaliplatin-resistant colorectal cancer cells,https://www.ncbi.nlm.nih.gov/geo/query/acc.cgi?acc=GSE314768
GSE298489,COAD,12,2026/06/01,Metabolic surgery reduces CRC disease progression mediated by circulating bile acid diversion,https://www.ncbi.nlm.nih.gov/geo/query/acc.cgi?acc=GSE298489
GSE295155,COAD,3,2026/06/01,Transcriptome profiling of HCT116 cells and differentiated HCT116 cells induced by forced expresssion of MYOD1 or PPARG using RNA-sequencing,https://www.ncbi.nlm.nih.gov/geo/query/acc.cgi?acc=GSE295155
GSE262785,COAD,6,2026/06/01,HNF4α is a target of the Wnt/β-catenin pathway and regulates colorectal carcinogenesis,https://www.ncbi.nlm.nih.gov/geo/query/acc.cgi?acc=GSE262785
GSE333210,COAD,3,2026/05/30,ZEB1 K80R Suppresses the NF-κB/EMT Axis and Tumor Pro-inflammatory Gene Expression,https://www.ncbi.nlm.nih.gov/geo/query/acc.cgi?acc=GSE333210
GSE333323,COAD,6,2026/05/28,STRIP2 Stabilizes LCN2 to Suppress Ferroptosis and Drives Colorectal Cancer Malignancy,https://www.ncbi.nlm.nih.gov/geo/query/acc.cgi?acc=GSE333323
GSE319208,COAD,6,2026/05/27,GDPD5-CD55-EGFR Competitive Binding Axis Regulates Radioresistance and Lipid Accumulation in Rectal Cancer,https://www.ncbi.nlm.nih.gov/geo/query/acc.cgi?acc=GSE319208
GSE309797,COAD,4,2026/05/27,High Expression of TMEM161A in Colorectal Cancer is Associated with Tumor Proliferation and Poor Prognosis,https://www.ncbi.nlm.nih.gov/geo/query/acc.cgi?acc=GSE309797
GSE297614,COAD,10,2026/05/27,SMYD2 methylates KDM5A restricting its demethylase activity on the genome (and driving proliferation,https://www.ncbi.nlm.nih.gov/geo/query/acc.cgi?acc=GSE297614
GSE271991,COAD,60,2026/05/27,Effect of red meat metabolites and nutrient deprivation on gene expression of HCT116 colorectal cancer cells,https://www.ncbi.nlm.nih.gov/geo/query/acc.cgi?acc=GSE271991
GSE312236,COAD,26,2026/05/26,Comprehensive proteogenomic analysis identifies immune targets in microsatellite stable and unstable colorectal cancers,https://www.ncbi.nlm.nih.gov/geo/query/acc.cgi?acc=GSE312236
GSE308265,COAD,6,2026/05/26,Molecular Mechanisms of the MLL4 Complex in H3K4 Methylation and p53-Dependent Transcription Activation [RNA-seq],https://www.ncbi.nlm.nih.gov/geo/query/acc.cgi?acc=GSE308265
GSE297912,COAD,10,2026/05/25,Development of an AI Model to Predict Tumor Immune Responsiveness in Colorectal Cancer Using Organoid–Immune Co-Culture platforms,https://www.ncbi.nlm.nih.gov/geo/query/acc.cgi?acc=GSE297912
GSE330465,COAD,104,2026/05/21,Gene expression profiling of neoadjuvant ABFOLFOX treatment in patients with unresectable colorectal cancer with liver metastases,https://www.ncbi.nlm.nih.gov/geo/query/acc.cgi?acc=GSE330465
GSE308782,COAD,36,2026/05/21,Telomerase Dysfunction Strategy Overcomes Targeted Therapy Induced Drug Tolerant Persister in Pan-cancer via SUCLG2 downregulation,https://www.ncbi.nlm.nih.gov/geo/query/acc.cgi?acc=GSE308782
GSE318640,COAD,6,2026/05/20,Transcriptome analysis on RKO cells treated with EZA,https://www.ncbi.nlm.nih.gov/geo/query/acc.cgi?acc=GSE318640
GSE298512,COAD,8,2026/05/20,Single Cell Glycome and Transcriptome Profiling Enabled by a Library of Anti-glycan Antibodies,https://www.ncbi.nlm.nih.gov/geo/query/acc.cgi?acc=GSE298512
GSE260896,COAD,6,2026/05/18,The MYB-related Transcription Factor MYPOP acts as a Selective Regulator of Cancer Cell Growth,https://www.ncbi.nlm.nih.gov/geo/query/acc.cgi?acc=GSE260896
GSE292302,COAD,42,2026/05/17,A core transcriptional regulatory circuitry controls super-enhancer-driven activation of LGR5 in colorectal cancer: RNA-seq,https://www.ncbi.nlm.nih.gov/geo/query/acc.cgi?acc=GSE292302
GSE324253,COAD,6,2026/05/15,RNA-seq in HCT116 cells treated with coptisine,https://www.ncbi.nlm.nih.gov/geo/query/acc.cgi?acc=GSE324253
GSE320366,COAD,8,2026/05/15,Short-Duration HIPEC-Mimetic Exposure to Mithramycin A Induces Structured Transcriptional Reprogramming in HT-29 Colorectal Cancer Cells,https://www.ncbi.nlm.nih.gov/geo/query/acc.cgi?acc=GSE320366
GSE330032,COAD,6,2026/05/14,Subtype-specific heterogeneity of anti-epidermal growth factor receptor antibody sensitivity in KRAS-mutant colorectal cancer revealed by pa,https://www.ncbi.nlm.nih.gov/geo/query/acc.cgi?acc=GSE330032
GSE319722,COAD,117,2026/05/11,Spatial dynamics links PD-L1 and Tumor-Associated Macrophage–Enriched Niches to Immune and Mesenchymal States in microsatellite stable color,https://www.ncbi.nlm.nih.gov/geo/query/acc.cgi?acc=GSE319722
GSE320040,COAD,7,2026/05/07,High-resolution and noninvasive profiling of the tumor microenvironment with spatial ecotypes [scRNA-seq],https://www.ncbi.nlm.nih.gov/geo/query/acc.cgi?acc=GSE320040
GSE320038,COAD,14,2026/05/07,High-resolution and noninvasive profiling of the tumor microenvironment with spatial ecotypes [RNA-seq],https://www.ncbi.nlm.nih.gov/geo/query/acc.cgi?acc=GSE320038
GSE299400,COAD,6,2026/05/07,Transcriptome alterations after CUL4A knockdown in HT-29 cells,https://www.ncbi.nlm.nih.gov/geo/query/acc.cgi?acc=GSE299400
GSE320042,COAD,38,2026/05/06,High-resolution and noninvasive profiling of the tumor microenvironment with spatial ecotypes,https://www.ncbi.nlm.nih.gov/geo/query/acc.cgi?acc=GSE320042
GSE296448,COAD,12,2026/05/06,Glycerol-3-Phosphate Dehydrogenase 1-Like serves as a tumor suppressor in colorectal cancer through ATF3-mediated ferroptosis,https://www.ncbi.nlm.nih.gov/geo/query/acc.cgi?acc=GSE296448
GSE291063,COAD,90,2026/05/04,Gene expression profiling of human DLD-1 cells after instant depletion of TREX2 subunits,https://www.ncbi.nlm.nih.gov/geo/query/acc.cgi?acc=GSE291063
GSE303732,COAD,6,2026/04/29,An appendiceal cancer organoid biobank identifies phenotypic evolution and druggable dependencies of peritoneal carcinomatosis,https://www.ncbi.nlm.nih.gov/geo/query/acc.cgi?acc=GSE303732
GSE310994,COAD,6,2026/04/27,RNA-seq of SW620 colorectal cancer cells: control (sh-control) versus ANO1 (TMEM16A) knockdown (sh-ANO1),https://www.ncbi.nlm.nih.gov/geo/query/acc.cgi?acc=GSE310994
GSE280266,COAD,48,2026/04/24,Reprogramming of Cellular Plasticity via ETS and MYC Core-regulatory circuits During Response to MAPK Inhibition in BRAF-mutant colorectal c,https://www.ncbi.nlm.nih.gov/geo/query/acc.cgi?acc=GSE280266
GSE272805,COAD,24,2026/04/24,tsRNAs sequencing of FFPE tissues reveals i-tRF-Gly-GCC as a biomarker for colorectal cancer,https://www.ncbi.nlm.nih.gov/geo/query/acc.cgi?acc=GSE272805
GSE303444,COAD,30,2026/04/23,Transcriptional and immune repertoire profiling of mismatch repair-deficient colorectal cancer,https://www.ncbi.nlm.nih.gov/geo/query/acc.cgi?acc=GSE303444
GSE328387,COAD,6,2026/04/22,LSD1 Attenuates Ferroptosis Sensitivity in Colorectal Cancer Cells via a Demethylase-Independent Manner: An Innovative Antitumor Strategy vi,https://www.ncbi.nlm.nih.gov/geo/query/acc.cgi?acc=GSE328387
GSE308712,COAD,12,2026/04/22,Effects of overexpression of HKDC1 on gene expression in two colon cancer cells.,https://www.ncbi.nlm.nih.gov/geo/query/acc.cgi?acc=GSE308712
GSE327697,COAD,12,2026/04/17,Mast cells interact directly with colorectal cancer cells to promote epithelial-to-mesenchymal transition,https://www.ncbi.nlm.nih.gov/geo/query/acc.cgi?acc=GSE327697
GSE327705,COAD,2,2026/04/15,Mast cells selectively deliver extracellular vesicle-encapsulated mRNA to colorectal cancer cells,https://www.ncbi.nlm.nih.gov/geo/query/acc.cgi?acc=GSE327705
GSE327054,COAD,9,2026/04/15,Resolving cell-cell interaction networks and their molecular logic in complex tissues,https://www.ncbi.nlm.nih.gov/geo/query/acc.cgi?acc=GSE327054
GSE327488,COAD,12,2026/04/14,Mutual interaction between Schwann cells and CD4+T cells promotes the progression of perineural invasion in colorectal cancer [RNA-seq],https://www.ncbi.nlm.nih.gov/geo/query/acc.cgi?acc=GSE327488
GSE281727,COAD,12,2026/04/13,Gene expression analysis of Subperitoneal Fibroblast (SPF) by knockdown of Transgelin.,https://www.ncbi.nlm.nih.gov/geo/query/acc.cgi?acc=GSE281727
GSE319878,COAD,171,2026/04/10,Interrogating the mechanistic link between neighborhood deprivation and colorectal cancer risk through gene expression analysis of normal co,https://www.ncbi.nlm.nih.gov/geo/query/acc.cgi?acc=GSE319878
GSE288724,COAD,20,2026/04/10,Network analysis of normal colon organoids exposed to metformin reveals likely regulatory role for colorectal cancer genome-wide association,https://www.ncbi.nlm.nih.gov/geo/query/acc.cgi?acc=GSE288724
GSE289766,COAD,27,2026/04/09,Analysis of the mechanism of acquisition of chemotherapy resistance in colorectal cancer cell lines,https://www.ncbi.nlm.nih.gov/geo/query/acc.cgi?acc=GSE289766
GSE322823,COAD,6,2026/04/08,IFNγ-induced antigen loss in chimeric antigen receptor (CAR)-T cell therapy,https://www.ncbi.nlm.nih.gov/geo/query/acc.cgi?acc=GSE322823
GSE327208,COAD,12,2026/04/07,Control of Cellular Differentiation Trajectories for Cancer Reversion,https://www.ncbi.nlm.nih.gov/geo/query/acc.cgi?acc=GSE327208
GSE312823,COAD,6,2026/04/06,Targeting the epigenome and the integrated stress response to normalize colorectal cancer subclonal plasticity and progression,https://www.ncbi.nlm.nih.gov/geo/query/acc.cgi?acc=GSE312823
GSE326394,COAD,8,2026/04/04,Genome-wide identification of vitamin D receptor–regulated enhancer RNAs reveals epigenetic regulation of CYP24A1 transcription,https://www.ncbi.nlm.nih.gov/geo/query/acc.cgi?acc=GSE326394
GSE315534,COAD,15,2026/04/02,"Single-cell RNA sequencing of primary colorectal cancer, matched adjacent normal tissues, and paired liver metastases",https://www.ncbi.nlm.nih.gov/geo/query/acc.cgi?acc=GSE315534
GSE316624,COAD,12,2026/04/01,Anti-SLC7A11 monoclonal antibody Inhibits Tumor Progression through a Janus-faced Effect on CD4+ and CD8+ T Cells in Colorectal Cancer [RNA-,https://www.ncbi.nlm.nih.gov/geo/query/acc.cgi?acc=GSE316624
GSE312175,COAD,6,2026/03/30,HyperTRIBE uncovers MEX3A RNA-binding activity in colorectal cancer (CRC) cells,https://www.ncbi.nlm.nih.gov/geo/query/acc.cgi?acc=GSE312175
GSE292970,COAD,54,2026/03/27,Spatially organizing million callus cells identify the core-network enable tomato shoot regeneration [RNA-Seq],https://www.ncbi.nlm.nih.gov/geo/query/acc.cgi?acc=GSE292970
GSE292673,COAD,96,2026/03/27,Directed evolution of a genetically encoded photocatalyst for temporally resolved proximity labeling of subcellular RNAs and proteins,https://www.ncbi.nlm.nih.gov/geo/query/acc.cgi?acc=GSE292673
GSE319745,COAD,10,2026/03/26,DNMT1 loss leads to hypermethylation of a subset of late replicating domains by DNMT3A (RNA-seq),https://www.ncbi.nlm.nih.gov/geo/query/acc.cgi?acc=GSE319745
GSE297847,COAD,42,2026/03/26,DNMT1 loss leads to hypermethylation of a subset of late replicating domains by DNMT3A.,https://www.ncbi.nlm.nih.gov/geo/query/acc.cgi?acc=GSE297847
GSE292858,COAD,73,2026/03/25,RNA-Seq analysis of  tumor and matched normal samples from colorectal cancer patients.,https://www.ncbi.nlm.nih.gov/geo/query/acc.cgi?acc=GSE292858
GSE296192,COAD,98,2026/03/24,Hypoxic regulation of chromatin and gene transcription,https://www.ncbi.nlm.nih.gov/geo/query/acc.cgi?acc=GSE296192
GSE296191,COAD,14,2026/03/24,Hypoxic regulation of chromatin and gene transcription [RNA-seq],https://www.ncbi.nlm.nih.gov/geo/query/acc.cgi?acc=GSE296191
GSE308833,COAD,6,2026/03/19,Effect of depletion of PRSS22 on gene expression of HCT116 colorectal cancer cells,https://www.ncbi.nlm.nih.gov/geo/query/acc.cgi?acc=GSE308833
GSE267911,COAD,6,2026/03/18,KAT2B-Mediated Epigenetic Suppression of RAD51C Enhances Olaparib Sensitivity in Colorectal Cancer,https://www.ncbi.nlm.nih.gov/geo/query/acc.cgi?acc=GSE267911
GSE270765,COAD,17,2026/03/17,Disseminated tumor cell of colorectal cancer adopt the wound healing program of epidermal keratinocyte [RNA-seq],https://www.ncbi.nlm.nih.gov/geo/query/acc.cgi?acc=GSE270765
GSE303880,COAD,3,2026/03/16,MAIT cell enrichment in Lynch syndrome is associated with immune surveillance and colorectal cancer risk,https://www.ncbi.nlm.nih.gov/geo/query/acc.cgi?acc=GSE303880
GSE315227,COAD,12,2026/03/15,RNA-seq data of PEPD over-expressed vs NC GBM cells,https://www.ncbi.nlm.nih.gov/geo/query/acc.cgi?acc=GSE315227
GSE292184,COAD,17,2026/03/15,FOXM1 drives metabolic adaptations in colorectal cancer brain metastases and represents a potential therapeutic target,https://www.ncbi.nlm.nih.gov/geo/query/acc.cgi?acc=GSE292184
GSE314837,COAD,6,2026/03/13,EHMT2-mediated chromatin reprogramming in 5-fluorouracil (5-FU) resistant colorectal cancer,https://www.ncbi.nlm.nih.gov/geo/query/acc.cgi?acc=GSE314837
GSE284007,COAD,24,2026/03/13,The long noncoding RNA C1QTNF1-AS1 interacts with RSRC2 to ensure mitotic fidelity,https://www.ncbi.nlm.nih.gov/geo/query/acc.cgi?acc=GSE284007
GSE291804,COAD,18,2026/03/12,Multi-omics analysis of brain metastasis elucidates obesity induced prostaglandin crosstalk in tumor microenvironment restrain CD8T cell exp,https://www.ncbi.nlm.nih.gov/geo/query/acc.cgi?acc=GSE291804
GSE264050,COAD,87,2026/03/12,Parkinson's disease (PD) genetic asymmetry in neuronal nuclei from paired hemisphere samples of prefrontal cortex,https://www.ncbi.nlm.nih.gov/geo/query/acc.cgi?acc=GSE264050
GSE311000,COAD,6,2026/03/11,Intra-tumoral microbiota and host genotype cooperatively shape neutrophil antitumor activity in colorectal cancer,https://www.ncbi.nlm.nih.gov/geo/query/acc.cgi?acc=GSE311000
GSE302491,COAD,6,2026/03/11,AURKA-Mediated 7-Dehydrocholesterol Biosynthesis Drives Ferroptosis Evasion and Chemoresistance,https://www.ncbi.nlm.nih.gov/geo/query/acc.cgi?acc=GSE302491
GSE290123,COAD,8,2026/03/11,Comprehensive Transcriptomic Analysis of DLD1 Colon Cancer Cells Overexpressing TRMT6 and TRMT61A Genes [RNA-seq],https://www.ncbi.nlm.nih.gov/geo/query/acc.cgi?acc=GSE290123
GSE314194,COAD,18,2026/03/09,m6A Methylation Suppresses anti-tumour immune responses in Colorectal Cancers by Inhibiting Double-stranded RNA accumulation from Alu Repeat,https://www.ncbi.nlm.nih.gov/geo/query/acc.cgi?acc=GSE314194
GSE300323,COAD,,2026/03/09,Re-analysis of PRO-seq data from HCT116 cells (GSE129501),https://www.ncbi.nlm.nih.gov/geo/query/acc.cgi?acc=GSE300323
GSE300319,COAD,6,2026/03/09,Sequence-specific RNA recognition drives Restrictor-mediated termination of extragenic transcription [HCT116_4sU-RNAseq],https://www.ncbi.nlm.nih.gov/geo/query/acc.cgi?acc=GSE300319
GSE289982,COAD,70,2026/03/09,m6A Methylation Suppresses anti-tumour immune responses in Colorectal Cancers by Inhibiting Double-stranded RNA accumulation from Alu Repeat,https://www.ncbi.nlm.nih.gov/geo/query/acc.cgi?acc=GSE289982
GSE289971,COAD,16,2026/03/09,m6A Methylation Suppresses anti-tumour immune responses in Colorectal Cancers by Inhibiting Double-stranded RNA accumulation from Alu Repeat,https://www.ncbi.nlm.nih.gov/geo/query/acc.cgi?acc=GSE289971
GSE322659,COAD,24,2026/03/07,"Nitric Oxide Synthase 2-Dependent Metabolic Dysregulation, Immunosuppression, and Genomic Instability in Metastatic Triple-Negative Breast C",https://www.ncbi.nlm.nih.gov/geo/query/acc.cgi?acc=GSE322659
GSE322519,COAD,3,2026/03/06,Cancerformer: A CRISPR Screen-benchmarked Multimodal AI Platform for Predication of Cancer Dependencies in Patient-derived Organoids,https://www.ncbi.nlm.nih.gov/geo/query/acc.cgi?acc=GSE322519
GSE305244,COAD,18,2026/03/04,TNF-α Deficiency Underlies NK Cell Dysfunction in Colorectal Cancer,https://www.ncbi.nlm.nih.gov/geo/query/acc.cgi?acc=GSE305244
GSE271043,COAD,6,2026/03/04,Desulfovibrio Vulgaris Flagellin Induces Epithelial-Mesenchymal Transition of Colorectal Cancer through LRRC19/TRAF6/TAK1 Pathway,https://www.ncbi.nlm.nih.gov/geo/query/acc.cgi?acc=GSE271043
GSE300453,COAD,163,2026/03/03,Sequence-specific RNA recognition drives Restrictor-mediated termination of extragenic transcription,https://www.ncbi.nlm.nih.gov/geo/query/acc.cgi?acc=GSE300453
GSE312804,COAD,2,2026/03/02,scRNAseq analysis of hepatocytes from liver cirrhosis patient,https://www.ncbi.nlm.nih.gov/geo/query/acc.cgi?acc=GSE312804
GSE310401,COAD,9,2026/03/02,Reactivation of the silenced BASP1 gene suppresses oncogenic WNT signaling in human colorectal cancer cells,https://www.ncbi.nlm.nih.gov/geo/query/acc.cgi?acc=GSE310401
GSE289646,COAD,1,2026/03/02,Genomic Analysis of T cell Receptors Provides Novel Insights of Cancer Immunology in Lynch Syndrome Carriers,https://www.ncbi.nlm.nih.gov/geo/query/acc.cgi?acc=GSE289646
GSE313460,COAD,9,2026/02/28,Effects of phytogalactolipids on drug-resistant colorectal cancer,https://www.ncbi.nlm.nih.gov/geo/query/acc.cgi?acc=GSE313460
GSE293576,COAD,9,2026/02/28,Partial truncation of the C-terminal domain of PTCH1 in cancer promotes tumorigenesis by non-canonical activation of GLI transcriptional act,https://www.ncbi.nlm.nih.gov/geo/query/acc.cgi?acc=GSE293576
GSE312326,COAD,6,2026/02/27,DKC1 promotes colorectal cancer progression and therapy resistance by dysregulating sphingolipid biosynthesis,https://www.ncbi.nlm.nih.gov/geo/query/acc.cgi?acc=GSE312326
GSE295985,COAD,2,2026/02/26,Aberrant NOTUM+ Program Induced in LGR5+ Crypt Base Columnar Cells Maintains an Immunosuppressive Niche in Colorectal Cancer,https://www.ncbi.nlm.nih.gov/geo/query/acc.cgi?acc=GSE295985
GSE299569,COAD,26,2026/02/25,Palmitic Acid Activates c-Myc via Dual Palmitoylation-dependent Pathways to Promote Colon Cancer,https://www.ncbi.nlm.nih.gov/geo/query/acc.cgi?acc=GSE299569
GSE256188,COAD,36,2026/02/22,Super-enhancers reorganization controls re-sensitization of oxaliplatin-resistant FBXW7-mutated colorectal cancer,https://www.ncbi.nlm.nih.gov/geo/query/acc.cgi?acc=GSE256188
GSE308548,COAD,9,2026/02/19,Monocytes acquire a tumor-associated IL1B program upon encountering patient-derived colon cancer organoids,https://www.ncbi.nlm.nih.gov/geo/query/acc.cgi?acc=GSE308548
GSE311274,COAD,6,2026/02/18,Dynamin 1 promotes colorectal cancer progression by activating the PI3K/Akt signaling pathway,https://www.ncbi.nlm.nih.gov/geo/query/acc.cgi?acc=GSE311274
GSE308582,COAD,6,2026/02/18,Monocytes acquire a tumor-associated IL1B program upon encountering patient-derived colon cancer organoids,https://www.ncbi.nlm.nih.gov/geo/query/acc.cgi?acc=GSE308582
GSE282463,COAD,12,2026/02/18,Splicing Factor 3a Subunit 1 Promotes Colorectal Cancer Growth via Anti-programmed cell death of Syntaxin12.,https://www.ncbi.nlm.nih.gov/geo/query/acc.cgi?acc=GSE282463
GSE319741,COAD,28,2026/02/17,TWIST1 mediated transcriptional activation of SPON2 drives colorectal peritoneal metastasis through stromal cell signaling network,https://www.ncbi.nlm.nih.gov/geo/query/acc.cgi?acc=GSE319741
GSE294344,COAD,76,2026/02/17,DEAH-BOX HELICASE 8 IS A REGULATOR OF HEAT SHOCK FACTOR 1,https://www.ncbi.nlm.nih.gov/geo/query/acc.cgi?acc=GSE294344
GSE307937,COAD,6,2026/02/14,PKM2 lactylation promotes colorectal cancer vasculogenic mimicry and resistance to bevacizumab treatment by facilitating FOSL1 super-enhance,https://www.ncbi.nlm.nih.gov/geo/query/acc.cgi?acc=GSE307937
GSE309346,COAD,3,2026/02/12,PI3K and MAPK signaling nodes as divergent drivers of phenotypic plasticity in cancer-associated fibroblasts in colorectal cancer [scRNA-Seq,https://www.ncbi.nlm.nih.gov/geo/query/acc.cgi?acc=GSE309346
GSE309233,COAD,12,2026/02/12,PI3K and MAPK signaling nodes as divergent drivers of phenotypic plasticity in cancer-associated fibroblasts in colorectal cancer,https://www.ncbi.nlm.nih.gov/geo/query/acc.cgi?acc=GSE309233
GSE302045,COAD,19,2026/02/11,"Innate lymphoid cells in unaffected colon, colorectal cancer and peritoneal metastasis",https://www.ncbi.nlm.nih.gov/geo/query/acc.cgi?acc=GSE302045
GSE269621,COAD,4,2026/02/11,scRNA-SEQ analysis of SW620 xenografts tumor in nude mice,https://www.ncbi.nlm.nih.gov/geo/query/acc.cgi?acc=GSE269621
GSE289217,COAD,9,2026/02/09,The alterations of gene expression profiling induced by ORM1 knockdown in HCT116 cells.,https://www.ncbi.nlm.nih.gov/geo/query/acc.cgi?acc=GSE289217
GSE289213,COAD,9,2026/02/08,The alterations of gene expression profiling induced by EXOSC10-AS1 knockdown in HCT116 cells.,https://www.ncbi.nlm.nih.gov/geo/query/acc.cgi?acc=GSE289213
GSE316301,COAD,24,2026/02/06,Tumor matrix proteoglycan accumulation and processing alters T cell effector function and the response to immunotherapy in oligometastatic c,https://www.ncbi.nlm.nih.gov/geo/query/acc.cgi?acc=GSE316301
GSE291324,COAD,8,2026/02/06,Transcriptome analysis of HCT116 cells subjected to low glucose or depleted of MAPKAPK2 expression.,https://www.ncbi.nlm.nih.gov/geo/query/acc.cgi?acc=GSE291324
GSE288874,COAD,26,2026/02/05,THE INTEGRATIVE GENOMIC AND FUNCTIONAL IMMUNOLOGICAL ANALYSES OF COLORECTAL CANCER INITIATING CELLS TO MODULATE STEMNESS PROPERTIES AND THE ,https://www.ncbi.nlm.nih.gov/geo/query/acc.cgi?acc=GSE288874
GSE318268,COAD,73,2026/02/04,CMS subtypes correlate with complete response in trial of neoadjuvant Galunisertib plus chemoradiation in rectal cancer,https://www.ncbi.nlm.nih.gov/geo/query/acc.cgi?acc=GSE318268
GSE278461,COAD,37,2026/02/04,Separate transcription and splicing gene networks are linked and coordinated by the pRb-E2F pathway,https://www.ncbi.nlm.nih.gov/geo/query/acc.cgi?acc=GSE278461
GSE289583,COAD,14,2026/02/01,Baseline tumor features and peripheral blood immune dynamics that underlie efficacy in MSS metastatic colorectal cancer treated with regoraf,https://www.ncbi.nlm.nih.gov/geo/query/acc.cgi?acc=GSE289583
GSE289582,COAD,115,2026/02/01,Baseline tumor features and peripheral blood immune dynamics that underlie efficacy in MSS metastatic colorectal cancer treated with regoraf,https://www.ncbi.nlm.nih.gov/geo/query/acc.cgi?acc=GSE289582
GSE289034,COAD,6,2026/02/01,Screening CRC-specific lncRNA,https://www.ncbi.nlm.nih.gov/geo/query/acc.cgi?acc=GSE289034
GSE314702,COAD,12,2026/01/30,Transcriptomic profiling of colorectal cancer cells treated with the dual-targeting TOP1/G4 inhibitor ZBH-01,https://www.ncbi.nlm.nih.gov/geo/query/acc.cgi?acc=GSE314702
GSE310036,COAD,12,2026/01/30,Transcriptomic profiling of HCT116 and HT29 colorectal cancer cells after piR-37524 inhibition,https://www.ncbi.nlm.nih.gov/geo/query/acc.cgi?acc=GSE310036
GSE290045,COAD,6,2026/01/30,Colorectal cancer-derived osteopontin rewires macrophages into a pro-metastatic M2 state via the PI3K/AKT/CSF1-CSF1R axis,https://www.ncbi.nlm.nih.gov/geo/query/acc.cgi?acc=GSE290045
GSE308376,COAD,18,2026/01/29,ACTB methylation regulates SMARCA4 genomic occupancy to promote translation and reduce adhesion in colorectal cancer cells,https://www.ncbi.nlm.nih.gov/geo/query/acc.cgi?acc=GSE308376
GSE293106,COAD,12,2026/01/28,Selective inhibition of ALDH1A3 impedes breast cancer growth and metastasis by blocking ALDH1A3-driven transcriptional programs ,https://www.ncbi.nlm.nih.gov/geo/query/acc.cgi?acc=GSE293106
GSE310683,COAD,38,2026/01/27,Detection of mitochondrial DNA mutations in T cells following 5-FU or cisplatin exposure,https://www.ncbi.nlm.nih.gov/geo/query/acc.cgi?acc=GSE310683
GSE299943,COAD,9,2026/01/27,BCL-xL as a therapeutic target in cetuximab-refractory colorectal cancer,https://www.ncbi.nlm.nih.gov/geo/query/acc.cgi?acc=GSE299943
GSE298852,COAD,26,2026/01/21,NSMF Mitigates Excessive Replication Stress to Facilitate Colorectal Cancer Progression,https://www.ncbi.nlm.nih.gov/geo/query/acc.cgi?acc=GSE298852
GSE305039,COAD,6,2026/01/20,Smoking promotes the progression of colorectal cancer via CKAP2L/STAT3/AREG/EGFR axis,https://www.ncbi.nlm.nih.gov/geo/query/acc.cgi?acc=GSE305039
GSE305020,COAD,12,2026/01/20,Smoking promotes the progression of colorectal cancer via CKAP2L/STAT3/AREG/EGFR axis,https://www.ncbi.nlm.nih.gov/geo/query/acc.cgi?acc=GSE305020
GSE311253,COAD,12,2026/01/19,RNA-seq profiling of ADAM10 inhibition in DLD-1 and SW620 colorectal cancer cell lines,https://www.ncbi.nlm.nih.gov/geo/query/acc.cgi?acc=GSE311253
GSE288344,COAD,258,2026/01/17,Targeted citrullination enables p53 binding to non-canonical sites,https://www.ncbi.nlm.nih.gov/geo/query/acc.cgi?acc=GSE288344
GSE287870,COAD,48,2026/01/17,Targeted citrullination enables p53 binding to non-canonical sites [164],https://www.ncbi.nlm.nih.gov/geo/query/acc.cgi?acc=GSE287870
GSE214255,COAD,4,2026/01/15,Functional Dynamic Modulation of Colorectal Cancer Initiation and Metastatic Capacity by a Novel MiR-7974 Regulatory Axis,https://www.ncbi.nlm.nih.gov/geo/query/acc.cgi?acc=GSE214255
GSE316039,COAD,14,2026/01/14,Downregulation of MGST3 promotes colorectal cancer progression,https://www.ncbi.nlm.nih.gov/geo/query/acc.cgi?acc=GSE316039
GSE288026,COAD,10,2026/01/14,A conserved short 3 ́UTR short motif regulates gene expression in vertebrates,https://www.ncbi.nlm.nih.gov/geo/query/acc.cgi?acc=GSE288026
GSE299651,COAD,20,2026/01/12,Pooled single-cell screening in colorectal cancer identifies transcriptional modules of clinical relevance unlocked by oncogenes,https://www.ncbi.nlm.nih.gov/geo/query/acc.cgi?acc=GSE299651
GSE315767,COAD,6,2026/01/11,Transcriptome Sequencing Analysis of Human Colorectal Cancer Cell Lines After ECM1 Knockdown,https://www.ncbi.nlm.nih.gov/geo/query/acc.cgi?acc=GSE315767
GSE315576,COAD,34,2026/01/09,Nucleolar Expansion Drives 3D Genome Reorganization and Transcriptional Repression in Cancer,https://www.ncbi.nlm.nih.gov/geo/query/acc.cgi?acc=GSE315576
GSE309969,COAD,16,2026/01/09,Proteasome activity maintains cell type-specific gene expression,https://www.ncbi.nlm.nih.gov/geo/query/acc.cgi?acc=GSE309969
GSE315569,COAD,8,2026/01/06,Aptamer-modified 5-fluorouracil encapsulated metal-organic framework nanodrugs for enhanced therapy of colorectal cancer via peroxidative in,https://www.ncbi.nlm.nih.gov/geo/query/acc.cgi?acc=GSE315569
GSE285901,COAD,4,2026/01/05,PSY Suppresses Colorectal Cancer Progression by Targeting Oncogenic Signaling and Metabolic Reprogramming,https://www.ncbi.nlm.nih.gov/geo/query/acc.cgi?acc=GSE285901
GSE295961,COAD,157,2026/01/01,Genomic profiling of active vitamin D colonic responses in African- and European-Americans identifies an ancestry-related regulatory variant,https://www.ncbi.nlm.nih.gov/geo/query/acc.cgi?acc=GSE295961
GSE286216,COAD,6,2026/01/01,c-MET inhibition is synthetic lethal with ARID1A loss via targeting GPX4 and promoting ferroptosis,https://www.ncbi.nlm.nih.gov/geo/query/acc.cgi?acc=GSE286216
GSE312849,COAD,6,2025/12/31,Effect of QPRT overexpression on gene expression in cancer pericyte cells,https://www.ncbi.nlm.nih.gov/geo/query/acc.cgi?acc=GSE312849
GSE309341,COAD,6,2025/12/31,KRAS-ERK Signaling Drives Metastasis in Colorectal Cancer via Phosphorylation Dependent Activation of the ZBTB20-TGFBR2 Axis,https://www.ncbi.nlm.nih.gov/geo/query/acc.cgi?acc=GSE309341
GSE270767,COAD,1,2025/12/31,Disseminated tumor cell of colorectal cancer adopt the wound healing program of epidermal keratinocyte [scRNA-seq],https://www.ncbi.nlm.nih.gov/geo/query/acc.cgi?acc=GSE270767
GSE315014,COAD,10,2025/12/30,DOT1L-mediated CDK9 methylation is essential for DNA double-strand break repair [RNA-seq],https://www.ncbi.nlm.nih.gov/geo/query/acc.cgi?acc=GSE315014
GSE301220,COAD,6,2025/12/24,RNA-seq analysis reveals dysregulated pathways in CAFs following NPs treatment.,https://www.ncbi.nlm.nih.gov/geo/query/acc.cgi?acc=GSE301220
GSE314476,COAD,24,2025/12/23,"Sex-specific effects of exogenous asparagine on colorectal tumor growth, 17β-estradiol levels, and aromatase",https://www.ncbi.nlm.nih.gov/geo/query/acc.cgi?acc=GSE314476
GSE310492,COAD,13,2025/12/22,ADH1C downregulation is a key hypoxia response in colon epithelium,https://www.ncbi.nlm.nih.gov/geo/query/acc.cgi?acc=GSE310492
GSE303377,COAD,384,2025/12/20,Colorectal Cancer cohort from the Geneva Cancer Registry,https://www.ncbi.nlm.nih.gov/geo/query/acc.cgi?acc=GSE303377
GSE312098,COAD,12,2025/12/18,Overcoming ADC resistance in advanced colorectal cancer by dual targeting of TROP2 and PERK to suppress Wnt/β-catenin signaling [TROP2+GSK R,https://www.ncbi.nlm.nih.gov/geo/query/acc.cgi?acc=GSE312098
GSE311016,COAD,10,2025/12/18,Overcoming ADC resistance in advanced colorectal cancer by dual targeting of TROP2 and PERK to suppress Wnt/β-catenin signaling,https://www.ncbi.nlm.nih.gov/geo/query/acc.cgi?acc=GSE311016
GSE309239,COAD,28,2025/12/18,"High-dimensional profiling uncovers heterogeneity, lineage-specific precursors and inflammation-induced changes in the mononuclear phagocyte",https://www.ncbi.nlm.nih.gov/geo/query/acc.cgi?acc=GSE309239
GSE292020,COAD,15,2025/12/17,"Colorectal cancer organoids drive patient-specific inflammation, cytotoxicity and tissue-residency programs in NK cells",https://www.ncbi.nlm.nih.gov/geo/query/acc.cgi?acc=GSE292020
GSE264360,COAD,6,2025/12/17,Nuclear translocation of Cx43 promotes CRC progression by CAF via activating β-catenin through TGF-β and phosphorylation,https://www.ncbi.nlm.nih.gov/geo/query/acc.cgi?acc=GSE264360
GSE290623,COAD,142,2025/12/15,Opposing functions of distinct regulatory T cell subsets in colorectal cancer,https://www.ncbi.nlm.nih.gov/geo/query/acc.cgi?acc=GSE290623
GSE290622,COAD,102,2025/12/15,Opposing functions of distinct regulatory T cell subsets in colorectal cancer,https://www.ncbi.nlm.nih.gov/geo/query/acc.cgi?acc=GSE290622
GSE290616,COAD,12,2025/12/15,Opposing functions of distinct regulatory T cell subsets in colorectal cancer,https://www.ncbi.nlm.nih.gov/geo/query/acc.cgi?acc=GSE290616
GSE254009,COAD,12,2025/12/13,NELF prevents widespread transcriptional readthrough into DNA replication zones of cancer cells [TT-seq],https://www.ncbi.nlm.nih.gov/geo/query/acc.cgi?acc=GSE254009
GSE253121,COAD,70,2025/12/13,NELF prevents transcriptional readthrough into DNA replication zones in cancer cells,https://www.ncbi.nlm.nih.gov/geo/query/acc.cgi?acc=GSE253121
GSE253120,COAD,28,2025/12/13,NELF prevents widespread transcriptional readthrough into DNA replication zones of cancer cells [POINT-seq],https://www.ncbi.nlm.nih.gov/geo/query/acc.cgi?acc=GSE253120
GSE253012,COAD,12,2025/12/13,NELF prevents widespread transcriptional readthrough into DNA replication zones of cancer cells [RNA-seq],https://www.ncbi.nlm.nih.gov/geo/query/acc.cgi?acc=GSE253012
GSE313499,COAD,12,2025/12/12,Identification of Novel Regulators of LINE-1 Expression via CRISPR/Cas9 Screening,https://www.ncbi.nlm.nih.gov/geo/query/acc.cgi?acc=GSE313499
GSE287188,COAD,2,2025/12/12,Effects of active-state RAS inhibition on the colorectal cancer cell transcriptome,https://www.ncbi.nlm.nih.gov/geo/query/acc.cgi?acc=GSE287188
GSE313350,COAD,24,2025/12/11,Asparagine synthetase and G-protein coupled estrogen receptor are critical responders to nutrient supply in KRAS mutant colorectal cancer,https://www.ncbi.nlm.nih.gov/geo/query/acc.cgi?acc=GSE313350
GSE307698,COAD,5,2025/12/10,RNA-seq of colorectal cancer patient-derived xenograft (PDX) tumors treated with FAP-CAR mRNA-LNP therapy,https://www.ncbi.nlm.nih.gov/geo/query/acc.cgi?acc=GSE307698
GSE291093,COAD,9,2025/12/10,Obese adipose tissue extracellular vesicles activate mitochondrial fatty acid -oxidation to drive colonic stemness,https://www.ncbi.nlm.nih.gov/geo/query/acc.cgi?acc=GSE291093
GSE278412,COAD,6,2025/12/10,Colon cancer low metastatic clone after escape of late apoptosis,https://www.ncbi.nlm.nih.gov/geo/query/acc.cgi?acc=GSE278412
GSE278411,COAD,6,2025/12/10,"VGLL1 KO in colon cancer cells primary culture clone E3, clone 22",https://www.ncbi.nlm.nih.gov/geo/query/acc.cgi?acc=GSE278411
GSE236692,COAD,6,2025/12/10,ATP11C Knock down in clone E3 from colon cancer CC14 primary culture,https://www.ncbi.nlm.nih.gov/geo/query/acc.cgi?acc=GSE236692
GSE236691,COAD,6,2025/12/10,CSAG1 Knock out in clone E3 from colon cancer CC14 primary culture,https://www.ncbi.nlm.nih.gov/geo/query/acc.cgi?acc=GSE236691
GSE236690,COAD,48,2025/12/10,Analysis of gene expression patterns tracking increasing metastatic potential of different clones from  colon cancer CC36 primary culture,https://www.ncbi.nlm.nih.gov/geo/query/acc.cgi?acc=GSE236690
GSE236688,COAD,36,2025/12/10,Analysis of gene expression patterns tracking increasing metastatic potential of different clones from  colon cancer CC14 primary culture,https://www.ncbi.nlm.nih.gov/geo/query/acc.cgi?acc=GSE236688
GSE232110,COAD,16,2025/12/10,Biomarkers of colorectal precancerous lesions,https://www.ncbi.nlm.nih.gov/geo/query/acc.cgi?acc=GSE232110
GSE291181,COAD,4,2025/12/09,"Transcriptome of 3D cultivated colon cancer cell lines (HCT116, SW620, DLD1) and HCEC-1CT",https://www.ncbi.nlm.nih.gov/geo/query/acc.cgi?acc=GSE291181
GSE253660,COAD,4,2025/12/09,A Nuclear Isoform of Hydroxyacyl-CoA Dehydrogenase Inhibits Tumor Progression In Colorectal Cancer,https://www.ncbi.nlm.nih.gov/geo/query/acc.cgi?acc=GSE253660
GSE312082,COAD,36,2025/12/07,Translatome and transcriptome sequencing data of 16-day kinetic response in colorectal cancer to 5-FU chemotherapy,https://www.ncbi.nlm.nih.gov/geo/query/acc.cgi?acc=GSE312082
GSE308020,COAD,66,2025/12/04,Integrative multi-omics deciphers the potential mechanism and microbial biomarkers for lymph node metastasis in colorectal cancer,https://www.ncbi.nlm.nih.gov/geo/query/acc.cgi?acc=GSE308020
GSE312287,COAD,6,2025/12/03,KMT5A-Mediated Methylation of IRF3 Promotes Tumor Progression through Immune Suppression,https://www.ncbi.nlm.nih.gov/geo/query/acc.cgi?acc=GSE312287
GSE302917,COAD,28,2025/12/03,TP53 Mutation is a Prognostic Biomarker for Patients with Advanced RAS Wild-Type Colorectal Adenocarcinoma Treated with Cetuximab and Pembro,https://www.ncbi.nlm.nih.gov/geo/query/acc.cgi?acc=GSE302917
GSE299648,COAD,5,2025/12/03,4-Acetylantrocamol LT3 Suppresses Colorectal Cancer Growth and Metastasis via PI3K/AKT and MAPK Pathway Modulation,https://www.ncbi.nlm.nih.gov/geo/query/acc.cgi?acc=GSE299648
GSE301888,COAD,12,2025/12/02,Effects of UBE2S on colorectal cancer cell line RKO,https://www.ncbi.nlm.nih.gov/geo/query/acc.cgi?acc=GSE301888
GSE282029,COAD,8,2025/12/02,Multi-omics analyses integration reveals a novel TRF2-miR-181a-5p-S100A10 regulatory axis in colon cancer.,https://www.ncbi.nlm.nih.gov/geo/query/acc.cgi?acc=GSE282029
GSE282027,COAD,6,2025/12/02,Multi-omics analyses integration reveals a novel TRF2-miR-181a-5p-S100A10 regulatory axis in colon cancer [RNA-seq],https://www.ncbi.nlm.nih.gov/geo/query/acc.cgi?acc=GSE282027
GSE274368,COAD,13,2025/12/02,IKKa modulates colorectal cancer metastasis by preventing tight junction stabilization and collective cell migration,https://www.ncbi.nlm.nih.gov/geo/query/acc.cgi?acc=GSE274368
GSE274326,COAD,6,2025/12/02,IKKa modulates colorectal cancer metastasis by preventing tight junction stabilization and collective cell migration [RNA-seq PDX],https://www.ncbi.nlm.nih.gov/geo/query/acc.cgi?acc=GSE274326
GSE274325,COAD,4,2025/12/02,IKKa modulates colorectal cancer metastasis by preventing tight junction stabilization and collective cell migration [RNA-seq Tumoroid],https://www.ncbi.nlm.nih.gov/geo/query/acc.cgi?acc=GSE274325
GSE274321,COAD,3,2025/12/02,IKKa modulates colorectal cancer metastasis by preventing tight junction stabilization and collective cell migration [scRNA-seq],https://www.ncbi.nlm.nih.gov/geo/query/acc.cgi?acc=GSE274321
GSE311262,COAD,18,2025/12/01,Recapitulating Patient-to-Patient Colorectal Cancer Tumor Heterogeneity  Using Patient-Derived Xenograft Cells in an Engineered Tissue Model,https://www.ncbi.nlm.nih.gov/geo/query/acc.cgi?acc=GSE311262
GSE310085,COAD,9,2025/12/01,Sulforaphane Inhibits Colorectal Cancer Progression via PI3K/AKT/mTOR and HIF-1α Suppression with Enhanced Efficacy under Hypoxia,https://www.ncbi.nlm.nih.gov/geo/query/acc.cgi?acc=GSE310085
GSE296929,COAD,18,2025/12/01,E2F4/SETD1A axis-mediated METTL3 methylation promotes tumor immune evasion through impeding endogenous retroelements expression,https://www.ncbi.nlm.nih.gov/geo/query/acc.cgi?acc=GSE296929
GSE284656,COAD,18,2025/12/01,Development and validation of a high-throughput screening pipeline of compound libraries to target EMT,https://www.ncbi.nlm.nih.gov/geo/query/acc.cgi?acc=GSE284656
GSE276336,COAD,6,2025/12/01,ZEB1-mediated Epithelial to Mesenchymal Transition in Colorectal cancer HT-29 cell line,https://www.ncbi.nlm.nih.gov/geo/query/acc.cgi?acc=GSE276336
GSE273769,COAD,24,2025/11/25,The PLK1 Inhibitor Onvansertib in Combination with FOLFIRI and Bevacizumab in Second-line Treatment of KRAS-mutant Metastatic Colorectal Can,https://www.ncbi.nlm.nih.gov/geo/query/acc.cgi?acc=GSE273769
GSE310282,COAD,11,2025/11/19,RNAseq of colonic epithelial and lamina propria-derived Tregs,https://www.ncbi.nlm.nih.gov/geo/query/acc.cgi?acc=GSE310282
GSE248066,COAD,6,2025/11/17,Total flavone of Abelmoschus manihot Lmedic inhibits the metastasis of  colorectal cancer cells via inhibition of the STAT3/EMT signaling pa,https://www.ncbi.nlm.nih.gov/geo/query/acc.cgi?acc=GSE248066
GSE304295,COAD,24,2025/11/14,Effect of adenoviral E1A on oxaliplatin response in oxaliplatin-sensitive and resistant human colorectal cancer HCT116 cells,https://www.ncbi.nlm.nih.gov/geo/query/acc.cgi?acc=GSE304295
GSE250483,COAD,13,2025/11/12,Discovery of novel circular RNAs through integration of short- and long-read RNA sequencing,https://www.ncbi.nlm.nih.gov/geo/query/acc.cgi?acc=GSE250483
GSE308451,COAD,90,2025/11/11,CDK4/6 and SHP2 mediate BRAF/MEK inhibitor resistance in Class 2 and 3 BRAF mutant cancers,https://www.ncbi.nlm.nih.gov/geo/query/acc.cgi?acc=GSE308451
GSE291524,COAD,18,2025/11/06,"ColoStem, a core transcriptional signature that identifies poor prognosis fetal-type colorectal tumors",https://www.ncbi.nlm.nih.gov/geo/query/acc.cgi?acc=GSE291524
GSE280932,COAD,12,2025/11/06,Long non-coding RNA UCA1 modulates chromatin remodeling via SMARCA2-containing SWI/SNF complex in human colorectal cancer,https://www.ncbi.nlm.nih.gov/geo/query/acc.cgi?acc=GSE280932
GSE287252,COAD,6,2025/11/04,RNA-seq analysis of differentially expressed genes between WT and shTRIP6 RKO cells.,https://www.ncbi.nlm.nih.gov/geo/query/acc.cgi?acc=GSE287252
GSE302903,COAD,12,2025/11/02,Single-cell RNA sequencing of tumor tissues from 12 colorectal cancer (CRC) patients.,https://www.ncbi.nlm.nih.gov/geo/query/acc.cgi?acc=GSE302903
GSE302902,COAD,51,2025/11/02,"DRUG-seq of high-density neutrophils (HDNs), mature low-density neutrophils (M-LDN), and immature low-density neutrophils (IM-LDN) in patien",https://www.ncbi.nlm.nih.gov/geo/query/acc.cgi?acc=GSE302902
GSE302900,COAD,18,2025/11/02,DRUG-seq of High-Density Neutrophils (HDNs) from Colorectal Cancer Patients with or without GM-CSF Stimulation,https://www.ncbi.nlm.nih.gov/geo/query/acc.cgi?acc=GSE302900
GSE271342,COAD,39,2025/11/02,Histone 2B Monoubiquitylation regulates elongation-to-termination transition in RNA Polymerase II transcription,https://www.ncbi.nlm.nih.gov/geo/query/acc.cgi?acc=GSE271342
GSE306909,COAD,19,2025/11/01,Enhancer Remodeling-Driven Mevalonate Pathway Confers Resistance to KRAS Inhibitor in Colorectal Cancer,https://www.ncbi.nlm.nih.gov/geo/query/acc.cgi?acc=GSE306909
GSE305053,COAD,8,2025/11/01,mtROS-driven Sp1-dependent retrograde signaling promotes colorectal tumor progression via SIRT3-PAGM5 axis-governed mitochondrial homeostasi,https://www.ncbi.nlm.nih.gov/geo/query/acc.cgi?acc=GSE305053
GSE283029,COAD,8,2025/11/01,Sequencing data of AQP2-specific inhibitor Steviol against colorectal cancer,https://www.ncbi.nlm.nih.gov/geo/query/acc.cgi?acc=GSE283029
GSE281816,COAD,6,2025/10/31,"A Novel Microprotein, MUCP1, Mediates Succinate Transport and Promotes Colorectal Cancer Progression by Modulating Glutamine Metabolism",https://www.ncbi.nlm.nih.gov/geo/query/acc.cgi?acc=GSE281816
GSE280633,COAD,8,2025/10/31,The function and mechanisms of hsa_circCDKN2B-AS_012 on tumor suppression of Colorectal cancer,https://www.ncbi.nlm.nih.gov/geo/query/acc.cgi?acc=GSE280633
GSE285503,COAD,4,2025/10/28,Fibroblast-Derived Thrombospondin 2 Shapes the Immune-Exclusionary Environment at Invasive Fronts in Colorectal Cancer [RNA-seq_Human_CRC],https://www.ncbi.nlm.nih.gov/geo/query/acc.cgi?acc=GSE285503
GSE301521,COAD,72,2025/10/21,FOCAS: Transcriptome-wide screening of individual m6A sites functionally dissects epitranscriptomic control of gene expression in cancer [FO,https://www.ncbi.nlm.nih.gov/geo/query/acc.cgi?acc=GSE301521
GSE228260,COAD,31,2025/10/21,RNA-seq study of a helicon peptide targeting β-Catenin/TCF transcription factor [PDX],https://www.ncbi.nlm.nih.gov/geo/query/acc.cgi?acc=GSE228260
GSE216381,COAD,24,2025/10/21,RNA-seq study of a helicon peptide targeting β-Catenin/TCF transcription factor [shRNA],https://www.ncbi.nlm.nih.gov/geo/query/acc.cgi?acc=GSE216381
GSE216380,COAD,29,2025/10/21,RNA-seq study of a helicon peptide targeting β-Catenin/TCF transcription factor [in vivo],https://www.ncbi.nlm.nih.gov/geo/query/acc.cgi?acc=GSE216380
GSE216379,COAD,63,2025/10/21,RNA-seq study of a helicon peptide targeting β-Catenin/TCF transcription factor [in vitro],https://www.ncbi.nlm.nih.gov/geo/query/acc.cgi?acc=GSE216379
GSE297604,COAD,4,2025/10/17,Sequential verification of transcription by Integrator and Restrictor [U170K_POINT-seq],https://www.ncbi.nlm.nih.gov/geo/query/acc.cgi?acc=GSE297604
GSE297603,COAD,8,2025/10/17,Sequential verification of transcription by Integrator and Restrictor [INTS4_U1AMO_chrRNA-seq],https://www.ncbi.nlm.nih.gov/geo/query/acc.cgi?acc=GSE297603
GSE297602,COAD,8,2025/10/17,Sequential verification of transcription by Integrator and Restrictor [ZC3H4_EXOSC3_nucRNA-seq],https://www.ncbi.nlm.nih.gov/geo/query/acc.cgi?acc=GSE297602
GSE297595,COAD,8,2025/10/17,Sequential verification of transcription by Integrator and Restrictor [ZC3H4_INTS4_chrRNA-seq],https://www.ncbi.nlm.nih.gov/geo/query/acc.cgi?acc=GSE297595
GSE280385,COAD,53,2025/10/15,Mesenchymal Colorectal Cancers Secrete Vesicles With Unique Cargo That Can Be Used For Liquid Biopsy Based Diagnostics,https://www.ncbi.nlm.nih.gov/geo/query/acc.cgi?acc=GSE280385
GSE280384,COAD,17,2025/10/15,Mesenchymal Colorectal Cancers Secrete Vesicles With Unique Cargo That Can Be Used For Liquid Biopsy Based Diagnostics [RNA-seq plasma],https://www.ncbi.nlm.nih.gov/geo/query/acc.cgi?acc=GSE280384
GSE280367,COAD,8,2025/10/15,Mesenchymal Colorectal Cancers Secrete Vesicles With Unique Cargo That Can Be Used For Liquid Biopsy Based Diagnostics [RNA-seq],https://www.ncbi.nlm.nih.gov/geo/query/acc.cgi?acc=GSE280367
GSE309532,COAD,8,2025/10/10,SPOCK1 activates Wnt/β-Catenin signaling to drive colorectal cancer stemness and progression,https://www.ncbi.nlm.nih.gov/geo/query/acc.cgi?acc=GSE309532
GSE279907,COAD,6,2025/10/10,METTL1 relays the tumor-promoting signal flow from senescent CAFs by modulating RNA m7G modifications with SASP-related cytokines,https://www.ncbi.nlm.nih.gov/geo/query/acc.cgi?acc=GSE279907
GSE255745,COAD,6,2025/10/10,S-SETMAR in the biogenesis of glioblastoma : a protective role ?,https://www.ncbi.nlm.nih.gov/geo/query/acc.cgi?acc=GSE255745
GSE295349,COAD,183,2025/10/08,KLF5 interacts with RUVBL1/2 to activate classical and basal lineage identities in PDAC [RNA-seq],https://www.ncbi.nlm.nih.gov/geo/query/acc.cgi?acc=GSE295349
GSE308145,COAD,1,2025/10/03,Systematic benchmarking of imaging spatial transcriptomics platforms in FFPE tissues - scRNA-seq Data,https://www.ncbi.nlm.nih.gov/geo/query/acc.cgi?acc=GSE308145
GSE309625,COAD,9,2025/10/02,Antigen reactivity defines tissue-resident memory and exhausted T cells in tumours.,https://www.ncbi.nlm.nih.gov/geo/query/acc.cgi?acc=GSE309625
GSE254249,COAD,92,2025/10/02,Remodeling of T and endothelial cells during total neoadjuvant therapy in rectal cancer,https://www.ncbi.nlm.nih.gov/geo/query/acc.cgi?acc=GSE254249
GSE309364,COAD,60,2025/10/01,"RNA-Seq analysis of cancer models with altered SLX4/XPF reveals links to migration, DNA damage response, EMT, and drug sensitivity",https://www.ncbi.nlm.nih.gov/geo/query/acc.cgi?acc=GSE309364
GSE288179,COAD,105,2025/10/01,Differential response of patient-derived intestinal organoids to site-specific mucosal bacteria in pediatric inflammatory bowel disease,https://www.ncbi.nlm.nih.gov/geo/query/acc.cgi?acc=GSE288179
GSE281919,COAD,111,2025/10/01,LBR and LAP2 mediate heterochromatin tethering to the nuclear periphery to preserve genome homeostasis,https://www.ncbi.nlm.nih.gov/geo/query/acc.cgi?acc=GSE281919
GSE308900,COAD,11,2025/09/30,Mechanism Study of Ganoderma Triterpenoid Extracts Inhibiting Colon Cancer Stemness and Migration Capacity,https://www.ncbi.nlm.nih.gov/geo/query/acc.cgi?acc=GSE308900
GSE308083,COAD,6,2025/09/30,OSBPL3 Drives Colorectal Cancer Progression via Hippo-YAP Signaling and Modulates MEK Inhibitor Sensitivity,https://www.ncbi.nlm.nih.gov/geo/query/acc.cgi?acc=GSE308083
GSE300002,COAD,12,2025/09/30,Tumor suppressor genes p53 and p21 influence metformin’s antitumor efficacy in KRAS-mutated HCT116 colorectal cancer cells,https://www.ncbi.nlm.nih.gov/geo/query/acc.cgi?acc=GSE300002
GSE294827,COAD,81,2025/09/29,A plastic EMP1⁺ to LGR5⁺ cell state conversion as a therapeutic bypass to KRAS-G12D inhibition in metastatic colorectal cancer,https://www.ncbi.nlm.nih.gov/geo/query/acc.cgi?acc=GSE294827
GSE294823,COAD,8,2025/09/29,A plastic EMP1⁺ to LGR5⁺ cell state conversion as a therapeutic bypass to KRAS-G12D inhibition in metastatic colorectal cancer [RNA-Seq huma,https://www.ncbi.nlm.nih.gov/geo/query/acc.cgi?acc=GSE294823
GSE308653,COAD,50,2025/09/24,YAP-driven stemness and TEAD-induced neuroendocrine cells drive resistance to KRASG12C therapies in metastatic colorectal cancer,https://www.ncbi.nlm.nih.gov/geo/query/acc.cgi?acc=GSE308653
GSE284019,COAD,6,2025/09/24,Differentially Expressed Genes Between High-Metastatic LOVO-HM and Wild-Type LOVO Colorectal Cancer Cell Lines,https://www.ncbi.nlm.nih.gov/geo/query/acc.cgi?acc=GSE284019
GSE237626,COAD,57,2025/09/24,Induction of CDX2 as a differentiation therapy in colorectal cancers,https://www.ncbi.nlm.nih.gov/geo/query/acc.cgi?acc=GSE237626
GSE214129,COAD,447,2025/09/24,Precisely controlled cell-cell interactions with single-cell transcriptome readout identify a time-demand threshold response of human oncoly,https://www.ncbi.nlm.nih.gov/geo/query/acc.cgi?acc=GSE214129
GSE237625,COAD,6,2025/09/23,Induction of CDX2 as a differentiation therapy in colorectal cancers [xenograft],https://www.ncbi.nlm.nih.gov/geo/query/acc.cgi?acc=GSE237625
GSE237624,COAD,12,2025/09/23,Induction of CDX2 as a differentiation therapy in colorectal cancers [cell lines],https://www.ncbi.nlm.nih.gov/geo/query/acc.cgi?acc=GSE237624
GSE237623,COAD,39,2025/09/23,Induction of CDX2 as a differentiation therapy in colorectal cancers [CRC organoids],https://www.ncbi.nlm.nih.gov/geo/query/acc.cgi?acc=GSE237623
GSE305337,COAD,73,2025/09/21,Patient-Specific Pharmacogenomics demonstrates xCT as Predictive Therapeutic Target in Colon Cancer with Possible Implications in Tumor Conn,https://www.ncbi.nlm.nih.gov/geo/query/acc.cgi?acc=GSE305337
GSE277585,COAD,18,2025/09/19,The Ashkenazi-centric G334R variant of TP53 is severely impaired for transactivation but retains tumor suppressor function in a mouse model ,https://www.ncbi.nlm.nih.gov/geo/query/acc.cgi?acc=GSE277585
GSE296403,COAD,88,2025/09/18,RNA-Seq of PBMC of FAP patient before and after a low-inflammatory diet,https://www.ncbi.nlm.nih.gov/geo/query/acc.cgi?acc=GSE296403
GSE275021,COAD,9,2025/09/18,SDR42E1 modulates vitamin D absorption and cancer pathogenesis: insights from an in vitro model,https://www.ncbi.nlm.nih.gov/geo/query/acc.cgi?acc=GSE275021
GSE308351,COAD,12,2025/09/17,A Tale of Two Cell Lines: Characterization of differential efficacy of small molecule drugs cediranib and NU-7441 on primary vs. metastatic ,https://www.ncbi.nlm.nih.gov/geo/query/acc.cgi?acc=GSE308351
GSE299737,COAD,11,2025/09/17,Single-cell transcriptome analysis deciphers stem cell-like epithelial cells as metastatic phenotype and immune characteristics of tumor dep,https://www.ncbi.nlm.nih.gov/geo/query/acc.cgi?acc=GSE299737
GSE279285,COAD,597,2025/09/15,Systematic characterization of the composition and dynamics of processing body-associated mRNAs,https://www.ncbi.nlm.nih.gov/geo/query/acc.cgi?acc=GSE279285
GSE279284,COAD,131,2025/09/15,Systematic characterization of the composition and dynamics of processing body-associated mRNAs [dataset 2],https://www.ncbi.nlm.nih.gov/geo/query/acc.cgi?acc=GSE279284
GSE261294,COAD,12,2025/09/10,Study of the transcriptomic changes induced by Aurora A inhibition in the colorectal cancer cell line C10,https://www.ncbi.nlm.nih.gov/geo/query/acc.cgi?acc=GSE261294
GSE307472,COAD,32,2025/09/09,Effect of CDK11 inhibition via OTS964 treatment on gene expression to assess implication on cellular processes including intron retention.,https://www.ncbi.nlm.nih.gov/geo/query/acc.cgi?acc=GSE307472
GSE288120,COAD,35,2025/09/09,Pseudouridylation of 7SK by PUS7 regulates Pol II transcription elongation ,https://www.ncbi.nlm.nih.gov/geo/query/acc.cgi?acc=GSE288120
GSE285466,COAD,4,2025/09/05,SLC6A8-mediated creatine uptake suppresses ERK2-FSP1 signaling and induces ferroptosis in colorectal cancer,https://www.ncbi.nlm.nih.gov/geo/query/acc.cgi?acc=GSE285466
GSE296861,COAD,109,2025/09/04,CD47 Expression in Solid Tumors Correlates with Phagocytic Tumor-Associated Macrophage Gene Signature,https://www.ncbi.nlm.nih.gov/geo/query/acc.cgi?acc=GSE296861
GSE284535,COAD,4,2025/09/04,"Genome-wide homeostatic regulation of R-loops by the dual RNA-DNA topoisomerase, topoisomerase III-β (TOP3B) II",https://www.ncbi.nlm.nih.gov/geo/query/acc.cgi?acc=GSE284535
GSE297244,COAD,8,2025/09/03,Comprehensive Transcriptome Profiling Unveils the Oncolytic Mechanisms of Newcastle Disease Virus on Colonic Carcinoma,https://www.ncbi.nlm.nih.gov/geo/query/acc.cgi?acc=GSE297244
GSE273457,COAD,6,2025/09/01,Small nucleolar RNA SNORA67 regulates DLGAP5-activated Wnt pathway to promote colorectal cancer development,https://www.ncbi.nlm.nih.gov/geo/query/acc.cgi?acc=GSE273457
GSE248414,COAD,12,2025/09/01,Understanding the mechanisms of resistance to BRAF inhibitors in colorectal cancer,https://www.ncbi.nlm.nih.gov/geo/query/acc.cgi?acc=GSE248414
GSE303954,COAD,6,2025/08/31,Gene expression profile of CPT2-knockdown HCT116 colorectal cancer cells,https://www.ncbi.nlm.nih.gov/geo/query/acc.cgi?acc=GSE303954
GSE306286,COAD,16,2025/08/28,FOXO1 links KRAS G12D and G12V alleles to glutamine and nitrogen metabolism in colorectal cancer,https://www.ncbi.nlm.nih.gov/geo/query/acc.cgi?acc=GSE306286
GSE303855,COAD,45,2025/08/27,Mechanistic and Epigenetic Partitioning of Lamina-Associated Chromatin Revealed by a Genome-Wide Imaging Screen,https://www.ncbi.nlm.nih.gov/geo/query/acc.cgi?acc=GSE303855
GSE283230,COAD,6,2025/08/27,Nuclease CAD restrains cGAS-STING signaling to inhibit radiosensitivity of colorectal cancer,https://www.ncbi.nlm.nih.gov/geo/query/acc.cgi?acc=GSE283230
GSE278268,COAD,20,2025/08/24,ALKBH8-Mediated Codon-Specific Translation Promotes Colorectal Tumorigenesis,https://www.ncbi.nlm.nih.gov/geo/query/acc.cgi?acc=GSE278268
GSE254956,COAD,6,2025/08/22,RNA-seq analysis of differentially expressed genes between WT and shTRIM21 RKO cells.,https://www.ncbi.nlm.nih.gov/geo/query/acc.cgi?acc=GSE254956
GSE305561,COAD,18,2025/08/20,Targeting HSPB1 Reduces Tumor Growth and Abrogates Treg-Mediated Tumor Immunosuppression,https://www.ncbi.nlm.nih.gov/geo/query/acc.cgi?acc=GSE305561
GSE292281,COAD,6,2025/08/20,Effect of depletion of AURKB on gene expression in colorectal cancer,https://www.ncbi.nlm.nih.gov/geo/query/acc.cgi?acc=GSE292281
GSE279572,COAD,9,2025/08/16,Candida albicans drives colorectal cancer progression by inducing hypoxia signaling,https://www.ncbi.nlm.nih.gov/geo/query/acc.cgi?acc=GSE279572
GSE294276,COAD,6,2025/08/14,"Microbial Bile acid metabolite, 3-oxo-LCA, prohibits colorectal cancer progression",https://www.ncbi.nlm.nih.gov/geo/query/acc.cgi?acc=GSE294276
GSE281509,COAD,6,2025/08/14,"The role of RUNX2 and BHLHE40 in pathologically relevant  CD4 positive tissue-resident T-cells in Crohn's disease. (CITE-seq, CD4+ CD103+ T ",https://www.ncbi.nlm.nih.gov/geo/query/acc.cgi?acc=GSE281509
GSE281504,COAD,18,2025/08/14,"The role of RUNX2 and BHLHE40 in pathologically relevant  CD4-positive tissue-resident T-cells in Crohn's disease. (CITE-seq, CD4+ T cell)",https://www.ncbi.nlm.nih.gov/geo/query/acc.cgi?acc=GSE281504
GSE280714,COAD,12,2025/08/14,The role of RUNX2 and BHLHE40 in pathologically relevant  CD4-positive tissue-resident T-cells in Crohn's disease. (scMultiome),https://www.ncbi.nlm.nih.gov/geo/query/acc.cgi?acc=GSE280714
GSE295547,COAD,14,2025/08/13,ARID1A recruits non-homologous end joining factors to DNA breaks induced by G4 ligands,https://www.ncbi.nlm.nih.gov/geo/query/acc.cgi?acc=GSE295547
GSE289314,COAD,14,2025/08/13,Single-cell and spatial transcriptome analysis revealed the immunomodulatory role of T cells in the colon cancer tumor microenvironment,https://www.ncbi.nlm.nih.gov/geo/query/acc.cgi?acc=GSE289314
GSE274150,COAD,4,2025/08/12,Sequencing data of a novel piperine derivative HJ-23 against colorectal cancer,https://www.ncbi.nlm.nih.gov/geo/query/acc.cgi?acc=GSE274150
GSE298084,COAD,8,2025/08/11,Tissue-specific immunosuppressive and proliferating macrophages fuel early metastatic progression of human colorectal cancer to liver,https://www.ncbi.nlm.nih.gov/geo/query/acc.cgi?acc=GSE298084
GSE264485,COAD,6,2025/08/10,Ribosome biogenesis in embryo-like grand states as potential therapeutic target for KRAS mutant CRC,https://www.ncbi.nlm.nih.gov/geo/query/acc.cgi?acc=GSE264485
GSE240485,COAD,12,2025/08/08,TGF-β-induced MIR99AHG synergizes with PTBP1 to trigger an alternative splicing switch of SMARCA1 that promotes invadopodia formation for me,https://www.ncbi.nlm.nih.gov/geo/query/acc.cgi?acc=GSE240485
GSE304110,COAD,11,2025/08/06,Stress-Survival Pathway Profiling Reveals MCM10 as a Candidate Biomarker of Hispanic Colorectal Cancer Disparities,https://www.ncbi.nlm.nih.gov/geo/query/acc.cgi?acc=GSE304110
GSE301380,COAD,6,2025/08/06,Effect of Fatty Acid Binding Protein 1 (FABP1) knockdown on gene expression profile in Caco-2 colorectal cancer cells,https://www.ncbi.nlm.nih.gov/geo/query/acc.cgi?acc=GSE301380
GSE304444,COAD,6,2025/08/05,Genetic Control of tRNA-Derived Fragments Contributes to Cancer Risk,https://www.ncbi.nlm.nih.gov/geo/query/acc.cgi?acc=GSE304444
GSE290891,COAD,11,2025/08/05,Isolation of mitochondrial mutation-specific T-cell receptors,https://www.ncbi.nlm.nih.gov/geo/query/acc.cgi?acc=GSE290891
GSE304081,COAD,12,2025/08/01,3D collagen high-throughput screen identifies drugs that induce epithelial polarity and enhance chemotherapy response in colorectal cancer,https://www.ncbi.nlm.nih.gov/geo/query/acc.cgi?acc=GSE304081
GSE290772,COAD,24,2025/08/01,Cancer cells subvert ZNF93 to escape surveillance by L1 epigenetic sentinels and control APOBEC3B [RNA-seq_3],https://www.ncbi.nlm.nih.gov/geo/query/acc.cgi?acc=GSE290772
GSE263027,COAD,18,2025/08/01,Highly-metastatic colorectal cancer cell released Nidogen 1-Enriched Extracellular Vesicles promote liver metastasis by activating hepatic s,https://www.ncbi.nlm.nih.gov/geo/query/acc.cgi?acc=GSE263027
GSE299799,COAD,12,2025/07/31,A deep learning framework for the reconstruction of gene expression profiles derived from formalin-fixed paraffin-embedded samples,https://www.ncbi.nlm.nih.gov/geo/query/acc.cgi?acc=GSE299799
GSE290774,COAD,56,2025/07/31,Cancer cells subvert ZNF93 to escape surveillance by L1 epigenetic sentinels and control APOBEC3B,https://www.ncbi.nlm.nih.gov/geo/query/acc.cgi?acc=GSE290774
GSE253699,COAD,6,2025/07/31,The mechanism of FSTL3 in the progression of colon cancer,https://www.ncbi.nlm.nih.gov/geo/query/acc.cgi?acc=GSE253699
GSE282110,COAD,6,2025/07/30,RBM47 functions as an anti-oncogene by regulating expression and alternative splicing of cell proliferation and apoptosis associated genes i,https://www.ncbi.nlm.nih.gov/geo/query/acc.cgi?acc=GSE282110
GSE277268,COAD,15,2025/07/30,Single-Cell RNA Sequencing Reveals Shenbai Granule Retards Colorectal Tumorigenesis by Modulating Cholesterol-Induced Ccl22+ DCs and Tregs C,https://www.ncbi.nlm.nih.gov/geo/query/acc.cgi?acc=GSE277268
GSE248094,COAD,51,2025/07/29,Systematic characterization of single-cell full-length RNA isoforms in human colorectal cancer,https://www.ncbi.nlm.nih.gov/geo/query/acc.cgi?acc=GSE248094
GSE274247,COAD,32,2025/07/27,"Direct circMAN1A2(2,3,4,5)-CENPB mRNA interaction regulates cell proliferation and cancer progression",https://www.ncbi.nlm.nih.gov/geo/query/acc.cgi?acc=GSE274247
GSE300390,COAD,8,2025/07/23,AI-Identified CD133-Targeting Natural Compounds Demonstrate Different Anti-tumor Effects and Mechanisms in Pan-cancer,https://www.ncbi.nlm.nih.gov/geo/query/acc.cgi?acc=GSE300390
GSE299428,COAD,24,2025/07/23,RNA-seq of oxaliplatin resistant HCT116 and SW480,https://www.ncbi.nlm.nih.gov/geo/query/acc.cgi?acc=GSE299428
GSE299427,COAD,4,2025/07/23,Single cell RNA-seq of oxaliplatin resistant HCT116 cells,https://www.ncbi.nlm.nih.gov/geo/query/acc.cgi?acc=GSE299427
GSE273567,COAD,42,2025/07/23,Secretory IgA dysfunction underlies poor prognosis in Fusobacterium-infected colorectal cancer,https://www.ncbi.nlm.nih.gov/geo/query/acc.cgi?acc=GSE273567
GSE283654,COAD,6,2025/07/22,AKR1B10 dictates c-Myc stability to suppress colorectal cancer metastasis via PP2A nitration,https://www.ncbi.nlm.nih.gov/geo/query/acc.cgi?acc=GSE283654
GSE245085,COAD,28,2025/07/22,Glutaminase as a metabolic target of choice to counter acquired resistance to Palbociclib by colorectal cancer cells,https://www.ncbi.nlm.nih.gov/geo/query/acc.cgi?acc=GSE245085
GSE302923,COAD,62,2025/07/21,"Phase I/II trial of encorafenib, cetuximab, and nivolumab in microsatellite stable, BRAFV600E metastatic colorectal cancer",https://www.ncbi.nlm.nih.gov/geo/query/acc.cgi?acc=GSE302923
GSE302922,COAD,12,2025/07/21,"Phase I/II trial of encorafenib, cetuximab, and nivolumab in microsatellite stable, BRAFV600E metastatic colorectal cancer [dataset 2]",https://www.ncbi.nlm.nih.gov/geo/query/acc.cgi?acc=GSE302922
GSE302921,COAD,50,2025/07/21,"Phase I/II trial of encorafenib, cetuximab, and nivolumab in microsatellite stable, BRAFV600E metastatic colorectal cancer [dataset 1]",https://www.ncbi.nlm.nih.gov/geo/query/acc.cgi?acc=GSE302921
GSE294559,COAD,72,2025/07/18,"Single-cell multi-omics characterize colorectal tumors, adjacent healthy tissue and matched organoids identifying CRC-unique features",https://www.ncbi.nlm.nih.gov/geo/query/acc.cgi?acc=GSE294559
GSE278020,COAD,9,2025/07/16,"Characterization of off-target effects of a first-in-class EGFR-directed KRAS G12V selective inhibitor, EFTX-G12V, in SKCO1 cells.",https://www.ncbi.nlm.nih.gov/geo/query/acc.cgi?acc=GSE278020
GSE294639,COAD,12,2025/07/11,PHGDH Drives 5-FU Chemoresistance in Colorectal Cancer through the Hedgehog signaling,https://www.ncbi.nlm.nih.gov/geo/query/acc.cgi?acc=GSE294639
GSE299474,COAD,6,2025/07/09,FAM72A promotes UNG2 degradation and mutagenesis in human cancer cells,https://www.ncbi.nlm.nih.gov/geo/query/acc.cgi?acc=GSE299474
GSE282048,COAD,32,2025/07/09,Enrichment of ornithine decarboxylase degron transduced colorectal cancer cells for extended application of cancer stem cell models [colorec,https://www.ncbi.nlm.nih.gov/geo/query/acc.cgi?acc=GSE282048
GSE279376,COAD,12,2025/07/07,Exploring the Factors regulating RNA Enrichment in EVs,https://www.ncbi.nlm.nih.gov/geo/query/acc.cgi?acc=GSE279376
GSE207709,COAD,6,2025/07/05,Effect of PLOD3 on the progression of colorectal cancer,https://www.ncbi.nlm.nih.gov/geo/query/acc.cgi?acc=GSE207709
GSE276573,COAD,6,2025/07/03,Enrichment of ornithine decarboxylase degron transduced colorectal cancer cells for extended application of cancer stem cell models,https://www.ncbi.nlm.nih.gov/geo/query/acc.cgi?acc=GSE276573
GSE299058,COAD,9,2025/07/02,Inhibition of PCSK9 Attenuates Liver Endothelial Cell Activation Induced by Colorectal Cancer Stem Cells during Liver Metastasis,https://www.ncbi.nlm.nih.gov/geo/query/acc.cgi?acc=GSE299058
GSE285638,COAD,12,2025/07/02,The DNA-PKcs/JNK/p53 pathway underlies changes in cell fate decision toward death during DNA replication catastrophe,https://www.ncbi.nlm.nih.gov/geo/query/acc.cgi?acc=GSE285638
GSE281918,COAD,119,2025/07/02,Gene expression data of non-mucinous colorectal cancers to support to identify molecular characteristics of mucinous colorectal cancer,https://www.ncbi.nlm.nih.gov/geo/query/acc.cgi?acc=GSE281918
GSE281917,COAD,140,2025/07/02,Gene expression data to identify molecular characteristics of mucinous colorectal cancer,https://www.ncbi.nlm.nih.gov/geo/query/acc.cgi?acc=GSE281917
GSE298560,COAD,6,2025/07/01,SMARCA3 is a histone H3K23 ubiquitin ligase that regulates H3K9me3 in cancer [RNA-Seq],https://www.ncbi.nlm.nih.gov/geo/query/acc.cgi?acc=GSE298560
GSE286521,COAD,24,2025/07/01,scDUAL-seq Simultaneously Measures RNA Synthesis and Degradation Rates in Single Cells,https://www.ncbi.nlm.nih.gov/geo/query/acc.cgi?acc=GSE286521
GSE271350,COAD,24,2025/07/01,Cancer-Associated Fibroblasts Promote Vasculogenic Mimicry of Colorectal Cancer by Epigenetic Silencing of Decorin [RNA-Seq],https://www.ncbi.nlm.nih.gov/geo/query/acc.cgi?acc=GSE271350
GSE207378,COAD,4,2025/07/01,The c-MYC-WDR43 signalling axis promotes chemoresistance and growth in colorectal cancer by inhibiting p53 activity,https://www.ncbi.nlm.nih.gov/geo/query/acc.cgi?acc=GSE207378
GSE280756,COAD,10,2025/06/30,Identification of RNAs regulated by ZMAT3 and p53,https://www.ncbi.nlm.nih.gov/geo/query/acc.cgi?acc=GSE280756
GSE269296,COAD,12,2025/06/30,High expression of the structural maintenance of chromosomes 5/6 complex is associated with the positive prognosis and doxorubicin susceptib,https://www.ncbi.nlm.nih.gov/geo/query/acc.cgi?acc=GSE269296
GSE298547,COAD,87,2025/06/24,Short chain fatty acids regulate the chromatin landscape and distinct gene expression changes in human colorectal cancer cells,https://www.ncbi.nlm.nih.gov/geo/query/acc.cgi?acc=GSE298547
GSE298365,COAD,5,2025/06/24,The deubiquitinase USP17 regulates the expression of the oncogenic driver β-catenin in colorectal cancer,https://www.ncbi.nlm.nih.gov/geo/query/acc.cgi?acc=GSE298365
GSE296923,COAD,6,2025/06/22,The RNA-Binding Protein DDX39B Promotes Colorectal Adenocarcinoma Progression by Stabilizing DCLK1,https://www.ncbi.nlm.nih.gov/geo/query/acc.cgi?acc=GSE296923
GSE245341,COAD,4,2025/06/21,RBM25 depletion suppresses colon cancer progression through regulating alternative splicing of MNK2,https://www.ncbi.nlm.nih.gov/geo/query/acc.cgi?acc=GSE245341
GSE299345,COAD,18,2025/06/17,Exon Skipping of Ste20-Like Kinase Enhances Glycolysis and Tumor Progression by Activating Enolase 1 mediated Phosphoenolpyruvate Production,https://www.ncbi.nlm.nih.gov/geo/query/acc.cgi?acc=GSE299345
GSE264227,COAD,42,2025/06/17,Effect of pharmacological inhibition of SMYD3 on gene expression in patient-derived CRC-SCs,https://www.ncbi.nlm.nih.gov/geo/query/acc.cgi?acc=GSE264227
GSE264157,COAD,12,2025/06/17,Effect of stable genetic ablation and pharmacological inhibition of SMYD3 on gene expression in CRC cell line (HCT-116),https://www.ncbi.nlm.nih.gov/geo/query/acc.cgi?acc=GSE264157
GSE278117,COAD,12,2025/06/16,Effect of FTO deletion on gene expression of HT29 and HCT116 in colon cancer cell lines,https://www.ncbi.nlm.nih.gov/geo/query/acc.cgi?acc=GSE278117
GSE298346,COAD,4,2025/06/12,NSUN5 Mediates Resistance to Doxorubicin via Upregulation of DNA Damage Repair Proteins BRCA2 and BRIP1 in Colorectal Cancer,https://www.ncbi.nlm.nih.gov/geo/query/acc.cgi?acc=GSE298346
GSE252571,COAD,6,2025/06/11,RNA sequencing to compare gene expression in control and CMTM6 knockdown colon cancer cells,https://www.ncbi.nlm.nih.gov/geo/query/acc.cgi?acc=GSE252571
GSE298808,COAD,12,2025/06/10,Synergistic effects of 5-Fluorouracil in combination with Salinomycin promoted ferroptosis via inhibiting SLC7A11/GPX4 in Colorectal Cancer,https://www.ncbi.nlm.nih.gov/geo/query/acc.cgi?acc=GSE298808
GSE269369,COAD,18,2025/06/07,LIN28B-mediated activation of the PI3K/AKT pathway promotes metastasis and unravels a new therapeutic vulnerability in colorectal cancer,https://www.ncbi.nlm.nih.gov/geo/query/acc.cgi?acc=GSE269369
GSE298630,COAD,5,2025/06/04,A deep learning framework for the reconstruction of gene expression profiles derived from formalin-fixed paraffin-embedded samples,https://www.ncbi.nlm.nih.gov/geo/query/acc.cgi?acc=GSE298630
GSE271802,COAD,6,2025/06/04,Indole-3-lactic acid suppresses colorectal cancer via metabolic reprogramming,https://www.ncbi.nlm.nih.gov/geo/query/acc.cgi?acc=GSE271802
GSE296173,COAD,8,2025/06/01,Model systems and unique biological features of high and low-grade colorectal cancer (CRC) revealed by xenografting 84 human CRC cell lines,https://www.ncbi.nlm.nih.gov/geo/query/acc.cgi?acc=GSE296173
GSE287078,COAD,30,2025/06/01,"Time- and Dose-Dependent Effects of Irradiation on Endothelial and Tumor Endothelial Cells: Transcriptional, Molecular, and Functional Chang",https://www.ncbi.nlm.nih.gov/geo/query/acc.cgi?acc=GSE287078
GSE270525,COAD,6,2025/06/01,CD8(+) T cells cell-in-cell mediates colorectal cancer progression via P38 activation,https://www.ncbi.nlm.nih.gov/geo/query/acc.cgi?acc=GSE270525
GSE297882,COAD,26,2025/05/28,Cell and nuclear size are associated with chromosomal instability and tumorigenicity in cancer cells that undergo whole genome doubling,https://www.ncbi.nlm.nih.gov/geo/query/acc.cgi?acc=GSE297882
GSE266330,COAD,63,2025/05/27,Single cell profiling of bone metastasis ecosystems from multiple cancer types reveals convergent and divergent mechanisms of bone colonizat,https://www.ncbi.nlm.nih.gov/geo/query/acc.cgi?acc=GSE266330
GSE295932,COAD,6,2025/05/23,Single cell and spatial alternative splicing analysis with Nanopore long read sequencing,https://www.ncbi.nlm.nih.gov/geo/query/acc.cgi?acc=GSE295932
GSE262672,COAD,33,2025/05/22,NanoCMSer: A Clinically Applicable Tool for Stratification of Colorectal Cancer Samples [March2024.CODE],https://www.ncbi.nlm.nih.gov/geo/query/acc.cgi?acc=GSE262672
GSE262671,COAD,113,2025/05/22,NanoCMSer: A Clinically Applicable Tool for Stratification of Colorectal Cancer Samples [March2024.MATCH],https://www.ncbi.nlm.nih.gov/geo/query/acc.cgi?acc=GSE262671
GSE262670,COAD,25,2025/05/22,NanoCMSer: A Clinically Applicable Tool for Stratification of Colorectal Cancer Samples [March2024],https://www.ncbi.nlm.nih.gov/geo/query/acc.cgi?acc=GSE262670
GSE226039,COAD,46,2025/05/22,"scRNAseq from pbmc, ileum, and rectal tissue of healthy and crohns disease individuals",https://www.ncbi.nlm.nih.gov/geo/query/acc.cgi?acc=GSE226039
GSE276016,COAD,36,2025/05/21,Genetic variants affecting RNA stability influence complex traits and disease risk,https://www.ncbi.nlm.nih.gov/geo/query/acc.cgi?acc=GSE276016
GSE278103,COAD,36,2025/05/19,DNA methylation protects cancer cells against non-canonical senescence,https://www.ncbi.nlm.nih.gov/geo/query/acc.cgi?acc=GSE278103
GSE292288,COAD,18,2025/05/18,Separation-of-function mutants reveal the NF-κB-independent involvement of IκBα in the regulation of intestinal stemness [RNAseq Knock-ins I,https://www.ncbi.nlm.nih.gov/geo/query/acc.cgi?acc=GSE292288
GSE239796,COAD,38,2025/05/18,Separation-of-function mutants reveal the NF-κB-independent involvement of IκBα in the regulation of intestinal stemness,https://www.ncbi.nlm.nih.gov/geo/query/acc.cgi?acc=GSE239796
GSE297086,COAD,12,2025/05/17,SLAM-seq reveals the promotive role of NDRG1 in Fusobacterium nucleatum-induced Tumorigenesis in Colorectal Cancer.,https://www.ncbi.nlm.nih.gov/geo/query/acc.cgi?acc=GSE297086
GSE264208,COAD,167,2025/05/16,Modifications of microbiome-derived cell-free RNA in plasma discriminates colorectal cancer samples,https://www.ncbi.nlm.nih.gov/geo/query/acc.cgi?acc=GSE264208
GSE268527,COAD,6,2025/05/14,"Isolation, Structure Elucidation, and Biological Activity of the Selective TACR2 Antagonist Tumonolide and its Aldehyde from a Marine Cyanob",https://www.ncbi.nlm.nih.gov/geo/query/acc.cgi?acc=GSE268527
GSE296969,COAD,13,2025/05/13,Gene expression at single cell level of stromal cells from the distal colon of normal sites of colorectal cancer and inflamed sites of ulcer,https://www.ncbi.nlm.nih.gov/geo/query/acc.cgi?acc=GSE296969
GSE296656,COAD,4,2025/05/13,RNA seq of human colon cancer cell line HT29 treated with nanocurcumin,https://www.ncbi.nlm.nih.gov/geo/query/acc.cgi?acc=GSE296656
GSE282213,COAD,6,2025/05/13,RNA-seq analysis of RRN3 knockdown in HCT116 cells,https://www.ncbi.nlm.nih.gov/geo/query/acc.cgi?acc=GSE282213
GSE282212,COAD,6,2025/05/13,RNA-seq analysis of RNA polymerase I inhibitor in HCT116 cells,https://www.ncbi.nlm.nih.gov/geo/query/acc.cgi?acc=GSE282212
GSE267502,COAD,6,2025/05/13,RNA-seq analysis of RNA polymerase I inhibitor in p53 null HCT116 colon adenocarcinoma cells.,https://www.ncbi.nlm.nih.gov/geo/query/acc.cgi?acc=GSE267502
GSE267501,COAD,6,2025/05/13,RNA-seq analysis of RNA polymerase I inhibitor in p53 proficient HCT116 colon adenocarcinoma cells,https://www.ncbi.nlm.nih.gov/geo/query/acc.cgi?acc=GSE267501
GSE267500,COAD,9,2025/05/13,"RNA-seq analysis of parent, RPL22L1 knockout and RPL22 reconstituted HCT116 cells.",https://www.ncbi.nlm.nih.gov/geo/query/acc.cgi?acc=GSE267500
GSE268007,COAD,6,2025/05/10,Regulation of autophagy by Rab27B in colorectal cancer,https://www.ncbi.nlm.nih.gov/geo/query/acc.cgi?acc=GSE268007
GSE285726,COAD,18,2025/05/08,Targeting cancer through simultaneous inhibition of key metabolic enzymes,https://www.ncbi.nlm.nih.gov/geo/query/acc.cgi?acc=GSE285726
GSE293618,COAD,12,2025/05/07,Higher expression of HPV16 derived E7_LI Transcript Observed in Men with HIV and Recurrent Anal Cancer,https://www.ncbi.nlm.nih.gov/geo/query/acc.cgi?acc=GSE293618
GSE288583,COAD,10,2025/05/07,Identification of a novel intracellular function of the secreted ribonuclease RNASE1 in inhibiting gene expression,https://www.ncbi.nlm.nih.gov/geo/query/acc.cgi?acc=GSE288583
GSE296060,COAD,12,2025/05/05,"Myricone C, a novel neolignan from Myristica fragrans, induces ER stress-mediated apoptosis in gastric and colorectal cancer via ROCK inhibi",https://www.ncbi.nlm.nih.gov/geo/query/acc.cgi?acc=GSE296060
GSE262823,COAD,6,2025/05/05,TIPE regulates TGFB2 expression and induces extracellular M2 polarization in CRC,https://www.ncbi.nlm.nih.gov/geo/query/acc.cgi?acc=GSE262823
GSE263449,COAD,36,2025/05/01,Transcription start site analysis of NIPBL depletion in cancer cell line,https://www.ncbi.nlm.nih.gov/geo/query/acc.cgi?acc=GSE263449
GSE232303,COAD,191,2025/05/01,TAD hierarchy restricts poised LTR activation and loss of TAD hierarchy promotes LTR co-option in cancer,https://www.ncbi.nlm.nih.gov/geo/query/acc.cgi?acc=GSE232303
GSE290028,COAD,23,2025/04/30,LSD1 inhibition attenuates targeted therapy-induced lineage plasticity in BRAFV600E colorectal cancer,https://www.ncbi.nlm.nih.gov/geo/query/acc.cgi?acc=GSE290028
GSE280645,COAD,12,2025/04/30,RNF26 promote the proliferation and metastasis of colorectal cancer cells via Wnt pathway,https://www.ncbi.nlm.nih.gov/geo/query/acc.cgi?acc=GSE280645
GSE245139,COAD,45,2025/04/30,Long circulating RNAs identified as biomarker candidates for risk stratification in childhood acute lymphoblastic leukemia,https://www.ncbi.nlm.nih.gov/geo/query/acc.cgi?acc=GSE245139
GSE295725,COAD,98,2025/04/28,Multimodal delineation of a layer of effector function among exhausted CD8 T cells in tumors,https://www.ncbi.nlm.nih.gov/geo/query/acc.cgi?acc=GSE295725
GSE287014,COAD,6,2025/04/28,CNOT7 Promotes Radiation Resistance in Colorectal Cancer via XRCC6-Mediated NHEJ DNA Repair Pathway,https://www.ncbi.nlm.nih.gov/geo/query/acc.cgi?acc=GSE287014
GSE253843,COAD,12,2025/04/28,Effect of PXR on gene expression in LS174T cells,https://www.ncbi.nlm.nih.gov/geo/query/acc.cgi?acc=GSE253843
GSE289746,COAD,12,2025/04/24,Combined therapy with DR5- targeting antibody-drug conjugate and CDK inhibitors as a novel strategy for advanced MSS and MSI-H colorectal ca,https://www.ncbi.nlm.nih.gov/geo/query/acc.cgi?acc=GSE289746
GSE288560,COAD,24,2025/04/24,Combined therapy with DR5- targeting antibody-drug conjugate and CDK inhibitors as a novel strategy for advanced MSS and MSI-H colorectal ca,https://www.ncbi.nlm.nih.gov/geo/query/acc.cgi?acc=GSE288560
GSE288086,COAD,9,2025/04/23,Development of RelB-Targeting Small Molecule Inhibitors of Non-canonical NF-kB Signaling with Antitumor Efficacy,https://www.ncbi.nlm.nih.gov/geo/query/acc.cgi?acc=GSE288086
GSE240744,COAD,12,2025/04/23,Distinct contributions of EMT states to colorectal cancer ferroptosis,https://www.ncbi.nlm.nih.gov/geo/query/acc.cgi?acc=GSE240744
GSE265884,COAD,10,2025/04/17,Tripartite phosphorylation of SPT5 by CDK9 times pause release and tunes elongation rate of RNA polymerase II (RNA-Seq),https://www.ncbi.nlm.nih.gov/geo/query/acc.cgi?acc=GSE265884
GSE294754,COAD,4,2025/04/16,MiNK-215: Allogeneic FAP-CAR-IL15 iNKT therapy remodels tumor stroma to enhance anti-tumor immunity,https://www.ncbi.nlm.nih.gov/geo/query/acc.cgi?acc=GSE294754
GSE279678,COAD,6,2025/04/15,RBM15-mediated Metabolic Reprogramming Boosts Immune Response in Colorectal Cancer,https://www.ncbi.nlm.nih.gov/geo/query/acc.cgi?acc=GSE279678
GSE294201,COAD,6,2025/04/14,TGFB1/CXCL5 Axis Regulation by LCN2 Overexpression: A Promising Strategy to Inhibit Colorectal Cancer Metastasis and Enhance Prognosis,https://www.ncbi.nlm.nih.gov/geo/query/acc.cgi?acc=GSE294201
GSE276620,COAD,26,2025/04/10,Oncogene induced senescence and senescence-associated secretory phenotype (SASP) determines the efficacy of palbociclib in PIK3CA mutated co,https://www.ncbi.nlm.nih.gov/geo/query/acc.cgi?acc=GSE276620
GSE291188,COAD,24,2025/04/09,Unravelling the antitumor mechanism of Ocoxin through cancer cell genomics,https://www.ncbi.nlm.nih.gov/geo/query/acc.cgi?acc=GSE291188
GSE292379,COAD,9,2025/04/07,RNAseq analysis of streptomycin on SW620 colon cancer cell line,https://www.ncbi.nlm.nih.gov/geo/query/acc.cgi?acc=GSE292379
GSE200407,COAD,22,2025/04/07,RNA-seq between  between FOLFOX chemotherapy sensitivity and insensitivity in colorectal cancer,https://www.ncbi.nlm.nih.gov/geo/query/acc.cgi?acc=GSE200407
GSE200190,COAD,2,2025/04/05,PTIR1 acts as a suppressor of immunoproteasome and promotes cancer immune resistance [TILs 10x scRNA-seq],https://www.ncbi.nlm.nih.gov/geo/query/acc.cgi?acc=GSE200190
GSE287956,COAD,69,2025/04/04,CAN-Scan: a multi-omic phenotype-driven precision oncology platform identifies prognostic biomarkers of therapy response for colorectal canc,https://www.ncbi.nlm.nih.gov/geo/query/acc.cgi?acc=GSE287956
GSE263463,COAD,6,2025/04/03,HDAC inhibitors sensitize colorectal cancer to ferroptosis via m6A modification of FSP1,https://www.ncbi.nlm.nih.gov/geo/query/acc.cgi?acc=GSE263463
GSE262144,COAD,4,2025/04/03,C1Q + TPP1 + macrophages promote colon cancer progression through SETD8-driven p53 methylation.,https://www.ncbi.nlm.nih.gov/geo/query/acc.cgi?acc=GSE262144
GSE287741,COAD,12,2025/03/28,Transcriptomic changes in CRC1 and CRC2 patient-derived CRC 3D models after CRISPRi-based KAT2A knockdown,https://www.ncbi.nlm.nih.gov/geo/query/acc.cgi?acc=GSE287741
GSE268709,COAD,12,2025/03/28,Transcriptomic changes in HT29 cells and a patient-derived CRC 3D model after CRISPRi-based KAT2A knockdown,https://www.ncbi.nlm.nih.gov/geo/query/acc.cgi?acc=GSE268709
GSE289008,COAD,6,2025/03/26,Multi-omics analysis reveals Jianpi formula-derived bioactive peptide-YG-22 potentially inhibited colorectal cancer via regulating epigeneti,https://www.ncbi.nlm.nih.gov/geo/query/acc.cgi?acc=GSE289008
GSE270815,COAD,12,2025/03/25,The atypical KRASQ22K mutation directs TGF-β response towards partial epithelial-to-mesenchymal transition in patient-derived colorectal can,https://www.ncbi.nlm.nih.gov/geo/query/acc.cgi?acc=GSE270815
GSE280312,COAD,16,2025/03/18,Characterization of immune cell populations in the tumor microenvironment of colorectal cancer using high definition spatial profiling [VDJ],https://www.ncbi.nlm.nih.gov/geo/query/acc.cgi?acc=GSE280312
GSE280311,COAD,12,2025/03/18,Characterization of immune cell populations in the tumor microenvironment of colorectal cancer using high definition spatial profiling [Flex,https://www.ncbi.nlm.nih.gov/geo/query/acc.cgi?acc=GSE280311
GSE291785,COAD,8,2025/03/17,Nuclear ACAT1 orchestrates natural killer cell dependent antitumor immunity in colorectal cancer,https://www.ncbi.nlm.nih.gov/geo/query/acc.cgi?acc=GSE291785
GSE280318,COAD,39,2025/03/17,Characterization of immune cell populations in the tumor microenvironment of colorectal cancer using high definition spatial profiling,https://www.ncbi.nlm.nih.gov/geo/query/acc.cgi?acc=GSE280318
GSE261717,COAD,10,2025/03/15,Effect of fructose on human colon DNA methylation: implication for racial disparities in colorectal cancer risk,https://www.ncbi.nlm.nih.gov/geo/query/acc.cgi?acc=GSE261717
GSE289499,COAD,29,2025/03/06,Uncovering Stage-Specific Biomarkers in Colorectal Cancer: RNA-Seq Analysis of Adenoma and Carcinoma Progression,https://www.ncbi.nlm.nih.gov/geo/query/acc.cgi?acc=GSE289499
GSE235266,COAD,87,2025/03/05,Dietary tyramine promotes colon cancer risk and development via increased DNA damage and enhanced Inflammation,https://www.ncbi.nlm.nih.gov/geo/query/acc.cgi?acc=GSE235266
GSE233876,COAD,18,2025/03/05,Dietary tyramine promotes colon cancer risk and development via increased DNA damage and enhanced Inflammation [HCT116],https://www.ncbi.nlm.nih.gov/geo/query/acc.cgi?acc=GSE233876
GSE290526,COAD,3,2025/03/03,VEGFR2 blockade overcomes acquired KRAS G12D inhibitor resistance driven by PI3Kγ activation [scRNA-Seq],https://www.ncbi.nlm.nih.gov/geo/query/acc.cgi?acc=GSE290526
GSE290487,COAD,7,2025/03/02,VEGFR2 blockade overcomes acquired KRAS G12D inhibitor resistance driven by PI3Kγ activation,https://www.ncbi.nlm.nih.gov/geo/query/acc.cgi?acc=GSE290487
GSE290475,COAD,6,2025/03/01,Next generation sequencing to identify KDM4A regulating signaling pathway in CRC,https://www.ncbi.nlm.nih.gov/geo/query/acc.cgi?acc=GSE290475
GSE289818,COAD,6,2025/03/01,Lipid droplets impair anti-tumor immunity by disrupting IFNGR1 trafficking via TGN diacylglycerol depletion,https://www.ncbi.nlm.nih.gov/geo/query/acc.cgi?acc=GSE289818
GSE268199,COAD,9,2025/02/27,Proteasome inhibition induces alteration of DNA methylation profile by attenuating the synthesis of DNA methyltransferase 1 and 3B in colore,https://www.ncbi.nlm.nih.gov/geo/query/acc.cgi?acc=GSE268199
GSE287597,COAD,55,2025/02/26,THE INTEGRATIVE GENOMIC AND FUNCTIONAL IMMUNOLOGICAL ANALYSES OF COLORECTAL CANCER INITIATING CELLS TO MODULATE STEMNESS PROPERTIES AND THE ,https://www.ncbi.nlm.nih.gov/geo/query/acc.cgi?acc=GSE287597
GSE290314,COAD,6,2025/02/25,Extracorporeal shock waves effectively suppress colorectal cancer proliferation and growth,https://www.ncbi.nlm.nih.gov/geo/query/acc.cgi?acc=GSE290314
GSE289758,COAD,6,2025/02/21,IGF2BP3 enhances ferroptosis resistance in colon cancer by stabilizing SLC7A11 mRNA and is regulated by miR-98-5p,https://www.ncbi.nlm.nih.gov/geo/query/acc.cgi?acc=GSE289758
GSE270613,COAD,4,2025/02/19,Targeting CAFs-Mediated Stromal Signaling in a Patient-Derived Organotypic Colorectal Tumor Model,https://www.ncbi.nlm.nih.gov/geo/query/acc.cgi?acc=GSE270613
GSE146232,COAD,18,2025/02/19,The Chromatin Remodeler Chromodomain Helicase DNA Binding Protein 2 Promotes Colorectal Cancer Progression,https://www.ncbi.nlm.nih.gov/geo/query/acc.cgi?acc=GSE146232
GSE255122,COAD,13,2025/02/14,Cancer-associated fibroblasts reveal aberrant DNA methylation across different types of cancer [RNA-seq],https://www.ncbi.nlm.nih.gov/geo/query/acc.cgi?acc=GSE255122
GSE283167,COAD,2,2025/02/12,Attractor landscape analysis reveals a reversion switch in the transition of colorectal tumorigenesis,https://www.ncbi.nlm.nih.gov/geo/query/acc.cgi?acc=GSE283167
GSE264582,COAD,6,2025/02/12,Sequencing to Explore the Mechanism Network of N-acetyltransferase 10 (NAT10) Promoting Colorectal cancer in human colorectal cancer cell SW,https://www.ncbi.nlm.nih.gov/geo/query/acc.cgi?acc=GSE264582
GSE233361,COAD,18,2025/02/08,TRMT6-mediated tRNA m1A modification acts as a translational checkpoint of histone synthesis and facilitates colorectal cancer progression,https://www.ncbi.nlm.nih.gov/geo/query/acc.cgi?acc=GSE233361
GSE233358,COAD,6,2025/02/08,TRMT6-mediated tRNA m1A modification serves as a translational checkpoint of histone biosynthesis and facilitates colorectal cancer progress,https://www.ncbi.nlm.nih.gov/geo/query/acc.cgi?acc=GSE233358
GSE233356,COAD,6,2025/02/08,TRMT6-mediated tRNA m1A modification serves as a translational checkpoint of histone biosynthesis and facilitates colorectal cancer progress,https://www.ncbi.nlm.nih.gov/geo/query/acc.cgi?acc=GSE233356
GSE288482,COAD,52,2025/02/06,Integration activity of evolutionarily recent human retroelements Alu and LINE in tumors,https://www.ncbi.nlm.nih.gov/geo/query/acc.cgi?acc=GSE288482
GSE273846,COAD,6,2025/02/02,Heat Shock Transcription Factor 4 Promotes Malignant Biological Behavior in Colorectal Cancer Through Stiffness Rather Than Collagen Content,https://www.ncbi.nlm.nih.gov/geo/query/acc.cgi?acc=GSE273846
GSE274028,COAD,4,2025/02/01,RNA m1A methyltransferase TRMT61A induces MAPK/ERK signaling and is a therapeutic target in colorectal cancer II,https://www.ncbi.nlm.nih.gov/geo/query/acc.cgi?acc=GSE274028
GSE274027,COAD,4,2025/02/01,RNA m1A methyltransferase TRMT61A induces MAPK/ERK signaling and is a therapeutic target in colorectal cancer I,https://www.ncbi.nlm.nih.gov/geo/query/acc.cgi?acc=GSE274027
GSE261388,COAD,10,2025/02/01,Single cell transcriptomic profiling reveals a dynamic molecular landscape and the importance of ligand-receptor genes and transcription fac,https://www.ncbi.nlm.nih.gov/geo/query/acc.cgi?acc=GSE261388
GSE253112,COAD,30,2025/02/01,FXR isoforms drive differentiation and differentially inhibit proliferation in colorectal cancer,https://www.ncbi.nlm.nih.gov/geo/query/acc.cgi?acc=GSE253112
GSE285472,COAD,5,2025/01/31,Cancer-associated fibroblast-derived urea cycle metabolites promote colorectal cancer growth,https://www.ncbi.nlm.nih.gov/geo/query/acc.cgi?acc=GSE285472
GSE285457,COAD,5,2025/01/31,Long-term maintenanance of patient-specific characteristics in tumoroids from six cancer indications,https://www.ncbi.nlm.nih.gov/geo/query/acc.cgi?acc=GSE285457
GSE197313,COAD,4,2025/01/31,Using VBIM technique to discover ARMC4/ODAD2 as a novel negative regulator of NF-κB  and a new tumor suppressor in colorectal cancer,https://www.ncbi.nlm.nih.gov/geo/query/acc.cgi?acc=GSE197313
GSE273626,COAD,4,2025/01/30,Chemical perturbations impacting histone acetylation regulate colorectal cancer differentiation,https://www.ncbi.nlm.nih.gov/geo/query/acc.cgi?acc=GSE273626
GSE288275,COAD,24,2025/01/29,Inhibition of the STAT3/Fanconi anemia axis is synthetic lethal with PARP inhibitor in breast cancer,https://www.ncbi.nlm.nih.gov/geo/query/acc.cgi?acc=GSE288275
GSE272835,COAD,8,2025/01/29,A novel USP4 inhibitor suppresses colorectal cancer stemness and enhances chemotherapy sensitivity by promoting the degradation of β-catenin,https://www.ncbi.nlm.nih.gov/geo/query/acc.cgi?acc=GSE272835
GSE271639,COAD,6,2025/01/28,Transcriptomic analysis of RNA psi modification in colorectal cancer reveals an epitranscriptomic regulation in cellular senescence,https://www.ncbi.nlm.nih.gov/geo/query/acc.cgi?acc=GSE271639
GSE267071,COAD,34,2025/01/27,3D Intercellular Assembly of Decellularized Matrix  Recapitulates In Vivo Tumor Heterogeneity,https://www.ncbi.nlm.nih.gov/geo/query/acc.cgi?acc=GSE267071
GSE285698,COAD,12,2025/01/26,DNA topological regulation by topoisomerase IIβ-DNA-PK interaction is important for controlled hypoxia-inducible gene expression [RNA-Seq],https://www.ncbi.nlm.nih.gov/geo/query/acc.cgi?acc=GSE285698
GSE287410,COAD,12,2025/01/24,ARM-X: an adaptable mesenchymal stromal cell-based vaccination pltform suitable for solid tumors.,https://www.ncbi.nlm.nih.gov/geo/query/acc.cgi?acc=GSE287410
GSE271172,COAD,45,2025/01/15,Immune infiltration characteristic of colorectal cancer with high and low immune score.,https://www.ncbi.nlm.nih.gov/geo/query/acc.cgi?acc=GSE271172
GSE254323,COAD,24,2025/01/15,RNA-seq of colorectal cancer cell line HCT116 and DLD-1 cells treated with PRIMA-1met or oxaliplatin or combination therapy,https://www.ncbi.nlm.nih.gov/geo/query/acc.cgi?acc=GSE254323
GSE248800,COAD,17,2025/01/15,scRNAseq Data Analysis Code Muscle Inflammation is Regulated by NF-kB From Multiple Cells to Control Distinct States of Wasting in Cancer Ca,https://www.ncbi.nlm.nih.gov/geo/query/acc.cgi?acc=GSE248800
GSE284970,COAD,2,2025/01/14,total RNA-seq from HCT116 (ENCSR945VLG),https://www.ncbi.nlm.nih.gov/geo/query/acc.cgi?acc=GSE284970
GSE284964,COAD,2,2025/01/14,total RNA-seq from HCT116 (ENCSR931ATS),https://www.ncbi.nlm.nih.gov/geo/query/acc.cgi?acc=GSE284964
GSE284906,COAD,2,2025/01/14,total RNA-seq from HCT116 (ENCSR800KLD),https://www.ncbi.nlm.nih.gov/geo/query/acc.cgi?acc=GSE284906
GSE284895,COAD,2,2025/01/14,total RNA-seq from HCT116 (ENCSR294AKN),https://www.ncbi.nlm.nih.gov/geo/query/acc.cgi?acc=GSE284895
GSE284890,COAD,2,2025/01/14,total RNA-seq from HCT116 (ENCSR502PAY),https://www.ncbi.nlm.nih.gov/geo/query/acc.cgi?acc=GSE284890
GSE284885,COAD,2,2025/01/14,total RNA-seq from HCT116 (ENCSR275SNI),https://www.ncbi.nlm.nih.gov/geo/query/acc.cgi?acc=GSE284885
GSE284883,COAD,2,2025/01/14,total RNA-seq from HCT116 (ENCSR267FRL),https://www.ncbi.nlm.nih.gov/geo/query/acc.cgi?acc=GSE284883
GSE284880,COAD,2,2025/01/14,total RNA-seq from HCT116 (ENCSR266SBI),https://www.ncbi.nlm.nih.gov/geo/query/acc.cgi?acc=GSE284880
GSE284874,COAD,2,2025/01/14,total RNA-seq from HCT116 (ENCSR257FJF),https://www.ncbi.nlm.nih.gov/geo/query/acc.cgi?acc=GSE284874
GSE284870,COAD,2,2025/01/14,total RNA-seq from HCT116 (ENCSR729VMM),https://www.ncbi.nlm.nih.gov/geo/query/acc.cgi?acc=GSE284870
GSE284858,COAD,2,2025/01/14,total RNA-seq from HCT116 (ENCSR714CHF),https://www.ncbi.nlm.nih.gov/geo/query/acc.cgi?acc=GSE284858
GSE284831,COAD,2,2025/01/14,total RNA-seq from HCT116 (ENCSR146GSS),https://www.ncbi.nlm.nih.gov/geo/query/acc.cgi?acc=GSE284831
GSE284827,COAD,2,2025/01/14,total RNA-seq from HCT116 (ENCSR113CCF),https://www.ncbi.nlm.nih.gov/geo/query/acc.cgi?acc=GSE284827
GSE284821,COAD,2,2025/01/14,total RNA-seq from HCT116 (ENCSR096UGR),https://www.ncbi.nlm.nih.gov/geo/query/acc.cgi?acc=GSE284821
GSE284818,COAD,2,2025/01/14,total RNA-seq from HCT116 (ENCSR094RQC),https://www.ncbi.nlm.nih.gov/geo/query/acc.cgi?acc=GSE284818
GSE284806,COAD,2,2025/01/14,total RNA-seq from HCT116 (ENCSR034DEZ),https://www.ncbi.nlm.nih.gov/geo/query/acc.cgi?acc=GSE284806
GSE274551,COAD,35,2025/01/13,Novel PET/CT Imaging Biomarkers of CB-839 in Combination With Panitumumab and Irinotecan in Patients With Metastatic and Refractory RAS Wild,https://www.ncbi.nlm.nih.gov/geo/query/acc.cgi?acc=GSE274551
GSE244319,COAD,8,2025/01/13,Oxidative phosphorylation inhibition with IACS-010759 treatment in colorectal cancer cells,https://www.ncbi.nlm.nih.gov/geo/query/acc.cgi?acc=GSE244319
GSE193554,COAD,4,2025/01/11,Transcriptomic profilings of CT45A1-expressing colorectal cacner cells.,https://www.ncbi.nlm.nih.gov/geo/query/acc.cgi?acc=GSE193554
GSE249128,COAD,48,2025/01/09,Maintenance of p-eIF2 alpha levels by the eIF2B complex is vital for colorectal cancer,https://www.ncbi.nlm.nih.gov/geo/query/acc.cgi?acc=GSE249128
GSE285815,COAD,2,2025/01/08,Effect of HERV-R env Knockout on Tumorigenic Characteristics of Colorectal Cancer Cells,https://www.ncbi.nlm.nih.gov/geo/query/acc.cgi?acc=GSE285815
GSE251958,COAD,21,2025/01/08,Predicting patient outcome based on gene-expression biomarkers learned from colorectal cancer organoids and cell lines,https://www.ncbi.nlm.nih.gov/geo/query/acc.cgi?acc=GSE251958
GSE252596,COAD,6,2025/01/05,RNA-seq for NKX2-3 knockout tumor pericytes,https://www.ncbi.nlm.nih.gov/geo/query/acc.cgi?acc=GSE252596
GSE226100,COAD,6,2025/01/02,TBX21 attenuates colorectal cancer progression via a ARHGAP29/RSK/GSK3β dependent manner,https://www.ncbi.nlm.nih.gov/geo/query/acc.cgi?acc=GSE226100
GSE284657,COAD,12,2025/01/01,lncSLERT promotes liver metastasis in colorectal cancer by down-regulating HUNK expression via RBM15-mediated m6A modification,https://www.ncbi.nlm.nih.gov/geo/query/acc.cgi?acc=GSE284657
GSE278226,COAD,6,2025/01/01,PCYT2 inhibits epithelial-to-mesenchymal transition in colorectal cancer by elevating YAP1 phosphorylation,https://www.ncbi.nlm.nih.gov/geo/query/acc.cgi?acc=GSE278226
GSE203071,COAD,155,2025/01/01,Machine-learning detects non-invasive 5-hydroxymeythylcytosine biomarkers for predicting response to chemotherapy in patients with metastati,https://www.ncbi.nlm.nih.gov/geo/query/acc.cgi?acc=GSE203071
GSE284613,COAD,6,2024/12/31,Effects and Mechanisms of ACSL4 Induces Immunosuppression in Colorectal Cancer [T84 cells],https://www.ncbi.nlm.nih.gov/geo/query/acc.cgi?acc=GSE284613
GSE245475,COAD,6,2024/12/31,FH enhances the therapeutic effect of PD-1 inhibitors on colorectal cancer by inhibiting the expression of PCSK9.,https://www.ncbi.nlm.nih.gov/geo/query/acc.cgi?acc=GSE245475
GSE223243,COAD,4,2024/12/31,LINC00261 Suppresses Epithelial-Mesenchymal Transition and Metastatic Potential of Colorectal Cancer by Down-regulating the MeCP2-ZEB1 Feedb,https://www.ncbi.nlm.nih.gov/geo/query/acc.cgi?acc=GSE223243
GSE160109,COAD,12,2024/12/31,Transcriptomic and miRNA analysis of control versus treated HCT-116 cells with vitamins A and D,https://www.ncbi.nlm.nih.gov/geo/query/acc.cgi?acc=GSE160109
GSE259375,COAD,60,2024/12/26,"Analysis of an HCA-7 derived cell line (CC-CR) and cell lines generated with knockout of miR-100, miR-125b, or both miRNAs.",https://www.ncbi.nlm.nih.gov/geo/query/acc.cgi?acc=GSE259375
GSE259373,COAD,30,2024/12/26,"Analysis of an HCA-7 derived cell line (CC-CR) and  cell lines generated with knockout of miR-100, miR-125b, or both miRNAs (RNAseq_human_mi",https://www.ncbi.nlm.nih.gov/geo/query/acc.cgi?acc=GSE259373
GSE259372,COAD,22,2024/12/26,Analysis of a pair of HCA-7 derived cells with low expressing (CC) or high expressing (CC-CR) levels of miR-100 and miR-125b and RNA collect,https://www.ncbi.nlm.nih.gov/geo/query/acc.cgi?acc=GSE259372
GSE259370,COAD,11,2024/12/26,Analysis of  a pair of HCA-7 derived cells with low expressing (CC) or high expressing (CC-CR) levels of miR-100 and miR-125b and RNA collec,https://www.ncbi.nlm.nih.gov/geo/query/acc.cgi?acc=GSE259370
GSE196711,COAD,29,2024/12/23,Immune profiling of premalignant lesions in patients with Peutz-Jeghers Syndrome,https://www.ncbi.nlm.nih.gov/geo/query/acc.cgi?acc=GSE196711
GSE259306,COAD,111,2024/12/21,TurboCas: A method for locus-specific labeling of genomic regions and isolating their associated protein interactome [RNAseq],https://www.ncbi.nlm.nih.gov/geo/query/acc.cgi?acc=GSE259306
GSE251666,COAD,16,2024/12/20,Effect of nonsense-mediated decay inhibition  on expression of 3' UTR spliced transcripts in colorectal carcinoma cell line HCT116,https://www.ncbi.nlm.nih.gov/geo/query/acc.cgi?acc=GSE251666
GSE251665,COAD,8,2024/12/20,Effect of activating Wnt signalling on expression of 3' UTR spliced transcripts in colorectal carcinoma cell line HCT116,https://www.ncbi.nlm.nih.gov/geo/query/acc.cgi?acc=GSE251665
GSE266750,COAD,75,2024/12/19,GATA6 is a Novel Regulator of Gene Expression and 3D Genome in Colorectal Cancer,https://www.ncbi.nlm.nih.gov/geo/query/acc.cgi?acc=GSE266750
GSE266748,COAD,28,2024/12/19,GATA6 is a Novel Regulator of Gene Expression and 3D Genome in Colorectal Cancer (RNA-Seq),https://www.ncbi.nlm.nih.gov/geo/query/acc.cgi?acc=GSE266748
GSE261537,COAD,6,2024/12/18,"TR-107, An Agonist of Caseinolytic Peptidase Proteolytic Subunit, Disrupts Mitochondrial Metabolism and Inhibits the Growth of Human Colorec",https://www.ncbi.nlm.nih.gov/geo/query/acc.cgi?acc=GSE261537
GSE282765,COAD,42,2024/12/17,Eosinophils restrict CRC metastasis by inhibiting pro-tumorigenic Spp1+ macrophage differentiation.,https://www.ncbi.nlm.nih.gov/geo/query/acc.cgi?acc=GSE282765
GSE215924,COAD,79,2024/12/17,Small bowel RNA-seq data from patients with Crohn's disease and patients with colon cancer (non-CD controls),https://www.ncbi.nlm.nih.gov/geo/query/acc.cgi?acc=GSE215924
GSE276623,COAD,12,2024/12/16,Human RNaseH2 subunit upregulation counteracts oncogene- and chemotherapy-induced replication stress,https://www.ncbi.nlm.nih.gov/geo/query/acc.cgi?acc=GSE276623
GSE277669,COAD,1,2024/12/13,Single-cell transcriptome landscape in colorectal cancer,https://www.ncbi.nlm.nih.gov/geo/query/acc.cgi?acc=GSE277669
GSE283752,COAD,12,2024/12/12,Differential unfolded protein response regulation in KRAS silencing sensitive versus innately resistant colorectal cancer cells [SW480 and S,https://www.ncbi.nlm.nih.gov/geo/query/acc.cgi?acc=GSE283752
GSE283737,COAD,254,2024/12/11,scBiopsy-seq: a platform for temporal single-cell RNA-seq analysis,https://www.ncbi.nlm.nih.gov/geo/query/acc.cgi?acc=GSE283737
GSE245860,COAD,12,2024/12/06,YTHDC1 affects the ubiquitination level of RAD51 by negatively regulating UBE3A expression and inhibits colorectal cancer cells apoptosis,https://www.ncbi.nlm.nih.gov/geo/query/acc.cgi?acc=GSE245860
GSE278476,COAD,89,2024/12/04,Pre-vaccination transcriptomic profiles of immune responders to the MUC1 peptide vaccine for colon cancer prevention,https://www.ncbi.nlm.nih.gov/geo/query/acc.cgi?acc=GSE278476
GSE272516,COAD,6,2024/12/04,Sequestration of ribosomal subunits as inactive 80S by targeting eIF6 limits mitotic exit and cancer progression,https://www.ncbi.nlm.nih.gov/geo/query/acc.cgi?acc=GSE272516
GSE282925,COAD,12,2024/12/03,DNA hypomethylation promotes UHRF1- and SUV39H1/H2-dependent crosstalk between H3K18ub and H3K9me3 to reinforce heterochromatin states [RNA-,https://www.ncbi.nlm.nih.gov/geo/query/acc.cgi?acc=GSE282925
GSE256114,COAD,12,2024/12/03,DNA hypomethylation promotes UHRF1- and SUV39H1/H2-dependent crosstalk between H3K18ub and H3K9me3 to reinforce heterochromatin states,https://www.ncbi.nlm.nih.gov/geo/query/acc.cgi?acc=GSE256114
GSE276272,COAD,8,2024/12/01,effect of PPA2 knockdown on gene expression under normoxia or hypoxia of DLD1 colerectal cancer cells,https://www.ncbi.nlm.nih.gov/geo/query/acc.cgi?acc=GSE276272
GSE214730,COAD,12,2024/12/01,RNA-seq of depletion Mina53 in HCT116 p53+/+ cells and HCT116 p53-/- cells,https://www.ncbi.nlm.nih.gov/geo/query/acc.cgi?acc=GSE214730
GSE189892,COAD,4,2024/12/01,RNA-seq for HCT116 cells with TTC22-OE or kockdown,https://www.ncbi.nlm.nih.gov/geo/query/acc.cgi?acc=GSE189892
GSE243188,COAD,28,2024/11/30,Epithelial barrier function and its underlying mechanical regulation affects the biology of Macro-Metastasis Parenchyma Interface (MMPI).,https://www.ncbi.nlm.nih.gov/geo/query/acc.cgi?acc=GSE243188
GSE282967,COAD,4,2024/11/28,Sequencing data of a novel piperine derivative HJ-4 against colorectal cancer,https://www.ncbi.nlm.nih.gov/geo/query/acc.cgi?acc=GSE282967
GSE264718,COAD,4,2024/11/28,Widespread termination of mammalian RNA polymerase II at T-rich DNA sequences (nuclear RNA-Seq),https://www.ncbi.nlm.nih.gov/geo/query/acc.cgi?acc=GSE264718
GSE264499,COAD,12,2024/11/28,Widespread termination of mammalian RNA polymerase II at T-rich DNA sequences (RNA-Seq),https://www.ncbi.nlm.nih.gov/geo/query/acc.cgi?acc=GSE264499
GSE268979,COAD,12,2024/11/27,PTEN depletion reduces global levels of H3K27me3 to promote epithelial-to-mesenchymal transition in epithelial colorectal cancer cells [RNA-,https://www.ncbi.nlm.nih.gov/geo/query/acc.cgi?acc=GSE268979
GSE226741,COAD,30,2024/11/27,Expression changes of ecDNA in colorectal epithelium-adenoma-adenocarcinoma evolution,https://www.ncbi.nlm.nih.gov/geo/query/acc.cgi?acc=GSE226741
GSE226739,COAD,15,2024/11/27,Expression changes of ecDNA in colorectal epithelium-adenoma-adenocarcinoma evolution (mRNA),https://www.ncbi.nlm.nih.gov/geo/query/acc.cgi?acc=GSE226739
GSE282542,COAD,8,2024/11/26,CD8+MTs+ Effector T Cells from Enlarged Tumor-Draining Lymph Nodes Drive Enhanced  Tumor Immunogenicity and Improved Prognosis in Colorectal,https://www.ncbi.nlm.nih.gov/geo/query/acc.cgi?acc=GSE282542
GSE278406,COAD,6,2024/11/20,Phenotypic plasticity and increased tissue infiltration of TREM1+ mono-macrophages following radiotherapy in rectal cancer. [scRNA-Seq],https://www.ncbi.nlm.nih.gov/geo/query/acc.cgi?acc=GSE278406
GSE278405,COAD,16,2024/11/20,Phenotypic plasticity and increased tissue infiltration of TREM1+ mono-macrophages following radiotherapy in rectal cancer. [RNA-Seq],https://www.ncbi.nlm.nih.gov/geo/query/acc.cgi?acc=GSE278405
GSE189486,COAD,4,2024/11/20,Transcriptome analysis of AVEN wildtype(WT) and overexpression (OE) in colorectal cancer,https://www.ncbi.nlm.nih.gov/geo/query/acc.cgi?acc=GSE189486
GSE281613,COAD,12,2024/11/16,Microbial metabolite ammonia disrupts CEACAM1-TGF-β signaling to promote colon cancer,https://www.ncbi.nlm.nih.gov/geo/query/acc.cgi?acc=GSE281613
GSE248558,COAD,12,2024/11/13,Enterocyte like differentiation defines metabolic gene signatures of CMS3 colorectal cancers and provides therapeutic vulnerability,https://www.ncbi.nlm.nih.gov/geo/query/acc.cgi?acc=GSE248558
GSE241518,COAD,4,2024/11/11,High-throughout sequencing of colorectal cancer and non-small cell lung cancer cells treated actived compound YHM18,https://www.ncbi.nlm.nih.gov/geo/query/acc.cgi?acc=GSE241518
GSE217760,COAD,99,2024/11/11,DNA methylation insulates exons from CTCF loops with nuclear speckles ,https://www.ncbi.nlm.nih.gov/geo/query/acc.cgi?acc=GSE217760
GSE217759,COAD,30,2024/11/11,DNA methylation insulates exons from CTCF loops with nuclear speckles (RNA-Seq),https://www.ncbi.nlm.nih.gov/geo/query/acc.cgi?acc=GSE217759
GSE189310,COAD,4,2024/11/11,"Transcriptome analysis of multiple myeloma cells (HB, KB) and cells (HA, KA) that were not sorted by microfluidic chip",https://www.ncbi.nlm.nih.gov/geo/query/acc.cgi?acc=GSE189310
GSE281408,COAD,16,2024/11/10,TNF-α inhibits the chemotherapy resistance caused by upregulation of the PERK-ATF4 pathway in colorectal cancer cells,https://www.ncbi.nlm.nih.gov/geo/query/acc.cgi?acc=GSE281408
GSE262850,COAD,14,2024/11/06,Discovery and Anti-inflammatory Activity of a Cyanobacterial Macrolide Glycoside Targeting the Keap1/Nrf2 Pathway,https://www.ncbi.nlm.nih.gov/geo/query/acc.cgi?acc=GSE262850
GSE249865,COAD,6,2024/11/05,ROS-induced cytosolic release of mitochondrial PGAM5 accelerates colorectal cancer progression via MST3-mediated YAP activation,https://www.ncbi.nlm.nih.gov/geo/query/acc.cgi?acc=GSE249865
GSE280188,COAD,4,2024/11/02,Neratinib derivative 7A induces apoptosis in colon cancer cells via the p53 pathway,https://www.ncbi.nlm.nih.gov/geo/query/acc.cgi?acc=GSE280188
GSE246881,COAD,6,2024/11/01,Transcriptomic changes in HCT116 cells after KAT2A knockout,https://www.ncbi.nlm.nih.gov/geo/query/acc.cgi?acc=GSE246881
GSE188329,COAD,14,2024/11/01,Single cell analysis of SW620/SW620-TET2CD with long time clone culturing,https://www.ncbi.nlm.nih.gov/geo/query/acc.cgi?acc=GSE188329
GSE219194,COAD,6,2024/10/30,SND1 is a novel regulator of endothelial function,https://www.ncbi.nlm.nih.gov/geo/query/acc.cgi?acc=GSE219194
GSE255105,COAD,51,2024/10/25,Transcriptome Analysis of Human Cancer Cells with Depleted or Overexpressed STELLA Proteins [RNA-seq],https://www.ncbi.nlm.nih.gov/geo/query/acc.cgi?acc=GSE255105
GSE279800,COAD,8,2024/10/22,Caffeine modulates immunoproteasome activity and content in colorectal adenocarcinoma cells,https://www.ncbi.nlm.nih.gov/geo/query/acc.cgi?acc=GSE279800
GSE277905,COAD,7,2024/10/22,Exploring Immune Microenvironment of Colorectal Cancer Patients after Renal Transplantation,https://www.ncbi.nlm.nih.gov/geo/query/acc.cgi?acc=GSE277905
GSE245351,COAD,18,2024/10/21,Charting the transcriptomic landscape of primary and metastatic cancers in relation to their origin and target normal tissues,https://www.ncbi.nlm.nih.gov/geo/query/acc.cgi?acc=GSE245351
GSE190820,COAD,16,2024/10/18,edu-Ψ-seq Reveals snoRNA-guided mRNA Pseudouridylation that Regulates Protein Synthesis,https://www.ncbi.nlm.nih.gov/geo/query/acc.cgi?acc=GSE190820
GSE268122,COAD,6,2024/10/15,The underlying mechanism of SCNAs-induced lncRNA LOC101927668 overexpressoin facilitating colorectal cancer progression,https://www.ncbi.nlm.nih.gov/geo/query/acc.cgi?acc=GSE268122
GSE232113,COAD,8,2024/10/15,Roles of H2A.Z histone variant isoforms during enterocyte-like differentiation process (RNA-Seq),https://www.ncbi.nlm.nih.gov/geo/query/acc.cgi?acc=GSE232113
GSE278785,COAD,26,2024/10/14,Obesity facilitated colon cancer progression is mediated by increased diacylglycerol o-acyltransferases 1 and 2 (DGAT1/2) levels [RNA-seq],https://www.ncbi.nlm.nih.gov/geo/query/acc.cgi?acc=GSE278785
GSE232114,COAD,25,2024/10/14,Roles of H2A.Z histone variant isoforms during enterocyte-like differentiation process,https://www.ncbi.nlm.nih.gov/geo/query/acc.cgi?acc=GSE232114
GSE279062,COAD,7,2024/10/13,Gene expression profiles of interactions between colorectal cancer-associated fibroblasts and myeloid cells in 2D co-cultures and in novel n,https://www.ncbi.nlm.nih.gov/geo/query/acc.cgi?acc=GSE279062
GSE236701,COAD,2,2024/10/13,Effect of knockdown of KAT7 on gene expression in HCT116 cell line.,https://www.ncbi.nlm.nih.gov/geo/query/acc.cgi?acc=GSE236701
GSE272875,COAD,51,2024/10/10,IGF2BP1 phosphorylation regulates ribonucleoprotein condensate formation by impairing low-affinity protein and RNA interactions,https://www.ncbi.nlm.nih.gov/geo/query/acc.cgi?acc=GSE272875
GSE272874,COAD,26,2024/10/10,IGF2BP1 phosphorylation regulates ribonucleoprotein condensate formation by impairing low-affinity protein and RNA interactions (RNA-Seq),https://www.ncbi.nlm.nih.gov/geo/query/acc.cgi?acc=GSE272874
GSE247894,COAD,6,2024/10/10,HMGA1 promotes the tumorigenesis of colorectal cancer by increasing lipid synthesis,https://www.ncbi.nlm.nih.gov/geo/query/acc.cgi?acc=GSE247894
GSE275330,COAD,10,2024/10/09,"Doxorubicin resistance involves modulation of interferon signaling, transcriptional bursting, and gene co-expression patterns of U-ISGF3-rel",https://www.ncbi.nlm.nih.gov/geo/query/acc.cgi?acc=GSE275330
GSE249009,COAD,48,2024/10/09,RNA sequencing analysis of isoginkgetin and thapsigargin treated HCT116 and HCT116 ATF4 deficient cells,https://www.ncbi.nlm.nih.gov/geo/query/acc.cgi?acc=GSE249009
GSE278692,COAD,22,2024/10/08,IL-12 drives the expression of the inhibitory receptor NKG2A on human tumor-reactive CD8 T cells,https://www.ncbi.nlm.nih.gov/geo/query/acc.cgi?acc=GSE278692
GSE242091,COAD,1,2024/10/08,Gene expression profile of human intestinal mononuclear phagocytes (MNPs) at the single-cell level II,https://www.ncbi.nlm.nih.gov/geo/query/acc.cgi?acc=GSE242091
GSE240900,COAD,4,2024/10/08,Gene expression profile of human intestinal mononuclear phagocytes (MNPs) at the single-cell level,https://www.ncbi.nlm.nih.gov/geo/query/acc.cgi?acc=GSE240900
GSE189558,COAD,4,2024/10/08,Transcriptome analysis of ZCCHC7  wildtype(WT) and overexpression (OE) in colorectal cancer,https://www.ncbi.nlm.nih.gov/geo/query/acc.cgi?acc=GSE189558
GSE264006,COAD,48,2024/10/05,Engineered extrachromosomal oncogene amplifications promote tumorigenesis ,https://www.ncbi.nlm.nih.gov/geo/query/acc.cgi?acc=GSE264006
GSE270759,COAD,18,2024/10/03,Oncogenic KRAS Mutations Confer a Unique Mechanotransduction Response to Peristalsis in Colorectal Cancer Cells,https://www.ncbi.nlm.nih.gov/geo/query/acc.cgi?acc=GSE270759
GSE261895,COAD,18,2024/10/02,Disruption of deoxynucleotide biosynthesis leads to RASproto-oncogene activation and perturbation of mitochondrial metabolism [RNA-seq],https://www.ncbi.nlm.nih.gov/geo/query/acc.cgi?acc=GSE261895
GSE275454,COAD,4,2024/09/30,ID3 Enhances PD-L1 Expression by Restructuring MYC and  Promotes Colorectal Cancer Immune Evasion [RNA-seq],https://www.ncbi.nlm.nih.gov/geo/query/acc.cgi?acc=GSE275454
GSE213953,COAD,4,2024/09/30,The alterations of gene expression profiling induced by ALKBH5 knockdown in HCT116 cells,https://www.ncbi.nlm.nih.gov/geo/query/acc.cgi?acc=GSE213953
GSE230058,COAD,53,2024/09/29,Eosinophils exhibit a unique transcriptional signature and increased sensitivity to IL-3-induced activation in response to colorectal cancer,https://www.ncbi.nlm.nih.gov/geo/query/acc.cgi?acc=GSE230058
GSE242271,COAD,15,2024/09/28,Prostaglandin E2-EP4 signaling shapes immunosuppressive tumor microenvironment in human tumors by suppressing bioenergetics and ribosome bio,https://www.ncbi.nlm.nih.gov/geo/query/acc.cgi?acc=GSE242271
GSE266321,COAD,8,2024/09/26,The BAF complex enhances transcription through interaction with H3K56ac in the histone globular domain,https://www.ncbi.nlm.nih.gov/geo/query/acc.cgi?acc=GSE266321
GSE277845,COAD,6,2024/09/23,RNA-seq analysis of differentially expressed genes between WT and siALDOA HT29 cells.,https://www.ncbi.nlm.nih.gov/geo/query/acc.cgi?acc=GSE277845
GSE277467,COAD,85,2024/09/21,First multiomics association study of trace element and mineral concentration and RNA sequencing profiles in human cancers,https://www.ncbi.nlm.nih.gov/geo/query/acc.cgi?acc=GSE277467
GSE275553,COAD,4,2024/09/20,A novel Nilotinib derivative N-12 inhibits the proliferation and migration of colon cancer cells through the EMT signaling pathway,https://www.ncbi.nlm.nih.gov/geo/query/acc.cgi?acc=GSE275553
GSE268957,COAD,4,2024/09/19,LSD1 and CoREST2 Regulate STAT3 Activity to Promote Enteroendocrine Cell Differentiation in Mucinous Colorectal Cancer[scMultiome-seq],https://www.ncbi.nlm.nih.gov/geo/query/acc.cgi?acc=GSE268957
GSE255739,COAD,42,2024/09/19,Type II topoisomerases shape multi-scale 3D chromatin folding in regions of positive supercoils,https://www.ncbi.nlm.nih.gov/geo/query/acc.cgi?acc=GSE255739
GSE255737,COAD,4,2024/09/19,Type II topoisomerases shape multi-scale 3D chromatin folding in regions of positive supercoils (Ttchem-seq).,https://www.ncbi.nlm.nih.gov/geo/query/acc.cgi?acc=GSE255737
GSE272456,COAD,9,2024/09/18,Mitochondrial metabolism is a key determinant of chemotherapy sensitivity in Colorectal Cancer (HCT116),https://www.ncbi.nlm.nih.gov/geo/query/acc.cgi?acc=GSE272456
GSE255877,COAD,18,2024/09/18,5-Fluorouracil Treatment Represses Pseudouridine-Containing miRNA Export into Extracellular Vesicles,https://www.ncbi.nlm.nih.gov/geo/query/acc.cgi?acc=GSE255877
GSE255875,COAD,6,2024/09/18,5-Fluorouracil Treatment Represses Pseudouridine-Containing miRNA Export into Extracellular Vesicles (RNA-seq),https://www.ncbi.nlm.nih.gov/geo/query/acc.cgi?acc=GSE255875
GSE270887,COAD,12,2024/09/16,Toggling of BRD4 functions is triggered through its phosphorylation by JNK [RNAseq-JQ1],https://www.ncbi.nlm.nih.gov/geo/query/acc.cgi?acc=GSE270887
GSE252982,COAD,52,2024/09/16,Toggling of BRD4 functions is triggered through its phosphorylation by JNK.,https://www.ncbi.nlm.nih.gov/geo/query/acc.cgi?acc=GSE252982
GSE252980,COAD,18,2024/09/16,Toggling of BRD4 functions is triggered through its phosphorylation by JNK [RNA-seq],https://www.ncbi.nlm.nih.gov/geo/query/acc.cgi?acc=GSE252980
GSE276849,COAD,20,2024/09/15,Prognostic and diagnostic value of metal metabolism in colorectal cancer,https://www.ncbi.nlm.nih.gov/geo/query/acc.cgi?acc=GSE276849
GSE272912,COAD,6,2024/09/13,Transcription factor ZEB1 coordinating with NuRD complex to promote oncogenesis through glycolysis in colorectal cancer,https://www.ncbi.nlm.nih.gov/geo/query/acc.cgi?acc=GSE272912
GSE234709,COAD,6,2024/09/13,Shikonin inhibit progression of colon cancer,https://www.ncbi.nlm.nih.gov/geo/query/acc.cgi?acc=GSE234709
GSE271642,COAD,8,2024/09/11,Effects of Simulated Microgravity on Colorectal Cancer Organoids Growth and Drug Response,https://www.ncbi.nlm.nih.gov/geo/query/acc.cgi?acc=GSE271642
GSE256276,COAD,6,2024/09/11,JOSD1 facilitates colorectal cancer progression via stabilizing YAP,https://www.ncbi.nlm.nih.gov/geo/query/acc.cgi?acc=GSE256276
GSE264565,COAD,12,2024/09/10,Development of a First-in-Class DNMT1/HDAC Inhibitor with Improved Therapeutic Potential and Potentiated Antitumor Immunity,https://www.ncbi.nlm.nih.gov/geo/query/acc.cgi?acc=GSE264565
GSE254366,COAD,36,2024/09/01,Epigenome reprogramming through H3K27 and H3K4 trimethylation as a resistance mechanism to DNA methylation inhibition in BRAFV600E-mutated C,https://www.ncbi.nlm.nih.gov/geo/query/acc.cgi?acc=GSE254366
GSE254279,COAD,6,2024/09/01,Epigenome reprogramming through H3K27 and H3K4 trimethylation as a resistance mechanism to DNA methylation inhibition in BRAFV600E-mutated C,https://www.ncbi.nlm.nih.gov/geo/query/acc.cgi?acc=GSE254279
GSE239425,COAD,134,2024/09/01,Genomic and cellular responses to aspirin treatment in colonic organoids from African- and European-Americans,https://www.ncbi.nlm.nih.gov/geo/query/acc.cgi?acc=GSE239425
GSE239817,COAD,72,2024/08/31,Mutant p53 gain-of-function impact is repressed in the presence of other major oncogenic drivers,https://www.ncbi.nlm.nih.gov/geo/query/acc.cgi?acc=GSE239817
GSE270402,COAD,4,2024/08/30,NCBP2 promotes colorectal cancer growth and metastasis by driving lipid droplet accumulation by stabilizing LIPG mRNA,https://www.ncbi.nlm.nih.gov/geo/query/acc.cgi?acc=GSE270402
GSE247535,COAD,6,2024/08/30,Gene expression changes induced by overexpression of PJA2 in SW-480 cells,https://www.ncbi.nlm.nih.gov/geo/query/acc.cgi?acc=GSE247535
GSE225822,COAD,8,2024/08/27,Transcriptome expression changes after knockdown of ALDH1A1 in human colon cancer cells HT29,https://www.ncbi.nlm.nih.gov/geo/query/acc.cgi?acc=GSE225822
GSE275628,COAD,34,2024/08/26,"TAS-102, Irinotecan, and Bevacizumab in Pre-treated Metastatic Colorectal Cancer (TABAsCO), A Phase II Clinical Trial. ClinicalTrials.gov NC",https://www.ncbi.nlm.nih.gov/geo/query/acc.cgi?acc=GSE275628
GSE228606,COAD,4,2024/08/26,Recruitment of the m6A/Am demethylase FTO to target RNAs by the telomeric zinc finger protein ZBTB48 [RNA-seq],https://www.ncbi.nlm.nih.gov/geo/query/acc.cgi?acc=GSE228606
GSE275190,COAD,4,2024/08/23,A Novel Piperine Derivative Inhibits Colorectal Cancer Progression by Modulating EMT Signaling Pathways: An Integrated Transcriptomic and Ma,https://www.ncbi.nlm.nih.gov/geo/query/acc.cgi?acc=GSE275190
GSE275391,COAD,16,2024/08/22,Nonpathogenic E. coli displaying decoy-resistant IL18 mutein enhance the efficacy of cancer immunotherapies,https://www.ncbi.nlm.nih.gov/geo/query/acc.cgi?acc=GSE275391
GSE213403,COAD,16,2024/08/21,RNA Interacts with Topoisomerase I to Modulate its Catalytic Activity,https://www.ncbi.nlm.nih.gov/geo/query/acc.cgi?acc=GSE213403
GSE241076,COAD,6,2024/08/17,Inhibition of circulating glycocholic acid-regulated signaling potentiates immune checkpoint therapy in colorectal cancer,https://www.ncbi.nlm.nih.gov/geo/query/acc.cgi?acc=GSE241076
GSE243551,COAD,44,2024/08/16,Endogenous retrovirus LTR12C hold potential locus-dependent activities as promoter and/or enhancer,https://www.ncbi.nlm.nih.gov/geo/query/acc.cgi?acc=GSE243551
GSE243546,COAD,36,2024/08/16,Endogenous retrovirus LTR12C hold potential locus-dependent activities as promoter and/or enhancer [RNA-seq],https://www.ncbi.nlm.nih.gov/geo/query/acc.cgi?acc=GSE243546
GSE242786,COAD,15,2024/08/09,Molecular differentiation between complete and incomplete responders to neoadjuvant therapy in rectal cancer,https://www.ncbi.nlm.nih.gov/geo/query/acc.cgi?acc=GSE242786
GSE274172,COAD,4,2024/08/08,ATF6 promotes colorectal cancer growth and stemness by regulating the Wnt pathway II,https://www.ncbi.nlm.nih.gov/geo/query/acc.cgi?acc=GSE274172
GSE273988,COAD,33,2024/08/06,ATF6 promotes colorectal cancer growth and stemness by regulating the Wnt pathway,https://www.ncbi.nlm.nih.gov/geo/query/acc.cgi?acc=GSE273988
GSE181537,COAD,12,2024/08/05,RNA-Seq profiling of circular RNAs in human colorectal cancer 5-fluorouracil resistance and the potential biomarkers,https://www.ncbi.nlm.nih.gov/geo/query/acc.cgi?acc=GSE181537
GSE253560,COAD,70,2024/08/04,Transcriptome and microbiome-immune changes across preinvasive and invasive anal cancer lesions ,https://www.ncbi.nlm.nih.gov/geo/query/acc.cgi?acc=GSE253560
GSE246987,COAD,59,2024/08/02,Mucosal Single-Cell Profiling of Crohn's-Like Disease of the Pouch Reveals Unique Pathogenesis and Therapeutic Targets,https://www.ncbi.nlm.nih.gov/geo/query/acc.cgi?acc=GSE246987
GSE246916,COAD,14,2024/08/02,MORC2 regulates RBM39-mediated CDK5RAP2 alternative splicing to promote EMT and metastasis in colon cancer,https://www.ncbi.nlm.nih.gov/geo/query/acc.cgi?acc=GSE246916
GSE246915,COAD,6,2024/08/02,MORC2 regulates RBM39-mediated CDK5RAP2 alternative splicing to promote EMT and metastasis in colon cancer [shRBM39 mRNA-seq],https://www.ncbi.nlm.nih.gov/geo/query/acc.cgi?acc=GSE246915
GSE246909,COAD,6,2024/08/02,MORC2 regulates RBM39-mediated CDK5RAP2 alternative splicing to promote EMT and metastasis in colon cancer [shMORC2 mRNA-seq],https://www.ncbi.nlm.nih.gov/geo/query/acc.cgi?acc=GSE246909
GSE250000,COAD,4,2024/08/01,Bulk RNA-sequencing of transduced colorectal cancer cell line HCT-116 and breast cancer cell line MCF-7 overexpressing full-lenght p53β or p,https://www.ncbi.nlm.nih.gov/geo/query/acc.cgi?acc=GSE250000
GSE119947,COAD,4,2024/08/01,Chromatin conformation dynamics are essential to control the transcription of INK4/ARF locus,https://www.ncbi.nlm.nih.gov/geo/query/acc.cgi?acc=GSE119947
GSE266390,COAD,35,2024/07/31,Transcriptome profiling associated with CARD11 overexpression in Colorectal Cancer implicates a potential role for Tumour Immune Microenviro,https://www.ncbi.nlm.nih.gov/geo/query/acc.cgi?acc=GSE266390
GSE252810,COAD,86,2024/07/31,Chrom-seq Identifies RNAs at Chromatin Marks,https://www.ncbi.nlm.nih.gov/geo/query/acc.cgi?acc=GSE252810
GSE252807,COAD,47,2024/07/31,Chrom-seq Identifies RNAs at Chromatin Marks [Chrom_and_RNA_seq],https://www.ncbi.nlm.nih.gov/geo/query/acc.cgi?acc=GSE252807
GSE248259,COAD,6,2024/07/31,Stabilization of mitochondrial double stranded RNAs by SLIRP promotes positive feedback amplification of antiviral signaling.,https://www.ncbi.nlm.nih.gov/geo/query/acc.cgi?acc=GSE248259
GSE243371,COAD,6,2024/07/31,Integrate multi-omics analysis of LINC01767 in HCC,https://www.ncbi.nlm.nih.gov/geo/query/acc.cgi?acc=GSE243371
GSE239683,COAD,48,2024/07/29,BET protein-dependent E2F pathway confers bell-shaped type resistance to tankyrase inhibitors in APC-mutated colorectal cancer,https://www.ncbi.nlm.nih.gov/geo/query/acc.cgi?acc=GSE239683
GSE239681,COAD,12,2024/07/29,BET protein-dependent E2F pathway confers bell-shaped type resistance to tankyrase inhibitors in APC-mutated colorectal cancer [RNA-seq],https://www.ncbi.nlm.nih.gov/geo/query/acc.cgi?acc=GSE239681
GSE239745,COAD,15,2024/07/28,Mis-splicing Drives Loss of Function of p53E224D Point Mutation,https://www.ncbi.nlm.nih.gov/geo/query/acc.cgi?acc=GSE239745
GSE264131,COAD,27,2024/07/26,"Comparative network-based analysis of toll-like receptor agonist, L-pampo signaling pathways in immune and cancer cells",https://www.ncbi.nlm.nih.gov/geo/query/acc.cgi?acc=GSE264131
GSE273106,COAD,6,2024/07/25,Lipid engulfed macrophages interfere with protective T cell immunity and favor tumor progression in human colon carcinogenesis - Monocyte,https://www.ncbi.nlm.nih.gov/geo/query/acc.cgi?acc=GSE273106
GSE180948,COAD,12,2024/07/23,RNA-Seq based transcriptome analysis of colorectal cancer cells in response to lactate treatment,https://www.ncbi.nlm.nih.gov/geo/query/acc.cgi?acc=GSE180948
GSE265926,COAD,48,2024/07/22,Epigenetic and oncogenic inhibitors cooperatively drive differentiation and kill KRAS-mutant colorectal cancers [CRC cell lines],https://www.ncbi.nlm.nih.gov/geo/query/acc.cgi?acc=GSE265926
GSE265907,COAD,12,2024/07/22,Epigenetic and oncogenic inhibitors cooperatively drive differentiation and kill KRAS-mutant colorectal cancers [LOVO sgTLE4],https://www.ncbi.nlm.nih.gov/geo/query/acc.cgi?acc=GSE265907
GSE265906,COAD,24,2024/07/22,Epigenetic and oncogenic inhibitors cooperatively drive differentiation and kill KRAS-mutant colorectal cancers [LOVO_BCat],https://www.ncbi.nlm.nih.gov/geo/query/acc.cgi?acc=GSE265906
GSE268903,COAD,10,2024/07/19,Neoadjuvant immune checkpoint blockade in women with mismatch repair deficient endometrial cancer: a phase I study,https://www.ncbi.nlm.nih.gov/geo/query/acc.cgi?acc=GSE268903
GSE242839,COAD,29,2024/07/19,PD-1 is induced on tumor-associated macrophages in obesity to directly restrain anti-tumor immunity,https://www.ncbi.nlm.nih.gov/geo/query/acc.cgi?acc=GSE242839
GSE242924,COAD,6,2024/07/18,"MMP-9-dependent proteolysis of the histone H3 N-terminal tail, a critical epigenetic step in driving oncogenic transcription and colon tumor",https://www.ncbi.nlm.nih.gov/geo/query/acc.cgi?acc=GSE242924
GSE261888,COAD,18,2024/07/17,Global gene expression profile of colon biopsy samples from healthy patients and colorectal cancer.,https://www.ncbi.nlm.nih.gov/geo/query/acc.cgi?acc=GSE261888
GSE252554,COAD,8,2024/07/17,"Combination of dual JAK/HDAC inhibitor with regorafenib  reduces tumor growth, metastasis, and regorafenib-induced toxicity in colorectal ca",https://www.ncbi.nlm.nih.gov/geo/query/acc.cgi?acc=GSE252554
GSE246494,COAD,24,2024/07/17,Effect of depletion of C15ORF48/miR-147 on gene expression in primary colonocytes,https://www.ncbi.nlm.nih.gov/geo/query/acc.cgi?acc=GSE246494
GSE246493,COAD,12,2024/07/17,Effect of depletion of C15ORF48/miR-147 on gene expression in primary colonocytes [HCT116],https://www.ncbi.nlm.nih.gov/geo/query/acc.cgi?acc=GSE246493
GSE270763,COAD,1,2024/07/16,Single cell gene expression profiling of the SW620 colorectal cell line,https://www.ncbi.nlm.nih.gov/geo/query/acc.cgi?acc=GSE270763
GSE236384,COAD,13,2024/07/11,Dysfunctional tumor-infiltrating Vδ1+ T lymphocytes in MSS colorectal cancer,https://www.ncbi.nlm.nih.gov/geo/query/acc.cgi?acc=GSE236384
GSE202408,COAD,40,2024/07/10,Downstream-of-gene (DoG) transcripts contribute to an imbalance in the cancer cell transcriptome,https://www.ncbi.nlm.nih.gov/geo/query/acc.cgi?acc=GSE202408
GSE262796,COAD,18,2024/07/02,Gene expression changes associated with acquired resistance to anti-EGFR therapy (cetuximab) in colorectal cancer cells,https://www.ncbi.nlm.nih.gov/geo/query/acc.cgi?acc=GSE262796
GSE254156,COAD,25,2024/07/02,The receptor protein tyrosine phosphatase PTPRK promotes intestinal repair and catalysis-independent tumor suppression,https://www.ncbi.nlm.nih.gov/geo/query/acc.cgi?acc=GSE254156
GSE243955,COAD,6,2024/07/01,EZH2 Inhibition Enhances PD-L1 Protein Stability through USP22-Mediated Deubiquitination in Colorectal Cancer,https://www.ncbi.nlm.nih.gov/geo/query/acc.cgi?acc=GSE243955
GSE179314,COAD,5,2024/07/01,Identification of differential expressed genes after SP1 or SP3 knockdown in colorectal cancer cells,https://www.ncbi.nlm.nih.gov/geo/query/acc.cgi?acc=GSE179314
GSE267868,COAD,8,2024/06/30,Identification and Validation of Small Molecule Inhibitors Targeting FGFR through Molecular Docking-Based Screening,https://www.ncbi.nlm.nih.gov/geo/query/acc.cgi?acc=GSE267868
GSE241338,COAD,250,2024/06/30,Genome-wide interference of chromatin architecture and Mediator in transcriptional bursting and gene network regulation,https://www.ncbi.nlm.nih.gov/geo/query/acc.cgi?acc=GSE241338
GSE270298,COAD,6,2024/06/27,KAT7 promotes malignant phenotypes of colorectal cancer via MRAS-mediated activation of the MAPK/ERK pathway,https://www.ncbi.nlm.nih.gov/geo/query/acc.cgi?acc=GSE270298
GSE253106,COAD,37,2024/06/27,Transcriptome analysis reveal novel gene fusions in early onset sporadic rectal cancers,https://www.ncbi.nlm.nih.gov/geo/query/acc.cgi?acc=GSE253106
GSE244754,COAD,137,2024/06/27,Transcriptional elongation control of hypoxic response and therapeutic approaches,https://www.ncbi.nlm.nih.gov/geo/query/acc.cgi?acc=GSE244754
GSE270210,COAD,6,2024/06/26,RNAseq of patient-derived colon organoids treated with 3PO for 24h,https://www.ncbi.nlm.nih.gov/geo/query/acc.cgi?acc=GSE270210
GSE232386,COAD,8,2024/06/24,"Transcriptomic analysis of tumor self-seeded cells, primary tumor cells, and circulating tumor cells in liver cancer",https://www.ncbi.nlm.nih.gov/geo/query/acc.cgi?acc=GSE232386
GSE264145,COAD,12,2024/06/21,Inhibition of DUSP18 impairs cholesterol biosynthesis and promotes anti-tumor immunity in colorectal cancer,https://www.ncbi.nlm.nih.gov/geo/query/acc.cgi?acc=GSE264145
GSE240441,COAD,18,2024/06/14,"scRNAseq of human blood, tonsil, lung and small intestine innate lymphoid cells",https://www.ncbi.nlm.nih.gov/geo/query/acc.cgi?acc=GSE240441
GSE229613,COAD,6,2024/06/13,Inhibitory effect of curcumin on colon cancer cells,https://www.ncbi.nlm.nih.gov/geo/query/acc.cgi?acc=GSE229613
GSE245617,COAD,9,2024/06/11,The adhesin RadD enhances Fusobacterium nucleatum tumor colonization and colorectal carcinogenesis,https://www.ncbi.nlm.nih.gov/geo/query/acc.cgi?acc=GSE245617
GSE241028,COAD,5,2024/06/05,TCF7L1 regulates colorectal cancer cell migration and invasion by repressing GAS1 expression,https://www.ncbi.nlm.nih.gov/geo/query/acc.cgi?acc=GSE241028
GSE241025,COAD,3,2024/06/05,TCF7L1 regulates colorectal cancer cell migration and invasion by repressing GAS1 expression (RNA-Seq),https://www.ncbi.nlm.nih.gov/geo/query/acc.cgi?acc=GSE241025
GSE225182,COAD,33,2024/06/05,Gene expression profiling study to identify distinct subtypes in Peritoneal metastasis of colorectal cancer,https://www.ncbi.nlm.nih.gov/geo/query/acc.cgi?acc=GSE225182
GSE266892,COAD,18,2024/06/01,A genome-wide screen for peroxisome regulators connects peroxisomes with Wnt signaling through RNF146 and tankyrase,https://www.ncbi.nlm.nih.gov/geo/query/acc.cgi?acc=GSE266892
GSE262460,COAD,6,2024/06/01,O-GlcNAcylation of NONO is Critical for Paraspeckle Component Assembly and Contributes to Tumorigenesis,https://www.ncbi.nlm.nih.gov/geo/query/acc.cgi?acc=GSE262460
GSE256159,COAD,21,2024/06/01,Glucocorticoid promotes metastasis of colorectal cancer via co-regulation of glucocorticoid receptor and TET2 (RNA-Seq),https://www.ncbi.nlm.nih.gov/geo/query/acc.cgi?acc=GSE256159
GSE249872,COAD,22,2024/06/01,Protective effect and mechanism of lipid perioxide in TNF-a induced apoptosis of intestinal epithelial cells in IBD.,https://www.ncbi.nlm.nih.gov/geo/query/acc.cgi?acc=GSE249872
GSE249870,COAD,12,2024/06/01,Effect of 4-HDHA during TNF-induced HT-29 cells apoptosis,https://www.ncbi.nlm.nih.gov/geo/query/acc.cgi?acc=GSE249870
GSE248867,COAD,14,2024/06/01,Effect of ferrostatin-1 and liproxstatin-1 during TNF-induced HT-29 cells apoptosis,https://www.ncbi.nlm.nih.gov/geo/query/acc.cgi?acc=GSE248867
GSE253110,COAD,8,2024/05/31,The SW480 cell line as a model of resident and migrating colon cancer stem cells,https://www.ncbi.nlm.nih.gov/geo/query/acc.cgi?acc=GSE253110
GSE232138,COAD,14,2024/05/30,In vitro organoid-based assays reveal SMAD4 tumor-suppressive mechanisms for serrated colorectal cancer invasion,https://www.ncbi.nlm.nih.gov/geo/query/acc.cgi?acc=GSE232138
GSE232675,COAD,17,2024/05/28,Genome-wide maps of TAF2 (ChIP-seq) and Gene expression profiles  upon TAF2 depletion (RNA-seq),https://www.ncbi.nlm.nih.gov/geo/query/acc.cgi?acc=GSE232675
GSE249657,COAD,42,2024/05/23,Enhancing transcription replication conflict targets ecDNA positive cancers,https://www.ncbi.nlm.nih.gov/geo/query/acc.cgi?acc=GSE249657
GSE249656,COAD,8,2024/05/23,Enhancing transcription replication conflict targets ecDNA positive cancers [RNA-seq],https://www.ncbi.nlm.nih.gov/geo/query/acc.cgi?acc=GSE249656
GSE267010,COAD,104,2024/05/22,A consensus molecular subtypes classification strategy for clinical colorectal cancer tissues,https://www.ncbi.nlm.nih.gov/geo/query/acc.cgi?acc=GSE267010
GSE239584,COAD,9,2024/05/21,Uranium-bearing dust induces differentiation and expansion of enteroendocrine cells In human colonoids,https://www.ncbi.nlm.nih.gov/geo/query/acc.cgi?acc=GSE239584
GSE232678,COAD,6,2024/05/20,Gene expression profiling of RKO cells with or without SQLE knockdown.,https://www.ncbi.nlm.nih.gov/geo/query/acc.cgi?acc=GSE232678
GSE243615,COAD,18,2024/05/17,Effect of PDD00017273 and GSK2606414 on MZ1-induced cell death,https://www.ncbi.nlm.nih.gov/geo/query/acc.cgi?acc=GSE243615
GSE232639,COAD,20,2024/05/15,Chemical genetics in Caenorhabditis elegans identifies anticancer compound chaetocin and p300/CBP as modulators of metal response genes,https://www.ncbi.nlm.nih.gov/geo/query/acc.cgi?acc=GSE232639
GSE162710,COAD,12,2024/05/15,Genome-wide characterization of effects of LINC01021 on p53-regulated gene expression in CRC cells,https://www.ncbi.nlm.nih.gov/geo/query/acc.cgi?acc=GSE162710
GSE267317,COAD,9,2024/05/13,Fusobacterium nucleatum upregulates the immune inhibitory receptor PD-L1 in intestinal epithelial cells via the activation of ALPK1,https://www.ncbi.nlm.nih.gov/geo/query/acc.cgi?acc=GSE267317
GSE232258,COAD,6,2024/05/10,O-GlcNAcylation regulates c-Myc/PDK2 axis to rewire TCA cycle and promote colorectal tumor growth,https://www.ncbi.nlm.nih.gov/geo/query/acc.cgi?acc=GSE232258
GSE261182,COAD,10,2024/05/08,Novel FOXM1 Inhibitor STL001 sensitizes different human cancers to broad spectrum of anticancer drugs,https://www.ncbi.nlm.nih.gov/geo/query/acc.cgi?acc=GSE261182
GSE255344,COAD,12,2024/05/01,KMT9 is an actionable target in muscle-invasive bladder cancer,https://www.ncbi.nlm.nih.gov/geo/query/acc.cgi?acc=GSE255344
GSE246923,COAD,49,2024/05/01,Opposing tumor cell-intrinsic and -extrinsic roles  of the IRF1 transcription factor in anti-tumor immunity,https://www.ncbi.nlm.nih.gov/geo/query/acc.cgi?acc=GSE246923
GSE244968,COAD,6,2024/05/01,Expression data from human colorectal cancer tissues and the corresponding non-cancerous tissues,https://www.ncbi.nlm.nih.gov/geo/query/acc.cgi?acc=GSE244968
GSE242676,COAD,48,2024/05/01,Exploiting a subtype-specific mitochondrial vulnerability for successful treatment of colorectal peritoneal metastases,https://www.ncbi.nlm.nih.gov/geo/query/acc.cgi?acc=GSE242676
GSE241656,COAD,6,2024/05/01,Transcriptome of DLD-1 co-cultured with or without extracellular vesicels derived from Fusobacterium nucleatum,https://www.ncbi.nlm.nih.gov/geo/query/acc.cgi?acc=GSE241656
GSE226723,COAD,9,2024/05/01,Patient-derived mini-colons enable long-term modeling of tumor-microenvironment complexity,https://www.ncbi.nlm.nih.gov/geo/query/acc.cgi?acc=GSE226723
GSE173606,COAD,9,2024/04/28,Non-coding RNA and mRNA expression profile in multi-drug resistance of colorectal cancer,https://www.ncbi.nlm.nih.gov/geo/query/acc.cgi?acc=GSE173606
GSE184731,COAD,54,2024/04/27,A scalable derivative-free optimizer trained through learning to optimize approach to interpret drug response mechanism network,https://www.ncbi.nlm.nih.gov/geo/query/acc.cgi?acc=GSE184731
GSE254891,COAD,10,2024/04/25,"Deep transcriptional profiling of the two cancer stem cell populations present in the SW480 cell line as presented in ""Colorectal Cancer Ste",https://www.ncbi.nlm.nih.gov/geo/query/acc.cgi?acc=GSE254891
GSE254890,COAD,14,2024/04/25,"Single cell profiling of SW480 subtype-specific subcutaneous and orthotopic xenografts (SW480-CBC and SW480-RSC) as presented in ""Colorectal",https://www.ncbi.nlm.nih.gov/geo/query/acc.cgi?acc=GSE254890
GSE248258,COAD,6,2024/04/25,Loss of the proteasome deubiquitinase USP14 induces growth defects and a senescence phenotype in colorectal cancer cells.,https://www.ncbi.nlm.nih.gov/geo/query/acc.cgi?acc=GSE248258
GSE247742,COAD,14,2024/04/23,RNA sequencing of sort-purified ILC3s from IBD patients,https://www.ncbi.nlm.nih.gov/geo/query/acc.cgi?acc=GSE247742
GSE261012,COAD,12,2024/04/17,Single-cell gene expression profiles of cells from colorectal cancer and chemically induced PDOs [scRNA-Seq],https://www.ncbi.nlm.nih.gov/geo/query/acc.cgi?acc=GSE261012
GSE261004,COAD,39,2024/04/17,Gene expression profiles of cells from PDOs of normal colon and colorectal cancers [RNA-Seq],https://www.ncbi.nlm.nih.gov/geo/query/acc.cgi?acc=GSE261004
GSE248274,COAD,18,2024/04/15,Vitamin D opposes multilineage cell differentiation induced by Notch inhibition and BMP pathway activation in human colon organoids,https://www.ncbi.nlm.nih.gov/geo/query/acc.cgi?acc=GSE248274
GSE263844,COAD,34,2024/04/13,Targeting metabolism to improve immunotherapy in GSNOR-deficient colorectal cancer,https://www.ncbi.nlm.nih.gov/geo/query/acc.cgi?acc=GSE263844
GSE251845,COAD,44,2024/04/11,Identification of unique gene expression and splicing events in early-onset colorectal cancer,https://www.ncbi.nlm.nih.gov/geo/query/acc.cgi?acc=GSE251845
GSE246896,COAD,12,2024/04/03,EGFR is a target of the tumor suppressor E3-ligase FBXW7,https://www.ncbi.nlm.nih.gov/geo/query/acc.cgi?acc=GSE246896
GSE248963,COAD,6,2024/04/01,Multilayer network construction and analysis pipeline for gene expression data,https://www.ncbi.nlm.nih.gov/geo/query/acc.cgi?acc=GSE248963
GSE232217,COAD,28,2024/04/01,Tissue-specific reprogramming leads to angiogenic neutrophil specialization and tumor vascularization in colorectal cancer,https://www.ncbi.nlm.nih.gov/geo/query/acc.cgi?acc=GSE232217
GSE262381,COAD,4,2024/03/27,Antibody-mediated Inhibition of Global HLA/LILR Interactions Breaks Innate ImmuneSystemTolerance and Unleashes Potent Anti-Tumor Immunity,https://www.ncbi.nlm.nih.gov/geo/query/acc.cgi?acc=GSE262381
GSE216561,COAD,113,2024/03/27,Depletion-assisted multiplexing cell-free RNA sequencing reveals distinct human and microbial signatures in plasma versus extracellular vesi,https://www.ncbi.nlm.nih.gov/geo/query/acc.cgi?acc=GSE216561
GSE224707,COAD,34,2024/03/25,Identification and Validation of Frameshift Neoantigens for Mismatch-Repair Deficient Lynch Syndrome,https://www.ncbi.nlm.nih.gov/geo/query/acc.cgi?acc=GSE224707
GSE243266,COAD,32,2024/03/19,Human promoter directionality is determined by transcriptional initiation and the opposing activities of INTS11 and CDK9,https://www.ncbi.nlm.nih.gov/geo/query/acc.cgi?acc=GSE243266
GSE243265,COAD,4,2024/03/19,Human promoter directionality is determined by transcriptional initiation and the opposing activities of INTS11 and CDK9 (RBBP6_POINT-Seq),https://www.ncbi.nlm.nih.gov/geo/query/acc.cgi?acc=GSE243265
GSE243264,COAD,8,2024/03/19,Human promoter directionality is determined by transcriptional initiation and the opposing activities of INTS11 and CDK9 (INTS11dTAG_sPOINT-,https://www.ncbi.nlm.nih.gov/geo/query/acc.cgi?acc=GSE243264
GSE243262,COAD,6,2024/03/19,Human promoter directionality is determined by transcriptional initiation and the opposing activities of INTS11 and CDK9 (INTS11dTAG_POINT-s,https://www.ncbi.nlm.nih.gov/geo/query/acc.cgi?acc=GSE243262
GSE243260,COAD,10,2024/03/19,Human promoter directionality is determined by transcriptional initiation and the opposing activities of INTS11 and CDK9 (TS11dTAG_NVP2_POIN,https://www.ncbi.nlm.nih.gov/geo/query/acc.cgi?acc=GSE243260
GSE245329,COAD,2,2024/03/18,single-cell RNA-seq of OVCAR3 and CCL218 cancer cells with evolved hydroxychloroquine resistance,https://www.ncbi.nlm.nih.gov/geo/query/acc.cgi?acc=GSE245329
GSE245133,COAD,12,2024/03/18,RNA-seq of OVCAR3 and CCL218 cancer cells with evolved hydroxychloroquine resistance,https://www.ncbi.nlm.nih.gov/geo/query/acc.cgi?acc=GSE245133
GSE261205,COAD,12,2024/03/13,A network-based framework to discover treatment-response-predicting biomarkers for complex diseases,https://www.ncbi.nlm.nih.gov/geo/query/acc.cgi?acc=GSE261205
GSE261177,COAD,6,2024/03/13,Pan-cancer bioinformatics analysis of TNFRSF12A and functional study in colorectal cancer,https://www.ncbi.nlm.nih.gov/geo/query/acc.cgi?acc=GSE261177
GSE260979,COAD,6,2024/03/12,New therapy for colorectal cancer targeting cancer metabolism through serotonin receptor HTR2B,https://www.ncbi.nlm.nih.gov/geo/query/acc.cgi?acc=GSE260979
GSE260661,COAD,16,2024/03/06,Exploring MicroRNA Patterns as Biomarkers of FOLFOX Chemotherapy-Induced Peripheral Neuropathy in Patients with Colorectal Cancer,https://www.ncbi.nlm.nih.gov/geo/query/acc.cgi?acc=GSE260661
GSE246046,COAD,30,2024/03/04,Chromatin accessibility and transcriptomic responses to HDAC inhibitors in TP53 mutated patient-derived colon cancer organoids,https://www.ncbi.nlm.nih.gov/geo/query/acc.cgi?acc=GSE246046
GSE246045,COAD,18,2024/03/04,Chromatin accessibility and transcriptomic responses to HDAC inhibitors in TP53 mutated patient-derived colon cancer organoids [RNA-seq],https://www.ncbi.nlm.nih.gov/geo/query/acc.cgi?acc=GSE246045
GSE227941,COAD,21,2024/03/01,The nucleoskeleton protein NuMA maintains local chromatin architecture partially through promoting linker histone H1’ binding to chromatin a,https://www.ncbi.nlm.nih.gov/geo/query/acc.cgi?acc=GSE227941
GSE227707,COAD,4,2024/03/01,The nucleoskeleton protein NuMA maintains local chromatin architecture partially through promoting linker histone H1’ binding to chromatin a,https://www.ncbi.nlm.nih.gov/geo/query/acc.cgi?acc=GSE227707
GSE260560,COAD,70,2024/02/29,Transcriptomic Profiling of Plasma Extracellular Vesicles Enables Reliable Annotation of the Cancer-specific Transcriptome and Molecular Sub,https://www.ncbi.nlm.nih.gov/geo/query/acc.cgi?acc=GSE260560
GSE259422,COAD,156,2024/02/29,Transcriptomic Profiling of Plasma Extracellular Vesicles Enables Reliable Annotation of the Cancer-specific Transcriptome and Molecular Sub,https://www.ncbi.nlm.nih.gov/geo/query/acc.cgi?acc=GSE259422
GSE256268,COAD,42,2024/02/29,Transcriptomic Profiling of Plasma Extracellular Vesicles Enables Reliable Annotation of the Cancer-specific Transcriptome and Molecular Sub,https://www.ncbi.nlm.nih.gov/geo/query/acc.cgi?acc=GSE256268
GSE255775,COAD,319,2024/02/29,Transcriptomic Profiling of Plasma Extracellular Vesicles Enables Reliable Annotation of the Cancer-specific Transcriptome and Molecular Sub,https://www.ncbi.nlm.nih.gov/geo/query/acc.cgi?acc=GSE255775
GSE255774,COAD,31,2024/02/29,Transcriptomic Profiling of Plasma Extracellular Vesicles Enables Reliable Annotation of the Cancer-specific Transcriptome and Molecular Sub,https://www.ncbi.nlm.nih.gov/geo/query/acc.cgi?acc=GSE255774
GSE255773,COAD,20,2024/02/29,Transcriptomic Profiling of Plasma Extracellular Vesicles Enables Reliable Annotation of the Cancer-specific Transcriptome and Molecular Sub,https://www.ncbi.nlm.nih.gov/geo/query/acc.cgi?acc=GSE255773
GSE237665,COAD,64,2024/02/26,Select EZH2 inhibitors enhance the viral mimicry effects of DNMT inhibition through a mechanism involving Calcium-Calcineurin-NFAT signaling,https://www.ncbi.nlm.nih.gov/geo/query/acc.cgi?acc=GSE237665
GSE236896,COAD,33,2024/02/26,Select EZH2 inhibitors enhance the viral mimicry effects of DNMT inhibition through a mechanism involving Calcium-Calcineurin-NFAT signaling,https://www.ncbi.nlm.nih.gov/geo/query/acc.cgi?acc=GSE236896
GSE220728,COAD,20,2024/02/26,5’ isoforms of miR-1246 have distinct targets and stronger functions compared to canonical miR-1246 in colorectal cancer cells in vitro ,https://www.ncbi.nlm.nih.gov/geo/query/acc.cgi?acc=GSE220728
GSE207521,COAD,13,2024/02/26,Targeting CDK4/6 epigenetically impairs DNA damage repair to overcome the resistance to neoadjuvant chemotherapy in locally advanced rectal ,https://www.ncbi.nlm.nih.gov/geo/query/acc.cgi?acc=GSE207521
GSE205035,COAD,36,2024/02/26,Targeting CDK4/6 epigenetically impairs DNA damage repair to overcome the resistance to neoadjuvant chemotherapy in locally advanced rectal ,https://www.ncbi.nlm.nih.gov/geo/query/acc.cgi?acc=GSE205035
GSE256405,COAD,10,2024/02/24,SIGNAL-seq: Multimodal Single-cell Inter- and Intra-cellular Signalling Analysis,https://www.ncbi.nlm.nih.gov/geo/query/acc.cgi?acc=GSE256405
GSE256404,COAD,8,2024/02/24,SIGNAL-seq: Multimodal Single-cell Inter- and Intra-cellular Signalling Analysis II,https://www.ncbi.nlm.nih.gov/geo/query/acc.cgi?acc=GSE256404
GSE256074,COAD,2,2024/02/24,Genome-wide mapping of RNA polymerase active sites in DOT1L-depleted HCT116 cells by PRO-seq analysis,https://www.ncbi.nlm.nih.gov/geo/query/acc.cgi?acc=GSE256074
GSE256061,COAD,5,2024/02/19,RNA sequencing of tumors from mice fed diets excluding methionine/tryptophan/niacin (Part 4),https://www.ncbi.nlm.nih.gov/geo/query/acc.cgi?acc=GSE256061
GSE256049,COAD,2,2024/02/19,"RNA sequencing of tumors from mice fed diets excluding methionine/tryptophan/niacin (Part 3.1, RNA-Seq)",https://www.ncbi.nlm.nih.gov/geo/query/acc.cgi?acc=GSE256049
GSE231560,COAD,15,2024/02/17,"Alternative splicing at a broad spectrum of target genes underlie epithelial to mesenchymal plasticity, metastatic dissemination, and resist",https://www.ncbi.nlm.nih.gov/geo/query/acc.cgi?acc=GSE231560
GSE255286,COAD,6,2024/02/14,Next generation sequencing facilities quantitative analysis of SHARPIN knockout or non-target LoVo cells,https://www.ncbi.nlm.nih.gov/geo/query/acc.cgi?acc=GSE255286
GSE255129,COAD,9,2024/02/14,Enterohemorrhagic Escherichia coli effector EspF triggers oxidative DNA lesions in intestinal epithelial cells,https://www.ncbi.nlm.nih.gov/geo/query/acc.cgi?acc=GSE255129
GSE238108,COAD,6,2024/02/14,Gene expression profiling of acidic cell compartments from HCT116 spheroids.,https://www.ncbi.nlm.nih.gov/geo/query/acc.cgi?acc=GSE238108
GSE249536,COAD,24,2024/02/12,Non-canonical functions of UHRF1 maintain DNA methylation homeostasis in cancer cells [RNA-seq],https://www.ncbi.nlm.nih.gov/geo/query/acc.cgi?acc=GSE249536
GSE255300,COAD,24,2024/02/11,Global decay of regulatory chromatin architecture promotes rebalancing of gene expression during colorectal cancer development [RNA-seq II],https://www.ncbi.nlm.nih.gov/geo/query/acc.cgi?acc=GSE255300
GSE250091,COAD,6,2024/02/07,Next generation sequencing to identify GPT1 regulating signaling pathway in CRC,https://www.ncbi.nlm.nih.gov/geo/query/acc.cgi?acc=GSE250091
GSE246616,COAD,30,2024/02/07,Fusobacterium nucleatum infection modulates the transcriptome and epigenome of colon cancer cells in an oxygen-dependent manner,https://www.ncbi.nlm.nih.gov/geo/query/acc.cgi?acc=GSE246616
GSE246615,COAD,12,2024/02/07,Fusobacterium nucleatum infection modulates the transcriptome and epigenome of colon cancer cells in an oxygen-dependent manner [RNA-seq],https://www.ncbi.nlm.nih.gov/geo/query/acc.cgi?acc=GSE246615
GSE220879,COAD,6,2024/02/07,Transcriptome analysis of Control and FBXO38 knockdown in HCT116 and Hela cell lines,https://www.ncbi.nlm.nih.gov/geo/query/acc.cgi?acc=GSE220879
GSE255163,COAD,30,2024/02/06,Th17 cells secrete TWEAK to trigger epithelial-mesenchymal transition and promote colorectal cancer liver metastasis (RNA-seq),https://www.ncbi.nlm.nih.gov/geo/query/acc.cgi?acc=GSE255163
GSE254833,COAD,4,2024/02/06,Differential unfolded protein response regulation in KRAS silencing sensitive versus innately resistant colorectal cancer cells [LS174T],https://www.ncbi.nlm.nih.gov/geo/query/acc.cgi?acc=GSE254833
GSE254832,COAD,4,2024/02/06,Differential unfolded protein response regulation in KRAS silencing sensitive versus innately resistant colorectal cancer cells [HCT116],https://www.ncbi.nlm.nih.gov/geo/query/acc.cgi?acc=GSE254832
GSE254461,COAD,57,2024/02/03,"Machine-learning model based on glycosyltransferase expression predicts multiple cancer types, subtypes and survival probability",https://www.ncbi.nlm.nih.gov/geo/query/acc.cgi?acc=GSE254461
GSE254651,COAD,6,2024/02/01,Blocker-SELEX: A Structure-Guided Strategy for Developing Inhibitory Aptamers Disrupting Transcription Factor Interactions,https://www.ncbi.nlm.nih.gov/geo/query/acc.cgi?acc=GSE254651
GSE254054,COAD,120,2024/01/27,Clinical and Biomarker Results from A Phase II Trial of Combined Cabozantinib and Durvalumab in Patients with Chemotherapy-refractory Colore,https://www.ncbi.nlm.nih.gov/geo/query/acc.cgi?acc=GSE254054
GSE245402,COAD,12,2024/01/24,Effect of lysosomal alkalinization on nutrient-rich and nutrient-depleted Caco-2 cells,https://www.ncbi.nlm.nih.gov/geo/query/acc.cgi?acc=GSE245402
GSE253554,COAD,12,2024/01/22,The effect of CHRDL2 overexpression on gene expression in CACO2 CRC cells,https://www.ncbi.nlm.nih.gov/geo/query/acc.cgi?acc=GSE253554
GSE244520,COAD,80,2024/01/22,DNMT3B PWWP mutations cause hypermethylation of heterochromatin.,https://www.ncbi.nlm.nih.gov/geo/query/acc.cgi?acc=GSE244520
GSE244518,COAD,6,2024/01/22,DNMT3B PWWP mutations cause hypermethylation of heterochromatin (RNA-seq),https://www.ncbi.nlm.nih.gov/geo/query/acc.cgi?acc=GSE244518
GSE236003,COAD,12,2024/01/22,UBR5 mediates chemoresistance in colorectal cancer by attenuating ferroptosis via Lys11 ubiquitin-dependent stabilization of Smad3-SLC7A11 s,https://www.ncbi.nlm.nih.gov/geo/query/acc.cgi?acc=GSE236003
GSE249552,COAD,4,2024/01/18,The histone acetylation reader ENL is required for oncogenic transcription driven by super-enhancer and represents a synergistic vulnerabili,https://www.ncbi.nlm.nih.gov/geo/query/acc.cgi?acc=GSE249552
GSE230421,COAD,6,2024/01/18,The histone acetylation reader ENL is required for oncogenic transcription driven by super-enhancer and represents a synergistic vulnerabili,https://www.ncbi.nlm.nih.gov/geo/query/acc.cgi?acc=GSE230421
GSE232193,COAD,8,2024/01/17,Effect of knockdown or overexpression of CYP1B1 on gene expression during proliferation process of colorectal cancer cells (RKO and SW480).,https://www.ncbi.nlm.nih.gov/geo/query/acc.cgi?acc=GSE232193
GSE230422,COAD,27,2024/01/17,The histone acetylation reader ENL is required for oncogenic transcription driven by super-enhancer and represents a synergistic vulnerabili,https://www.ncbi.nlm.nih.gov/geo/query/acc.cgi?acc=GSE230422
GSE246627,COAD,9,2024/01/12,RNA sequencing of tumors from mice fed diets excluding methionine/tryptophan/niacin (Part 2),https://www.ncbi.nlm.nih.gov/geo/query/acc.cgi?acc=GSE246627
GSE246626,COAD,7,2024/01/12,RNA sequencing of tumors from mice fed diets excluding methionine/tryptophan/niacin (Part 1),https://www.ncbi.nlm.nih.gov/geo/query/acc.cgi?acc=GSE246626
GSE245839,COAD,16,2024/01/12,Neutrophil Extracellular Traps induced by chemotherapy inhibit tumor growth in vivo,https://www.ncbi.nlm.nih.gov/geo/query/acc.cgi?acc=GSE245839
GSE222298,COAD,36,2024/01/12,Modulation of fecal miRNA highlights the preventive effects of a Mediterranean Low-Inflammatory Dietary Intervention in patients with Famili,https://www.ncbi.nlm.nih.gov/geo/query/acc.cgi?acc=GSE222298
GSE231943,COAD,8,2024/01/11,Effect of GNAS mutation on the gene expression of HCT116 colon cancer cell line,https://www.ncbi.nlm.nih.gov/geo/query/acc.cgi?acc=GSE231943
GSE252858,COAD,18,2024/01/10,The anticancer Ruthenium drug BOLD-100 regulates apoptosis of BRAFMT colorectal cancer cells through modulation of the AhR/ROS/ATR signallin,https://www.ncbi.nlm.nih.gov/geo/query/acc.cgi?acc=GSE252858
GSE252753,COAD,12,2024/01/10,Short-chain fatty acids propionate and butyrate control growth and differentiation linked to cellular metabolism [RNA-Seq],https://www.ncbi.nlm.nih.gov/geo/query/acc.cgi?acc=GSE252753
GSE234804,COAD,13,2024/01/10,Orthotopic CRC organoid transplantation in mice: A novel model for the study and treatment of peritoneal carcinomatosis [Whole-tumour human ,https://www.ncbi.nlm.nih.gov/geo/query/acc.cgi?acc=GSE234804
GSE220507,COAD,19,2024/01/10,Orthotopic CRC organoid transplantation in mice: A novel model for the study and treatment of peritoneal carcinomatosis,https://www.ncbi.nlm.nih.gov/geo/query/acc.cgi?acc=GSE220507
GSE245552,COAD,39,2024/01/05,Th17 cells secrete TWEAK to trigger epithelial-mesenchymal transition and promote colorectal cancer liver metastasis (scRNA-seq),https://www.ncbi.nlm.nih.gov/geo/query/acc.cgi?acc=GSE245552
GSE251765,COAD,4,2024/01/01,OLFM4 promotes the progression of intestinal metaplasia through MYH9/GSK3β/β-catenin pathway,https://www.ncbi.nlm.nih.gov/geo/query/acc.cgi?acc=GSE251765
GSE223415,COAD,4,2024/01/01,Effect of depletion of NUDT21 on gene expression in HCT116,https://www.ncbi.nlm.nih.gov/geo/query/acc.cgi?acc=GSE223415
GSE235595,COAD,9,2023/12/31,Structure-guided design of a selective inhibitor of the methyltransferase KMT9 with cellular activity,https://www.ncbi.nlm.nih.gov/geo/query/acc.cgi?acc=GSE235595
GSE231436,COAD,34,2023/12/31,Multi-omic study of genome-edited human colonoids reveal patterns of microRNA regulation specific to different colorectal cancer mutation pr,https://www.ncbi.nlm.nih.gov/geo/query/acc.cgi?acc=GSE231436
GSE221795,COAD,4,2023/12/31,E-7386 IS NOT A SPECIFIC CBP/β-CATENIN ANTAGONIST,https://www.ncbi.nlm.nih.gov/geo/query/acc.cgi?acc=GSE221795
GSE224779,COAD,17,2023/12/21,Pooled CRISPR Screening Identifies P-Bodies as Repressors of Cancer Epithelial-Mesenchymal Transition,https://www.ncbi.nlm.nih.gov/geo/query/acc.cgi?acc=GSE224779
GSE224778,COAD,3,2023/12/21,Pooled CRISPR Screening Identifies P-Bodies as Repressors of Cancer Epithelial-Mesenchymal Transition [RIP-seq],https://www.ncbi.nlm.nih.gov/geo/query/acc.cgi?acc=GSE224778
GSE224773,COAD,14,2023/12/21,Pooled CRISPR Screening Identifies P-Bodies as Repressors of Cancer Epithelial-Mesenchymal Transition [RNA-seq],https://www.ncbi.nlm.nih.gov/geo/query/acc.cgi?acc=GSE224773
GSE247359,COAD,7,2023/12/20,Membrane to cortex attachment determines different mechanical phenotypes in LGR5+ and LGR5- colorectal cancer cells,https://www.ncbi.nlm.nih.gov/geo/query/acc.cgi?acc=GSE247359
GSE234877,COAD,22,2023/12/18,Staufen1 Represses the FOXA1-Regulated Transcriptome by Destabilizing FOXA1 mRNA in Colorectal Cancer Cells,https://www.ncbi.nlm.nih.gov/geo/query/acc.cgi?acc=GSE234877
GSE250118,COAD,8,2023/12/15,KRAS inhibition impacts chromatin organization and transcriptional performance in colorectal cancer cells [SW480 RNA-seq],https://www.ncbi.nlm.nih.gov/geo/query/acc.cgi?acc=GSE250118
GSE250117,COAD,8,2023/12/15,KRAS inhibition impacts chromatin organization and transcriptional performance in colorectal cancer cells [LS174T RNA-seq],https://www.ncbi.nlm.nih.gov/geo/query/acc.cgi?acc=GSE250117
GSE249954,COAD,8,2023/12/15,KRAS inhibition impacts chromatin organization and transcriptional performance in colorectal cancer cells [HCT116 RNA-seq],https://www.ncbi.nlm.nih.gov/geo/query/acc.cgi?acc=GSE249954
GSE250119,COAD,24,2023/12/14,KRAS inhibition impacts chromatin organization and transcriptional performance in colorectal cancer cells,https://www.ncbi.nlm.nih.gov/geo/query/acc.cgi?acc=GSE250119
GSE246781,COAD,4,2023/12/14,Epigenetically Down-Regulated BRCA2 through Acetyltransferase KAT2B Increases the Sensitivity of Colorectal Cancer to Olaparib,https://www.ncbi.nlm.nih.gov/geo/query/acc.cgi?acc=GSE246781
GSE240357,COAD,24,2023/12/14,Restrictor synergizes with Symplekin and PNUTS to terminate extragenic transcription,https://www.ncbi.nlm.nih.gov/geo/query/acc.cgi?acc=GSE240357
GSE237460,COAD,59,2023/12/14,Restrictor synergizes with Symplekin and PNUTS to terminate extragenic transcription,https://www.ncbi.nlm.nih.gov/geo/query/acc.cgi?acc=GSE237460
GSE237459,COAD,8,2023/12/14,Restrictor synergizes with Symplekin and PNUTS to terminate extragenic transcription,https://www.ncbi.nlm.nih.gov/geo/query/acc.cgi?acc=GSE237459
GSE237458,COAD,12,2023/12/14,Restrictor synergizes with Symplekin and PNUTS to terminate extragenic transcription,https://www.ncbi.nlm.nih.gov/geo/query/acc.cgi?acc=GSE237458
GSE227871,COAD,24,2023/12/14,Removal of oxaliplatin- and cisplatin-DNA lesions requires different global genome repair mechanisms that affect their clinical efficacy.,https://www.ncbi.nlm.nih.gov/geo/query/acc.cgi?acc=GSE227871
GSE239386,COAD,4,2023/12/06,Trellis Single-Cell Screening Reveals Stromal Regulation of Patient-Derived Organoid Drug Responses,https://www.ncbi.nlm.nih.gov/geo/query/acc.cgi?acc=GSE239386
GSE246058,COAD,70,2023/12/05,Somatic mutations of MLL4/COMPASS induce cytoplasmic localization providing insight into cancer prognosis and treatment,https://www.ncbi.nlm.nih.gov/geo/query/acc.cgi?acc=GSE246058
GSE241878,COAD,6,2023/12/01,The effect of MYG1 knockout on gene expression in LoVo cells,https://www.ncbi.nlm.nih.gov/geo/query/acc.cgi?acc=GSE241878
GSE232211,COAD,18,2023/12/01,Transcriptional response to gut pathobiont Streptococcus gallolyticus subsp. gallolyticus infection of huham colon cells,https://www.ncbi.nlm.nih.gov/geo/query/acc.cgi?acc=GSE232211
GSE219173,COAD,8,2023/12/01,The post-translational modifications and translation-regulatory role of METTL14 in 5-fluorouracil-resistant colorectal cancer,https://www.ncbi.nlm.nih.gov/geo/query/acc.cgi?acc=GSE219173
GSE219171,COAD,4,2023/12/01,The post-translational modifications and translation-regulatory role of METTL14 in 5-fluorouracil-resistant colorectal cancer [mRNA-seq],https://www.ncbi.nlm.nih.gov/geo/query/acc.cgi?acc=GSE219171
GSE207071,COAD,53,2023/12/01,Transcriptome and chromatin changes during CRC organoid outgrowth as proxy for metastatic outgrowth,https://www.ncbi.nlm.nih.gov/geo/query/acc.cgi?acc=GSE207071
GSE207070,COAD,11,2023/12/01,Transcriptome and chromatin changes during CRC organoid outgrowth as proxy for metastatic outgrowth [bulkRNAseq_AKP],https://www.ncbi.nlm.nih.gov/geo/query/acc.cgi?acc=GSE207070
GSE207069,COAD,21,2023/12/01,Transcriptome and chromatin changes during CRC organoid outgrowth as proxy for metastatic outgrowth [bulkRNAseq_AKPS],https://www.ncbi.nlm.nih.gov/geo/query/acc.cgi?acc=GSE207069
GSE236987,COAD,9,2023/11/30,A novel lncRNA FUAT1/TNS4 axis confers chemoresistance by suppressing ROS-mediated apoptosis in gastric cancer,https://www.ncbi.nlm.nih.gov/geo/query/acc.cgi?acc=GSE236987
GSE216006,COAD,2,2023/11/29,Adenosine induced gene expression,https://www.ncbi.nlm.nih.gov/geo/query/acc.cgi?acc=GSE216006
GSE215815,COAD,6,2023/11/29,Function of YAP in glucose deprivation-induced gene expression,https://www.ncbi.nlm.nih.gov/geo/query/acc.cgi?acc=GSE215815
GSE169220,COAD,2,2023/11/29,POU5F1 induces cellular heterogeneity in colorectal cancer,https://www.ncbi.nlm.nih.gov/geo/query/acc.cgi?acc=GSE169220
GSE162297,COAD,2,2023/11/28,LncRNA ITGB8-AS1 functions as a ceRNA to promote colorectal cancer growth and migration through integrin-mediated focal adhesion signaling,https://www.ncbi.nlm.nih.gov/geo/query/acc.cgi?acc=GSE162297
GSE179294,COAD,5,2023/11/27,Identification of differential expressed genes after ELK4 knockdown in colorectal cancer cells,https://www.ncbi.nlm.nih.gov/geo/query/acc.cgi?acc=GSE179294
GSE247230,COAD,6,2023/11/24,ANP32B promotes colorectal cancer cell progression and reduces cell sensitivity to PRAP1 inhibitor through up-regulating HPF1,https://www.ncbi.nlm.nih.gov/geo/query/acc.cgi?acc=GSE247230
GSE248373,COAD,8,2023/11/23,Jiedu Xiaozheng Yin extract targets cancer stem cell signaling and inhibits patient-derived organoid and xenograft tumor growth in colorecta,https://www.ncbi.nlm.nih.gov/geo/query/acc.cgi?acc=GSE248373
GSE240624,COAD,164,2023/11/22,Spatial profiling of a unique cancer-associated fibroblast population in the tumor microenvironment in sporadic early-onset colon cancer,https://www.ncbi.nlm.nih.gov/geo/query/acc.cgi?acc=GSE240624
GSE240623,COAD,52,2023/11/22,Spatial profiling of a unique cancer-associated fibroblast population in the tumor microenvironment in sporadic early-onset colon cancer [eo,https://www.ncbi.nlm.nih.gov/geo/query/acc.cgi?acc=GSE240623
GSE240531,COAD,112,2023/11/22,Spatial profiling of a unique cancer-associated fibroblast population in the tumor microenvironment in sporadic early-onset colon cancer [eo,https://www.ncbi.nlm.nih.gov/geo/query/acc.cgi?acc=GSE240531
GSE161963,COAD,8,2023/11/20,FGF19 facilitates colorectal cancer metastasis through FGFR4-ERK-NF-κB signaling pathway,https://www.ncbi.nlm.nih.gov/geo/query/acc.cgi?acc=GSE161963
GSE226377,COAD,10,2023/11/17,Pharmacological modulation of H3K9me2 deposition in human colorectal cancer cells and transformed ES cells,https://www.ncbi.nlm.nih.gov/geo/query/acc.cgi?acc=GSE226377
GSE226324,COAD,9,2023/11/17,Impact of the dopamine transporter knockdown in human colorectal cancer cells,https://www.ncbi.nlm.nih.gov/geo/query/acc.cgi?acc=GSE226324
GSE228991,COAD,36,2023/11/08,Defective RNA helicase genes underlie predisposition to colorectal and hematological malignancies,https://www.ncbi.nlm.nih.gov/geo/query/acc.cgi?acc=GSE228991
GSE243014,COAD,12,2023/11/07,Expression data from colorectal cancer cell lines with USP51 overexpression,https://www.ncbi.nlm.nih.gov/geo/query/acc.cgi?acc=GSE243014
GSE231706,COAD,6,2023/11/06,The role of ALDH1B1 in human SW480 colon cancer cells,https://www.ncbi.nlm.nih.gov/geo/query/acc.cgi?acc=GSE231706
GSE235066,COAD,32,2023/11/02,Immunomodulatory effect of cisplatin and carboplatin in human and mouse cell line in vitro,https://www.ncbi.nlm.nih.gov/geo/query/acc.cgi?acc=GSE235066
GSE212897,COAD,12,2023/11/01,Expression of miRNAs in patient-derived cancer models and models of drug resistance,https://www.ncbi.nlm.nih.gov/geo/query/acc.cgi?acc=GSE212897
GSE193594,COAD,53,2023/11/01,Distant antimetastatic effect of enterotropic colon cancer-derived α4β7 CD8 T cells,https://www.ncbi.nlm.nih.gov/geo/query/acc.cgi?acc=GSE193594
GSE193534,COAD,33,2023/11/01,Distant antimetastatic effect of enterotropic colon cancer-derived α4β7 CD8 T cells [bulk RNA-seq],https://www.ncbi.nlm.nih.gov/geo/query/acc.cgi?acc=GSE193534
GSE216022,COAD,59,2023/10/31,"Comprehensive multi-omics analysis of microbiome, metabolome, and host genome in right- and left-sided colon cancer",https://www.ncbi.nlm.nih.gov/geo/query/acc.cgi?acc=GSE216022
GSE160089,COAD,8,2023/10/24,Pharmacological target dysfunction cell  cycle pathways induce vulnerabilities of chemotherapy in colorectal cancer,https://www.ncbi.nlm.nih.gov/geo/query/acc.cgi?acc=GSE160089
GSE203608,COAD,53,2023/10/20,Mapping and modeling human colorectal carcinoma interactions with the tumor microenvironment,https://www.ncbi.nlm.nih.gov/geo/query/acc.cgi?acc=GSE203608
GSE245680,COAD,8,2023/10/19,Pien Tze Huang induces reactive oxygen species to inhibit colorectal cancer growth,https://www.ncbi.nlm.nih.gov/geo/query/acc.cgi?acc=GSE245680
GSE230388,COAD,63,2023/10/18,"HILPS, a novel long non-coding RNA essential for global oxygen sensing in human",https://www.ncbi.nlm.nih.gov/geo/query/acc.cgi?acc=GSE230388
GSE201778,COAD,8,2023/10/18,Effect of inhibition of VCP on gene expression during colorectal cancer progression of HCT116 cells,https://www.ncbi.nlm.nih.gov/geo/query/acc.cgi?acc=GSE201778
GSE225516,COAD,18,2023/10/17,Alternative splicing induced by bacterial pore-forming toxins sharpens CIRBP-mediated cell response to Listeria infection,https://www.ncbi.nlm.nih.gov/geo/query/acc.cgi?acc=GSE225516
GSE212835,COAD,4,2023/10/14,Transcriptome analysis of MET-constitutively active versus MET-silenced colorectal cancer cells,https://www.ncbi.nlm.nih.gov/geo/query/acc.cgi?acc=GSE212835
GSE181016,COAD,18,2023/10/13,"Only the loss-of-function but not the gain-of-function properties of mutant TP53 are critical for the sustained proliferation, survival and ",https://www.ncbi.nlm.nih.gov/geo/query/acc.cgi?acc=GSE181016
GSE181011,COAD,6,2023/10/13,"Only the loss-of-function but not the gain-of-function properties of mutant TP53 are critical for the sustained proliferation, survival and ",https://www.ncbi.nlm.nih.gov/geo/query/acc.cgi?acc=GSE181011
GSE208345,COAD,12,2023/10/11,Effect of condensate perturbing CR3 peptide on HCT116 gene expression,https://www.ncbi.nlm.nih.gov/geo/query/acc.cgi?acc=GSE208345
GSE244579,COAD,1,2023/10/10,DPEP INHIBITS CANCER CELL GROWTH AND SURVIVAL VIA SHARED AND CONTEXT-DEPENDENT TRANSCRIPTOME PERTURBATIONS,https://www.ncbi.nlm.nih.gov/geo/query/acc.cgi?acc=GSE244579
GSE213963,COAD,6,2023/10/10,Fisetin suppresses colorectal cancer growth through AKAP12 in the patient-derived organoid xenograft model,https://www.ncbi.nlm.nih.gov/geo/query/acc.cgi?acc=GSE213963
GSE159051,COAD,3,2023/10/03,Intrahepatic CD69+ Vd1 T cells recirculate in the blood of patients affected by liver metastatic colorectal cancer and predict their overall,https://www.ncbi.nlm.nih.gov/geo/query/acc.cgi?acc=GSE159051
GSE128590,COAD,44,2023/10/03,Role of Histone H3 Lysine 27 Crotonylation in Gene Transcriptional Repression,https://www.ncbi.nlm.nih.gov/geo/query/acc.cgi?acc=GSE128590
GSE181337,COAD,6,2023/10/01,F. nucleatum-derived succinic acid induces tumor resistance to immunotherapy in colorectal cancer,https://www.ncbi.nlm.nih.gov/geo/query/acc.cgi?acc=GSE181337
GSE241699,COAD,154,2023/09/29,Genetic variants that impact alternative polyadenylation in cancer represent candidate causal risk loci [RNA-seq],https://www.ncbi.nlm.nih.gov/geo/query/acc.cgi?acc=GSE241699
GSE218999,COAD,14,2023/09/28,Plasma Multi-omics Nucleic Acid Landscape of Gastrointestinal Cancer [long RNA PBMC],https://www.ncbi.nlm.nih.gov/geo/query/acc.cgi?acc=GSE218999
GSE211831,COAD,30,2023/09/28,Plasma Multi-omics Nucleic Acid Landscape of Gastrointestinal Cancer [Tissue RNA-seq],https://www.ncbi.nlm.nih.gov/geo/query/acc.cgi?acc=GSE211831
GSE186607,COAD,404,2023/09/28,Plasma Multi-omics Nucleic Acid Landscape of Gastrointestinal Cancer,https://www.ncbi.nlm.nih.gov/geo/query/acc.cgi?acc=GSE186607
GSE186587,COAD,127,2023/09/28,Plasma Multi-omics Nucleic Acid Landscape of Gastrointestinal Cancer [long RNA],https://www.ncbi.nlm.nih.gov/geo/query/acc.cgi?acc=GSE186587
GSE244082,COAD,14,2023/09/25,several colorectal cancer patient derived tumor organoid RNAseq data,https://www.ncbi.nlm.nih.gov/geo/query/acc.cgi?acc=GSE244082
GSE231559,COAD,26,2023/09/25,Gene expression profile at single cell level from the colorectal cancer (CRC),https://www.ncbi.nlm.nih.gov/geo/query/acc.cgi?acc=GSE231559
GSE237687,COAD,12,2023/09/19,Global role of IGF2BP1 in controlling the expression of Wnt/β-catenin-regulated genes [G109_DLD1_RNA-seq],https://www.ncbi.nlm.nih.gov/geo/query/acc.cgi?acc=GSE237687
GSE237658,COAD,6,2023/09/19,Global role of IGF2BP1 in controlling the expression of Wnt/β-catenin-regulated genes I,https://www.ncbi.nlm.nih.gov/geo/query/acc.cgi?acc=GSE237658
GSE243245,COAD,123,2023/09/17,Crosstalk between myeloid and B cells shapes the distinct microenvironments of primary and secondary liver cancer,https://www.ncbi.nlm.nih.gov/geo/query/acc.cgi?acc=GSE243245
GSE243108,COAD,6,2023/09/17,The role of MDM4 in tumors,https://www.ncbi.nlm.nih.gov/geo/query/acc.cgi?acc=GSE243108
GSE236803,COAD,16,2023/09/17,Inhibition of CDK12 induces cancer cell dependence on activated P-TEFb via the ATM-stimulated p53 and NF-kB transcriptional programs,https://www.ncbi.nlm.nih.gov/geo/query/acc.cgi?acc=GSE236803
GSE234513,COAD,12,2023/09/14,LIN28B promotes cell invasion and colorectal cancer metastasis via CLDN1 and NOTCH3,https://www.ncbi.nlm.nih.gov/geo/query/acc.cgi?acc=GSE234513
GSE234803,COAD,20,2023/09/13,Amino acid availability is a crucial factor for survivability of cancer cells,https://www.ncbi.nlm.nih.gov/geo/query/acc.cgi?acc=GSE234803
GSE242673,COAD,33,2023/09/10,Effects of different forms of Anthocyanins on growth inhibition and gene expression of CRC cells,https://www.ncbi.nlm.nih.gov/geo/query/acc.cgi?acc=GSE242673
GSE230814,COAD,16,2023/09/07,Overexpression of CLK and wild-type CPSF6 and mutant CPSF6 in HEK293T cells to verify the effect of CLK2 phosphorylation CPSF6 on APA,https://www.ncbi.nlm.nih.gov/geo/query/acc.cgi?acc=GSE230814
GSE227376,COAD,59,2023/09/06,Transcriptomic analysis reveals the dynamic changes of immune responses during the development of creeping fat in Crohn's disease,https://www.ncbi.nlm.nih.gov/geo/query/acc.cgi?acc=GSE227376
GSE212519,COAD,10,2023/09/05,CPSF role on APA regulation,https://www.ncbi.nlm.nih.gov/geo/query/acc.cgi?acc=GSE212519
GSE235850,COAD,10,2023/09/01,RNA-Seq profiling of circular RNAs in colorectal cancer and circST7L as a potential biomarker,https://www.ncbi.nlm.nih.gov/geo/query/acc.cgi?acc=GSE235850
GSE225380,COAD,1,2023/09/01,LocusMasterTE: long-read assisted short-read TE quantification [short],https://www.ncbi.nlm.nih.gov/geo/query/acc.cgi?acc=GSE225380
GSE225377,COAD,1,2023/09/01,LocusMasterTE: long-read assisted short-read RNA-seq TE quantification [long],https://www.ncbi.nlm.nih.gov/geo/query/acc.cgi?acc=GSE225377
GSE241659,COAD,7,2023/08/31,Efficient genetic editing of human intestinal organoids using ribonucleoprotein-based CRISPR,https://www.ncbi.nlm.nih.gov/geo/query/acc.cgi?acc=GSE241659
GSE205935,COAD,16,2023/08/31,capTEs enables locus-specific dissection of transcriptional outputs from reference and nonreference transposable elements,https://www.ncbi.nlm.nih.gov/geo/query/acc.cgi?acc=GSE205935
GSE119603,COAD,12,2023/08/31,Differential ncRNAs of oxaliplatin-resistant versus parental HCT116 cells,https://www.ncbi.nlm.nih.gov/geo/query/acc.cgi?acc=GSE119603
GSE237684,COAD,61,2023/08/23,"Molecular Disparities in Colorectal Cancers of White Americans, Alabama African Americans, and Oklahoma American Indians",https://www.ncbi.nlm.nih.gov/geo/query/acc.cgi?acc=GSE237684
GSE226589,COAD,26,2023/08/23,Activation of AKT induces EZH2-mediated β-catenin trimethylation in colorectal cancer.,https://www.ncbi.nlm.nih.gov/geo/query/acc.cgi?acc=GSE226589
GSE226584,COAD,12,2023/08/23,Activation of AKT induces EZH2-mediated β-catenin trimethylation in colorectal cancer. [RNA-Seq],https://www.ncbi.nlm.nih.gov/geo/query/acc.cgi?acc=GSE226584
GSE213402,COAD,40,2023/08/22,DNA methylome and gene expression profiling of paired primary cancer and liver metastasis from colorectal cancer patients,https://www.ncbi.nlm.nih.gov/geo/query/acc.cgi?acc=GSE213402
GSE209777,COAD,64,2023/08/22,DNMT and HDAC inhibition induces immunogenic neoantigens from human endogenous retroviral element-derived transcripts,https://www.ncbi.nlm.nih.gov/geo/query/acc.cgi?acc=GSE209777
GSE209772,COAD,60,2023/08/22,DNMT and HDAC inhibition induces immunogenic neoantigens from human endogenous retroviral element-derived transcripts [RNA-Seq],https://www.ncbi.nlm.nih.gov/geo/query/acc.cgi?acc=GSE209772
GSE227230,COAD,12,2023/08/21,Characterization of miR-34 effectors in colorectal cancer cells.,https://www.ncbi.nlm.nih.gov/geo/query/acc.cgi?acc=GSE227230
GSE237129,COAD,2,2023/08/16,Hedyotis diffusa-Sculellaria barbata (HD-SB) suppresses the progression of colorectal cancer cells via the hsa_circ_0039933/hsa-miR-204-5p/w,https://www.ncbi.nlm.nih.gov/geo/query/acc.cgi?acc=GSE237129
GSE157181,COAD,12,2023/08/12,Exploration of the synergistic mechanism of Gegen Qinlian Decoction on Wnt signaling pathway based on an integrated strategy of network phar,https://www.ncbi.nlm.nih.gov/geo/query/acc.cgi?acc=GSE157181
GSE156281,COAD,116,2023/08/12,Therapy-induced senescence of cancer-associated fibroblasts determines survival in rectal cancer,https://www.ncbi.nlm.nih.gov/geo/query/acc.cgi?acc=GSE156281
GSE228578,COAD,12,2023/08/09,Transcriptomics and proteomics analyses reveal the anti-cancer properties of extract from Hypnea musciformis macroalgea in liver and intesti,https://www.ncbi.nlm.nih.gov/geo/query/acc.cgi?acc=GSE228578
GSE239325,COAD,12,2023/08/08,RNA-Seq of human colorectal cancer (CRC) cell lines with or without METTL17 knockdown,https://www.ncbi.nlm.nih.gov/geo/query/acc.cgi?acc=GSE239325
GSE230067,COAD,15,2023/08/08,Assessment of colorectal cancer risk factors through the application of network-based approaches in a biracial cohort of colon organoid stem,https://www.ncbi.nlm.nih.gov/geo/query/acc.cgi?acc=GSE230067
GSE210011,COAD,54,2023/08/07,Exercise Training Reduces the Inflammatory Response and Promotes Intestinal Mucosa-associated Immunity in Lynch Syndrome patients [GeoMx Dig,https://www.ncbi.nlm.nih.gov/geo/query/acc.cgi?acc=GSE210011
GSE189035,COAD,26,2023/08/07,PIGA mutation and glycosylphosphatidylinositol anchor dysregulation in polyposis-associated duodenal tumorigenesis,https://www.ncbi.nlm.nih.gov/geo/query/acc.cgi?acc=GSE189035
GSE183150,COAD,60,2023/08/07,Exercise Training Influences Inflammatory and Immune Systems in Patients at High Risk for Colorectal Cancer: The CYCLE-P Study,https://www.ncbi.nlm.nih.gov/geo/query/acc.cgi?acc=GSE183150
GSE154548,COAD,40,2023/08/07,Transcriptomic profiles of advanced colorectal adenomas from 40 Korean patients,https://www.ncbi.nlm.nih.gov/geo/query/acc.cgi?acc=GSE154548
GSE184322,COAD,28,2023/08/06,CRSPR/Cas9 gene knockout screen identifies colorectal cancer dependency on cryptic open reading frames,https://www.ncbi.nlm.nih.gov/geo/query/acc.cgi?acc=GSE184322
GSE230557,COAD,20,2023/08/03,In vitro cross-talk between metastasis-competent circulating tumor cells and platelets in colon cancer: a malicious association during a har,https://www.ncbi.nlm.nih.gov/geo/query/acc.cgi?acc=GSE230557
GSE218240,COAD,67,2023/08/01,RNAPII-dependent ATM signaling at collisions with replication forks,https://www.ncbi.nlm.nih.gov/geo/query/acc.cgi?acc=GSE218240
GSE218236,COAD,9,2023/08/01,RNAPII-dependent ATM signaling at collisions with replication forks [RNA-seq],https://www.ncbi.nlm.nih.gov/geo/query/acc.cgi?acc=GSE218236
GSE185738,COAD,2,2023/08/01,Transcriptomics analysis of iron chelator deferoxamine treated human tumor colonoids.,https://www.ncbi.nlm.nih.gov/geo/query/acc.cgi?acc=GSE185738
GSE209869,COAD,6,2023/07/31,Effect of overexpression of ELAPOR1 on gene expression of colorectal cancer cells,https://www.ncbi.nlm.nih.gov/geo/query/acc.cgi?acc=GSE209869
GSE123416,COAD,12,2023/07/31,RNA-seq of human colorectal cancer cells in presence and absence of ZEB1,https://www.ncbi.nlm.nih.gov/geo/query/acc.cgi?acc=GSE123416
GSE237996,COAD,10,2023/07/29,Tiam1 methylation by NSD2 promotes Rac1 signaling activation and cancer metastasis II,https://www.ncbi.nlm.nih.gov/geo/query/acc.cgi?acc=GSE237996
GSE207268,COAD,48,2023/07/25,"Effect of INTS11, INTS9, CPSF73 knockdown on transcription",https://www.ncbi.nlm.nih.gov/geo/query/acc.cgi?acc=GSE207268
GSE232525,COAD,2,2023/07/20,Single-Cell Analysis Reveals Cellular Reprogramming in Advanced Colon Cancer Following FOLFOX-Bevacizumab Treatment,https://www.ncbi.nlm.nih.gov/geo/query/acc.cgi?acc=GSE232525
GSE201660,COAD,6,2023/07/18,Effect of overexpression of VCP on gene expression during colorectal cancer progression of HCT116 cells,https://www.ncbi.nlm.nih.gov/geo/query/acc.cgi?acc=GSE201660
GSE236946,COAD,18,2023/07/17,Nuclear Localization of Argonaute is affected by Cell Density and May Relieve Repression by microRNAs,https://www.ncbi.nlm.nih.gov/geo/query/acc.cgi?acc=GSE236946
GSE232869,COAD,122,2023/07/14,Distinct layers of BRD4-PTEFb reveal bromodomain-independent function in transcriptional regulation,https://www.ncbi.nlm.nih.gov/geo/query/acc.cgi?acc=GSE232869
GSE236764,COAD,4,2023/07/13,A novel TOX3-WDR5-ABCG2 signaling axis regulates the progression of colorectal cancer by accelerating stem-like traits and chemoresistance,https://www.ncbi.nlm.nih.gov/geo/query/acc.cgi?acc=GSE236764
GSE205366,COAD,6,2023/07/13,FBL promotes cancer cell proliferation and DNA damage repair via YBX1,https://www.ncbi.nlm.nih.gov/geo/query/acc.cgi?acc=GSE205366
GSE211866,COAD,9,2023/07/12,USP11/LSH/CYP24A1 axis activation underlies calcium homeostasis and potentiates the resistance of colorectal cancer cells to ferroptosis,https://www.ncbi.nlm.nih.gov/geo/query/acc.cgi?acc=GSE211866
GSE200133,COAD,137,2023/07/12,Revealing and harnessing CD39 for the treatment of colorectal cancer and liver metastases by engineered T cells,https://www.ncbi.nlm.nih.gov/geo/query/acc.cgi?acc=GSE200133
GSE200130,COAD,37,2023/07/12,Revealing and harnessing CD39 for the treatment of colorectal cancer and liver metastases by engineered T cells [CRC],https://www.ncbi.nlm.nih.gov/geo/query/acc.cgi?acc=GSE200130
GSE200129,COAD,42,2023/07/12,Revealing and harnessing CD39 for the treatment of colorectal cancer and liver metastases by engineered T cells [mCRC],https://www.ncbi.nlm.nih.gov/geo/query/acc.cgi?acc=GSE200129
GSE207618,COAD,11,2023/07/11,Phenylacetaldehyde inhibits development of colorectal cancer,https://www.ncbi.nlm.nih.gov/geo/query/acc.cgi?acc=GSE207618
GSE210540,COAD,54,2023/07/07,GDF15 gene suppression by BET inhibition and gene signature based personalized chemotherapy to counteract cachexia [Quant-seq],https://www.ncbi.nlm.nih.gov/geo/query/acc.cgi?acc=GSE210540
GSE235920,COAD,42,2023/07/05,First-line durvalumab and tremelimumab with chemotherapy in RAS-mutated metastatic colorectal cancer: a phase 1b/2 trial,https://www.ncbi.nlm.nih.gov/geo/query/acc.cgi?acc=GSE235920
GSE235919,COAD,34,2023/07/05,First-line durvalumab and tremelimumab with chemotherapy in RAS-mutated metastatic colorectal cancer: a phase 1b/2 trial [RNA-Seq],https://www.ncbi.nlm.nih.gov/geo/query/acc.cgi?acc=GSE235919
GSE235917,COAD,8,2023/07/05,First-line durvalumab and tremelimumab with chemotherapy in RAS-mutated metastatic colorectal cancer: a phase 1b/2 trial [scRNA-Seq],https://www.ncbi.nlm.nih.gov/geo/query/acc.cgi?acc=GSE235917
GSE228293,COAD,4,2023/07/05,"ZC3H4, ARS2, and WDR82 coordinate non-coding transcriptional termination and are opposed by telescripting on protein-coding genes [XRN2-dTAG",https://www.ncbi.nlm.nih.gov/geo/query/acc.cgi?acc=GSE228293
GSE228291,COAD,8,2023/07/05,"ZC3H4, ARS2, and WDR82 coordinate non-coding transcriptional termination and are opposed by telescripting on protein-coding genes [PNUTS_U1_",https://www.ncbi.nlm.nih.gov/geo/query/acc.cgi?acc=GSE228291
GSE228290,COAD,6,2023/07/05,"ZC3H4, ARS2, and WDR82 coordinate non-coding transcriptional termination and are opposed by telescripting on protein-coding genes [PNUTS_POI",https://www.ncbi.nlm.nih.gov/geo/query/acc.cgi?acc=GSE228290
GSE228286,COAD,4,2023/07/05,"ZC3H4, ARS2, and WDR82 coordinate non-coding transcriptional termination and are opposed by telescripting on protein-coding genes [ARS2_POIN",https://www.ncbi.nlm.nih.gov/geo/query/acc.cgi?acc=GSE228286
GSE207421,COAD,76,2023/07/05,"ZC3H4, ARS2, and WDR82 coordinate non-coding transcriptional termination and are opposed by telescripting on protein-coding genes",https://www.ncbi.nlm.nih.gov/geo/query/acc.cgi?acc=GSE207421
GSE207420,COAD,6,2023/07/05,"ZC3H4, ARS2, and WDR82 coordinate non-coding transcriptional termination and are opposed by telescripting on protein-coding genes [ars2-zc3h",https://www.ncbi.nlm.nih.gov/geo/query/acc.cgi?acc=GSE207420
GSE207419,COAD,16,2023/07/05,"ZC3H4, ARS2, and WDR82 coordinate non-coding transcriptional termination and are opposed by telescripting on protein-coding genes [u1_amo]",https://www.ncbi.nlm.nih.gov/geo/query/acc.cgi?acc=GSE207419
GSE207418,COAD,12,2023/07/05,"ZC3H4, ARS2, and WDR82 coordinate non-coding transcriptional termination and are opposed by telescripting on protein-coding genes [zc3h4_res",https://www.ncbi.nlm.nih.gov/geo/query/acc.cgi?acc=GSE207418
GSE207417,COAD,10,2023/07/05,"ZC3H4, ARS2, and WDR82 coordinate non-coding transcriptional termination and are opposed by telescripting on protein-coding genes [point-seq",https://www.ncbi.nlm.nih.gov/geo/query/acc.cgi?acc=GSE207417
GSE215882,COAD,3,2023/07/03,FGF19 induces the inflammatory phenotype of LX-2 cells,https://www.ncbi.nlm.nih.gov/geo/query/acc.cgi?acc=GSE215882
GSE224754,COAD,8,2023/07/02,"Distinct roles of the two SEC scaffold proteins, AFF1 and AFF4, in regulating RNA Pol II transcription elongation [RNA-seq 2]",https://www.ncbi.nlm.nih.gov/geo/query/acc.cgi?acc=GSE224754
GSE207813,COAD,31,2023/07/02,"Distinct roles of the two SEC scaffold proteins, AFF1 and AFF4, in regulating RNA Pol II transcription elongation",https://www.ncbi.nlm.nih.gov/geo/query/acc.cgi?acc=GSE207813
GSE207812,COAD,4,2023/07/02,"Distinct roles of the two SEC scaffold proteins, AFF1 and AFF4, in regulating RNA Pol II transcription elongation [RNA-seq]",https://www.ncbi.nlm.nih.gov/geo/query/acc.cgi?acc=GSE207812
GSE234615,COAD,16,2023/07/01,Transcriptome analyses by RNA-seq with NELFE knockdown and EPZ-5676 or HMBA treated HCT116 cells,https://www.ncbi.nlm.nih.gov/geo/query/acc.cgi?acc=GSE234615
GSE217774,COAD,3,2023/07/01,Single-cell RNA profiling of mononuclear phagocyte in colorectal cancer,https://www.ncbi.nlm.nih.gov/geo/query/acc.cgi?acc=GSE217774
GSE206582,COAD,72,2023/07/01,Identifying colorectal cancer-specific vulnerabilities in the Wnt-driven long-noncoding transcriptome [GRO-seq],https://www.ncbi.nlm.nih.gov/geo/query/acc.cgi?acc=GSE206582
GSE180480,COAD,54,2023/07/01,RNA-Seq to probe transcription of patient-derived organotypic colorectal cancer.,https://www.ncbi.nlm.nih.gov/geo/query/acc.cgi?acc=GSE180480
GSE216513,COAD,4,2023/06/27,"Targeting lysine-specific demethylase 1 (KDM1A/LSD1) impairs colorectal cancer tumorigenesis by affecting cancer cells stemness, motility an",https://www.ncbi.nlm.nih.gov/geo/query/acc.cgi?acc=GSE216513
GSE211202,COAD,32,2023/06/26,Co-transcriptional pseudouridylation of mRNAs by the H/ACA complex controls translational efficiency.,https://www.ncbi.nlm.nih.gov/geo/query/acc.cgi?acc=GSE211202
GSE223997,COAD,111,2023/06/20,R-loop dependent promoter-proximal termination ensures genome stability,https://www.ncbi.nlm.nih.gov/geo/query/acc.cgi?acc=GSE223997
GSE223996,COAD,4,2023/06/20,R-loop dependent promoter-proximal termination ensures genome stability [PRO-seq],https://www.ncbi.nlm.nih.gov/geo/query/acc.cgi?acc=GSE223996
GSE223993,COAD,50,2023/06/20,R-loop dependent promoter-proximal termination ensures genome stability [CUT&Tag],https://www.ncbi.nlm.nih.gov/geo/query/acc.cgi?acc=GSE223993
GSE235057,COAD,29,2023/06/19,Crosstalk between myeloid and B cells shapes the distinct microenvironments of primary and secondary liver cancer,https://www.ncbi.nlm.nih.gov/geo/query/acc.cgi?acc=GSE235057
GSE217414,COAD,4,2023/06/14,Liver metastases originating from 4 colorectal cancer patients (CRC-LM).,https://www.ncbi.nlm.nih.gov/geo/query/acc.cgi?acc=GSE217414
GSE212795,COAD,12,2023/06/12,"Colon cancer cells DLD1 cells incubated with kynurenine, TCDD, or CH223191 for 1 hour",https://www.ncbi.nlm.nih.gov/geo/query/acc.cgi?acc=GSE212795
GSE234395,COAD,6,2023/06/11,CAPG silencing promotes CRC cell apoptosis and ferroptosis via P53 pathway,https://www.ncbi.nlm.nih.gov/geo/query/acc.cgi?acc=GSE234395
GSE208203,COAD,10,2023/06/05,The diapause-like colorectal cancer cells induced by SMC4 attenuation are characterized by low proliferation and chemotherapy insensitivity ,https://www.ncbi.nlm.nih.gov/geo/query/acc.cgi?acc=GSE208203
GSE173452,COAD,42,2023/06/05,ORC1 binds to cis-transcribed RNAs for efficient activation of human origins,https://www.ncbi.nlm.nih.gov/geo/query/acc.cgi?acc=GSE173452
GSE173450,COAD,4,2023/06/05,ORC1 binds to cis-transcribed RNAs for efficient activation of human origins [AntiGAA_RNAseq],https://www.ncbi.nlm.nih.gov/geo/query/acc.cgi?acc=GSE173450
GSE173449,COAD,9,2023/06/05,ORC1 binds to cis-transcribed RNAs for efficient activation of human origins [ORC1_iCLIP],https://www.ncbi.nlm.nih.gov/geo/query/acc.cgi?acc=GSE173449
GSE173448,COAD,4,2023/06/05,ORC1 binds to cis-transcribed RNAs for efficient activation of human origins [ORC1_FLAG_RIPseq],https://www.ncbi.nlm.nih.gov/geo/query/acc.cgi?acc=GSE173448
GSE173438,COAD,6,2023/06/05,ORC1 binds to cis-transcribed RNAs for efficient activation of human origins [ORC1_RIPseq],https://www.ncbi.nlm.nih.gov/geo/query/acc.cgi?acc=GSE173438
GSE211222,COAD,74,2023/06/01,Multi-omic colon organoid analysis highlight MSH4 as a marker of Lynch syndrome and microsatellite instability,https://www.ncbi.nlm.nih.gov/geo/query/acc.cgi?acc=GSE211222
GSE211221,COAD,16,2023/06/01,Multi-omic colon organoid analysis highlight MSH4 as a marker of Lynch syndrome and microsatellite instability [RNA-sequencing],https://www.ncbi.nlm.nih.gov/geo/query/acc.cgi?acc=GSE211221
GSE200120,COAD,106,2023/06/01,Therapeutic targeting of metabolic vulnerabilities in cancers with MLL3/4-COMPASS epigenetic regulator mutations,https://www.ncbi.nlm.nih.gov/geo/query/acc.cgi?acc=GSE200120
GSE233628,COAD,3,2023/05/31,Detailed Survey of an in-vitro Intestinal Epithelium Model by Single-Cell Transcriptomics,https://www.ncbi.nlm.nih.gov/geo/query/acc.cgi?acc=GSE233628
GSE233517,COAD,22,2023/05/31,Neoadjuvant chemoradiation alters biomarkers of anticancer immunotherapy responses in locally advanced rectal cancer,https://www.ncbi.nlm.nih.gov/geo/query/acc.cgi?acc=GSE233517
GSE233326,COAD,6,2023/05/24,Effect of coculture with normal colonic epithelial cells on gene expression of RKO colon cancer cells,https://www.ncbi.nlm.nih.gov/geo/query/acc.cgi?acc=GSE233326
GSE212779,COAD,47,2023/05/24,PHF8 enables immune evasion by silencing endogenous retroelements,https://www.ncbi.nlm.nih.gov/geo/query/acc.cgi?acc=GSE212779
GSE211474,COAD,39,2023/05/24,PHF8 enables immune evasion by silencing endogenous retroelements [RNA-Seq],https://www.ncbi.nlm.nih.gov/geo/query/acc.cgi?acc=GSE211474
GSE211267,COAD,6,2023/05/23,RNA-seq analysis of differentially expressed genes between WT and shTRIM21 HCT116 cells.,https://www.ncbi.nlm.nih.gov/geo/query/acc.cgi?acc=GSE211267
GSE225184,COAD,15,2023/05/18,Immunogenetic metabolomics revealed key enzymes that modulate CAR-T metabolism and function [RNA-seq],https://www.ncbi.nlm.nih.gov/geo/query/acc.cgi?acc=GSE225184
GSE232305,COAD,24,2023/05/12,APR-246 enhances colorectal cancer sensitivity to radiotherapy,https://www.ncbi.nlm.nih.gov/geo/query/acc.cgi?acc=GSE232305
GSE214569,COAD,5,2023/05/11,Co-cultures of colon cancer cells and cancer-associated fibroblasts recapitulate the aggressive features of mesenchymal-like colon cancer,https://www.ncbi.nlm.nih.gov/geo/query/acc.cgi?acc=GSE214569
GSE205506,COAD,40,2023/05/11,Remodeling of the Immune and Stromal Cell Compartment by PD-1 Blockade in Mismatch Repair-Deficient Colorectal Cancer,https://www.ncbi.nlm.nih.gov/geo/query/acc.cgi?acc=GSE205506
GSE210040,COAD,9,2023/05/05,Innate lymphocytes in solid human tumors,https://www.ncbi.nlm.nih.gov/geo/query/acc.cgi?acc=GSE210040
GSE228532,COAD,9,2023/05/04,Epiploic Adipose Tissue (EPAT) in Obese Individuals Promotes Colonic Tumorigenesis: A Novel Model for EPAT-Dependent Colorectal Cancer Progr,https://www.ncbi.nlm.nih.gov/geo/query/acc.cgi?acc=GSE228532
GSE221240,COAD,35,2023/05/04,Characterization of cell-type specific circular RNAs associated with colorectal cancer metastasis,https://www.ncbi.nlm.nih.gov/geo/query/acc.cgi?acc=GSE221240
GSE226549,COAD,12,2023/05/03,Resveratrol attenuates the mitochondrial RNA-mediated cellular response to immunogenic stress,https://www.ncbi.nlm.nih.gov/geo/query/acc.cgi?acc=GSE226549
GSE149867,COAD,6,2023/05/01,AHR regulated genes in Colorectal Cancer,https://www.ncbi.nlm.nih.gov/geo/query/acc.cgi?acc=GSE149867
GSE149783,COAD,6,2023/05/01,lncSLCC1(RP11-400N13.2)-regulated genes in Colorectal Cancer,https://www.ncbi.nlm.nih.gov/geo/query/acc.cgi?acc=GSE149783
GSE230568,COAD,27,2023/04/30,Antigen-driven colonic inflammation is associated with development of dysplasia in primary sclerosing cholangitis [scData],https://www.ncbi.nlm.nih.gov/geo/query/acc.cgi?acc=GSE230568
GSE230524,COAD,226,2023/04/30,Antigen-driven colonic inflammation is associated with development of dysplasia in primary sclerosing cholangitis [bulk RNASeq],https://www.ncbi.nlm.nih.gov/geo/query/acc.cgi?acc=GSE230524
GSE163726,COAD,22,2023/04/24,Pro-inflammatory polarization and colorectal cancer modulate alternative and intronic polyadenylation in primary human macrophages,https://www.ncbi.nlm.nih.gov/geo/query/acc.cgi?acc=GSE163726
GSE193937,COAD,6,2023/04/23,RNA-seq analyses of doxycycline-induced PROX1-exprressing cells in human colon cancer spheroids,https://www.ncbi.nlm.nih.gov/geo/query/acc.cgi?acc=GSE193937
GSE193936,COAD,6,2023/04/23,RNA-seq analyses of autophagy-high and autophagy-low cells from human colon cancer organoids,https://www.ncbi.nlm.nih.gov/geo/query/acc.cgi?acc=GSE193936
GSE229742,COAD,12,2023/04/18,RNA-seq of CAF05s grown on different substrates,https://www.ncbi.nlm.nih.gov/geo/query/acc.cgi?acc=GSE229742
GSE229503,COAD,12,2023/04/17,AVA-ADR-001- a small molecular inhibitor of ADAR1 (Immuno-oncology target),https://www.ncbi.nlm.nih.gov/geo/query/acc.cgi?acc=GSE229503
GSE225738,COAD,16,2023/04/12,Chemoproteomic Mapping of Glycolytic Targetome in Cancer Cells,https://www.ncbi.nlm.nih.gov/geo/query/acc.cgi?acc=GSE225738
GSE220040,COAD,2,2023/04/12,CMTR1 promotes colorectal cancer cell growth and immune evasion by transcriptionally regulating STAT3,https://www.ncbi.nlm.nih.gov/geo/query/acc.cgi?acc=GSE220040
GSE200660,COAD,20,2023/04/11,Cancer-associated fibroblasts in T1 colorectal cancer,https://www.ncbi.nlm.nih.gov/geo/query/acc.cgi?acc=GSE200660
GSE182830,COAD,9,2023/04/10,Gene expression and intron retention analysis of ZCRB1-knockdown human cells,https://www.ncbi.nlm.nih.gov/geo/query/acc.cgi?acc=GSE182830
GSE182759,COAD,9,2023/04/10,Gene expression and intron retention analysis of 15.5K-knockdown human cells,https://www.ncbi.nlm.nih.gov/geo/query/acc.cgi?acc=GSE182759
GSE160515,COAD,15,2023/04/10,Gene expression and intron retention analysis of bktRNA1-depleted human cells,https://www.ncbi.nlm.nih.gov/geo/query/acc.cgi?acc=GSE160515
GSE149241,COAD,16,2023/04/10,Bacteroides fragilis toxin induces epithelial-to-mesenchymal transition and stem-like phenotype in breast epithelial cells and concomitantly,https://www.ncbi.nlm.nih.gov/geo/query/acc.cgi?acc=GSE149241
GSE214537,COAD,6,2023/04/05,"Fasting-mimicking diet synergizes with ferroptosis against quiescent, chemotherapy-resistant cells",https://www.ncbi.nlm.nih.gov/geo/query/acc.cgi?acc=GSE214537
GSE206493,COAD,12,2023/04/05,Escape From Oncogene-Induced Senescence is Controlled by POU2F2 and Memorized by Chromatin Scars [RNA-seq],https://www.ncbi.nlm.nih.gov/geo/query/acc.cgi?acc=GSE206493
GSE224679,COAD,9,2023/04/03,Aberrant cell state plasticity mediated by developmental reprogramming precedes colorectal cancer initiation [scRNA-seq],https://www.ncbi.nlm.nih.gov/geo/query/acc.cgi?acc=GSE224679
GSE203236,COAD,30,2023/03/31,The effect of depletion of BRD8 or TIP60 on gene expression in colorectal cancer cells,https://www.ncbi.nlm.nih.gov/geo/query/acc.cgi?acc=GSE203236
GSE211433,COAD,8,2023/03/29,Multi-omics of colon tumor progression organoids reveals putative mediators of colorectal cancer metastasis,https://www.ncbi.nlm.nih.gov/geo/query/acc.cgi?acc=GSE211433
GSE219181,COAD,6,2023/03/28,LncRNA EPR transcriptional activity controls intestinal mucus and prevents susceptibility to inflammation and tumorigenesis SW480 [RNA-Seq],https://www.ncbi.nlm.nih.gov/geo/query/acc.cgi?acc=GSE219181
GSE192489,COAD,3,2023/03/28,Phosphorylation and stabilization of EZH2 by VprBP trigger aberrant gene silencing in colon cancer,https://www.ncbi.nlm.nih.gov/geo/query/acc.cgi?acc=GSE192489
GSE227910,COAD,30,2023/03/27,"Treatment of 1,25(OH)2D3 or Antagonist in HCT116 WT and VDRKO cell lines",https://www.ncbi.nlm.nih.gov/geo/query/acc.cgi?acc=GSE227910
GSE210056,COAD,14,2023/03/27,RNA-seq and miRNA microarray of control and METTL14-overexpressed HT29 human colon cancer cells,https://www.ncbi.nlm.nih.gov/geo/query/acc.cgi?acc=GSE210056
GSE210045,COAD,8,2023/03/27,Gene expression profiling by RNA-seq of control and METTL14-knockdown HT29 human colon cancer cells,https://www.ncbi.nlm.nih.gov/geo/query/acc.cgi?acc=GSE210045
GSE186792,COAD,14,2023/03/27,HCT116 human colon cancer cells and METTL14,https://www.ncbi.nlm.nih.gov/geo/query/acc.cgi?acc=GSE186792
GSE186791,COAD,8,2023/03/27,Gene expression profiling by RNA-seq of control and METTL14-knockdown HCT116 human colon cancer cells,https://www.ncbi.nlm.nih.gov/geo/query/acc.cgi?acc=GSE186791
GSE211651,COAD,39,2023/03/23,Enhancing HIV-1 latency reversal through regulating the elongating RNA Pol II pause-release by a small-molecule disruptor of PAF1C,https://www.ncbi.nlm.nih.gov/geo/query/acc.cgi?acc=GSE211651
GSE227641,COAD,18,2023/03/22,Inositol hexaphosphate enhances chemotherapy by reversing persistent endoplasmic reticulum stress-induced senescence in colorectal cancer,https://www.ncbi.nlm.nih.gov/geo/query/acc.cgi?acc=GSE227641
GSE227609,COAD,9,2023/03/22,Inositol hexaphosphate enhances chemotherapy by reversing persistent endoplasmic reticulum stress-induced senescence in colorectal cancer [R,https://www.ncbi.nlm.nih.gov/geo/query/acc.cgi?acc=GSE227609
GSE227379,COAD,9,2023/03/22,Inositol hexaphosphate enhances chemotherapy by reversing persistent endoplasmic reticulum stress-induced senescence in colorectal cancer [R,https://www.ncbi.nlm.nih.gov/geo/query/acc.cgi?acc=GSE227379
GSE227315,COAD,6,2023/03/20,RNA-Seq of Oxaliplatin-treated HCT116 human colon cancer cells,https://www.ncbi.nlm.nih.gov/geo/query/acc.cgi?acc=GSE227315
GSE227206,COAD,8,2023/03/19,Lipid engulfed macrophages interfere with protective T cell immunity and favor tumor progression in human colon carcinogenesis,https://www.ncbi.nlm.nih.gov/geo/query/acc.cgi?acc=GSE227206
GSE224734,COAD,4,2023/03/17,A tumor suppressive-molecular axis EP300/circRERE/miR-6837-3p/MAVS activates type I interferon pathway and anti-tumor immunity to suppress c,https://www.ncbi.nlm.nih.gov/geo/query/acc.cgi?acc=GSE224734
GSE205565,COAD,1,2023/03/17,Matrin3 regulates mitotic spindle dynamics by controlling alternative splicing of CDC14B [Iso-Seq],https://www.ncbi.nlm.nih.gov/geo/query/acc.cgi?acc=GSE205565
GSE203521,COAD,16,2023/03/17,Matrin3 regulates mitotic spindle dynamics by controlling alternative splicing of CDC14B,https://www.ncbi.nlm.nih.gov/geo/query/acc.cgi?acc=GSE203521
GSE203520,COAD,3,2023/03/17,Matrin3 regulates mitotic spindle dynamics by controlling alternative splicing of CDC14B [PAR-CLIP],https://www.ncbi.nlm.nih.gov/geo/query/acc.cgi?acc=GSE203520
GSE203519,COAD,6,2023/03/17,Matrin3 regulates mitotic spindle dynamics by controlling alternative splicing of CDC14B [polyA capture],https://www.ncbi.nlm.nih.gov/geo/query/acc.cgi?acc=GSE203519
GSE203518,COAD,6,2023/03/17,Matrin3 regulates mitotic spindle dynamics by controlling alternative splicing of CDC14B [Ribo-deplete],https://www.ncbi.nlm.nih.gov/geo/query/acc.cgi?acc=GSE203518
GSE227069,COAD,6,2023/03/14,Transcriptome profiling of colorectal cancer cells on BZW2 knockdown.,https://www.ncbi.nlm.nih.gov/geo/query/acc.cgi?acc=GSE227069
GSE226998,COAD,4,2023/03/14,mRNA expression profile of control and senescent human colorectal cancer cell line SW620,https://www.ncbi.nlm.nih.gov/geo/query/acc.cgi?acc=GSE226998
GSE226997,COAD,4,2023/03/14,Visium Spatial transcriptomics analysis of human primary colorectal cancer,https://www.ncbi.nlm.nih.gov/geo/query/acc.cgi?acc=GSE226997
GSE209535,COAD,13,2023/03/13,miRNA-483-3p overexpression unleashes invasive growth of metastatic colorectal cancer via NDRG1 downregulation and ensuing activation of the,https://www.ncbi.nlm.nih.gov/geo/query/acc.cgi?acc=GSE209535
GSE224287,COAD,10,2023/03/09,CDK13 phosphorylates the translational machinery and promotes tumorigenic protein synthesis,https://www.ncbi.nlm.nih.gov/geo/query/acc.cgi?acc=GSE224287
GSE224870,COAD,6,2023/03/05,Effects of DAB2IP depletion on gene expression in HCT116 cells,https://www.ncbi.nlm.nih.gov/geo/query/acc.cgi?acc=GSE224870
GSE224869,COAD,6,2023/03/05,Effects of DAB2IP expression on gene expression in DLD1  cells,https://www.ncbi.nlm.nih.gov/geo/query/acc.cgi?acc=GSE224869
GSE226034,COAD,6,2023/03/01,Gene Expression Profiles Associated with Radio-Responsiveness in Locally Advanced Rectal Cancer,https://www.ncbi.nlm.nih.gov/geo/query/acc.cgi?acc=GSE226034
GSE215307,COAD,375,2023/03/01,Cancer-Associated Fibroblasts are the Main Source of Epithelial-to-Mesenchymal Signaling in the Tumor Microenvironment,https://www.ncbi.nlm.nih.gov/geo/query/acc.cgi?acc=GSE215307
GSE204805,COAD,1225,2023/03/01,RNAseq analysis on metastatic Colorectal Cancer,https://www.ncbi.nlm.nih.gov/geo/query/acc.cgi?acc=GSE204805
GSE199726,COAD,6,2023/03/01,TCF21high pericyte subpopulation promotes cancer metastasis by remodeling perivascular matrix,https://www.ncbi.nlm.nih.gov/geo/query/acc.cgi?acc=GSE199726
GSE180943,COAD,49,2023/02/28,Cancer Cell Resistance to IFNγ Can Occur via Enhanced Double-Strand Break Repair Pathway Activity,https://www.ncbi.nlm.nih.gov/geo/query/acc.cgi?acc=GSE180943
GSE180941,COAD,22,2023/02/28,Cancer Cell Resistance to IFNγ Can Occur via Enhanced Double-Strand Break Repair Pathway Activity [RNA-seq],https://www.ncbi.nlm.nih.gov/geo/query/acc.cgi?acc=GSE180941
GSE215214,COAD,4,2023/02/23,The differentially expressed genes regulated by 5-Aza-CdR,https://www.ncbi.nlm.nih.gov/geo/query/acc.cgi?acc=GSE215214
GSE225857,COAD,8,2023/02/22,Single-cell and spatial transcriptome analysis reveals the cellular heterogeneity of liver metastatic colorectal cancer,https://www.ncbi.nlm.nih.gov/geo/query/acc.cgi?acc=GSE225857
GSE225392,COAD,24,2023/02/20,Effect of depletion of GPRC5A on gene expression in HT-29 cells upon the treatment of 7-fluorotryptamine and/or TNFa,https://www.ncbi.nlm.nih.gov/geo/query/acc.cgi?acc=GSE225392
GSE223605,COAD,21,2023/02/13,A Leaky Human Colon Model Reveals Uncoupled Apical/Basal Cytotoxicity in Early Clostridioides difficile Toxin Exposure,https://www.ncbi.nlm.nih.gov/geo/query/acc.cgi?acc=GSE223605
GSE213092,COAD,99,2023/02/08,Early onset colorectal cancer tissues and late onset colorectal cancer tissues,https://www.ncbi.nlm.nih.gov/geo/query/acc.cgi?acc=GSE213092
GSE214322,COAD,66,2023/02/01,A dual-activity topoisomerase complex promotes both transcriptional activation and repression in response to starvation,https://www.ncbi.nlm.nih.gov/geo/query/acc.cgi?acc=GSE214322
GSE198697,COAD,72,2023/02/01,Patient-derived organoid fibroblast co-cultures closely mimic tumor cell heterogeneity of colorectal cancer,https://www.ncbi.nlm.nih.gov/geo/query/acc.cgi?acc=GSE198697
GSE196515,COAD,10,2023/02/01,ATAC-seq deconvolution with CiberATAC identifies a prognostic regulon of HMG20B in metastatic colorectal adenocarcinoma,https://www.ncbi.nlm.nih.gov/geo/query/acc.cgi?acc=GSE196515
GSE218378,COAD,6,2023/01/31,Effect of overexpression PBX1 on gene expression in HCT116 cells,https://www.ncbi.nlm.nih.gov/geo/query/acc.cgi?acc=GSE218378
GSE216616,COAD,298,2023/01/25,Transcriptomic Analyses Reveal Pre-treatment Cytotoxic Lymphocytes Predict Response to Neoadjuvant Chemoradiotherapy and Survival in Advance,https://www.ncbi.nlm.nih.gov/geo/query/acc.cgi?acc=GSE216616
GSE213411,COAD,6,2023/01/25,piR-36249 and DHX36 together inhibit testicular cancer cell progression by upregulating OAS2,https://www.ncbi.nlm.nih.gov/geo/query/acc.cgi?acc=GSE213411
GSE223026,COAD,22,2023/01/22,Human CD4 cytotoxic T lymphocytes mediate potent tumor control via tumor cell HLA 2 class II expression in a humanized immune system mouse m,https://www.ncbi.nlm.nih.gov/geo/query/acc.cgi?acc=GSE223026
GSE223120,COAD,52,2023/01/21,Hypoxia-induced cysteine metabolism reprogramming are crucial for the tumorigenesis of colorectal cancer.,https://www.ncbi.nlm.nih.gov/geo/query/acc.cgi?acc=GSE223120
GSE223119,COAD,40,2023/01/21,Hypoxia-induced cysteine metabolism reprogramming are crucial for the tumorigenesis of colorectal cancer [tissue pair],https://www.ncbi.nlm.nih.gov/geo/query/acc.cgi?acc=GSE223119
GSE223118,COAD,12,2023/01/21,Hypoxia-induced cysteine metabolism reprogramming are crucial for the tumorigenesis of colorectal cancer [HCT116],https://www.ncbi.nlm.nih.gov/geo/query/acc.cgi?acc=GSE223118
GSE176062,COAD,6,2023/01/18,Identification of TEAD4 target genes in the colorectal cancer cells,https://www.ncbi.nlm.nih.gov/geo/query/acc.cgi?acc=GSE176062
GSE143939,COAD,12,2023/01/18,Noncoding RNA and mRNA expression data from human colorectal cancer tissues and adjacent non-cancerous tissues,https://www.ncbi.nlm.nih.gov/geo/query/acc.cgi?acc=GSE143939
GSE222770,COAD,40,2023/01/17,Genome-wide enhancer-gene regulatory maps link causal variants to target genes underlying human colorectal cancer risk,https://www.ncbi.nlm.nih.gov/geo/query/acc.cgi?acc=GSE222770
GSE222769,COAD,10,2023/01/17,Genome-wide enhancer-gene regulatory maps link causal variants to target genes underlying human colorectal cancer risk [RNA-seq],https://www.ncbi.nlm.nih.gov/geo/query/acc.cgi?acc=GSE222769
GSE222521,COAD,6,2023/01/12,Pan-cancer analysis revealed H3K4me1 at bivalent promoters premarks DNA hypermethylation during tumor development and identified the regulat,https://www.ncbi.nlm.nih.gov/geo/query/acc.cgi?acc=GSE222521
GSE222612,COAD,28,2023/01/11,Pan-cancer analysis revealed H3K4me1 at bivalent promoters premarks DNA hypermethylation during tumor development and identified the regulat,https://www.ncbi.nlm.nih.gov/geo/query/acc.cgi?acc=GSE222612
GSE222202,COAD,18,2023/01/10,Molecular Profiling Provides Clinical Insights into Targeted and Immunotherapies as well as Prognosis for Colorectal Cancer,https://www.ncbi.nlm.nih.gov/geo/query/acc.cgi?acc=GSE222202
GSE222379,COAD,62,2023/01/09,Oncogene-like addiction to aneuploidy in human cancers,https://www.ncbi.nlm.nih.gov/geo/query/acc.cgi?acc=GSE222379
GSE222300,COAD,3,2023/01/09,Molecular Profiling Provides Clinical Insights into Targeted and Immunotherapies as well as Prognosis for Colorectal Cancer,https://www.ncbi.nlm.nih.gov/geo/query/acc.cgi?acc=GSE222300
GSE221181,COAD,118,2023/01/06,Cancer cells enter an adaptive persistence to survive radiotherapy and repopulate tumor,https://www.ncbi.nlm.nih.gov/geo/query/acc.cgi?acc=GSE221181
GSE221180,COAD,115,2023/01/06,Cancer cells enter an adaptive persistence to survive radiotherapy and repopulate tumor 1,https://www.ncbi.nlm.nih.gov/geo/query/acc.cgi?acc=GSE221180
GSE221171,COAD,3,2023/01/06,Cancer cells enter an adaptive persistence to survive radiotherapy and repopulate tumor 2,https://www.ncbi.nlm.nih.gov/geo/query/acc.cgi?acc=GSE221171
GSE213472,COAD,12,2023/01/06,Ribosome dynamics following arginine deprivation in colon cancer cells,https://www.ncbi.nlm.nih.gov/geo/query/acc.cgi?acc=GSE213472
GSE205986,COAD,9,2023/01/04,Sequential treatment with activin and hepatocyte growth factor(HGF) induces FOXM1 to promote colorectal cancer liver metastasis,https://www.ncbi.nlm.nih.gov/geo/query/acc.cgi?acc=GSE205986
GSE212375,COAD,281,2023/01/03,Multiplatform Analysis of Primary and Metastatic Breast Tumors from the AURORA US Network identifies microenvironment and epigenetics differ,https://www.ncbi.nlm.nih.gov/geo/query/acc.cgi?acc=GSE212375
GSE198434,COAD,12,2023/01/01,Genomic and epigenomic responses to aspirin in human colonic organoids,https://www.ncbi.nlm.nih.gov/geo/query/acc.cgi?acc=GSE198434
GSE221926,COAD,161,2022/12/31,PFKFB3 overexpression in monocytes of patients with colon but not rectal cancer programs pro-tumor macrophages and is indicative for higher ,https://www.ncbi.nlm.nih.gov/geo/query/acc.cgi?acc=GSE221926
GSE221925,COAD,62,2022/12/31,PFKFB3 overexpression in monocytes of patients with colon but not rectal cancer programs pro-tumor macrophages and is indicative for higher ,https://www.ncbi.nlm.nih.gov/geo/query/acc.cgi?acc=GSE221925
GSE198630,COAD,12,2022/12/31,Gene expression of colorectal cancer cells treated with Celastrol or compound 19-048,https://www.ncbi.nlm.nih.gov/geo/query/acc.cgi?acc=GSE198630
GSE92945,COAD,21,2022/12/29,"Methylome and transcriptome sequencing to study epigenetic alterations in colon associated fibroblasts from normal, colitis and cancer assoc",https://www.ncbi.nlm.nih.gov/geo/query/acc.cgi?acc=GSE92945
GSE220285,COAD,15,2022/12/28,Transcriptomic analysis of colorectal cancer cells treated with Oil Production Waste Products (OPWPs) reveals enrichment of pathways of mito,https://www.ncbi.nlm.nih.gov/geo/query/acc.cgi?acc=GSE220285
GSE86179,COAD,12,2022/12/28,Knockdowns of total NFYA and a NFYA long 3’ UTR isoform followed by RNA-seq to determine isoform-specific effects on gene expression,https://www.ncbi.nlm.nih.gov/geo/query/acc.cgi?acc=GSE86179
GSE218000,COAD,12,2022/12/27,Gene expression profile at single cell level of the intestinal T cells from patients with inflammatory bowel disease,https://www.ncbi.nlm.nih.gov/geo/query/acc.cgi?acc=GSE218000
GSE210385,COAD,6,2022/12/27,Identification of NAT10 targets in CRC by RNA immunoprecipitation and acethyl-RNA immunoprecipitation,https://www.ncbi.nlm.nih.gov/geo/query/acc.cgi?acc=GSE210385
GSE210384,COAD,8,2022/12/27,RNA-seq analysis of human colorectal cancer cells with NAT10 deficiency.,https://www.ncbi.nlm.nih.gov/geo/query/acc.cgi?acc=GSE210384
GSE221575,COAD,5,2022/12/22,Single cell analysis of colorectal cancer tissues,https://www.ncbi.nlm.nih.gov/geo/query/acc.cgi?acc=GSE221575
GSE221430,COAD,36,2022/12/21,Differential transcriptional responses to BIRC6 depletion between BIRC6-dependent and -nondependent cells,https://www.ncbi.nlm.nih.gov/geo/query/acc.cgi?acc=GSE221430
GSE200024,COAD,10,2022/12/21,Analysis of TRIM40 induced gene profiles in intestinal cells,https://www.ncbi.nlm.nih.gov/geo/query/acc.cgi?acc=GSE200024
GSE200023,COAD,4,2022/12/21,Analysis of total RNA transcriptome in TRIM40 overexpressing HT-29 cells [RNA-seq],https://www.ncbi.nlm.nih.gov/geo/query/acc.cgi?acc=GSE200023
GSE221435,COAD,6,2022/12/20,DNA 5-methylcytosine regulates genome-wide formation of G-quadruplex structures [RNA-seq],https://www.ncbi.nlm.nih.gov/geo/query/acc.cgi?acc=GSE221435
GSE142279,COAD,40,2022/12/16,RNA-seq data of 20 pairs of colorectal tumor with matched adjacent normal colorectal tissue,https://www.ncbi.nlm.nih.gov/geo/query/acc.cgi?acc=GSE142279
GSE190435,COAD,8,2022/12/15,Next Generation Sequencing Facilitates Quantitative Analysis of Wild Type HCT116 and MTF1-KO HCT116 injected tumor Transcriptomes,https://www.ncbi.nlm.nih.gov/geo/query/acc.cgi?acc=GSE190435
GSE199835,COAD,24,2022/12/13,Cell-line-specific gene expression changes following inactivation of the CTNNB1 gene in human colorectal cancer cell lines,https://www.ncbi.nlm.nih.gov/geo/query/acc.cgi?acc=GSE199835
GSE220150,COAD,172,2022/12/07,"Transcriptomics of colorectal cancer in Siriraj cohort, Thailand",https://www.ncbi.nlm.nih.gov/geo/query/acc.cgi?acc=GSE220150
GSE220148,COAD,114,2022/12/07,"Transcriptomics of colorectal cancer in Siriraj cohort, Thailand (RNA-Seq)",https://www.ncbi.nlm.nih.gov/geo/query/acc.cgi?acc=GSE220148
GSE220067,COAD,38,2022/12/07,Integrated clinical and genomic analysis identifies driver events and molecular evolution of colitis-associated cancers,https://www.ncbi.nlm.nih.gov/geo/query/acc.cgi?acc=GSE220067
GSE220063,COAD,11,2022/12/07,Integrated clinical and genomic analysis identifies driver events and molecular evolution of colitis-associated cancers [Proj_07182_W],https://www.ncbi.nlm.nih.gov/geo/query/acc.cgi?acc=GSE220063
GSE213564,COAD,23,2022/12/05,Interdependent genomic binding of BAP1 and MLL4 regulates a subset of gene expression in HCT116,https://www.ncbi.nlm.nih.gov/geo/query/acc.cgi?acc=GSE213564
GSE219994,COAD,2,2022/12/04,PRO-seq from HCT116 (ENCSR703UYN),https://www.ncbi.nlm.nih.gov/geo/query/acc.cgi?acc=GSE219994
GSE219979,COAD,2,2022/12/04,PRO-cap from HCT116 (ENCSR273ORE),https://www.ncbi.nlm.nih.gov/geo/query/acc.cgi?acc=GSE219979
GSE219977,COAD,2,2022/12/04,PRO-cap from HCT116 (ENCSR273JQN),https://www.ncbi.nlm.nih.gov/geo/query/acc.cgi?acc=GSE219977
GSE219965,COAD,2,2022/12/04,PRO-cap from HCT116 (ENCSR990FJB),https://www.ncbi.nlm.nih.gov/geo/query/acc.cgi?acc=GSE219965
GSE219942,COAD,2,2022/12/04,PRO-seq from HCT116 (ENCSR954XDE),https://www.ncbi.nlm.nih.gov/geo/query/acc.cgi?acc=GSE219942
GSE219933,COAD,2,2022/12/04,PRO-seq from HCT116 (ENCSR945WVF),https://www.ncbi.nlm.nih.gov/geo/query/acc.cgi?acc=GSE219933
GSE219932,COAD,2,2022/12/04,Bru-seq from HCT116 (ENCSR945UXU),https://www.ncbi.nlm.nih.gov/geo/query/acc.cgi?acc=GSE219932
GSE219924,COAD,2,2022/12/04,PRO-cap from HCT116 (ENCSR932TRR),https://www.ncbi.nlm.nih.gov/geo/query/acc.cgi?acc=GSE219924
GSE219921,COAD,2,2022/12/04,PRO-seq from HCT116 (ENCSR929NJH),https://www.ncbi.nlm.nih.gov/geo/query/acc.cgi?acc=GSE219921
GSE219905,COAD,2,2022/12/04,Bru-seq from HCT116 (ENCSR914PUX),https://www.ncbi.nlm.nih.gov/geo/query/acc.cgi?acc=GSE219905
GSE219897,COAD,2,2022/12/04,Bru-seq from HCT116 (ENCSR906UFM),https://www.ncbi.nlm.nih.gov/geo/query/acc.cgi?acc=GSE219897
GSE219896,COAD,2,2022/12/04,PRO-cap from HCT116 (ENCSR900SLO),https://www.ncbi.nlm.nih.gov/geo/query/acc.cgi?acc=GSE219896
GSE219883,COAD,2,2022/12/04,PRO-seq from HCT116 (ENCSR889SZI),https://www.ncbi.nlm.nih.gov/geo/query/acc.cgi?acc=GSE219883
GSE219868,COAD,2,2022/12/04,Bru-seq from HCT116 (ENCSR877LIZ),https://www.ncbi.nlm.nih.gov/geo/query/acc.cgi?acc=GSE219868
GSE219858,COAD,2,2022/12/04,PRO-cap from HCT116 (ENCSR871CUV),https://www.ncbi.nlm.nih.gov/geo/query/acc.cgi?acc=GSE219858
GSE219848,COAD,2,2022/12/04,PRO-cap from HCT116 (ENCSR867EQV),https://www.ncbi.nlm.nih.gov/geo/query/acc.cgi?acc=GSE219848
GSE219816,COAD,2,2022/12/04,Bru-seq from HCT116 (ENCSR423WIK),https://www.ncbi.nlm.nih.gov/geo/query/acc.cgi?acc=GSE219816
GSE219800,COAD,2,2022/12/04,PRO-seq from HCT116 (ENCSR404RZX),https://www.ncbi.nlm.nih.gov/geo/query/acc.cgi?acc=GSE219800
GSE219780,COAD,2,2022/12/04,Bru-seq from HCT116 (ENCSR810EZV),https://www.ncbi.nlm.nih.gov/geo/query/acc.cgi?acc=GSE219780
GSE219775,COAD,2,2022/12/04,Bru-seq from HCT116 (ENCSR384BVS),https://www.ncbi.nlm.nih.gov/geo/query/acc.cgi?acc=GSE219775
GSE219774,COAD,2,2022/12/04,Bru-seq from HCT116 (ENCSR808SOG),https://www.ncbi.nlm.nih.gov/geo/query/acc.cgi?acc=GSE219774
GSE219769,COAD,2,2022/12/04,Bru-seq from HCT116 (ENCSR801TQK),https://www.ncbi.nlm.nih.gov/geo/query/acc.cgi?acc=GSE219769
GSE219751,COAD,2,2022/12/04,Bru-seq from HCT116 (ENCSR366XGV),https://www.ncbi.nlm.nih.gov/geo/query/acc.cgi?acc=GSE219751
GSE219736,COAD,2,2022/12/04,PRO-cap from HCT116 (ENCSR360MUR),https://www.ncbi.nlm.nih.gov/geo/query/acc.cgi?acc=GSE219736
GSE219735,COAD,2,2022/12/04,PRO-seq from HCT116 (ENCSR351QUY),https://www.ncbi.nlm.nih.gov/geo/query/acc.cgi?acc=GSE219735
GSE219730,COAD,2,2022/12/04,PRO-seq from HCT116 (ENCSR349AFH),https://www.ncbi.nlm.nih.gov/geo/query/acc.cgi?acc=GSE219730
GSE219648,COAD,2,2022/12/04,PRO-cap from HCT116 (ENCSR261OWE),https://www.ncbi.nlm.nih.gov/geo/query/acc.cgi?acc=GSE219648
GSE219625,COAD,2,2022/12/04,PRO-seq from HCT116 (ENCSR673THD),https://www.ncbi.nlm.nih.gov/geo/query/acc.cgi?acc=GSE219625
GSE219619,COAD,2,2022/12/04,PRO-seq from HCT116 (ENCSR242MOQ),https://www.ncbi.nlm.nih.gov/geo/query/acc.cgi?acc=GSE219619
GSE219607,COAD,2,2022/12/04,Bru-seq from HCT116 (ENCSR664LAL),https://www.ncbi.nlm.nih.gov/geo/query/acc.cgi?acc=GSE219607
GSE219597,COAD,2,2022/12/04,PRO-seq from HCT116 (ENCSR222XCG),https://www.ncbi.nlm.nih.gov/geo/query/acc.cgi?acc=GSE219597
GSE219596,COAD,2,2022/12/04,Bru-seq from HCT116 (ENCSR651PJF),https://www.ncbi.nlm.nih.gov/geo/query/acc.cgi?acc=GSE219596
GSE219569,COAD,2,2022/12/04,PRO-cap from HCT116 (ENCSR197JLW),https://www.ncbi.nlm.nih.gov/geo/query/acc.cgi?acc=GSE219569
GSE219548,COAD,2,2022/12/04,PRO-cap from HCT116 (ENCSR635SXX),https://www.ncbi.nlm.nih.gov/geo/query/acc.cgi?acc=GSE219548
GSE219542,COAD,2,2022/12/04,PRO-cap from HCT116 (ENCSR165QKR),https://www.ncbi.nlm.nih.gov/geo/query/acc.cgi?acc=GSE219542
GSE219536,COAD,2,2022/12/04,PRO-seq from HCT116 (ENCSR163WLJ),https://www.ncbi.nlm.nih.gov/geo/query/acc.cgi?acc=GSE219536
GSE219523,COAD,2,2022/12/04,Bru-seq from HCT116 (ENCSR626FRT),https://www.ncbi.nlm.nih.gov/geo/query/acc.cgi?acc=GSE219523
GSE219458,COAD,2,2022/12/04,PRO-cap from HCT116 (ENCSR100EDZ),https://www.ncbi.nlm.nih.gov/geo/query/acc.cgi?acc=GSE219458
GSE219447,COAD,2,2022/12/04,Bru-seq from HCT116 (ENCSR093FVX),https://www.ncbi.nlm.nih.gov/geo/query/acc.cgi?acc=GSE219447
GSE219427,COAD,2,2022/12/04,PRO-cap from HCT116 (ENCSR074XOP),https://www.ncbi.nlm.nih.gov/geo/query/acc.cgi?acc=GSE219427
GSE219377,COAD,2,2022/12/04,PRO-seq from HCT116 (ENCSR545PWV),https://www.ncbi.nlm.nih.gov/geo/query/acc.cgi?acc=GSE219377
GSE219376,COAD,2,2022/12/04,PRO-seq from HCT116 (ENCSR545GXL),https://www.ncbi.nlm.nih.gov/geo/query/acc.cgi?acc=GSE219376
GSE219357,COAD,2,2022/12/04,Bru-seq from HCT116 (ENCSR025QKI),https://www.ncbi.nlm.nih.gov/geo/query/acc.cgi?acc=GSE219357
GSE219345,COAD,2,2022/12/04,PRO-seq from HCT116 (ENCSR019RWT),https://www.ncbi.nlm.nih.gov/geo/query/acc.cgi?acc=GSE219345
GSE219337,COAD,2,2022/12/04,PRO-seq from HCT116 (ENCSR516VKD),https://www.ncbi.nlm.nih.gov/geo/query/acc.cgi?acc=GSE219337
GSE219313,COAD,2,2022/12/04,Bru-seq from HCT116 (ENCSR008ZZZ),https://www.ncbi.nlm.nih.gov/geo/query/acc.cgi?acc=GSE219313
GSE218623,COAD,4,2022/12/02,Physiological hypoxia improves growth and functional differentiation of human intestinal epithelial organoids [scRNA-seq],https://www.ncbi.nlm.nih.gov/geo/query/acc.cgi?acc=GSE218623
GSE217663,COAD,6,2022/12/02,Physiological hypoxia improves growth and functional differentiation of human intestinal epithelial organoids.,https://www.ncbi.nlm.nih.gov/geo/query/acc.cgi?acc=GSE217663
GSE213896,COAD,70,2022/12/01,Gene expression profiling analysis of RNA-seq data for colorectal cancer organoids and spontaneous metastases mouse models,https://www.ncbi.nlm.nih.gov/geo/query/acc.cgi?acc=GSE213896
GSE207194,COAD,61,2022/12/01,CD8+ CD226high T cells in liver metastases dictate the prognosis of colorectal cancer patients treated with chemotherapy and radical surgery,https://www.ncbi.nlm.nih.gov/geo/query/acc.cgi?acc=GSE207194
GSE203120,COAD,6,2022/12/01,"Chemical genomic screen identifies SP2509, WT hTERT specific repressor in colorectal cancer",https://www.ncbi.nlm.nih.gov/geo/query/acc.cgi?acc=GSE203120
GSE191257,COAD,6,2022/12/01,Fusobacterium nucleatum promotes colorectal carcinogenesis via an m6A dependent pathway,https://www.ncbi.nlm.nih.gov/geo/query/acc.cgi?acc=GSE191257
GSE215849,COAD,12,2022/11/30,Targeting MUC1-C sensitizes colorectal cancer cells to BRAF inhibitor,https://www.ncbi.nlm.nih.gov/geo/query/acc.cgi?acc=GSE215849
GSE218558,COAD,26,2022/11/29,RNAseq of colorectal cancer organoids,https://www.ncbi.nlm.nih.gov/geo/query/acc.cgi?acc=GSE218558
GSE191323,COAD,6,2022/11/22,Characterization  of normal fibroblast transcriptomes upon transient silencing of LTBP2 by RNAseq,https://www.ncbi.nlm.nih.gov/geo/query/acc.cgi?acc=GSE191323
GSE201046,COAD,58,2022/11/19,The PNUTS-protein phosphatase 1 complex acts as an intrinsic barrier to KSHV replication,https://www.ncbi.nlm.nih.gov/geo/query/acc.cgi?acc=GSE201046
GSE213536,COAD,20,2022/11/16,ATF3-CBS axis regulates ferroptosis and tumorigenesis via targeting mitochondrial homeostasis,https://www.ncbi.nlm.nih.gov/geo/query/acc.cgi?acc=GSE213536
GSE213535,COAD,16,2022/11/16,Suppression of endogenous CBS promotes Ferroptosis.,https://www.ncbi.nlm.nih.gov/geo/query/acc.cgi?acc=GSE213535
GSE200205,COAD,40,2022/11/15,HIF-1a and HIF-2a ChIP-seq and RNA-seq of hypoxic cancer cell lines,https://www.ncbi.nlm.nih.gov/geo/query/acc.cgi?acc=GSE200205
GSE200204,COAD,24,2022/11/15,RNA-seq analysis of gene expression in normoxic and hypoxic cancer cell lines,https://www.ncbi.nlm.nih.gov/geo/query/acc.cgi?acc=GSE200204
GSE188212,COAD,58,2022/11/15,Comprehensive microRNA analysis across genome-edited colorectal cancer organoid models reveals miR-24 as a candidate regulator of cell survi,https://www.ncbi.nlm.nih.gov/geo/query/acc.cgi?acc=GSE188212
GSE175803,COAD,26,2022/11/12,m6Am RNA methyltransferases PCIF1 regulate tumorigenesis of colorectal cancer and its immune responses to anti-PD-1 therapy,https://www.ncbi.nlm.nih.gov/geo/query/acc.cgi?acc=GSE175803
GSE197906,COAD,36,2022/11/09,"RNA sequencing of human regulatory T cell clones, both Faecalibacterium prausnitzii-reactive DP8a (CD4,CD8alphalow) Tregs and (CD4,CD25high,",https://www.ncbi.nlm.nih.gov/geo/query/acc.cgi?acc=GSE197906
GSE193020,COAD,37,2022/11/08,USP7 regulates the ncPRC1 Polycomb axis to stimulate genomic H2AK119ub1 deposition uncoupled from H3K27me3,https://www.ncbi.nlm.nih.gov/geo/query/acc.cgi?acc=GSE193020
GSE193019,COAD,15,2022/11/08,(RNA-seq) USP7 regulates the ncPRC1 Polycomb axis to stimulate genomic H2AK119ub1 deposition uncoupled from H3K27me3,https://www.ncbi.nlm.nih.gov/geo/query/acc.cgi?acc=GSE193019
GSE158692,COAD,13,2022/11/07,Single-cell sequencing of colorectal cancer liver metastases,https://www.ncbi.nlm.nih.gov/geo/query/acc.cgi?acc=GSE158692
GSE200773,COAD,19,2022/11/03,Co-depletion of NIPBL and WAPL balance cohesin activity to correct gene misexpression,https://www.ncbi.nlm.nih.gov/geo/query/acc.cgi?acc=GSE200773
GSE202074,COAD,24,2022/11/02,EHF and CDX1 co-operate to drive extensive transcriptional reprogramming and chromatin remodelling in CRC cells,https://www.ncbi.nlm.nih.gov/geo/query/acc.cgi?acc=GSE202074
GSE202073,COAD,12,2022/11/02,EHF and CDX1 co-operate to drive extensive transcriptional reprogramming and chromatin remodelling in CRC cells [RNA-seq],https://www.ncbi.nlm.nih.gov/geo/query/acc.cgi?acc=GSE202073
GSE216534,COAD,2,2022/11/01,γδ T cells are effectors of immunotherapy in cancers with HLA class I defects,https://www.ncbi.nlm.nih.gov/geo/query/acc.cgi?acc=GSE216534
GSE139546,COAD,16,2022/10/29,RNAseq analysis for transcriptomes of colon cancer cell line HCT116 upon p53 and/or iASPP knockdown with or without nutlin treatment,https://www.ncbi.nlm.nih.gov/geo/query/acc.cgi?acc=GSE139546
GSE216189,COAD,34,2022/10/27,Fragment-sequencing unveils local tissue microenvironments at single cell resolution,https://www.ncbi.nlm.nih.gov/geo/query/acc.cgi?acc=GSE216189
GSE216455,COAD,4,2022/10/26,Synthetical lethality of Werner helicase and mismatch repair   deficiency is mediated by p53 and PUMA in colon cancer,https://www.ncbi.nlm.nih.gov/geo/query/acc.cgi?acc=GSE216455
GSE215838,COAD,18,2022/10/17,Effect of depletion of ZNF692 on gene expression in  DLD1 colorectal human cells,https://www.ncbi.nlm.nih.gov/geo/query/acc.cgi?acc=GSE215838
GSE215308,COAD,18,2022/10/17,MUC1-C IS A MASTER REGULATOR OF MICA/B NKG2D LIGAND AND EXOSOME SECRETION IN HUMAN CANCER CELLS,https://www.ncbi.nlm.nih.gov/geo/query/acc.cgi?acc=GSE215308
GSE207398,COAD,13,2022/10/13,Seeking insights into early onset colorectal cancer through analysis of normal colon organoids of Familial Adenomatous Polyposis patients,https://www.ncbi.nlm.nih.gov/geo/query/acc.cgi?acc=GSE207398
GSE196168,COAD,72,2022/10/12,Transcriptomic response to calcium in normal colon organoids is impacted by colon location and sex,https://www.ncbi.nlm.nih.gov/geo/query/acc.cgi?acc=GSE196168
GSE122587,COAD,5,2022/10/01,Insights into the mechanism underlying the therapeutic effects of raspberry ketone on human colorectal carcinoma cells revealed by RNA seque,https://www.ncbi.nlm.nih.gov/geo/query/acc.cgi?acc=GSE122587
GSE198804,COAD,4,2022/09/30,IMP1/IGF2BP1 enters extracellular vesicles in colorectal cancer,https://www.ncbi.nlm.nih.gov/geo/query/acc.cgi?acc=GSE198804
GSE138202,COAD,16,2022/09/30,Next Generation Sequencing of CRC tissue,https://www.ncbi.nlm.nih.gov/geo/query/acc.cgi?acc=GSE138202
GSE214030,COAD,6,2022/09/26,Molecular dynamics and experimental verification studies of the mechanism of dihydroartemisinin in the treatment of colorectal cancer,https://www.ncbi.nlm.nih.gov/geo/query/acc.cgi?acc=GSE214030
GSE184029,COAD,48,2022/09/22,HSP70-driven molecular response to the proteasome machinery inhibition is a vulnerability in cancer,https://www.ncbi.nlm.nih.gov/geo/query/acc.cgi?acc=GSE184029
GSE197576,COAD,12,2022/09/20,RNA-seq of ITPR3 and RELB knockout in SW480 under normoxia and hypoxia,https://www.ncbi.nlm.nih.gov/geo/query/acc.cgi?acc=GSE197576
GSE213331,COAD,27,2022/09/17,Identification of four immune subtypes in locally advanced rectal cancer treated with neoadjuvant chemotherapy for predicting the efficacy o,https://www.ncbi.nlm.nih.gov/geo/query/acc.cgi?acc=GSE213331
GSE165463,COAD,42,2022/09/16,Human Core Nucleoporin Selectively Regulates Gene Transcription but is Dispensable for 3D Genome Organization,https://www.ncbi.nlm.nih.gov/geo/query/acc.cgi?acc=GSE165463
GSE212854,COAD,25,2022/09/10,An RNA-based precision oncology platform for patient-therapy alignment in a diverse set of treatment resistant malignancies,https://www.ncbi.nlm.nih.gov/geo/query/acc.cgi?acc=GSE212854
GSE197947,COAD,42,2022/09/08,Knock-out of 5-lipoxygenase in overexpressing tumor cells – consequences on gene expression and cellular function,https://www.ncbi.nlm.nih.gov/geo/query/acc.cgi?acc=GSE197947
GSE196006,COAD,42,2022/09/06,Transcriptome analysis implicates MYC as a driver of early onset colorectal cancer,https://www.ncbi.nlm.nih.gov/geo/query/acc.cgi?acc=GSE196006
GSE184242,COAD,17,2022/09/01,Patient-derived micro-organospheres (MOS) enable clinical precision oncology,https://www.ncbi.nlm.nih.gov/geo/query/acc.cgi?acc=GSE184242
GSE137779,COAD,6,2022/09/01,Histone-acetyl Epigenome Regulates TGF-β Pathway-associated Chemoresistance in Colorectal Cancer,https://www.ncbi.nlm.nih.gov/geo/query/acc.cgi?acc=GSE137779
GSE206518,COAD,42,2022/08/31,Potent and selective PTDSS1 inhibitor targeting collateral lethality against cancer with PTDSS2 deletion,https://www.ncbi.nlm.nih.gov/geo/query/acc.cgi?acc=GSE206518
GSE206517,COAD,18,2022/08/31,Potent and selective PTDSS1 inhibitor targeting collateral lethality against cancer with PTDSS2 deletion [xeno_RNA-seq],https://www.ncbi.nlm.nih.gov/geo/query/acc.cgi?acc=GSE206517
GSE206516,COAD,24,2022/08/31,Potent and selective PTDSS1 inhibitor targeting collateral lethality against cancer with PTDSS2 deletion [cell_RNA-seq],https://www.ncbi.nlm.nih.gov/geo/query/acc.cgi?acc=GSE206516
GSE205787,COAD,53,2022/08/31,Gene expression profile of RAS/RAF–wild-type colorectal cancer patient-derived spheroids II,https://www.ncbi.nlm.nih.gov/geo/query/acc.cgi?acc=GSE205787
GSE198383,COAD,26,2022/08/31,Transcriptional profile of NOMO1 knockout cell lines,https://www.ncbi.nlm.nih.gov/geo/query/acc.cgi?acc=GSE198383
GSE198382,COAD,12,2022/08/31,Transcriptional profile of NOMO1 knockout cell lines [RNA-seq],https://www.ncbi.nlm.nih.gov/geo/query/acc.cgi?acc=GSE198382
GSE182960,COAD,39,2022/08/31,Cohesin regulates alternative splicing alone or with BRD4,https://www.ncbi.nlm.nih.gov/geo/query/acc.cgi?acc=GSE182960
GSE197706,COAD,6,2022/08/30,LncRNA LINC00839 promotes colorectal cancer progression by RUVBL1/Tip60-NRF1 signaling pathway,https://www.ncbi.nlm.nih.gov/geo/query/acc.cgi?acc=GSE197706
GSE145482,COAD,8,2022/08/30,MANIO: Mechanism of wild-type and mutant p53 activation and therapeutic potential in colorectal cancer,https://www.ncbi.nlm.nih.gov/geo/query/acc.cgi?acc=GSE145482
GSE211804,COAD,10,2022/08/29,FIT Links c-Myc and P53 Acetylation by Recruiting RBBP7 During Carcinogenesis of Colorectal Cancer,https://www.ncbi.nlm.nih.gov/geo/query/acc.cgi?acc=GSE211804
GSE207949,COAD,24,2022/08/29,Global decay of regulatory chromatin architecture promotes rebalancing of gene expression during colorectal cancer development [RNA-Seq],https://www.ncbi.nlm.nih.gov/geo/query/acc.cgi?acc=GSE207949
GSE207954,COAD,104,2022/08/27,Global decay of regulatory chromatin architecture promotes rebalancing of gene expression during colorectal cancer development,https://www.ncbi.nlm.nih.gov/geo/query/acc.cgi?acc=GSE207954
GSE192400,COAD,6,2022/08/21,Gene expression of THP-1 macrophages co-cultured with F. nucleatum under iron-deficient and iron-overload conditions,https://www.ncbi.nlm.nih.gov/geo/query/acc.cgi?acc=GSE192400
GSE205547,COAD,3,2022/08/19,KCTD9 inhibits the Wnt/β-catenin pathway by decreasing the level of β-catenin in colorectal cancer,https://www.ncbi.nlm.nih.gov/geo/query/acc.cgi?acc=GSE205547
GSE204973,COAD,6,2022/08/19,Next generation sequencing to identify PNISR regulating alternative splicing in CRC,https://www.ncbi.nlm.nih.gov/geo/query/acc.cgi?acc=GSE204973
GSE201363,COAD,6,2022/08/17,DBC1 is a positive regulator of enhancer epigenomic writers KMT2D and p300 [HCT116 RNA-seq],https://www.ncbi.nlm.nih.gov/geo/query/acc.cgi?acc=GSE201363
GSE182386,COAD,54,2022/08/17,RNA-seq of SW480 colorectal cancer cells transfected with siRNAs targeting different putative metastasis promoting genes,https://www.ncbi.nlm.nih.gov/geo/query/acc.cgi?acc=GSE182386
GSE182257,COAD,6,2022/08/17,RNA-seq of ITPR3 knockout in SW480 colorectal cancer metastases,https://www.ncbi.nlm.nih.gov/geo/query/acc.cgi?acc=GSE182257
GSE179463,COAD,32,2022/08/17,DBC1 is a positive regulator of enhancer epigenomic writers KMT2D and p300,https://www.ncbi.nlm.nih.gov/geo/query/acc.cgi?acc=GSE179463
GSE179462,COAD,6,2022/08/17,DBC1 is a positive regulator of enhancer epigenomic writers KMT2D and p300 [RNA-seq],https://www.ncbi.nlm.nih.gov/geo/query/acc.cgi?acc=GSE179462
GSE179064,COAD,60,2022/08/17,Perturbation-informed signatures from crosswise integration of transcriptome and chromatin accessibility analyses predict susceptibility to ,https://www.ncbi.nlm.nih.gov/geo/query/acc.cgi?acc=GSE179064
GSE179057,COAD,30,2022/08/17,Perturbation-informed signatures from crosswise integration of transcriptome and chromatin accessibility analyses predict susceptibility to ,https://www.ncbi.nlm.nih.gov/geo/query/acc.cgi?acc=GSE179057
GSE201069,COAD,9,2022/08/15,The alterations of gene expression profiling induced by LINC00857 knockdown in HCT116 cells,https://www.ncbi.nlm.nih.gov/geo/query/acc.cgi?acc=GSE201069
GSE183635,COAD,2351,2022/08/05,Detection and localization of early- and late-stage cancers using tumor-educated platelet RNA,https://www.ncbi.nlm.nih.gov/geo/query/acc.cgi?acc=GSE183635
GSE168147,COAD,18,2022/08/03,Colorectal liver metastases-specific lncRNA CRLM1 inhibits apoptosis and promotes metastasis through transcriptional regulation cooperated w,https://www.ncbi.nlm.nih.gov/geo/query/acc.cgi?acc=GSE168147
GSE168145,COAD,9,2022/08/03,Colorectal liver metastases-specific lncRNA CRLM1 inhibits apoptosis and promotes metastasis through transcriptional regulation cooperated w,https://www.ncbi.nlm.nih.gov/geo/query/acc.cgi?acc=GSE168145
GSE166254,COAD,100,2022/08/03,Super-enhancer landscape profiling in primary colorectal carcinoma,https://www.ncbi.nlm.nih.gov/geo/query/acc.cgi?acc=GSE166254
GSE182467,COAD,24,2022/08/02,Transposon-activated POU5F1B promotes colorectal cancer growth and metastasis,https://www.ncbi.nlm.nih.gov/geo/query/acc.cgi?acc=GSE182467
GSE182466,COAD,9,2022/08/02,Transposon-activated POU5F1B promotes colorectal cancer growth and metastasis III,https://www.ncbi.nlm.nih.gov/geo/query/acc.cgi?acc=GSE182466
GSE182465,COAD,9,2022/08/02,Transposon-activated POU5F1B promotes colorectal cancer growth and metastasis II,https://www.ncbi.nlm.nih.gov/geo/query/acc.cgi?acc=GSE182465
GSE161083,COAD,6,2022/08/02,Transposon-activated POU5F1B promotes colorectal cancer growth and metastasis I,https://www.ncbi.nlm.nih.gov/geo/query/acc.cgi?acc=GSE161083
GSE196982,COAD,8,2022/08/01,Eukaryotic initiation factor 5A2 regulates expression of antiviral genes,https://www.ncbi.nlm.nih.gov/geo/query/acc.cgi?acc=GSE196982
GSE110009,COAD,76,2022/07/30,Single cell transcriptome landscape of primary and metastatic tumor in colon cancer,https://www.ncbi.nlm.nih.gov/geo/query/acc.cgi?acc=GSE110009
GSE209746,COAD,114,2022/07/28,Genomic and transcriptomic determinants of response to neoadjuvant therapy in rectal cancer,https://www.ncbi.nlm.nih.gov/geo/query/acc.cgi?acc=GSE209746
GSE134834,COAD,10,2022/07/25,Colorectal cancer lncRNA/mRNA expression,https://www.ncbi.nlm.nih.gov/geo/query/acc.cgi?acc=GSE134834
GSE208278,COAD,8,2022/07/19,Oncogene addiction to GNAS in GNASR201 mutant tumors,https://www.ncbi.nlm.nih.gov/geo/query/acc.cgi?acc=GSE208278
GSE208310,COAD,14,2022/07/18,"Spontaneous metastasis xenograft models link CD44 isoform 4 to angiogenesis, hypoxia, EMT and mitochondria-related pathways in colorectal ca",https://www.ncbi.nlm.nih.gov/geo/query/acc.cgi?acc=GSE208310
GSE178862,COAD,6,2022/07/13,Downregulation of iNOS/NO Promotes Epithelial-Mesenchymal Transition and Metastasis in Colorectal Cancer,https://www.ncbi.nlm.nih.gov/geo/query/acc.cgi?acc=GSE178862
GSE174302,COAD,230,2022/07/12,Cancer specific microbiome revealed by cell-free RNA reads in patients' plasma,https://www.ncbi.nlm.nih.gov/geo/query/acc.cgi?acc=GSE174302
GSE185865,COAD,6,2022/07/11,RNA Binding Protein CELF6 Modulates Expression and Alternative Splicing of Genes associated with Tumorigenesis in Non-small Cell Lung Cancer,https://www.ncbi.nlm.nih.gov/geo/query/acc.cgi?acc=GSE185865
GSE192374,COAD,4,2022/06/30,Transcriptome profiling of SW480 cells and cells derived from xenograft tumors from serial transplantation of SW480 cells by RNA-sequencing,https://www.ncbi.nlm.nih.gov/geo/query/acc.cgi?acc=GSE192374
GSE192372,COAD,2,2022/06/30,Transcriptome profiling of HCT116 cells and HCT116 cells with knockdown of SETDB1 by RNA-sequencing,https://www.ncbi.nlm.nih.gov/geo/query/acc.cgi?acc=GSE192372
GSE183916,COAD,6,2022/06/30,Molecular characterization of colorectal cancer related peritoneal metastatic disease [scRNA-seq],https://www.ncbi.nlm.nih.gov/geo/query/acc.cgi?acc=GSE183916
GSE162753,COAD,4,2022/06/30,Transcriptome  analysis of YTHDF2 kockdown(KD) and wildtype(WT) cells in Multiple Myeloma,https://www.ncbi.nlm.nih.gov/geo/query/acc.cgi?acc=GSE162753
GSE164834,COAD,18,2022/06/28,Mitochondrial protease Lonp1 localizes to the nucleus in response to heat shock,https://www.ncbi.nlm.nih.gov/geo/query/acc.cgi?acc=GSE164834
GSE205937,COAD,8,2022/06/15,RNA-seq of CAFs grown on different substrates,https://www.ncbi.nlm.nih.gov/geo/query/acc.cgi?acc=GSE205937
GSE190609,COAD,113,2022/06/15,Peritoneal Metastases from Colorectal Cancer belong to Consensus Molecular Subtype 4 and are sensitized to oxaliplatin by inhibiting reducin,https://www.ncbi.nlm.nih.gov/geo/query/acc.cgi?acc=GSE190609
GSE205720,COAD,9,2022/06/14,TCR-Vγδ usage distinguishes pro- and anti-tumor intestinal γδ T cell subsets,https://www.ncbi.nlm.nih.gov/geo/query/acc.cgi?acc=GSE205720
GSE205641,COAD,8,2022/06/10,An in vitro vascularized micro-tumor model of human colorectal cancer recapitulates in vivo responses to standard-of-care therapy,https://www.ncbi.nlm.nih.gov/geo/query/acc.cgi?acc=GSE205641
GSE205630,COAD,6,2022/06/10,Effect of depletion of GMDS-AS1 on gene expression of HCT116 colorectel cancer cells,https://www.ncbi.nlm.nih.gov/geo/query/acc.cgi?acc=GSE205630
GSE188574,COAD,62,2022/06/08,A dual-activity topoisomerase complex regulates mRNA translation and turnover,https://www.ncbi.nlm.nih.gov/geo/query/acc.cgi?acc=GSE188574
GSE200427,COAD,4,2022/06/07,Gene expression profiles of colorectal cancer tissues and tumor-adjacant tissues reveal key genes that participate in oncogenic activities,https://www.ncbi.nlm.nih.gov/geo/query/acc.cgi?acc=GSE200427
GSE196263,COAD,30,2022/06/01,Expression data from 5 colorectal cancer patients neoadjuvantly treated with Imatinib (ImPACCT study),https://www.ncbi.nlm.nih.gov/geo/query/acc.cgi?acc=GSE196263
GSE183917,COAD,96,2022/06/01,Molecular characterization of colorectal cancer-related peritoneal metastatic disease,https://www.ncbi.nlm.nih.gov/geo/query/acc.cgi?acc=GSE183917
GSE183202,COAD,90,2022/06/01,Molecular characterization of colorectal cancer-related peritoneal metastatic disease [RNA-seq],https://www.ncbi.nlm.nih.gov/geo/query/acc.cgi?acc=GSE183202
GSE165621,COAD,12,2022/06/01,Characterization of the ALDH1B1-dependent transcriptome in SW480 cells by RNA-seq,https://www.ncbi.nlm.nih.gov/geo/query/acc.cgi?acc=GSE165621
GSE204749,COAD,12,2022/05/31,RNA Polymerase I activity prevents terminal differentiation and growth arrest in colorectal cancer and induce vulnerability for senolytics,https://www.ncbi.nlm.nih.gov/geo/query/acc.cgi?acc=GSE204749
GSE186796,COAD,24,2022/05/25,Divergent transcription from lentiviral gene editing of cancer cells,https://www.ncbi.nlm.nih.gov/geo/query/acc.cgi?acc=GSE186796
GSE181327,COAD,12,2022/05/20,Epigenomic and transcriptomic features induced by silencing of ZNF280C in colon cancer cells and  knock-out of Zfp280c in mice [RNA-Seq],https://www.ncbi.nlm.nih.gov/geo/query/acc.cgi?acc=GSE181327
GSE181856,COAD,41,2022/05/19,Zinc finger protein 280C contributes to colorectal tumorigenesis by maintaining epigenetic repression at H3K27me3-marked loci,https://www.ncbi.nlm.nih.gov/geo/query/acc.cgi?acc=GSE181856
GSE192378,COAD,41,2022/05/18,RBM33,https://www.ncbi.nlm.nih.gov/geo/query/acc.cgi?acc=GSE192378
GSE192376,COAD,21,2022/05/18,RNA-fractionation sequencing,https://www.ncbi.nlm.nih.gov/geo/query/acc.cgi?acc=GSE192376
GSE203017,COAD,6,2022/05/16,Genomic alterations drive brain metastases formation in colorectal cancer: The role of IRS2,https://www.ncbi.nlm.nih.gov/geo/query/acc.cgi?acc=GSE203017
GSE202744,COAD,17,2022/05/14,Selective CDK9 inhibition by natural compound toyocamycin in cancer cell,https://www.ncbi.nlm.nih.gov/geo/query/acc.cgi?acc=GSE202744
GSE184138,COAD,6,2022/05/11,Homeostasis imbalance of YY2 and YY1 promotes tumor growth by manipulating ferroptosis,https://www.ncbi.nlm.nih.gov/geo/query/acc.cgi?acc=GSE184138
GSE121455,COAD,58,2022/05/05,A comprehensive transcriptome portrait of colorectal cancer derived organoid at single cell levels,https://www.ncbi.nlm.nih.gov/geo/query/acc.cgi?acc=GSE121455
GSE121454,COAD,6,2022/05/05,A comprehensive transcriptome portrait of colorectal cancer derived organoid at single cell levels (Bulk RNA-seq),https://www.ncbi.nlm.nih.gov/geo/query/acc.cgi?acc=GSE121454
GSE120065,COAD,52,2022/05/05,A comprehensive transcriptome portrait of colorectal cancer derived organoid at single cell levels (Single cell RNA-seq),https://www.ncbi.nlm.nih.gov/geo/query/acc.cgi?acc=GSE120065
GSE173444,COAD,12,2022/05/02,CTCF blocks anti-sense transcription initiation at divergent gene promoters,https://www.ncbi.nlm.nih.gov/geo/query/acc.cgi?acc=GSE173444
GSE173442,COAD,6,2022/05/02,CTCF blocks anti-sense transcription initiation at divergent gene promoters [PRO-Seq],https://www.ncbi.nlm.nih.gov/geo/query/acc.cgi?acc=GSE173442
GSE195985,COAD,17,2022/05/01,Immunopeptidomic analyses of colorectal cancers with and without microsatellite instability,https://www.ncbi.nlm.nih.gov/geo/query/acc.cgi?acc=GSE195985
GSE162960,COAD,54,2022/04/30,High-Throughput Profiling of Colorectal Cancer Liver Metastases Reveals Intra- and Inter-Patient Heterogeneity in the EGFR and WNT Pathways ,https://www.ncbi.nlm.nih.gov/geo/query/acc.cgi?acc=GSE162960
GSE201349,COAD,161,2022/04/28,Single-cell analyses define a continuum of cell state and composition changes in the malignant transformation of polyps to colorectal cancer,https://www.ncbi.nlm.nih.gov/geo/query/acc.cgi?acc=GSE201349
GSE201348,COAD,72,2022/04/28,Single-cell analyses define a continuum of cell state and composition changes in the malignant transformation of polyps to colorectal cancer,https://www.ncbi.nlm.nih.gov/geo/query/acc.cgi?acc=GSE201348
GSE201107,COAD,6,2022/04/23,MUC3A promotes the progression of colorectal cancer through the PI3K/Akt/mTOR pathway,https://www.ncbi.nlm.nih.gov/geo/query/acc.cgi?acc=GSE201107
GSE200998,COAD,12,2022/04/23,Complete transcriptome analysis of gene expression in colorectal cancer cells treated with β-elemene,https://www.ncbi.nlm.nih.gov/geo/query/acc.cgi?acc=GSE200998
GSE179843,COAD,51,2022/04/23,Mammalian UPF3A and UPF3B activate NMD independently of their EJC binding,https://www.ncbi.nlm.nih.gov/geo/query/acc.cgi?acc=GSE179843
GSE200997,COAD,23,2022/04/19,Refining Colorectal Cancer Classification and Clinical Stratification Through a Single-Cell Atlas,https://www.ncbi.nlm.nih.gov/geo/query/acc.cgi?acc=GSE200997
GSE166783,COAD,32,2022/04/13,Ribo-Seq experiments in HCT116 WT and TP53-/- cells upon neocarzinostatin treatment,https://www.ncbi.nlm.nih.gov/geo/query/acc.cgi?acc=GSE166783
GSE153412,COAD,54,2022/04/13,Downregulation of KRAB zinc finger proteins in 5-fluorouracil resistant colorectal cancer cells ,https://www.ncbi.nlm.nih.gov/geo/query/acc.cgi?acc=GSE153412
GSE155354,COAD,14,2022/04/08,p53 wild-type colorectal cancer cells that express a fetal gene signature are associated with metastasis and poor prognosis,https://www.ncbi.nlm.nih.gov/geo/query/acc.cgi?acc=GSE155354
GSE184726,COAD,4,2022/04/07,RNAseq analysis of DDX21-silenced colorectal cancer cell HCT8,https://www.ncbi.nlm.nih.gov/geo/query/acc.cgi?acc=GSE184726
GSE200065,COAD,8,2022/04/06,RNA-seq and CHIP-seq for TCF21 overexpressing tumor pericytes,https://www.ncbi.nlm.nih.gov/geo/query/acc.cgi?acc=GSE200065
GSE200064,COAD,6,2022/04/06,RNA-seq for TCF21 overexpressing tumor pericytes,https://www.ncbi.nlm.nih.gov/geo/query/acc.cgi?acc=GSE200064
GSE178665,COAD,18,2022/03/28,ESCRT-I controls lysosomal membrane protein homeostasis and restricts MCOLN1-dependent TFEB/TFE3 signaling.,https://www.ncbi.nlm.nih.gov/geo/query/acc.cgi?acc=GSE178665
GSE179464,COAD,6,2022/03/27,RNF43 G659fs is an oncogenic colorectal cancer mutation and sensitizes tumor cells to PI3K/mTOR inhibition,https://www.ncbi.nlm.nih.gov/geo/query/acc.cgi?acc=GSE179464
GSE199097,COAD,161,2022/03/26,Reverse Transcriptase Inhibition Disrupts Repeat Element Life Cycle in Colorectal Cancer,https://www.ncbi.nlm.nih.gov/geo/query/acc.cgi?acc=GSE199097
GSE188381,COAD,3,2022/03/25,Cancer specific tissue-resident memory T cells expressed ZNF683 up-regulated by autocrine IFN-γin colorectal cancer,https://www.ncbi.nlm.nih.gov/geo/query/acc.cgi?acc=GSE188381
GSE199010,COAD,91,2022/03/24,Simultaneous Single-cell Genome and Transcriptome Sequencing with Digital Microfluidics Identifying Essential Driving Genes,https://www.ncbi.nlm.nih.gov/geo/query/acc.cgi?acc=GSE199010
GSE164742,COAD,12,2022/03/22,RNA-seq analysis of MDA-MB-231 and HCT-166 cells treated with 100 microM H2O2,https://www.ncbi.nlm.nih.gov/geo/query/acc.cgi?acc=GSE164742
GSE184040,COAD,15,2022/03/18,Genome-wide analysis of differentially expressed genes in Fbw7 mutant cells [RNA-seq],https://www.ncbi.nlm.nih.gov/geo/query/acc.cgi?acc=GSE184040
GSE184041,COAD,79,2022/03/17,Genome-Scale Analysis of Transcriptional Regulation by the Fbw7 Ubiquitin Ligase,https://www.ncbi.nlm.nih.gov/geo/query/acc.cgi?acc=GSE184041
GSE196333,COAD,10,2022/03/15,Activation of the YAP-TEAD4-HHEX transcriptional complex by Casein Kinase 2 promotes tumorigenesis in colorectal cancer,https://www.ncbi.nlm.nih.gov/geo/query/acc.cgi?acc=GSE196333
GSE176475,COAD,8,2022/03/15,Identification of differential expressed genes after HHEX/YAP/TAZ/TEAD knockdwon in colorectal cancer cells,https://www.ncbi.nlm.nih.gov/geo/query/acc.cgi?acc=GSE176475
GSE197985,COAD,36,2022/03/09,Optimization of Class I Histone Deacetylase JPS0s Reveals HDAC1/2 Degradation is Critical to Induce Apoptosis and Cell Arrest in Cancer Cell,https://www.ncbi.nlm.nih.gov/geo/query/acc.cgi?acc=GSE197985
GSE197763,COAD,126,2022/03/09,Pre-clinical validation of an RNA-based precision oncology platform for patient-therapy alignment in a diverse set of human malignancies res,https://www.ncbi.nlm.nih.gov/geo/query/acc.cgi?acc=GSE197763
GSE180959,COAD,13,2022/03/09,Oncogenic lncRNAs alter epigenetic memory at a fragile chromosomal site in human cancer cells,https://www.ncbi.nlm.nih.gov/geo/query/acc.cgi?acc=GSE180959
GSE180923,COAD,4,2022/03/09,Oncogenic lncRNAs alter epigenetic memory at a fragile chromosomal site in human cancer cells [RNA-seq],https://www.ncbi.nlm.nih.gov/geo/query/acc.cgi?acc=GSE180923
GSE171611,COAD,6,2022/03/09,Fusobacterium nucleatum promotes colorectal cancer cells adhesion to endothelial cells and facilitates extravasation and metastasis by induc,https://www.ncbi.nlm.nih.gov/geo/query/acc.cgi?acc=GSE171611
GSE174252,COAD,48,2022/03/08,"Blockade of intrinsic PD-1 promotes survival, chemo resistance and tumor growth in human colon cancer",https://www.ncbi.nlm.nih.gov/geo/query/acc.cgi?acc=GSE174252
GSE171679,COAD,12,2022/03/08,Colon cancer cells after escape of late apoptosis,https://www.ncbi.nlm.nih.gov/geo/query/acc.cgi?acc=GSE171679
GSE171560,COAD,6,2022/03/08,Colon cancer cells after escape of late apoptosis [exp_2],https://www.ncbi.nlm.nih.gov/geo/query/acc.cgi?acc=GSE171560
GSE171543,COAD,6,2022/03/08,Colon cancer cells after escape of late apoptosis [exp_1],https://www.ncbi.nlm.nih.gov/geo/query/acc.cgi?acc=GSE171543
GSE197895,COAD,6,2022/03/06,RNF186/EPHB2 axis is essential for colorectal tumorigenesis by regulating TNFα signalling in colorectal epithelial cells,https://www.ncbi.nlm.nih.gov/geo/query/acc.cgi?acc=GSE197895
GSE154754,COAD,12,2022/03/04,Characterization of novel natural compound derivatives with cancer-selective cytotoxicity (RNA-seq dataset 3),https://www.ncbi.nlm.nih.gov/geo/query/acc.cgi?acc=GSE154754
GSE154753,COAD,8,2022/03/04,Characterization of novel natural compound derivatives with cancer-selective cytotoxicity (RNA-seq dataset 2),https://www.ncbi.nlm.nih.gov/geo/query/acc.cgi?acc=GSE154753
GSE154752,COAD,8,2022/03/04,Characterization of novel natural compound derivatives with cancer-selective cytotoxicity (RNA-seq dataset 1),https://www.ncbi.nlm.nih.gov/geo/query/acc.cgi?acc=GSE154752
GSE197535,COAD,6,2022/03/02,Human colon cancer cell line HCT116 stably transfected with EPXH2 was constructed and analyzed by RNA sequencing.,https://www.ncbi.nlm.nih.gov/geo/query/acc.cgi?acc=GSE197535
GSE190234,COAD,4,2022/03/02,SHMT2 drives the progression of colorectal cancer by regulating UHRF1 expression,https://www.ncbi.nlm.nih.gov/geo/query/acc.cgi?acc=GSE190234
GSE196875,COAD,6,2022/02/23,Next Generation Sequencing Facilitates Quantitative Analysis of Vector and GOLPH3 Transcriptomes,https://www.ncbi.nlm.nih.gov/geo/query/acc.cgi?acc=GSE196875
GSE193248,COAD,15,2022/02/23,Liver colonisation by colorectal cancer metastases requires YAP-controlled plasticity at the micrometastatic stage,https://www.ncbi.nlm.nih.gov/geo/query/acc.cgi?acc=GSE193248
GSE196965,COAD,11,2022/02/22,Suppression of colorectal cancer by ketogenic diet and beta-hydroxybutyrate,https://www.ncbi.nlm.nih.gov/geo/query/acc.cgi?acc=GSE196965
GSE196964,COAD,11,2022/02/21,Paired human colon and tumor biopsies,https://www.ncbi.nlm.nih.gov/geo/query/acc.cgi?acc=GSE196964
GSE196900,COAD,8,2022/02/19,RNA-seq profiles between human parental and 5-FU drug resistant HCT116 and SW480 colorectal cancer cell lines,https://www.ncbi.nlm.nih.gov/geo/query/acc.cgi?acc=GSE196900
GSE196576,COAD,579,2022/02/16,Tumor immunogenomic features determine outcomes in metastatic colorectal cancer patients treated with standard-of-care combinations of bevac,https://www.ncbi.nlm.nih.gov/geo/query/acc.cgi?acc=GSE196576
GSE164522,COAD,17,2022/02/12,Single-cell analyses reveal phenotypic linkage between colorectal cancer and liver metastasis,https://www.ncbi.nlm.nih.gov/geo/query/acc.cgi?acc=GSE164522
GSE186731,COAD,6,2022/02/10,Next Generation Sequencing Facilitates Quantitative Analysis of Control and sh-KIAA1211 cells,https://www.ncbi.nlm.nih.gov/geo/query/acc.cgi?acc=GSE186731
GSE186662,COAD,6,2022/02/10,Next Generation Sequencing Facilitates Quantitative Analysis of Control and TRCs(3D),https://www.ncbi.nlm.nih.gov/geo/query/acc.cgi?acc=GSE186662
GSE190093,COAD,8,2022/02/08,"Dissecting the mechanism of action of spiperone, a candidate of drug repurposing for colorectal cancer",https://www.ncbi.nlm.nih.gov/geo/query/acc.cgi?acc=GSE190093
GSE150310,COAD,12,2022/02/08,Fusobacterium nucleatum Reducing METTL3-mediated m6A Modification Contributes to Colorectal Cancer Aggressiveness,https://www.ncbi.nlm.nih.gov/geo/query/acc.cgi?acc=GSE150310
GSE192667,COAD,89,2022/02/07,Transcriptome profiling in advanced colorectal cancer,https://www.ncbi.nlm.nih.gov/geo/query/acc.cgi?acc=GSE192667
GSE150309,COAD,4,2022/02/07,Fusobacterium nucleatum Reducing METTL3-mediated m6A Modification Contributes to Colorectal Cancer Aggressiveness [RNA-Seq],https://www.ncbi.nlm.nih.gov/geo/query/acc.cgi?acc=GSE150309
GSE195994,COAD,15,2022/02/05,Elevated ATGL in colon cancer cells and cancer stem cells promotes metabolic and tumorigenic reprogramming reinforced by obesity,https://www.ncbi.nlm.nih.gov/geo/query/acc.cgi?acc=GSE195994
GSE194357,COAD,12,2022/02/01,Well-TEMP-seq characterizes the temporal dynamics of single-cell gene expression,https://www.ncbi.nlm.nih.gov/geo/query/acc.cgi?acc=GSE194357
GSE193865,COAD,6,2022/01/21,Increased CD44 expression in low-dose chemotherapeutic treated colon cancer cells is controlled by ELF3,https://www.ncbi.nlm.nih.gov/geo/query/acc.cgi?acc=GSE193865
GSE159425,COAD,12,2022/01/18,YTHDF1-N6-methyladenosine-ARHGEF2 axis  promoted colorectal tumorigenesis and metastasis,https://www.ncbi.nlm.nih.gov/geo/query/acc.cgi?acc=GSE159425
GSE125202,COAD,10,2022/01/14,Transcriptomic profile of cohesin proficient and deficient cells,https://www.ncbi.nlm.nih.gov/geo/query/acc.cgi?acc=GSE125202
GSE190826,COAD,117,2022/01/12,Inflammatory fibroblasts mediate resistance to neoadjuvant therapy in rectal cancer,https://www.ncbi.nlm.nih.gov/geo/query/acc.cgi?acc=GSE190826
GSE182031,COAD,103,2022/01/07,T-cell receptor repertoire in metastatic colorectal cancer during chemotherapy,https://www.ncbi.nlm.nih.gov/geo/query/acc.cgi?acc=GSE182031
GSE171454,COAD,12,2022/01/07,The TRRAP transcription cofactor represses interferon-stimulated genes in colorectal cancer cells,https://www.ncbi.nlm.nih.gov/geo/query/acc.cgi?acc=GSE171454
GSE189697,COAD,6,2022/01/05,Profiling of DHOK targets through transcriptome sequencing,https://www.ncbi.nlm.nih.gov/geo/query/acc.cgi?acc=GSE189697
GSE182432,COAD,36,2022/01/05,YAP1 and PRDM14 converge to promote cell survival and tumorigenesis,https://www.ncbi.nlm.nih.gov/geo/query/acc.cgi?acc=GSE182432
GSE192877,COAD,12,2022/01/04,Alternative spliced genes downstream of EMT enhance phenotypic plasticity and malignant behaviour in colon cancer,https://www.ncbi.nlm.nih.gov/geo/query/acc.cgi?acc=GSE192877
GSE186111,COAD,12,2022/01/04,Genome-wide maps of chromatin state in HCT116 colorectal cancer cell. [RNA-Seq],https://www.ncbi.nlm.nih.gov/geo/query/acc.cgi?acc=GSE186111
GSE179545,COAD,40,2022/01/04,Genome-wide maps of chromatin state in HCT116 colorectal cancer cell,https://www.ncbi.nlm.nih.gov/geo/query/acc.cgi?acc=GSE179545
GSE192745,COAD,8,2022/01/03,DAC-treated tumor tissue from PDX model and DAC-treated CT26 cells.,https://www.ncbi.nlm.nih.gov/geo/query/acc.cgi?acc=GSE192745
GSE192743,COAD,2,2022/01/03,RNA sequencing of control and DAC-treated tumor tissue from PDX model,https://www.ncbi.nlm.nih.gov/geo/query/acc.cgi?acc=GSE192743
GSE171910,COAD,34,2022/01/03,A b-catenin-TCF-sensitive Locus Control Region Mediates GUCY2C Ligand Loss in Colorectal Cancer,https://www.ncbi.nlm.nih.gov/geo/query/acc.cgi?acc=GSE171910
GSE192725,COAD,4,2022/01/01,Integrated Genomic Analysis of Genes encoding ATP-Dependent Chromatin Remodelers Identifies CHD7 as a Potential Target for Colorectal Cancer,https://www.ncbi.nlm.nih.gov/geo/query/acc.cgi?acc=GSE192725
GSE182086,COAD,6,2022/01/01,Treatment of HCT116 cells with a small molecule inhibitor of ß-catenin/BCL9 interaction,https://www.ncbi.nlm.nih.gov/geo/query/acc.cgi?acc=GSE182086
GSE113856,COAD,6,2022/01/01,TGF-β promotes the conversion of human CD5low cDC2s to tolerogenic CD5high cDC2s,https://www.ncbi.nlm.nih.gov/geo/query/acc.cgi?acc=GSE113856
GSE179979,COAD,7,2021/12/31,RNA-seq analysis on primary tumor and liver metastatic lesion of CRC,https://www.ncbi.nlm.nih.gov/geo/query/acc.cgi?acc=GSE179979
GSE169725,COAD,109,2021/12/31,Prrx1 is a Master Transcription Factor of myofibroblastic Cancer-Associated Fibroblasts,https://www.ncbi.nlm.nih.gov/geo/query/acc.cgi?acc=GSE169725
GSE169720,COAD,27,2021/12/31,Prrx1 is a Master Transcription Factor of myofibroblastic Cancer-Associated Fibroblasts [Human_CAF_RNA_seq],https://www.ncbi.nlm.nih.gov/geo/query/acc.cgi?acc=GSE169720
GSE156103,COAD,16,2021/12/31,Nucleoporin-93 overexpression overcomes trafficking bottlenecks in metastasis of breast cancer,https://www.ncbi.nlm.nih.gov/geo/query/acc.cgi?acc=GSE156103
GSE112280,COAD,9,2021/12/31,Analysis of gene expression in co-culture of PBMCs with breast cancer cell lines by High-Throughput Sequencing,https://www.ncbi.nlm.nih.gov/geo/query/acc.cgi?acc=GSE112280
GSE161277,COAD,13,2021/12/30,Dissecting the Epithelial and Immune Evolution during Colorectal Carcinogenesis by Single-Cell RNA Sequencing,https://www.ncbi.nlm.nih.gov/geo/query/acc.cgi?acc=GSE161277
GSE184398,COAD,1072,2021/12/29,RNA-sequencing of tumor infiltrating cells across 12 different solid tumors type,https://www.ncbi.nlm.nih.gov/geo/query/acc.cgi?acc=GSE184398
GSE192559,COAD,6,2021/12/24,Zinc finger protein 277 is an intestinal transit-amplifying cell marker and colon cancer oncogene,https://www.ncbi.nlm.nih.gov/geo/query/acc.cgi?acc=GSE192559
GSE159504,COAD,2,2021/12/22,BCL-XL inhibition induces an FGFR4 mediated rescue response in colorectal cancer,https://www.ncbi.nlm.nih.gov/geo/query/acc.cgi?acc=GSE159504
GSE190951,COAD,12,2021/12/17,Integrated chromatin accessibility and transcriptome landscapes of 5-Fluorouracil-resistant colon cancer cells,https://www.ncbi.nlm.nih.gov/geo/query/acc.cgi?acc=GSE190951
GSE155953,COAD,4,2021/12/15,Capturing tumor heterogeneity in pre- and post-chemotherapy colorectal cancer ascites-derived cells using single-cell RNA-sequencing,https://www.ncbi.nlm.nih.gov/geo/query/acc.cgi?acc=GSE155953
GSE165325,COAD,20,2021/12/14,Analysis of transcriptional changes associated to proteasome inhibition in HCT-116 human colorectal cancer cells,https://www.ncbi.nlm.nih.gov/geo/query/acc.cgi?acc=GSE165325
GSE172201,COAD,6,2021/12/01,ZKSCAN3 knockout HCT116 colorectal cancer cell line,https://www.ncbi.nlm.nih.gov/geo/query/acc.cgi?acc=GSE172201
GSE139918,COAD,3,2021/12/01,Next Generation Sequencing Facilitates Quantitative Analysis of CRC cells with low DUOX2 expression compared with the control group,https://www.ncbi.nlm.nih.gov/geo/query/acc.cgi?acc=GSE139918
GSE150506,COAD,72,2021/11/29,KMT9 controls growth and stemness of colorectal cancer,https://www.ncbi.nlm.nih.gov/geo/query/acc.cgi?acc=GSE150506
GSE150503,COAD,52,2021/11/29,KMT9 controls growth and stemness of colorectal cancer [RNA-Seq],https://www.ncbi.nlm.nih.gov/geo/query/acc.cgi?acc=GSE150503
GSE163142,COAD,58,2021/11/26,Retinoic Acid Signaling Drives Differentiation towards Enterocytes in Colorectal Cancer,https://www.ncbi.nlm.nih.gov/geo/query/acc.cgi?acc=GSE163142
GSE189366,COAD,8,2021/11/24,Evolution of drug resistance in cancer cells involves generation of numerous mutations in non-coding genome that reduces the chances of DNA ,https://www.ncbi.nlm.nih.gov/geo/query/acc.cgi?acc=GSE189366
GSE189212,COAD,31,2021/11/22,Gene expression profile of RAS/RAF–wild-type colorectal cancer patient-derived spheroids,https://www.ncbi.nlm.nih.gov/geo/query/acc.cgi?acc=GSE189212
GSE189194,COAD,12,2021/11/21,Vibrio vulnificus MARTX toxin effector domains differentially remodel the transcriptional response of intestinal epithelial cells,https://www.ncbi.nlm.nih.gov/geo/query/acc.cgi?acc=GSE189194
GSE185055,COAD,192,2021/11/17,Gene expression profiles of colorectal cancer cells grown in 2D/3D conditions,https://www.ncbi.nlm.nih.gov/geo/query/acc.cgi?acc=GSE185055
GSE188711,COAD,6,2021/11/15,Resolving the Difference Between Left-sided and Right-sided Colorectal Cancer by Single-cell Sequencing,https://www.ncbi.nlm.nih.gov/geo/query/acc.cgi?acc=GSE188711
GSE167474,COAD,16,2021/11/15,Histone N-terminal acetyltransferase NAA40 links one-carbon metabolism to chemoresistance,https://www.ncbi.nlm.nih.gov/geo/query/acc.cgi?acc=GSE167474
GSE186344,COAD,18,2021/11/12,Cellular Architecture of Human Brain Metastases,https://www.ncbi.nlm.nih.gov/geo/query/acc.cgi?acc=GSE186344
GSE180158,COAD,80,2021/11/12,Sequence determinants of human gene regulatory elements,https://www.ncbi.nlm.nih.gov/geo/query/acc.cgi?acc=GSE180158
GSE180146,COAD,18,2021/11/12,"Sequence determinants of human gene regulatory elements, RNA-seq experiments",https://www.ncbi.nlm.nih.gov/geo/query/acc.cgi?acc=GSE180146
GSE180145,COAD,1,2021/11/12,"Sequence determinants of human gene regulatory elements, CAGE experiment",https://www.ncbi.nlm.nih.gov/geo/query/acc.cgi?acc=GSE180145
GSE154876,COAD,6,2021/11/10,CBFβ promotes colorectal tumor growth and metastasis in a RUNX2-dependent manner,https://www.ncbi.nlm.nih.gov/geo/query/acc.cgi?acc=GSE154876
GSE153642,COAD,4,2021/11/10,CBFβ promotes colorectal tumor growth and metastasis in a RUNX2-dependent manner (RNA-seq),https://www.ncbi.nlm.nih.gov/geo/query/acc.cgi?acc=GSE153642
GSE184103,COAD,5,2021/11/06,The WNT-dependent gating of MYC requires non-canonical functions of a distal CTCF binding site (RNA-Seq II),https://www.ncbi.nlm.nih.gov/geo/query/acc.cgi?acc=GSE184103
GSE181722,COAD,4,2021/11/05,A colorectal cancer 3D bioprinting workflow as a platform for disease modelling and chemotherapeutic screening,https://www.ncbi.nlm.nih.gov/geo/query/acc.cgi?acc=GSE181722
GSE187160,COAD,2,2021/11/04,BruUV-seq from HCT116 (ENCSR037CVT),https://www.ncbi.nlm.nih.gov/geo/query/acc.cgi?acc=GSE187160
GSE144506,COAD,12,2021/11/04,Exogenous and Endogenous Sources of Serine Contribute to Colon Cancer Metabolism and Growth,https://www.ncbi.nlm.nih.gov/geo/query/acc.cgi?acc=GSE144506
GSE167947,COAD,4,2021/11/02,Mitochondrial matrix protein C14orf159 attenuates colorectal cancer metastasis through suppression of Wnt/β-catenin signaling,https://www.ncbi.nlm.nih.gov/geo/query/acc.cgi?acc=GSE167947
GSE186619,COAD,43,2021/10/31,Endogenous retroviruses mediate transcriptional rewiring in response to oncogenic signaling in colorectal cancer,https://www.ncbi.nlm.nih.gov/geo/query/acc.cgi?acc=GSE186619
GSE186618,COAD,31,2021/10/31,Endogenous retroviruses mediate transcriptional rewiring in response to oncogenic signaling in colorectal cancer [RNA-seq],https://www.ncbi.nlm.nih.gov/geo/query/acc.cgi?acc=GSE186618
GSE184125,COAD,6,2021/10/31,"9-ING-41, a small molecule inhibitor of GSK-3β, potentiates the effects of chemotherapy in KRAS mutated colorectal cancer",https://www.ncbi.nlm.nih.gov/geo/query/acc.cgi?acc=GSE184125
GSE150261,COAD,4,2021/10/31,Gene expression profiling of HCT116 cells with or without PHGDH knockout,https://www.ncbi.nlm.nih.gov/geo/query/acc.cgi?acc=GSE150261
GSE176026,COAD,8,2021/10/28,Transcriptional response to reverse-turn peptidomimetics in human colorectal cancer cells,https://www.ncbi.nlm.nih.gov/geo/query/acc.cgi?acc=GSE176026
GSE180790,COAD,35,2021/10/27,Peritoneal metastasis of colorectal cancer (pmCRC): Identification of predictive molecular signatures by a novel preclinical platform of mat,https://www.ncbi.nlm.nih.gov/geo/query/acc.cgi?acc=GSE180790
GSE186466,COAD,6,2021/10/26,Transcriptome-wide maps of subcutaneous adipose tissues and visceral adipose tissues in cancer-associated cachexia patients,https://www.ncbi.nlm.nih.gov/geo/query/acc.cgi?acc=GSE186466
GSE186206,COAD,213,2021/10/20,Dynamic genome-wide interaction patterns elucidate the roles of Ki67 in chromatin organization,https://www.ncbi.nlm.nih.gov/geo/query/acc.cgi?acc=GSE186206
GSE163396,COAD,6,2021/10/20,SLCO1B3 promotes the progression of colorectal cancer cells by regulating the STAT3 pathway,https://www.ncbi.nlm.nih.gov/geo/query/acc.cgi?acc=GSE163396
GSE173549,COAD,6,2021/10/19,Fusobacterium nucleatum promotes colorectal cancer metastasis through miR-1322/CCL20 axis and M2 polarization,https://www.ncbi.nlm.nih.gov/geo/query/acc.cgi?acc=GSE173549
GSE185747,COAD,48,2021/10/15,An enhancer-driven stem cell-like program mediated by SOX9 blocks intestinal differentiation in colorectal cancer,https://www.ncbi.nlm.nih.gov/geo/query/acc.cgi?acc=GSE185747
GSE185745,COAD,12,2021/10/15,An enhancer-driven stem cell-like program mediated by SOX9 blocks intestinal differentiation in colorectal cancer [rnaseq_ls180],https://www.ncbi.nlm.nih.gov/geo/query/acc.cgi?acc=GSE185745
GSE185744,COAD,15,2021/10/15,An enhancer-driven stem cell-like program mediated by SOX9 blocks intestinal differentiation in colorectal cancer [rnaseq_ht115],https://www.ncbi.nlm.nih.gov/geo/query/acc.cgi?acc=GSE185744
GSE185652,COAD,11,2021/10/13,Transcriptomics of human adenocarcinoma cell line HCT-8 infected with Cryptosporidium parvum treated with indole,https://www.ncbi.nlm.nih.gov/geo/query/acc.cgi?acc=GSE185652
GSE168418,COAD,21,2021/10/12,"Supermeres, a new functional extracellular nanoparticle replete with disease biomarkers and therapeutic targets",https://www.ncbi.nlm.nih.gov/geo/query/acc.cgi?acc=GSE168418
GSE182226,COAD,4,2021/10/11,Nonylphenol treatment effect on RNA expression in colorectal cancer cell line,https://www.ncbi.nlm.nih.gov/geo/query/acc.cgi?acc=GSE182226
GSE159702,COAD,70,2021/10/11,Systematic analysis of the cancer-stroma interactome of a diverse collection of patient-derived xenografts,https://www.ncbi.nlm.nih.gov/geo/query/acc.cgi?acc=GSE159702
GSE180282,COAD,6,2021/10/06,VprBP directs epigenetic gene silencing through H2A phosphorylation in colon cancer,https://www.ncbi.nlm.nih.gov/geo/query/acc.cgi?acc=GSE180282
GSE185332,COAD,10,2021/10/05,Super-enhancer landscape shaped by master regulator in liver metastasis of colorectal cancer,https://www.ncbi.nlm.nih.gov/geo/query/acc.cgi?acc=GSE185332
GSE185331,COAD,6,2021/10/05,super-ehancer landscape shaped by master regulator in liver metastasis of colorectal cancer [RNA-seq],https://www.ncbi.nlm.nih.gov/geo/query/acc.cgi?acc=GSE185331
GSE185141,COAD,6,2021/10/04,Dihydroartemisinin suppresses the tumorigenesis and cycle progression of colorectal cancer by targeting CDK1/CCNB1/PLK1 signaling,https://www.ncbi.nlm.nih.gov/geo/query/acc.cgi?acc=GSE185141
GSE138657,COAD,16,2021/10/01,Mapping the global chromatin connectivity network in colorectal cancer cell HCT116 and Oxaliplatin-resistant cell HCT116OxR,https://www.ncbi.nlm.nih.gov/geo/query/acc.cgi?acc=GSE138657
GSE138647,COAD,2,2021/10/01,Mapping the global chromatin connectivity network in colorectal cancer cell HCT116 and Oxaliplatin-resistant cell HCT116OxR [RNA-seq],https://www.ncbi.nlm.nih.gov/geo/query/acc.cgi?acc=GSE138647
GSE184566,COAD,1,2021/09/22,ecDNA hubs drive cooperative intermolecular oncogene expression [RNA-Seq],https://www.ncbi.nlm.nih.gov/geo/query/acc.cgi?acc=GSE184566
GSE174650,COAD,74,2021/09/22,Single-cell deconvolution of colon organoids exposed to carcinogens reveals novel insights into the early molecular events defining the role,https://www.ncbi.nlm.nih.gov/geo/query/acc.cgi?acc=GSE174650
GSE158369,COAD,6,2021/09/22,"Vp1524, a Vibrio parahaemolyticus NAD+ dependent deacetylase, regulates host response during infection by induction of histone deacetylation",https://www.ncbi.nlm.nih.gov/geo/query/acc.cgi?acc=GSE158369
GSE159664,COAD,6,2021/09/21,DNA methylation maintains integrity of higher order genome architecture (RNA-Seq),https://www.ncbi.nlm.nih.gov/geo/query/acc.cgi?acc=GSE159664
GSE183984,COAD,113,2021/09/16,"Longitudinal clinico-genomic data generation, drugable target development and multi-sites validation for drug development enhancement",https://www.ncbi.nlm.nih.gov/geo/query/acc.cgi?acc=GSE183984
GSE179862,COAD,4,2021/09/15,Sturgeon chondroitin sulfates inhibit the proliferation of colorectal cancer cells by inducing cell cycle arrest and apoptosis,https://www.ncbi.nlm.nih.gov/geo/query/acc.cgi?acc=GSE179862
GSE174204,COAD,12,2021/09/15,NCOR1 sustains CRC growth and protects from cellular senescence,https://www.ncbi.nlm.nih.gov/geo/query/acc.cgi?acc=GSE174204
GSE165875,COAD,4,2021/09/15,Transcriptome analysis of novel CPT-CEF-treated HT29 colon cancer cells to evaluate drug cytotoxicity,https://www.ncbi.nlm.nih.gov/geo/query/acc.cgi?acc=GSE165875
GSE183859,COAD,8,2021/09/12,Gene expression profiling during  treatment of HT29 cells with selumetinib,https://www.ncbi.nlm.nih.gov/geo/query/acc.cgi?acc=GSE183859
GSE179975,COAD,19,2021/09/10,RNA-sequencing of tumor-infiltrated T cells in colorectal tumors,https://www.ncbi.nlm.nih.gov/geo/query/acc.cgi?acc=GSE179975
GSE178318,COAD,15,2021/09/10,A Single-Cell Atlas of Liver Metastases of Colorectal Cancer Reveals the Reprogramming of the Tumor Microenvironment in Response to Preopera,https://www.ncbi.nlm.nih.gov/geo/query/acc.cgi?acc=GSE178318
GSE173364,COAD,22,2021/09/01,Different hot spot mutations in the TP53 genes exerts different biology and outcome,https://www.ncbi.nlm.nih.gov/geo/query/acc.cgi?acc=GSE173364
GSE165404,COAD,15,2021/09/01,Targeting TREM2 on tumor associated macrophages enhances efficacious immunotherapy,https://www.ncbi.nlm.nih.gov/geo/query/acc.cgi?acc=GSE165404
GSE157086,COAD,184,2021/09/01,Large-scale genomic alterations identified in cancer patients on the course of cancer recovery with complementary Huaier treatment identifie,https://www.ncbi.nlm.nih.gov/geo/query/acc.cgi?acc=GSE157086
GSE156172,COAD,4,2021/09/01,Combination of Sulindac and Bexarotene for Prevention of Intestinal Carcinogenesis in Familial Adenomatous Polyposis,https://www.ncbi.nlm.nih.gov/geo/query/acc.cgi?acc=GSE156172
GSE164541,COAD,15,2021/08/31,Identification of genes associated with the onset of colorectal cancer by transcriptomic analyses of the adenoma-carcinoma sequence,https://www.ncbi.nlm.nih.gov/geo/query/acc.cgi?acc=GSE164541
GSE182877,COAD,35,2021/08/28,In vitro expansion of cirrhosis derived liver epithelial cells reveals progenitor-like properties,https://www.ncbi.nlm.nih.gov/geo/query/acc.cgi?acc=GSE182877
GSE171468,COAD,59,2021/08/27,Genome-wide maps of colorectal cancer diagnosis and toxicity of capecitabine-based chemotherapy.,https://www.ncbi.nlm.nih.gov/geo/query/acc.cgi?acc=GSE171468
GSE178341,COAD,181,2021/08/26,A Single Cell Atlas of MMRd and MMRp Colorectal Cancer,https://www.ncbi.nlm.nih.gov/geo/query/acc.cgi?acc=GSE178341
GSE156614,COAD,524,2021/08/26,Genome-wide analysis of enhancer landscape in colorectal cancer subgroups,https://www.ncbi.nlm.nih.gov/geo/query/acc.cgi?acc=GSE156614
GSE156451,COAD,144,2021/08/26,Genome-wide analysis of enhancer landscape in colorectal cancer subgroups (RNA-seq),https://www.ncbi.nlm.nih.gov/geo/query/acc.cgi?acc=GSE156451
GSE182382,COAD,9,2021/08/25,Effects of Mettl3 and Alkbh5 knockdown on total RNA,https://www.ncbi.nlm.nih.gov/geo/query/acc.cgi?acc=GSE182382
GSE136044,COAD,10,2021/08/19,Mucosa samples from patients with Familial Adenomatous Polyposis (FAP),https://www.ncbi.nlm.nih.gov/geo/query/acc.cgi?acc=GSE136044
GSE153476,COAD,39,2021/08/16,Regulation of translation by site-specific ribosomal RNA methylation.,https://www.ncbi.nlm.nih.gov/geo/query/acc.cgi?acc=GSE153476
GSE181817,COAD,6,2021/08/12,Atlas of Clinically Distinct Cell States and Cellular Ecosystems Across Human Solid Tumors,https://www.ncbi.nlm.nih.gov/geo/query/acc.cgi?acc=GSE181817
GSE136011,COAD,12,2021/08/03,NRF2 signalling associated with radioresistance in colorectal cancer models,https://www.ncbi.nlm.nih.gov/geo/query/acc.cgi?acc=GSE136011
GSE180440,COAD,190,2021/07/31,NTRK1 fusions for the therapeutic intervention of Korean patients with colon cancer,https://www.ncbi.nlm.nih.gov/geo/query/acc.cgi?acc=GSE180440
GSE165610,COAD,10,2021/07/28,CD276 is an important player in macrophage recruitment into the tumor and an upstream regulator for PAI-1,https://www.ncbi.nlm.nih.gov/geo/query/acc.cgi?acc=GSE165610
GSE180805,COAD,2,2021/07/26,LYAR promotes colorectal cancer progression by up-regulating FSCN1 expression and is closely related to fatty acid metabolism,https://www.ncbi.nlm.nih.gov/geo/query/acc.cgi?acc=GSE180805
GSE159160,COAD,4,2021/07/23,Raw RNA-seq data from control and Ki-67-depleted HCT116 human colon cancer cells,https://www.ncbi.nlm.nih.gov/geo/query/acc.cgi?acc=GSE159160
GSE180475,COAD,34,2021/07/21,ARID1A loss derepresses human endogenous retrovirus-H to modulate BRD4-dependent transcription,https://www.ncbi.nlm.nih.gov/geo/query/acc.cgi?acc=GSE180475
GSE162826,COAD,16,2021/07/21,STL427944 suppresses FOXM1 via nuclear export and subsequent autophagic degradation,https://www.ncbi.nlm.nih.gov/geo/query/acc.cgi?acc=GSE162826
GSE148907,COAD,26,2021/07/21,Generation of eosinophils with potent antitumor activity from human pluripotent stem cells,https://www.ncbi.nlm.nih.gov/geo/query/acc.cgi?acc=GSE148907
GSE171682,COAD,174,2021/07/20,Immuno-genomic classification of colorectal cancer organoids reveals cancer cells with intrinsic immunogenic properties associated with pati,https://www.ncbi.nlm.nih.gov/geo/query/acc.cgi?acc=GSE171682
GSE171681,COAD,87,2021/07/20,Gene expression profiles of colorectal cancer organoids from 87 patients,https://www.ncbi.nlm.nih.gov/geo/query/acc.cgi?acc=GSE171681
GSE171680,COAD,87,2021/07/20,Gene expression profile of colorectal cancer tissues from 87 patients,https://www.ncbi.nlm.nih.gov/geo/query/acc.cgi?acc=GSE171680
GSE180042,COAD,2,2021/07/16,Transcriptome-wide identification of transcripts regulated by PHF5A in colorectal cancer cells,https://www.ncbi.nlm.nih.gov/geo/query/acc.cgi?acc=GSE180042
GSE179982,COAD,6,2021/07/16,RNA sequencing of AHNAK2 knockdown adenocarcinoma cells compared with the scramble controls,https://www.ncbi.nlm.nih.gov/geo/query/acc.cgi?acc=GSE179982
GSE134195,COAD,14,2021/07/12,Next Generation Sequencing Facilitates Quantitative Analysis of Transcriptomes Caused by Dexamethasone Treatment in Cancer Cells,https://www.ncbi.nlm.nih.gov/geo/query/acc.cgi?acc=GSE134195
GSE179784,COAD,6,2021/07/09,Inflammatory Conditions Promote Resistance to Immune Checkpoint Inhibitors in High Microsatellite Instability Colorectal Cancer,https://www.ncbi.nlm.nih.gov/geo/query/acc.cgi?acc=GSE179784
GSE165814,COAD,8,2021/07/09,Dysregulation of ILC3s unleashes progression and immunotherapy resistance in colon cancer,https://www.ncbi.nlm.nih.gov/geo/query/acc.cgi?acc=GSE165814
GSE115646,COAD,185,2021/07/09,The regulatory impact of RNA-binding proteins on microRNA targeting,https://www.ncbi.nlm.nih.gov/geo/query/acc.cgi?acc=GSE115646
GSE179351,COAD,54,2021/07/06,Radiation Therapy Inhances Immunotherapy Response in  Microsatellite-stable Colorectal and Pancreatic Adenocarcinoma in a Phase II Trial,https://www.ncbi.nlm.nih.gov/geo/query/acc.cgi?acc=GSE179351
GSE166925,COAD,96,2021/07/01,RNA-sequencing of whole tissue samples from patients with inflammatory bowel disease and colorectal cancer,https://www.ncbi.nlm.nih.gov/geo/query/acc.cgi?acc=GSE166925
GSE158164,COAD,18,2021/06/30,Immune modulation underpins the anti-cancer activity of HDAC inhibitors,https://www.ncbi.nlm.nih.gov/geo/query/acc.cgi?acc=GSE158164
GSE179042,COAD,40,2021/06/29,Transcriptome m6A sequencing (MeRIP-seq)of human colon cancer samples,https://www.ncbi.nlm.nih.gov/geo/query/acc.cgi?acc=GSE179042
GSE162561,COAD,12,2021/06/28,Adipose stromal cell niche reprograms the colorectal cancer stem cell metastatic machinery,https://www.ncbi.nlm.nih.gov/geo/query/acc.cgi?acc=GSE162561
GSE178839,COAD,9,2021/06/25,Alteration of ribosome function upon 5-fluorouracil treatment favours cancer cell drug-tolerance,https://www.ncbi.nlm.nih.gov/geo/query/acc.cgi?acc=GSE178839
GSE175593,COAD,6,2021/06/24,Transcriptome of DLD-1 co-cultured with or without Fusobacterium nucleatum,https://www.ncbi.nlm.nih.gov/geo/query/acc.cgi?acc=GSE175593
GSE178698,COAD,12,2021/06/23,RNA sequencing of chronically damage human colon organoids via Air-liquid interface submergence,https://www.ncbi.nlm.nih.gov/geo/query/acc.cgi?acc=GSE178698
GSE164634,COAD,43,2021/06/23,Sequencing of Argonaute-bound miRNA/mRNA hybrids reveals regulation of the unfolded protein response by microRNA-320a,https://www.ncbi.nlm.nih.gov/geo/query/acc.cgi?acc=GSE164634
GSE157982,COAD,98,2021/06/22,Scottish Colorectal Cancer Vitamin D Intervention Study (SCoViDS) [RNA-seq],https://www.ncbi.nlm.nih.gov/geo/query/acc.cgi?acc=GSE157982
GSE157004,COAD,33,2021/06/22,"Integrated -Omics Analyses Demonstrate that Patient-Derived Colon Organoids Faithfully Recapitulate the Tumor Tissue of Origin, Highlighting",https://www.ncbi.nlm.nih.gov/geo/query/acc.cgi?acc=GSE157004
GSE167262,COAD,4,2021/06/21,LSD1 promotes secretory cell specification to drive BRAFmutant colorectal cancer,https://www.ncbi.nlm.nih.gov/geo/query/acc.cgi?acc=GSE167262
GSE176285,COAD,8,2021/06/18,RNA polymerase II is necessary for spatial chromatin reorganization following exit from mitosis [RNA-Seq],https://www.ncbi.nlm.nih.gov/geo/query/acc.cgi?acc=GSE176285
GSE160321,COAD,39,2021/06/18,RNA polymerase II is necessary for spatial chromatin reorganization following exit from mitosis,https://www.ncbi.nlm.nih.gov/geo/query/acc.cgi?acc=GSE160321
GSE153016,COAD,14,2021/06/17,Chromatin Remodeling of Colorectal Cancer Liver Metastasis is Mediated by an HGF-PU.1-DPP4 Axis,https://www.ncbi.nlm.nih.gov/geo/query/acc.cgi?acc=GSE153016
GSE178265,COAD,101,2021/06/16,A molecular census of midbrain dopaminergic neurons in Parkinsons disease,https://www.ncbi.nlm.nih.gov/geo/query/acc.cgi?acc=GSE178265
GSE141861,COAD,50,2021/06/14,Secondary Resistance to Anti-EGFR Therapy by Transcriptional Reprogramming in Patient-Derived Colorectal Cancer Models,https://www.ncbi.nlm.nih.gov/geo/query/acc.cgi?acc=GSE141861
GSE169211,COAD,6,2021/06/09,Next Generation Sequencing Facilitates Quantitative Analysis of Wild Type and hnRNPA2B1-KO sw480 cell line Transcriptomes,https://www.ncbi.nlm.nih.gov/geo/query/acc.cgi?acc=GSE169211
GSE176231,COAD,4,2021/06/07,High migration and invasion ability of PGCCs and their daughter cells associated with the nuclear localization of S100A10 modified by SUMOyl,https://www.ncbi.nlm.nih.gov/geo/query/acc.cgi?acc=GSE176231
GSE155169,COAD,15,2021/06/01,AP-2α Regulates S-phase and is a Marker for Sensitivity to PI3K-inhibitor Buparlisib in Colon Cancer,https://www.ncbi.nlm.nih.gov/geo/query/acc.cgi?acc=GSE155169
GSE155162,COAD,12,2021/06/01,AP-2α Regulates S-phase and is a Marker for Sensitivity to PI3K-inhibitor Buparlisib in Colon Cancer [RNA-seq],https://www.ncbi.nlm.nih.gov/geo/query/acc.cgi?acc=GSE155162
GSE153385,COAD,81,2021/06/01,Gene Expression Profiling of Mismatch Repair Deficient Intestinal Stem Cells,https://www.ncbi.nlm.nih.gov/geo/query/acc.cgi?acc=GSE153385
GSE156083,COAD,20,2021/05/26,Genome-scale CRISPR-Cas9 screen of Wnt/β-catenin signalling identifies therapeutic targets for Colorectal Cancer,https://www.ncbi.nlm.nih.gov/geo/query/acc.cgi?acc=GSE156083
GSE156082,COAD,9,2021/05/26,Genome-scale CRISPR-Cas9 screen of Wnt/β-catenin signalling identifies therapeutic targets for Colorectal Cancer (RNA-seq),https://www.ncbi.nlm.nih.gov/geo/query/acc.cgi?acc=GSE156082
GSE175221,COAD,1,2021/05/23,long read RNA-seq from HCT116 (ENCSR388RWE),https://www.ncbi.nlm.nih.gov/geo/query/acc.cgi?acc=GSE175221
GSE175056,COAD,1,2021/05/23,total RNA-seq from HCT116 (ENCSR698RPL),https://www.ncbi.nlm.nih.gov/geo/query/acc.cgi?acc=GSE175056
GSE163805,COAD,77,2021/05/23,A PP2A-Integrator complex fine-tunes transcription by opposing CDK9,https://www.ncbi.nlm.nih.gov/geo/query/acc.cgi?acc=GSE163805
GSE163802,COAD,32,2021/05/23,A PP2A-Integrator complex fine-tunes transcription by opposing CDK9 [3UTR-seq],https://www.ncbi.nlm.nih.gov/geo/query/acc.cgi?acc=GSE163802
GSE136889,COAD,309,2021/05/22,Epigenomics landscape of colorectal cancer,https://www.ncbi.nlm.nih.gov/geo/query/acc.cgi?acc=GSE136889
GSE136630,COAD,12,2021/05/22,RNA-seq access dataset for epigenomics landscape of colorectal cancer,https://www.ncbi.nlm.nih.gov/geo/query/acc.cgi?acc=GSE136630
GSE174519,COAD,10,2021/05/18,Expression profiles for lymph node metastasis in I-III colorectal cancer,https://www.ncbi.nlm.nih.gov/geo/query/acc.cgi?acc=GSE174519
GSE140288,COAD,2,2021/05/12,Enhancing single-cell cellular state inference by incorporating molecular network features,https://www.ncbi.nlm.nih.gov/geo/query/acc.cgi?acc=GSE140288
GSE152958,COAD,21,2021/05/11,Gene expression changes upon siCTNNB1 and compound treatment,https://www.ncbi.nlm.nih.gov/geo/query/acc.cgi?acc=GSE152958
GSE155921,COAD,26,2021/05/05,LoopSeq Synthetic Long Read Sequencing Uncovers Isoform Modulation in the progression of Colon Cancer,https://www.ncbi.nlm.nih.gov/geo/query/acc.cgi?acc=GSE155921
GSE155375,COAD,16,2021/05/05,LoopSeq Synthetic Long Read Sequencing Uncovers Isoform Modulation in the progression of Colon Cancer [RNA-seq],https://www.ncbi.nlm.nih.gov/geo/query/acc.cgi?acc=GSE155375
GSE168173,COAD,48,2021/05/04,MapR in U2OS and HCT116 cells and RNA-seq in U2OS,https://www.ncbi.nlm.nih.gov/geo/query/acc.cgi?acc=GSE168173
GSE158591,COAD,12,2021/05/04,NUDT21 regulates intron detention of the SAM synthetase MAT2A RNA,https://www.ncbi.nlm.nih.gov/geo/query/acc.cgi?acc=GSE158591
GSE159352,COAD,4,2021/05/01,EZH2 deficiency induced gene expression change in CRCs,https://www.ncbi.nlm.nih.gov/geo/query/acc.cgi?acc=GSE159352
GSE159351,COAD,2,2021/05/01,Glucose deprivation induced gene expression,https://www.ncbi.nlm.nih.gov/geo/query/acc.cgi?acc=GSE159351
GSE173609,COAD,10,2021/04/30,The prevalence of human cytomegalovirus in colorectal cancer and viral gene expression profiles,https://www.ncbi.nlm.nih.gov/geo/query/acc.cgi?acc=GSE173609
GSE173575,COAD,4,2021/04/30,RNA-seq analysis of HT8 cells based on PPDPF knockdown,https://www.ncbi.nlm.nih.gov/geo/query/acc.cgi?acc=GSE173575
GSE156453,COAD,33,2021/04/30,In vivo gene expression profile of human intestinal epithelial cells: from the viewpoint of drug metabolism and pharmacokinetics,https://www.ncbi.nlm.nih.gov/geo/query/acc.cgi?acc=GSE156453
GSE147348,COAD,4,2021/04/30,Genome-wide RNAi Screening Identifies pseudouridine synthase DKC1 promotes CRC proliferation through regulating ribosomal proteins expressio,https://www.ncbi.nlm.nih.gov/geo/query/acc.cgi?acc=GSE147348
GSE160563,COAD,156,2021/04/26,RIF1 is necessary to maintain the global epigenetic state in human cells.,https://www.ncbi.nlm.nih.gov/geo/query/acc.cgi?acc=GSE160563
GSE161961,COAD,6,2021/04/23,Hltf-deletion from the TME in a CDX model of CRC reprogrammed the human transcriptome-S-nitroso-proteome to promote inflammation and redirec,https://www.ncbi.nlm.nih.gov/geo/query/acc.cgi?acc=GSE161961
GSE165255,COAD,172,2021/04/21,Impact of preoperative antibiotics on integrated microbiome-host transcriptomic data generated from colorectal cancer resections.,https://www.ncbi.nlm.nih.gov/geo/query/acc.cgi?acc=GSE165255
GSE151804,COAD,8,2021/04/21,The ZMYND8-regulated Mevalonate Pathway Endows YAP-High Intestinal Cancer with Metabolic Vulnerability,https://www.ncbi.nlm.nih.gov/geo/query/acc.cgi?acc=GSE151804
GSE160310,COAD,158,2021/04/19,In-depth transcriptomic analyses investigating molecular mechanisms underlying diabetic retinopathy,https://www.ncbi.nlm.nih.gov/geo/query/acc.cgi?acc=GSE160310
GSE160306,COAD,79,2021/04/19,In-depth transcriptomic analyses investigating molecular mechanisms underlying diabetic retinopathy (totalRNA),https://www.ncbi.nlm.nih.gov/geo/query/acc.cgi?acc=GSE160306
GSE157894,COAD,12,2021/04/16,Next Generation Sequencing Facilitates Quantitative Analysis of Cystine-regulated Transcriptomes,https://www.ncbi.nlm.nih.gov/geo/query/acc.cgi?acc=GSE157894
GSE138734,COAD,921,2021/04/15,The RNA Atlas expands the catalog of human non-coding RNAs,https://www.ncbi.nlm.nih.gov/geo/query/acc.cgi?acc=GSE138734
GSE165732,COAD,18,2021/04/14,Ribosome quality control activity potentiates vaccinia virus protein synthesis during infection,https://www.ncbi.nlm.nih.gov/geo/query/acc.cgi?acc=GSE165732
GSE152258,COAD,11,2021/04/14,Non-canonical immune response to inhibition of DNA methylation via stabilization of dsRNAs from endogenous retroviruses,https://www.ncbi.nlm.nih.gov/geo/query/acc.cgi?acc=GSE152258
GSE149426,COAD,6,2021/04/12,Overexpression of CYGB led to differential gene expression in HCT116 cells (RNA-seq),https://www.ncbi.nlm.nih.gov/geo/query/acc.cgi?acc=GSE149426
GSE155098,COAD,41,2021/04/10,The loss of RNA N 6-adenosine methyltransferase Mettl14 in tumor-associated macrophages promotes CD8 + T cell dysfunction and tumor growth,https://www.ncbi.nlm.nih.gov/geo/query/acc.cgi?acc=GSE155098
GSE149206,COAD,22,2021/04/07,Dickkopf 1 Impairs Sensitivity to PD-1 Blockade through CD8+ T Cell Inactivation in dMMR/MSI Colorectal Cancer,https://www.ncbi.nlm.nih.gov/geo/query/acc.cgi?acc=GSE149206
GSE112628,COAD,6,2021/04/03,RNA-sequence results of knockdown ETV5 in Human CRC cell line HT29,https://www.ncbi.nlm.nih.gov/geo/query/acc.cgi?acc=GSE112628
GSE171214,COAD,24,2021/04/01,Quantitative analysis of phosphoproteome in necroptosis reveals a role of TRIM28 phosphorylation in promoting necroptosis-induced cytokine p,https://www.ncbi.nlm.nih.gov/geo/query/acc.cgi?acc=GSE171214
GSE157300,COAD,14,2021/03/30,Temporal gene regulation by p53 is associated with the rotational setting of its binding motifs in nucleosomes,https://www.ncbi.nlm.nih.gov/geo/query/acc.cgi?acc=GSE157300
GSE158947,COAD,12,2021/03/29,A deep learning approach to identify new gene targets of a novel therapeutic for human splicing disorders,https://www.ncbi.nlm.nih.gov/geo/query/acc.cgi?acc=GSE158947
GSE169722,COAD,6,2021/03/27,Long Non-coding RNA LINC02474  Affects Metastasis and Apoptosis  of Colorectal Cancer by Inhibiting  the Expression of GZMB,https://www.ncbi.nlm.nih.gov/geo/query/acc.cgi?acc=GSE169722
GSE169567,COAD,2,2021/03/25,RNA-seq analysis of HCT116 human colon cancer cell line silenced ID4 expression,https://www.ncbi.nlm.nih.gov/geo/query/acc.cgi?acc=GSE169567
GSE168604,COAD,133,2021/03/23,Selumetinib,https://www.ncbi.nlm.nih.gov/geo/query/acc.cgi?acc=GSE168604
GSE168602,COAD,23,2021/03/23,Gene expression profiling during  treatment of COLO205 cells with selumetinib,https://www.ncbi.nlm.nih.gov/geo/query/acc.cgi?acc=GSE168602
GSE167249,COAD,7,2021/03/18,Transcriptional profiling of Caco2 cells infected with Encephalitizoon intestinalis,https://www.ncbi.nlm.nih.gov/geo/query/acc.cgi?acc=GSE167249
GSE159353,COAD,6,2021/03/18,EphA2-SE-KO RNA-seq,https://www.ncbi.nlm.nih.gov/geo/query/acc.cgi?acc=GSE159353
GSE127934,COAD,14,2021/03/16,Correlation between immune lymphoid cells and plasmacytoid DCs in colon cancer,https://www.ncbi.nlm.nih.gov/geo/query/acc.cgi?acc=GSE127934
GSE168888,COAD,8,2021/03/15,Phosphorylation of Cajal body protein coilin activated by UHMK1 influences the sensitivity of colon cancer cells to 5-FU,https://www.ncbi.nlm.nih.gov/geo/query/acc.cgi?acc=GSE168888
GSE112569,COAD,24,2021/03/05,Gene Expression Profiling of Estrogen Signaling in Colon Cancer Cell Line,https://www.ncbi.nlm.nih.gov/geo/query/acc.cgi?acc=GSE112569
GSE112568,COAD,8,2021/03/05,Gene Expression Profiling of Estrogen Signaling in Colon Cancer Cell Line [CRC Project_addendum],https://www.ncbi.nlm.nih.gov/geo/query/acc.cgi?acc=GSE112568
GSE112565,COAD,16,2021/03/05,Gene Expression Profiling of Estrogen Signaling in Colon Cancer Cell Line [CRC Project],https://www.ncbi.nlm.nih.gov/geo/query/acc.cgi?acc=GSE112565
GSE166319,COAD,3,2021/03/03,Human MSI colon cancer study,https://www.ncbi.nlm.nih.gov/geo/query/acc.cgi?acc=GSE166319
GSE158636,COAD,2,2021/03/03,Human MSI colon cancer,https://www.ncbi.nlm.nih.gov/geo/query/acc.cgi?acc=GSE158636
GSE140897,COAD,72,2021/03/01,Single-cell RNA-sequencing of organoid derived from colon cancer stem cells,https://www.ncbi.nlm.nih.gov/geo/query/acc.cgi?acc=GSE140897
GSE167473,COAD,68,2021/02/25,Cancer of Unknown Primary stem-like cells model multi-organ metastasis and unveil liability to MEK inhibition,https://www.ncbi.nlm.nih.gov/geo/query/acc.cgi?acc=GSE167473
GSE167395,COAD,17,2021/02/25,Expression profiles of the spheroids derived from colon cancer patients,https://www.ncbi.nlm.nih.gov/geo/query/acc.cgi?acc=GSE167395
GSE141805,COAD,6,2021/02/23,The Fusobacterium Nucleatum (Fn) in colorectal carcinogenesis,https://www.ncbi.nlm.nih.gov/geo/query/acc.cgi?acc=GSE141805
GSE140327,COAD,8,2021/02/23,Sequencing profiling data of tRNA-derived small RNAs (tsRNAs) in human colorectal cancer.,https://www.ncbi.nlm.nih.gov/geo/query/acc.cgi?acc=GSE140327
GSE139402,COAD,10,2021/02/23,Long non-coding RNAs are  involved in the  activation  of glycolysis in colorectal cancer,https://www.ncbi.nlm.nih.gov/geo/query/acc.cgi?acc=GSE139402
GSE162749,COAD,24,2021/02/10,Impact of TNRC6 isoforms on gene expression and splicing,https://www.ncbi.nlm.nih.gov/geo/query/acc.cgi?acc=GSE162749
GSE161559,COAD,38,2021/02/10,Sites for Argonaute Binding within Human Nuclear RNA and their Impact on Alternative Splicing,https://www.ncbi.nlm.nih.gov/geo/query/acc.cgi?acc=GSE161559
GSE158021,COAD,26,2021/02/10,Different p53 status controls resistance to 5-fluorouracil via distinct chromatin accessibility dynamics in human colorectal cancer cell lin,https://www.ncbi.nlm.nih.gov/geo/query/acc.cgi?acc=GSE158021
GSE157951,COAD,16,2021/02/10,Next Generation Sequencing Facilitates Quantitative Analysis of TP53-WT and TP53-KO HCT116 cells transcriptomes [RNA-seq],https://www.ncbi.nlm.nih.gov/geo/query/acc.cgi?acc=GSE157951
GSE145568,COAD,40,2021/01/29,Identification of an acute transcriptional response to hypoxia driven by HIF1A,https://www.ncbi.nlm.nih.gov/geo/query/acc.cgi?acc=GSE145568
GSE162104,COAD,60,2021/01/28,RNAseq of primary colorectal cancer cell lines.,https://www.ncbi.nlm.nih.gov/geo/query/acc.cgi?acc=GSE162104
GSE151934,COAD,8,2021/01/26,TCF7L2 silencing results in altered gene expression patterns accompanied by local genomic reorganization,https://www.ncbi.nlm.nih.gov/geo/query/acc.cgi?acc=GSE151934
GSE139455,COAD,24,2021/01/25,Identification of STAT3 downstream targets involved in chemoradiotherapy resistance,https://www.ncbi.nlm.nih.gov/geo/query/acc.cgi?acc=GSE139455
GSE165115,COAD,28,2021/01/20,FTO-mediated cytoplasmic m6Am demethylation adjusts stem-like properties in colorectal cancer cell,https://www.ncbi.nlm.nih.gov/geo/query/acc.cgi?acc=GSE165115
GSE125107,COAD,10,2021/01/20,Genome-wide profiling of mutant p53 unveils a subset of lncRNAs correlated with colorectal cancer stemness maintenance,https://www.ncbi.nlm.nih.gov/geo/query/acc.cgi?acc=GSE125107
GSE124993,COAD,6,2021/01/20,Genome-wide profiling of mutant p53 unveils a subset of lncRNAs correlated with colorectal cancer stemness maintenance [RNA-seq],https://www.ncbi.nlm.nih.gov/geo/query/acc.cgi?acc=GSE124993
GSE161349,COAD,28,2021/01/18,RNAseq of CD44v6+ and CD44v6- colon cancer cells,https://www.ncbi.nlm.nih.gov/geo/query/acc.cgi?acc=GSE161349
GSE145525,COAD,135,2021/01/15,Acute perturbation strategies in interrogating RNA Polymerase II elongation factor function in gene expression,https://www.ncbi.nlm.nih.gov/geo/query/acc.cgi?acc=GSE145525
GSE164730,COAD,12,2021/01/14,DNA damage contributes to cGAS-STING activation in colon cancer,https://www.ncbi.nlm.nih.gov/geo/query/acc.cgi?acc=GSE164730
GSE163076,COAD,22,2021/01/13,Identification of circular RNA and miRNAs during colorectal cancer progression and metastasis,https://www.ncbi.nlm.nih.gov/geo/query/acc.cgi?acc=GSE163076
GSE149233,COAD,6,2021/01/13,"RNA-seq analysis of HCT116, HCP-1 and DLD-1 cells after IOX1 treatment",https://www.ncbi.nlm.nih.gov/geo/query/acc.cgi?acc=GSE149233
GSE145407,COAD,3,2021/01/13,Next Generation Sequencing Profiles Transcriptomes of Control and shDANCR HCT116 Cell Lines,https://www.ncbi.nlm.nih.gov/geo/query/acc.cgi?acc=GSE145407
GSE137053,COAD,11,2021/01/13,Identification of circular RNAs during colorectal cancer progression and metastasis using a preclinical mouse model during LDM topotecan che,https://www.ncbi.nlm.nih.gov/geo/query/acc.cgi?acc=GSE137053
GSE164492,COAD,24,2021/01/10,Next generation sequencing analysis of control and KSR1 knockdown CRC cell line translatomes.,https://www.ncbi.nlm.nih.gov/geo/query/acc.cgi?acc=GSE164492
GSE145356,COAD,25,2021/01/07,Colorectal cancer cells possess an equipotent capacity to enter a reversible diapause-like state to survive chemotherapy,https://www.ncbi.nlm.nih.gov/geo/query/acc.cgi?acc=GSE145356
GSE102636,COAD,14,2021/01/04,MTA1 interacts with primary RNAs to regulate expression and AS by protein dependent manner,https://www.ncbi.nlm.nih.gov/geo/query/acc.cgi?acc=GSE102636
GSE102635,COAD,6,2021/01/04,MTA1 interacts with primary RNAs to regulate expression and AS by protein dependent manner [RNA],https://www.ncbi.nlm.nih.gov/geo/query/acc.cgi?acc=GSE102635
GSE102634,COAD,4,2021/01/04,MTA1 interacts with primary RNAs to regulate expression and AS by protein dependent manner [CLIP],https://www.ncbi.nlm.nih.gov/geo/query/acc.cgi?acc=GSE102634
GSE145249,COAD,12,2020/12/31,Transcriptional reprogramming of cancer cells upon loss of the PPM1G/PP2Cγ phosphatase,https://www.ncbi.nlm.nih.gov/geo/query/acc.cgi?acc=GSE145249
GSE110989,COAD,10,2020/12/31,Analysis of gene expression in co-culture of PBMCs with colon cancer cell lines by High-Throughput Sequencing,https://www.ncbi.nlm.nih.gov/geo/query/acc.cgi?acc=GSE110989
GSE109968,COAD,3,2020/12/31,Genome-wide maps of upregulated or downregulated genes in reconstituted SW48O KOEMT cells without or with a nuclear PTEN (C124S) mutant,https://www.ncbi.nlm.nih.gov/geo/query/acc.cgi?acc=GSE109968
GSE163974,COAD,2,2020/12/30,Colorectal cancer stem cell states uncovered by simultaneous single-cell analysis of transcriptome and telomeres,https://www.ncbi.nlm.nih.gov/geo/query/acc.cgi?acc=GSE163974
GSE80606,COAD,22,2020/12/25,Gene expression profiling study by RNA-seq to identify gene signature resposed to chemo-radiotherapy in colorectal cancers.,https://www.ncbi.nlm.nih.gov/geo/query/acc.cgi?acc=GSE80606
GSE163683,COAD,2,2020/12/23,EIF2S3 suppresses proliferation and regulates cell cycle  in HL60 cells.,https://www.ncbi.nlm.nih.gov/geo/query/acc.cgi?acc=GSE163683
GSE128465,COAD,9,2020/12/21,LINC00266-1-encoded peptide regulates mRNA splicing,https://www.ncbi.nlm.nih.gov/geo/query/acc.cgi?acc=GSE128465
GSE150718,COAD,26,2020/12/18,p53-induced RNA-binding protein ZMAT3 is splicing regulator that inhibits the splicing of oncogenic CD44 variants in CRC,https://www.ncbi.nlm.nih.gov/geo/query/acc.cgi?acc=GSE150718
GSE150717,COAD,12,2020/12/18,p53-induced RNA-binding protein ZMAT3 is splicing regulator that inhibits the splicing of oncogenic CD44 variants in CRC [RNA-seq_ZMAT3],https://www.ncbi.nlm.nih.gov/geo/query/acc.cgi?acc=GSE150717
GSE150716,COAD,6,2020/12/18,p53-induced RNA-binding protein ZMAT3 is splicing regulator that inhibits the splicing of oncogenic CD44 variants in CRC [RNA-seq_UPF1],https://www.ncbi.nlm.nih.gov/geo/query/acc.cgi?acc=GSE150716
GSE150715,COAD,8,2020/12/18,p53-induced RNA-binding protein ZMAT3 is splicing regulator that inhibits the splicing of oncogenic CD44 variants in CRC [PAR-CLIP_ZMAT3],https://www.ncbi.nlm.nih.gov/geo/query/acc.cgi?acc=GSE150715
GSE152195,COAD,27,2020/12/17,Concurrent depletion of Vps37 proteins evokes inflammatory response and cell growth inhibition via ESCRT-I destabilization.,https://www.ncbi.nlm.nih.gov/geo/query/acc.cgi?acc=GSE152195
GSE154057,COAD,14,2020/12/14,Pharmacological modulation of H3K9me2 deposition in human intestinal models and transformed ES cells,https://www.ncbi.nlm.nih.gov/geo/query/acc.cgi?acc=GSE154057
GSE150050,COAD,28,2020/12/14,Tissue-specific transcriptional imprinting and heterogeneity in human innate lymphoid cells revealed by full-length single-cell RNA-sequenci,https://www.ncbi.nlm.nih.gov/geo/query/acc.cgi?acc=GSE150050
GSE123734,COAD,8,2020/12/12,Functional dissection of MIEN1 trans-regulation provides new evidence for colorectal cancer genome editing-based therapeutics,https://www.ncbi.nlm.nih.gov/geo/query/acc.cgi?acc=GSE123734
GSE162946,COAD,53,2020/12/10,Stereotactic body radiotherapy is effective in modifying the tumor genome and tumor immune microenvironment in non-small cell lung cancer or,https://www.ncbi.nlm.nih.gov/geo/query/acc.cgi?acc=GSE162946
GSE162945,COAD,20,2020/12/10,Stereotactic body radiotherapy is effective in modifying the tumor genome and tumor immune microenvironment in non-small cell lung cancer or,https://www.ncbi.nlm.nih.gov/geo/query/acc.cgi?acc=GSE162945
GSE161706,COAD,12,2020/12/09,MAT2A inhibitor in cancer cell lines,https://www.ncbi.nlm.nih.gov/geo/query/acc.cgi?acc=GSE161706
GSE147856,COAD,34,2020/12/09,To study the function of KLF5 in squamous cancers and gastrointestinal cancers,https://www.ncbi.nlm.nih.gov/geo/query/acc.cgi?acc=GSE147856
GSE147855,COAD,12,2020/12/09,To study the function of KLF5 in squamous cancers and gastrointestinal cancers [RNA-seq],https://www.ncbi.nlm.nih.gov/geo/query/acc.cgi?acc=GSE147855
GSE145368,COAD,41,2020/12/08,Characterization of the role of Elongin A in transcription regulation in DLD1 cell,https://www.ncbi.nlm.nih.gov/geo/query/acc.cgi?acc=GSE145368
GSE109204,COAD,30,2020/12/07,The Epigenetic dysregulation of lncRNA on gene expression in Colorectal tumor,https://www.ncbi.nlm.nih.gov/geo/query/acc.cgi?acc=GSE109204
GSE109203,COAD,15,2020/12/07,The Epigenetic dysregulation of lncRNA on gene expression in Colorectal tumor [RNA-seq],https://www.ncbi.nlm.nih.gov/geo/query/acc.cgi?acc=GSE109203
GSE154429,COAD,8,2020/12/01,Endogenous miRNA-200b/c activity and regulation explored by a functional dual fluorescence reporter,https://www.ncbi.nlm.nih.gov/geo/query/acc.cgi?acc=GSE154429
GSE136931,COAD,8,2020/12/01,LSH facilitates DNA methylation primarily by promoting UHRF1 DNA accessibility and DNA methylation by DNMT1,https://www.ncbi.nlm.nih.gov/geo/query/acc.cgi?acc=GSE136931
GSE142314,COAD,12,2020/11/27,PRMT1 inhibition induces differentiation of colon cancer cells,https://www.ncbi.nlm.nih.gov/geo/query/acc.cgi?acc=GSE142314
GSE137155,COAD,5,2020/11/17,Identification of a STAT2 transcriptome in HCT116 p53 null tumor xenografts,https://www.ncbi.nlm.nih.gov/geo/query/acc.cgi?acc=GSE137155
GSE161186,COAD,6,2020/11/11,Next Generation Sequencing Facilitates Quantitative Analysis of  Transcriptomes in negative control and miR-1290 knockdown HCT116 cells,https://www.ncbi.nlm.nih.gov/geo/query/acc.cgi?acc=GSE161186
GSE146501,COAD,12,2020/11/09,FACSorting cell population depending on their relative expression of VSIG1,https://www.ncbi.nlm.nih.gov/geo/query/acc.cgi?acc=GSE146501
GSE146315,COAD,9,2020/11/09,Emergent metastatic heterogeneity of primary tumor cells is restricted by the Ig-transmembrane protein VSIG VI,https://www.ncbi.nlm.nih.gov/geo/query/acc.cgi?acc=GSE146315
GSE146314,COAD,9,2020/11/09,Emergent metastatic heterogeneity of primary tumor cells is restricted by the Ig-transmembrane protein VSIG V,https://www.ncbi.nlm.nih.gov/geo/query/acc.cgi?acc=GSE146314
GSE146313,COAD,6,2020/11/09,Emergent metastatic heterogeneity of primary tumor cells is restricted by the Ig-transmembrane protein VSIG IV,https://www.ncbi.nlm.nih.gov/geo/query/acc.cgi?acc=GSE146313
GSE146312,COAD,6,2020/11/09,Emergent metastatic heterogeneity of primary tumor cells is restricted by the Ig-transmembrane protein VSIG III,https://www.ncbi.nlm.nih.gov/geo/query/acc.cgi?acc=GSE146312
GSE146311,COAD,9,2020/11/09,Emergent metastatic heterogeneity of primary tumor cells is restricted by the Ig-transmembrane protein VSIG II,https://www.ncbi.nlm.nih.gov/geo/query/acc.cgi?acc=GSE146311
GSE146310,COAD,6,2020/11/09,Emergent metastatic heterogeneity of primary tumor cells is restricted by the Ig-transmembrane protein VSIG I,https://www.ncbi.nlm.nih.gov/geo/query/acc.cgi?acc=GSE146310
GSE132024,COAD,98,2020/11/04,Genomic validation of the revised Bethesda criteria in terms of pathogenesis and oncologic significance,https://www.ncbi.nlm.nih.gov/geo/query/acc.cgi?acc=GSE132024
GSE160687,COAD,35,2020/11/03,TGFb-blockade uncovers stromal plasticity in tumors by revealing the existence of a novel subset of interferon-licensed fibroblasts,https://www.ncbi.nlm.nih.gov/geo/query/acc.cgi?acc=GSE160687
GSE160686,COAD,18,2020/11/03,TGFb-blockade uncovers stromal plasticity in tumors by revealing the existence of a novel subset of interferon-licensed fibroblasts [human],https://www.ncbi.nlm.nih.gov/geo/query/acc.cgi?acc=GSE160686
GSE155343,COAD,25,2020/10/30,Co-cultivation of colorectal cancer cells and human skin fibroblasts in 3D collagen gel and comparison of co-cultivated fibroblasts with CAF,https://www.ncbi.nlm.nih.gov/geo/query/acc.cgi?acc=GSE155343
GSE158803,COAD,10,2020/10/27,A Single-Cell Tumor Immune Atlas for Precision Oncology,https://www.ncbi.nlm.nih.gov/geo/query/acc.cgi?acc=GSE158803
GSE144296,COAD,4869,2020/10/22,A highly scalable method for joint whole genome sequencing and gene expression profiling of single cells,https://www.ncbi.nlm.nih.gov/geo/query/acc.cgi?acc=GSE144296
GSE145639,COAD,65,2020/10/20,Epigenetic therapy induces transcription of Inverted SINEs and ADAR1 dependency,https://www.ncbi.nlm.nih.gov/geo/query/acc.cgi?acc=GSE145639
GSE155364,COAD,30,2020/10/15,A Wnt-induced phenotypic switch in cancer-associated fibroblasts inhibits EMT in colorectal cancer,https://www.ncbi.nlm.nih.gov/geo/query/acc.cgi?acc=GSE155364
GSE144319,COAD,5,2020/10/12,MUC1-c is a target for suppressing stemness in the progression of colitis and colorectal cancer,https://www.ncbi.nlm.nih.gov/geo/query/acc.cgi?acc=GSE144319
GSE158672,COAD,22,2020/10/08,A small UTX stabilization domain of Trr is conserved within mammalian MLL3-4/COMPASS and is sufficient to rescue loss of viability in null a,https://www.ncbi.nlm.nih.gov/geo/query/acc.cgi?acc=GSE158672
GSE156221,COAD,6,2020/10/06,Anti-cancer activity of Cotyledon orbiculata extract,https://www.ncbi.nlm.nih.gov/geo/query/acc.cgi?acc=GSE156221
GSE148918,COAD,16,2020/10/05,Modeling Tumor Development and Metastasis using Paired Organoids Derived from Patients with Colorectal Cancer Liver Metastases,https://www.ncbi.nlm.nih.gov/geo/query/acc.cgi?acc=GSE148918
GSE147334,COAD,10,2020/10/05,RNAi Screening Identifies that TEX10 Promotes the Proliferation of Colorectal Cancer Cells by Increasing NF-κB Activation,https://www.ncbi.nlm.nih.gov/geo/query/acc.cgi?acc=GSE147334
GSE152395,COAD,74,2020/10/01,Predicting Impact of Myeloid Cells on T Cells Effector Function from Spatial Organization of TiME in CRC,https://www.ncbi.nlm.nih.gov/geo/query/acc.cgi?acc=GSE152395
GSE121624,COAD,15,2020/10/01,ZFP90 promotes colorectal carcinogenesis and stemness,https://www.ncbi.nlm.nih.gov/geo/query/acc.cgi?acc=GSE121624
GSE121621,COAD,6,2020/10/01,ZFP90 promotes colorectal carcinogenesis and stemness [RNA-seq],https://www.ncbi.nlm.nih.gov/geo/query/acc.cgi?acc=GSE121621
GSE158559,COAD,53,2020/09/30,The molecular subtype in colorectal cancer,https://www.ncbi.nlm.nih.gov/geo/query/acc.cgi?acc=GSE158559
GSE158177,COAD,12,2020/09/30,Straightforward extraction of high-quality RNA from glyoxal-fixed cells facilitates transcriptome analysis after cell staining and sorting b,https://www.ncbi.nlm.nih.gov/geo/query/acc.cgi?acc=GSE158177
GSE128416,COAD,79,2020/09/30,RNA sequencing on HT29 colorectal cancer cell line,https://www.ncbi.nlm.nih.gov/geo/query/acc.cgi?acc=GSE128416
GSE158632,COAD,36,2020/09/29,"Integrated mRNA/miRNA-seq of Caco-2 and HT-29 cells under chemical hypoxia (cobalt chloride, oxyquinoline)",https://www.ncbi.nlm.nih.gov/geo/query/acc.cgi?acc=GSE158632
GSE152745,COAD,4,2020/09/25,Transcriptomic analysis of APC knock down HCEC 1CT cells compared to the wild type HCEC 1CT cells.,https://www.ncbi.nlm.nih.gov/geo/query/acc.cgi?acc=GSE152745
GSE158445,COAD,6,2020/09/24,LncRNA AC010789.1 promotes colorectal cancer progression by targeting microRNA-432-3p/ZEB1 axis and the Wnt/β-catenin signaling pathway,https://www.ncbi.nlm.nih.gov/geo/query/acc.cgi?acc=GSE158445
GSE146009,COAD,65,2020/09/23,Immune-Related Gene Expression and Cytokine Secretion is Reduced Among African American Colon Cancer Patients,https://www.ncbi.nlm.nih.gov/geo/query/acc.cgi?acc=GSE146009
GSE158294,COAD,3,2020/09/22,Impact of transcription factor ETV1 on HCT116 colon cancer cells.,https://www.ncbi.nlm.nih.gov/geo/query/acc.cgi?acc=GSE158294
GSE146679,COAD,10,2020/09/21,Transcriptomic and epigenomic profiling of H3K27me3 demethylases inhibitor GSK-J4 induced changes in colon cancer cells,https://www.ncbi.nlm.nih.gov/geo/query/acc.cgi?acc=GSE146679
GSE146676,COAD,6,2020/09/21,Transcriptomic and epigenomic profiling of H3K27me3 demethylases inhibitor GSK-J4 induced changes in colon cancer cells (RNA-Seq),https://www.ncbi.nlm.nih.gov/geo/query/acc.cgi?acc=GSE146676
GSE104016,COAD,2,2020/09/19,RNA-Seq analysis of HCT-116 colon cancer cells upon lysophosphatidic acid treatment,https://www.ncbi.nlm.nih.gov/geo/query/acc.cgi?acc=GSE104016
GSE147738,COAD,4,2020/09/16,Gene expression in matched primary and liver metastases,https://www.ncbi.nlm.nih.gov/geo/query/acc.cgi?acc=GSE147738
GSE139253,COAD,26,2020/09/09,Visualization and Sequencing of Accessible Chromatin Reveals Cell Cycle and Post-HDAC inhibitor Treatment Dynamics,https://www.ncbi.nlm.nih.gov/geo/query/acc.cgi?acc=GSE139253
GSE137203,COAD,6,2020/09/09,mRNA expression data of Tumor budding cells and Tumor center cells,https://www.ncbi.nlm.nih.gov/geo/query/acc.cgi?acc=GSE137203
GSE154936,COAD,24,2020/09/08,Elucidation of remdesivir cytotoxicity pathways through genome-wide CRISPR/Cas9 screening and transcriptomics,https://www.ncbi.nlm.nih.gov/geo/query/acc.cgi?acc=GSE154936
GSE143782,COAD,36,2020/09/08,"Colon, rectum and rectal tumor organoids. Effects of calcitriol (active form of Vitamin D) treatment",https://www.ncbi.nlm.nih.gov/geo/query/acc.cgi?acc=GSE143782
GSE142340,COAD,24,2020/09/01,Optimized high-order low-dose drug mixtures boost selectivity and efficacy of colorectal carcinoma treatment,https://www.ncbi.nlm.nih.gov/geo/query/acc.cgi?acc=GSE142340
GSE136610,COAD,237,2020/08/28,Fluidigm single-cell RNA-seq analysis for gene signatures associated with T-cell persistence,https://www.ncbi.nlm.nih.gov/geo/query/acc.cgi?acc=GSE136610
GSE130140,COAD,92,2020/08/19,Cancer-specific CTCF binding facilitates oncogenic transcriptional dysregulation,https://www.ncbi.nlm.nih.gov/geo/query/acc.cgi?acc=GSE130140
GSE155457,COAD,18,2020/08/17,Genome-wide analysis of the FOXA1 transcriptional network identifies novel protein coding and lncRNA targets in colorectal cancer cells,https://www.ncbi.nlm.nih.gov/geo/query/acc.cgi?acc=GSE155457
GSE140536,COAD,10,2020/08/17,A small protein encoded by a putative long noncoding RNA inhibits proliferation and tumorigenicity in human colorectal cancer cells,https://www.ncbi.nlm.nih.gov/geo/query/acc.cgi?acc=GSE140536
GSE149224,COAD,10,2020/08/14,Transcriptome landscape of DNA-damage response at single-cell resolution,https://www.ncbi.nlm.nih.gov/geo/query/acc.cgi?acc=GSE149224
GSE136540,COAD,54,2020/08/03,Host cell - V. vulnificus interactions,https://www.ncbi.nlm.nih.gov/geo/query/acc.cgi?acc=GSE136540
GSE143263,COAD,10,2020/08/01,Thousands of novel unannotated proteins expand the MHC I immunopeptidome in cancer,https://www.ncbi.nlm.nih.gov/geo/query/acc.cgi?acc=GSE143263
GSE135870,COAD,20,2020/08/01,Suppression of p53 response by blocking p53–Mediator binding with a stapled peptide,https://www.ncbi.nlm.nih.gov/geo/query/acc.cgi?acc=GSE135870
GSE142430,COAD,12,2020/07/28,PRMT5 promotes cancer cell migration and invasion through the E2F pathway,https://www.ncbi.nlm.nih.gov/geo/query/acc.cgi?acc=GSE142430
GSE152430,COAD,49,2020/07/27,Next generation sequencing of FFPE human colon cancer samples for validation of ColoType consensus molecular subtype (CMS) assay,https://www.ncbi.nlm.nih.gov/geo/query/acc.cgi?acc=GSE152430
GSE147111,COAD,16,2020/07/25,The LIM protein Ajuba promotes a metastatic phenotype in colon cancer cells,https://www.ncbi.nlm.nih.gov/geo/query/acc.cgi?acc=GSE147111
GSE154930,COAD,4,2020/07/23,Phenotypic plasticity underlies local invasion and distant metastasis in colon cancer (Single cell RNA-Seq),https://www.ncbi.nlm.nih.gov/geo/query/acc.cgi?acc=GSE154930
GSE154927,COAD,16,2020/07/23,Phenotypic plasticity underlies local invasion and distant metastasis in colon cancer (Bulk RNA-Seq),https://www.ncbi.nlm.nih.gov/geo/query/acc.cgi?acc=GSE154927
GSE154646,COAD,24,2020/07/18,RNA-seq analysis of various colon cancer cell lines treated with TGFb1 and repsox,https://www.ncbi.nlm.nih.gov/geo/query/acc.cgi?acc=GSE154646
GSE123958,COAD,16,2020/07/17,RNA-binding chromatin modifier MTA1 regulates mitotic transition and tumorigenesis by orchestrating mitotic mRNA processing [Synchronized RN,https://www.ncbi.nlm.nih.gov/geo/query/acc.cgi?acc=GSE123958
GSE123957,COAD,6,2020/07/17,RNA-binding chromatin modifier MTA1 regulates mitotic transition and tumorigenesis by orchestrating mitotic mRNA processing [Non-synchronize,https://www.ncbi.nlm.nih.gov/geo/query/acc.cgi?acc=GSE123957
GSE123956,COAD,4,2020/07/17,RNA-binding chromatin modifier MTA1 regulates mitotic transition and tumorigenesis by orchestrating mitotic mRNA processing [fCLIP-Seq],https://www.ncbi.nlm.nih.gov/geo/query/acc.cgi?acc=GSE123956
GSE150524,COAD,4,2020/07/14,RNA-seq of Paraquat-treated cells,https://www.ncbi.nlm.nih.gov/geo/query/acc.cgi?acc=GSE150524
GSE150523,COAD,4,2020/07/14,RNA-seq of Bafilomycin-treated cells,https://www.ncbi.nlm.nih.gov/geo/query/acc.cgi?acc=GSE150523
GSE144165,COAD,16,2020/07/14,Ribosome recycling by ABCE1 links lysosomal function and iron homeostasis to 3ʹ UTR- directed regulation and nonsense-mediated decay,https://www.ncbi.nlm.nih.gov/geo/query/acc.cgi?acc=GSE144165
GSE144164,COAD,4,2020/07/14,RNA-seq of ABCE1-knockout cells,https://www.ncbi.nlm.nih.gov/geo/query/acc.cgi?acc=GSE144164
GSE142745,COAD,124,2020/07/13,High-throughput single-cell mitochondrial DNA genotyping reveals properties of clonal variation in human contexts,https://www.ncbi.nlm.nih.gov/geo/query/acc.cgi?acc=GSE142745
GSE101386,COAD,9,2020/07/12,RNA-seq analysis of various colon cancer cell lines with TET2 overexpression,https://www.ncbi.nlm.nih.gov/geo/query/acc.cgi?acc=GSE101386
GSE153492,COAD,3,2020/06/30,A novel class of CLK inhibitors that targets SRSF10 and promote p53-mediated cytotoxicity on human colorectal cancer cells,https://www.ncbi.nlm.nih.gov/geo/query/acc.cgi?acc=GSE153492
GSE106923,COAD,20,2020/06/30,Tissue-specific transcription reprogramming promotes liver metastasis of colorectal cancer,https://www.ncbi.nlm.nih.gov/geo/query/acc.cgi?acc=GSE106923
GSE106920,COAD,8,2020/06/30,Tissue-specific transcription reprogramming promotes liver metastasis of colorectal cancer (RNA-Seq),https://www.ncbi.nlm.nih.gov/geo/query/acc.cgi?acc=GSE106920
GSE58535,COAD,16,2020/06/30,H3K9 methylation fine-tunes coordination of transcription by regulating the conformational plasticity of chromosomal folding [RNA-Seq],https://www.ncbi.nlm.nih.gov/geo/query/acc.cgi?acc=GSE58535
GSE144381,COAD,118,2020/06/25,Naproxen Chemoprevention Promotes Immune Activation In Lynch Syndrome Colorectal Mucosa,https://www.ncbi.nlm.nih.gov/geo/query/acc.cgi?acc=GSE144381
GSE131575,COAD,4,2020/06/25,Differential gene expression upon shRNA-mediated silencing of APC in HT-29 colorectal cancer cells,https://www.ncbi.nlm.nih.gov/geo/query/acc.cgi?acc=GSE131575
GSE152904,COAD,18,2020/06/22,FcγRIIB engagement drives agonistic activity of Fc-engineered αOX40 antibody to stimulate human tumor-infiltrating T cells,https://www.ncbi.nlm.nih.gov/geo/query/acc.cgi?acc=GSE152904
GSE149890,COAD,24,2020/06/15,Nascent RNA-seq of human AID-NeonGreen-Tpr tagged DLD-1 cells after loss of Tpr nucleoporin,https://www.ncbi.nlm.nih.gov/geo/query/acc.cgi?acc=GSE149890
GSE148560,COAD,6,2020/06/15,Gene expression profiling of human DLD-1 cells after block of CRM1 receptor with Leptomycin B inhibitor.,https://www.ncbi.nlm.nih.gov/geo/query/acc.cgi?acc=GSE148560
GSE132363,COAD,66,2020/06/04,Gene expression profiling of human DLD-1 cells after instant depletion of basket nucleoporins,https://www.ncbi.nlm.nih.gov/geo/query/acc.cgi?acc=GSE132363
GSE142284,COAD,28,2020/06/02,"Genome-wide mapping of AP sites, binding of repair proteins and G4 structure formation",https://www.ncbi.nlm.nih.gov/geo/query/acc.cgi?acc=GSE142284
GSE140792,COAD,4,2020/06/01,Identification of differential expressed genes after LAMB3 knockdown in colorectal cancer cells,https://www.ncbi.nlm.nih.gov/geo/query/acc.cgi?acc=GSE140792
GSE131507,COAD,12,2020/06/01,Gene regulation by restoration of KMT2C in human colorectal cancer cells HCT116 and RKO,https://www.ncbi.nlm.nih.gov/geo/query/acc.cgi?acc=GSE131507
GSE147971,COAD,17,2020/05/31,Medium-throughput drug screening of patient-derived organoids from colorectal peritoneal metastases can be used to guide therapy,https://www.ncbi.nlm.nih.gov/geo/query/acc.cgi?acc=GSE147971
GSE131948,COAD,16,2020/05/31,"Wnt signaling inhibition in human colon cancer cell lines (SW480 and SW620) drives changes in gene programs for cell adhesion, mobility, and",https://www.ncbi.nlm.nih.gov/geo/query/acc.cgi?acc=GSE131948
GSE151165,COAD,30,2020/05/27,Neutrophils expressing lysyl oxidase-like 4 protein are present in colorectal cancer liver metastases resistant to anti-angiogenic therapy,https://www.ncbi.nlm.nih.gov/geo/query/acc.cgi?acc=GSE151165
GSE146688,COAD,23,2020/05/27,Argonaute Binding within 3’-Untranslated Regions Does Not Predict Gene Repression,https://www.ncbi.nlm.nih.gov/geo/query/acc.cgi?acc=GSE146688
GSE143649,COAD,15,2020/05/26,Non-biased genome-wide mRNA profiling of triazoloacridone C-1305 effects in human cell lines,https://www.ncbi.nlm.nih.gov/geo/query/acc.cgi?acc=GSE143649
GSE139406,COAD,9,2020/05/26,LOC90024-encoded small protein SRSP regulates mRNA splicing,https://www.ncbi.nlm.nih.gov/geo/query/acc.cgi?acc=GSE139406
GSE151069,COAD,6,2020/05/23,Generation of an in vitro 3D Engineered Colorectal Cancer Patient-Derived Xenograft Model,https://www.ncbi.nlm.nih.gov/geo/query/acc.cgi?acc=GSE151069
GSE148996,COAD,8,2020/05/21,Adaptable durable human endothelial cells for organogenesis and tumorigenesis,https://www.ncbi.nlm.nih.gov/geo/query/acc.cgi?acc=GSE148996
GSE140455,COAD,3,2020/05/19,Functional genomics of human colon organoids (RNA-Seq),https://www.ncbi.nlm.nih.gov/geo/query/acc.cgi?acc=GSE140455
GSE150134,COAD,6,2020/05/09,Voltage-gated Sodium Channel SCN5A Promotes Tumor Progression and Enhances Chemosensitivity to 5-Fluorouracil in Colorectal Cancer,https://www.ncbi.nlm.nih.gov/geo/query/acc.cgi?acc=GSE150134
GSE122246,COAD,24,2020/05/03,RNA sequencing reveals PNN as a predictive biomarker of clinical outcome in stage III colorectal cancer patients treated with adjuvant chemo,https://www.ncbi.nlm.nih.gov/geo/query/acc.cgi?acc=GSE122246
GSE145432,COAD,34,2020/05/01,Reducing metastases stiffness by targeting fibroblasts improves therapeutic outcome in colorectal cancer,https://www.ncbi.nlm.nih.gov/geo/query/acc.cgi?acc=GSE145432
GSE145429,COAD,22,2020/05/01,Reducing metastases stiffness by targeting fibroblasts improves therapeutic outcome in colorectal cancer [Tissue],https://www.ncbi.nlm.nih.gov/geo/query/acc.cgi?acc=GSE145429
GSE145428,COAD,12,2020/05/01,Reducing metastases stiffness by targeting fibroblasts improves therapeutic outcome in colorectal cancer [Cells],https://www.ncbi.nlm.nih.gov/geo/query/acc.cgi?acc=GSE145428
GSE145180,COAD,4,2020/05/01,RNA-seq of GAP43 overexpressed and control SW620 cancer cells,https://www.ncbi.nlm.nih.gov/geo/query/acc.cgi?acc=GSE145180
GSE131416,COAD,24,2020/05/01,p53 exon 11 mutants generated by CRISPR/Cas9 result in aberrant alternative splicing.,https://www.ncbi.nlm.nih.gov/geo/query/acc.cgi?acc=GSE131416
GSE125928,COAD,70,2020/05/01,Genome-wide screen of transcription co-regulators identifies GLIS2 as a repressor for p53 target genes,https://www.ncbi.nlm.nih.gov/geo/query/acc.cgi?acc=GSE125928
GSE125920,COAD,12,2020/05/01,Genome-wide screen of transcription co-regulators identifies GLIS2 as a repressor for p53 target genes [RNA-seq],https://www.ncbi.nlm.nih.gov/geo/query/acc.cgi?acc=GSE125920
GSE130205,COAD,2,2020/04/30,A hybrid signal/sequence model to detect RNA polymerase activity in ATAC-seq,https://www.ncbi.nlm.nih.gov/geo/query/acc.cgi?acc=GSE130205
GSE149371,COAD,16,2020/04/27,SFPQ depletion is synthetically lethal with BRAFV600E in colorectal cancer cells,https://www.ncbi.nlm.nih.gov/geo/query/acc.cgi?acc=GSE149371
GSE149370,COAD,8,2020/04/27,SFPQ depletion is synthetically lethal with BRAFV600E in colorectal cancer cells II,https://www.ncbi.nlm.nih.gov/geo/query/acc.cgi?acc=GSE149370
GSE113682,COAD,16,2020/04/25,p53 activation induces targetable dependence on FLIPL,https://www.ncbi.nlm.nih.gov/geo/query/acc.cgi?acc=GSE113682
GSE149262,COAD,36,2020/04/24,RNA-sequencing analysis of transcriptional changes in DLD-1 KRAS MUT and WT isogenic cells following IL-22 or IL-6 stimulation,https://www.ncbi.nlm.nih.gov/geo/query/acc.cgi?acc=GSE149262
GSE148823,COAD,6,2020/04/18,ZEB2-mediated EMT in CRC cell line DLD-1,https://www.ncbi.nlm.nih.gov/geo/query/acc.cgi?acc=GSE148823
GSE146771,COAD,20,2020/04/18,Single-Cell Analyses Inform Mechanisms of Myeloid-Targeted therapies in colon cancer,https://www.ncbi.nlm.nih.gov/geo/query/acc.cgi?acc=GSE146771
GSE145807,COAD,12,2020/04/13,Transcriptome profile of HCT 116p53-/- and HCT 116p53-/- RPL3 KO during Actinomycin (Act D) treatment,https://www.ncbi.nlm.nih.gov/geo/query/acc.cgi?acc=GSE145807
GSE130152,COAD,19,2020/04/13,The bacteroides fragilis(BF) in colorectal carcinogenesis,https://www.ncbi.nlm.nih.gov/geo/query/acc.cgi?acc=GSE130152
GSE130012,COAD,6,2020/04/13,METTL3 promotes carcinogenesis in colorectal cancer,https://www.ncbi.nlm.nih.gov/geo/query/acc.cgi?acc=GSE130012
GSE148347,COAD,4,2020/04/10,High-throughput automated organoid culture via stem-cell aggregation in microcavity arrays,https://www.ncbi.nlm.nih.gov/geo/query/acc.cgi?acc=GSE148347
GSE148345,COAD,1441,2020/04/09,Zonation of ribosomal DNA transcription defines a stem cell hierarchy in colorectal cancer,https://www.ncbi.nlm.nih.gov/geo/query/acc.cgi?acc=GSE148345
GSE144735,COAD,18,2020/04/05,Single cell 3' RNA sequencing of 6 Belgian colorectal cancer patients,https://www.ncbi.nlm.nih.gov/geo/query/acc.cgi?acc=GSE144735
GSE132465,COAD,33,2020/04/04,Single cell 3' RNA sequencing of 23 Korean colorectal cancer patients,https://www.ncbi.nlm.nih.gov/geo/query/acc.cgi?acc=GSE132465
GSE132257,COAD,10,2020/04/04,Single cell RNA sequencing of colorectal cancer with diverse tissue dissociation protocols or fresh vs. frozen cell preparations.,https://www.ncbi.nlm.nih.gov/geo/query/acc.cgi?acc=GSE132257
GSE147905,COAD,24,2020/04/02,Expression profiling by high-throughput RNA-sequencing following PGC1β and ERRα knockdown in HCT116 cells,https://www.ncbi.nlm.nih.gov/geo/query/acc.cgi?acc=GSE147905
GSE137564,COAD,3,2020/04/02,NKp44+ group3 innate lymphoid cells are associated with tumor progression in human colorectal cancer,https://www.ncbi.nlm.nih.gov/geo/query/acc.cgi?acc=GSE137564
GSE132705,COAD,67,2020/04/01,KAP1/TRIM28 maintains the transcriptional state of cancer cells,https://www.ncbi.nlm.nih.gov/geo/query/acc.cgi?acc=GSE132705
GSE142116,COAD,12,2020/03/31,5' droplet-based single cell RNA sequencing of human colorectal cancer and normal organoids,https://www.ncbi.nlm.nih.gov/geo/query/acc.cgi?acc=GSE142116
GSE147456,COAD,2,2020/03/25,Transcriptome analysis of SRD5A1 knockdown (Dox) and control (KD) in colorectal cancer,https://www.ncbi.nlm.nih.gov/geo/query/acc.cgi?acc=GSE147456
GSE140270,COAD,44,2020/03/23,α-Ketoglutarate attenuates Wnt signaling and drives differentiation in colorectal cancer,https://www.ncbi.nlm.nih.gov/geo/query/acc.cgi?acc=GSE140270
GSE138574,COAD,12,2020/03/22,RNA sequencing analysis of HCT116 cells following 24 hours of metabolic recovery from methionine restriction +/- small molecule treatment.,https://www.ncbi.nlm.nih.gov/geo/query/acc.cgi?acc=GSE138574
GSE135328,COAD,14,2020/03/20,Loss of the nuclear Wnt pathway effector TCF7L2 promotes migration and invasion of human colorectal cancer cells,https://www.ncbi.nlm.nih.gov/geo/query/acc.cgi?acc=GSE135328
GSE110990,COAD,16,2020/03/17,Activation of the VEGFC/VEGFR3 pathway induces cancer immune escape through tumor-associated lymphatic vessels and macrophages in colorectal,https://www.ncbi.nlm.nih.gov/geo/query/acc.cgi?acc=GSE110990
GSE130969,COAD,12,2020/03/15,"Differential Gene expression of furin knockout (KO) DLD1, HCA7 and HT29 colorectal cancer cells",https://www.ncbi.nlm.nih.gov/geo/query/acc.cgi?acc=GSE130969
GSE146889,COAD,176,2020/03/13,RNA-seq Reveals Differences in Expressed Tumor Mutation Burden in Colorectal and Endometrial Cancer With and Without Defective DNA Mismatch ,https://www.ncbi.nlm.nih.gov/geo/query/acc.cgi?acc=GSE146889
GSE136114,COAD,26,2020/03/08,Immune microenvironment evolution and tumor metabolism reprograming during treatment of Bevacizumab containing regimen in CLM patients,https://www.ncbi.nlm.nih.gov/geo/query/acc.cgi?acc=GSE136114
GSE125962,COAD,1,2020/03/02,Identification of miRNAs and Their targets in Colorectal Cancer (degradome),https://www.ncbi.nlm.nih.gov/geo/query/acc.cgi?acc=GSE125962
GSE136040,COAD,4,2020/02/24,LncRNA LUCRC regulates colorectal cancer cell proliferation and tumorigenesis by targeting endoplasmic reticulum stress response,https://www.ncbi.nlm.nih.gov/geo/query/acc.cgi?acc=GSE136040
GSE134442,COAD,4,2020/02/19,"miR-4711-5p regulates the cancer stemness and cell cycle progression through direct binding to KLF5, MDM2 and TFDP1 in colon cancer cells",https://www.ncbi.nlm.nih.gov/geo/query/acc.cgi?acc=GSE134442
GSE132519,COAD,4,2020/02/18,High-throughput RNA sequencing analysis of human colon cancer cell line HCT116 transfected with LINC00152 siRNA.,https://www.ncbi.nlm.nih.gov/geo/query/acc.cgi?acc=GSE132519
GSE126311,COAD,12,2020/02/18,DNMT3B has oncogenic activity but evidence suggests that it does not promote CIMP nor cooperate with activated BRAFV600E in human intestinal,https://www.ncbi.nlm.nih.gov/geo/query/acc.cgi?acc=GSE126311
GSE144357,COAD,20,2020/01/29,Clonal maintenance of transcriptional and epigenetic states in cancer cells.,https://www.ncbi.nlm.nih.gov/geo/query/acc.cgi?acc=GSE144357
GSE128804,COAD,4,2020/01/29,Serine racemase is required for colorectal tumor growth and a potential therapeutic target.,https://www.ncbi.nlm.nih.gov/geo/query/acc.cgi?acc=GSE128804
GSE144259,COAD,9,2020/01/27,RNA-seq of CRC tissues,https://www.ncbi.nlm.nih.gov/geo/query/acc.cgi?acc=GSE144259
GSE119968,COAD,20,2020/01/23,An optimised protocol harnessing laser capture microdissection for transcriptomic analysis on matched primary and metastatic colorectal tumo,https://www.ncbi.nlm.nih.gov/geo/query/acc.cgi?acc=GSE119968
GSE143505,COAD,8,2020/01/14,mRNA sequencing of human colorectal cancer organoids,https://www.ncbi.nlm.nih.gov/geo/query/acc.cgi?acc=GSE143505
GSE135458,COAD,8,2020/01/04,A precisely positioned MED12 activation helix stimulates CDK8 kinase activity,https://www.ncbi.nlm.nih.gov/geo/query/acc.cgi?acc=GSE135458
GSE121309,COAD,4,2020/01/01,Single cell analysis reveals dynamics of transposable element expression following epigenetic de-repression,https://www.ncbi.nlm.nih.gov/geo/query/acc.cgi?acc=GSE121309
GSE130236,COAD,21,2019/12/31,Disrupting ß-catenin dependent Wnt signaling activates an invasive gene program predictive of colon cancer progression,https://www.ncbi.nlm.nih.gov/geo/query/acc.cgi?acc=GSE130236
GSE124526,COAD,6,2019/12/31,A recurrently amplified long noncoding RNA in colorectal cancer regulates p53 protein stability through GRWD1/RPL11/MDM2 axis [RNA-seq],https://www.ncbi.nlm.nih.gov/geo/query/acc.cgi?acc=GSE124526
GSE116631,COAD,8,2019/12/31,SFPQ depletion is synthetically lethal with BRAFV600E in colorectal cancer cells I,https://www.ncbi.nlm.nih.gov/geo/query/acc.cgi?acc=GSE116631
GSE109814,COAD,48,2019/12/31,Expression data and SNP data of Familial adenomatous polyposis (FAP) organoids,https://www.ncbi.nlm.nih.gov/geo/query/acc.cgi?acc=GSE109814
GSE112590,COAD,3,2019/12/19,Silencing of BEX2 promotes colorectal cancer metastasis through Hedgehog signaling pathway,https://www.ncbi.nlm.nih.gov/geo/query/acc.cgi?acc=GSE112590
GSE141878,COAD,73,2019/12/12,Distinct epigenetic features of tumor-reactive CD8+ T cells in colorectal cancer patients revealed by genome-wide DNA methylation analysis,https://www.ncbi.nlm.nih.gov/geo/query/acc.cgi?acc=GSE141878
GSE141746,COAD,10,2019/12/11,RNA-sequencing,https://www.ncbi.nlm.nih.gov/geo/query/acc.cgi?acc=GSE141746
GSE132010,COAD,28,2019/12/03,Suppression of ribosomal pausing by eIF5A is necessary to maintain the fidelity of start codon selection,https://www.ncbi.nlm.nih.gov/geo/query/acc.cgi?acc=GSE132010
GSE132008,COAD,6,2019/12/03,Suppression of ribosomal pausing by eIF5A is necessary to maintain the fidelity of start codon selection (RNA-sequencing),https://www.ncbi.nlm.nih.gov/geo/query/acc.cgi?acc=GSE132008
GSE108834,COAD,8,2019/12/01,TIP60 represses activation of endogenous retroviral elements,https://www.ncbi.nlm.nih.gov/geo/query/acc.cgi?acc=GSE108834
GSE104608,COAD,6,2019/12/01,Epigenetic Inactivation of Cysteine Dioxygenase Type 1 Contributes to ROS-dependent Progression of Colorectal Cancer,https://www.ncbi.nlm.nih.gov/geo/query/acc.cgi?acc=GSE104608
GSE92432,COAD,10,2019/12/01,An optimization system for isolating and sequencing of single human colon cancer cells,https://www.ncbi.nlm.nih.gov/geo/query/acc.cgi?acc=GSE92432
GSE122534,COAD,2,2019/11/30,Knockdown IGF-1R triggers viral RNA sensors MDA5- and RIG-1-mediated the mitochondrial apoptosis in colonic cancer cells,https://www.ncbi.nlm.nih.gov/geo/query/acc.cgi?acc=GSE122534
GSE140984,COAD,12,2019/11/26,The role of the Calcium-Sensing receptor in colorectal cancer,https://www.ncbi.nlm.nih.gov/geo/query/acc.cgi?acc=GSE140984
GSE121842,COAD,12,2019/11/19,Next Generation  Sequencing  Analysis of Colorectal Cancer Tissue Transcriptomes,https://www.ncbi.nlm.nih.gov/geo/query/acc.cgi?acc=GSE121842
GSE140488,COAD,12,2019/11/16,BCL9 provides multi-cellular communication properties in colorectal cancer by interacting with paraspeckle proteins,https://www.ncbi.nlm.nih.gov/geo/query/acc.cgi?acc=GSE140488
GSE128070,COAD,38,2019/11/16,Synthetic lethality between VPS4A and VPS4B triggers   an inflammatory response in colorectal cancer,https://www.ncbi.nlm.nih.gov/geo/query/acc.cgi?acc=GSE128070
GSE124189,COAD,30,2019/11/15,The mevalonate pathway is required for pyrimidine synthesis and survival of p53-deficient colon cancer cells in metabolically compromised en,https://www.ncbi.nlm.nih.gov/geo/query/acc.cgi?acc=GSE124189
GSE140198,COAD,20,2019/11/12,RNA-seq analysis of colorectal cancer cell lines HT29-POLR1D-silenced and SW480-POLR1D-silenced,https://www.ncbi.nlm.nih.gov/geo/query/acc.cgi?acc=GSE140198
GSE122527,COAD,4,2019/11/11,RNA sequencing of keratinocytes with or without LRG1 addition,https://www.ncbi.nlm.nih.gov/geo/query/acc.cgi?acc=GSE122527
GSE139927,COAD,30,2019/11/06,LSD1 mediates AKT activity in PIK3CA mutant colorectal cancer,https://www.ncbi.nlm.nih.gov/geo/query/acc.cgi?acc=GSE139927
GSE139924,COAD,18,2019/11/06,LSD1 mediates AKT activity in PIK3CA mutant colorectal cancer [RNA-Seq],https://www.ncbi.nlm.nih.gov/geo/query/acc.cgi?acc=GSE139924
GSE106858,COAD,42,2019/11/04,A MYC/GCN2/eIF2alpha negative feedback loop limits protein synthesis to prevent MYC-dependent apoptosis in colorectal cancer,https://www.ncbi.nlm.nih.gov/geo/query/acc.cgi?acc=GSE106858
GSE132868,COAD,14,2019/11/01,RelA mutants 'reconstituted' and cell cycle synchronized HCT116 Colorectal Cancer Cells,https://www.ncbi.nlm.nih.gov/geo/query/acc.cgi?acc=GSE132868
GSE107422,COAD,110,2019/10/29,Gene expression profiling study to identify key markers associated with disease recurrence in colorectal cancers.,https://www.ncbi.nlm.nih.gov/geo/query/acc.cgi?acc=GSE107422
GSE126385,COAD,12,2019/10/27,Divergent effects of eRF3 and Upf1 on the expression of uORF carrying mRNAs and ribosome protein genes,https://www.ncbi.nlm.nih.gov/geo/query/acc.cgi?acc=GSE126385
GSE109308,COAD,97,2019/10/25,Single-cell transcriptomic survey of adenomatous polyposis patients with germline APC mutations,https://www.ncbi.nlm.nih.gov/geo/query/acc.cgi?acc=GSE109308
GSE139169,COAD,6,2019/10/22,RUNX2/CBFB modulates the response to MEK inhibitors through activation of receptor tyrosine kinases in KRAS mutant colorectal cancer,https://www.ncbi.nlm.nih.gov/geo/query/acc.cgi?acc=GSE139169
GSE121043,COAD,6,2019/10/08,Integrated multi-omics approach reveals a role of ALDH1A1 in lipid metabolism in human colon cancer cells,https://www.ncbi.nlm.nih.gov/geo/query/acc.cgi?acc=GSE121043
GSE113581,COAD,15,2019/10/07,"Determining effects of microbial metabolite, Urolithin A on colon epithelial cells",https://www.ncbi.nlm.nih.gov/geo/query/acc.cgi?acc=GSE113581
GSE138441,COAD,8,2019/10/05,Knockout of Staufen1 impairs the localization of specific subsets of mRNAs on the mitotic spindle of colorectal cancer cells,https://www.ncbi.nlm.nih.gov/geo/query/acc.cgi?acc=GSE138441
GSE121209,COAD,10,2019/10/04,Oncogenic HOXB8 is driven by MYC-regulated super-enhancer and potentiates colorectal cancer invasiveness via BACH1,https://www.ncbi.nlm.nih.gov/geo/query/acc.cgi?acc=GSE121209
GSE121207,COAD,8,2019/10/04,Oncogenic HOXB8 is driven by MYC-regulated super-enhancer and potentiates colorectal cancer invasiveness via BACH1 [RNA-seq],https://www.ncbi.nlm.nih.gov/geo/query/acc.cgi?acc=GSE121207
GSE138248,COAD,8,2019/10/02,mRNA sequencing of highly and lowly metastatic human colorectal cancer PDXs,https://www.ncbi.nlm.nih.gov/geo/query/acc.cgi?acc=GSE138248
GSE129950,COAD,6,2019/10/01,A novel lncRNA lncRNA-AK096729 promotes colorectal carcinogenesis and glucose metabolism by stabilizing and specifying the transcription mod,https://www.ncbi.nlm.nih.gov/geo/query/acc.cgi?acc=GSE129950
GSE115400,COAD,26,2019/10/01,Mutant KRAS/BRAF Reprograms the Enhancer Landscape via GATA1 to Drive Chemoresistance,https://www.ncbi.nlm.nih.gov/geo/query/acc.cgi?acc=GSE115400
GSE76049,COAD,98,2019/09/30,"The ultra-sensitive Nodewalk technique identifies stochastic from virtual, population-based enhancer hubs regulating MYC in 3D: Implications",https://www.ncbi.nlm.nih.gov/geo/query/acc.cgi?acc=GSE76049
GSE76043,COAD,4,2019/09/30,"The ultra-sensitive Nodewalk technique identifies stochastic from virtual, population-based enhancer hubs regulating MYC in 3D: Implications",https://www.ncbi.nlm.nih.gov/geo/query/acc.cgi?acc=GSE76043
GSE76041,COAD,4,2019/09/30,"The ultra-sensitive Nodewalk technique identifies stochastic from virtual, population-based enhancer hubs regulating MYC in 3D: Implications",https://www.ncbi.nlm.nih.gov/geo/query/acc.cgi?acc=GSE76041
GSE135798,COAD,10,2019/09/25,VEGF-A drives TOX-dependent T cell exhaustion in anti–PD-1–resistant microsatellite stable colorectal cancers,https://www.ncbi.nlm.nih.gov/geo/query/acc.cgi?acc=GSE135798
GSE110649,COAD,36,2019/09/18,RNA sequencing of wildtype-KRAS HKE3 (wtHKE3) and mutant-KRAS HKE3 (mtHKE3) colorectal cancer cell lines before and after stimulation with T,https://www.ncbi.nlm.nih.gov/geo/query/acc.cgi?acc=GSE110649
GSE105094,COAD,36,2019/09/18,RNA sequencing of HCT116 and HKE3 colorectal cancer cell lines before and after stimulation with TGF-alpha,https://www.ncbi.nlm.nih.gov/geo/query/acc.cgi?acc=GSE105094
GSE137327,COAD,18,2019/09/13,Differential gene expression between human colon cancers and the adjacent nomral colon tissues.,https://www.ncbi.nlm.nih.gov/geo/query/acc.cgi?acc=GSE137327
GSE136394,COAD,32,2019/09/10,Single-cell transcriptome analysis reveals gene signatures associated with T-cell persistence following adoptive cell therapy,https://www.ncbi.nlm.nih.gov/geo/query/acc.cgi?acc=GSE136394
GSE136664,COAD,10,2019/08/31,YTHDF1 Amplifies Wnt/β-Catenin Signaling to Promote Intestinal Stemness,https://www.ncbi.nlm.nih.gov/geo/query/acc.cgi?acc=GSE136664
GSE127960,COAD,57,2019/08/20,β-catenin/Tcf7l2 dependent transcriptional regulation of GLUT1 gene expression by Zic family proteins in colon cancer,https://www.ncbi.nlm.nih.gov/geo/query/acc.cgi?acc=GSE127960
GSE133299,COAD,17,2019/08/08,Discovering the anti-cancer potential of non-oncology drugs by systematic PRISM profiling,https://www.ncbi.nlm.nih.gov/geo/query/acc.cgi?acc=GSE133299
GSE133286,COAD,6,2019/08/08,Transcriptional profiling of LS1034 cells treated with tepoxalin,https://www.ncbi.nlm.nih.gov/geo/query/acc.cgi?acc=GSE133286
GSE135461,COAD,34,2019/08/07,Expression profiling of colorectal cancer cell lines,https://www.ncbi.nlm.nih.gov/geo/query/acc.cgi?acc=GSE135461
GSE135460,COAD,30,2019/08/07,Colorectal cancer cell lines with SETDB1 depletion [RNA-seq],https://www.ncbi.nlm.nih.gov/geo/query/acc.cgi?acc=GSE135460
GSE113176,COAD,13,2019/08/07,"Investigation of bivalently marked promoters in patient-derived colorectal cancer stem cells by ChIP-seq, chromatin accessibility by ATAC-se",https://www.ncbi.nlm.nih.gov/geo/query/acc.cgi?acc=GSE113176
GSE120102,COAD,124,2019/08/06,"TCR repertoire and transcriptomic analyses of advanced solid tumors in first-in-human phase 1 study of IT1208, a defucosylated humanized ant",https://www.ncbi.nlm.nih.gov/geo/query/acc.cgi?acc=GSE120102
GSE120101,COAD,105,2019/08/06,"T-cell receptor repertoire analysis of advanced solid tumors in first-in-human phase 1 study of IT1208, a defucosylated humanized anti-CD4 d",https://www.ncbi.nlm.nih.gov/geo/query/acc.cgi?acc=GSE120101
GSE120028,COAD,19,2019/08/06,"Transcriptomic analysis of advanced solid tumors in first-in-human phase 1 study of IT1208, a defucosylated humanized anti-CD4 depleting ant",https://www.ncbi.nlm.nih.gov/geo/query/acc.cgi?acc=GSE120028
GSE134552,COAD,7,2019/07/21,Hes1 is Associated with Long Non-Coding RNAs in Colorectal Cancer,https://www.ncbi.nlm.nih.gov/geo/query/acc.cgi?acc=GSE134552
GSE100785,COAD,24,2019/07/21,RNA-Seq on the effect of VitaminD on colonic and tumor organoids,https://www.ncbi.nlm.nih.gov/geo/query/acc.cgi?acc=GSE100785
GSE134551,COAD,1,2019/07/20,RNA-binding protein immunoprecipitation (RIP)and RNA sequencing,https://www.ncbi.nlm.nih.gov/geo/query/acc.cgi?acc=GSE134551
GSE129501,COAD,16,2019/07/15,Transcriptional responses to interferon require Mediator kinase-dependent pause release and mechanistically distinct functions of CDK8 and C,https://www.ncbi.nlm.nih.gov/geo/query/acc.cgi?acc=GSE129501
GSE134095,COAD,4,2019/07/11,Colorectal cancer cells respond differentially to autophagy inhibition in vivo,https://www.ncbi.nlm.nih.gov/geo/query/acc.cgi?acc=GSE134095
GSE132888,COAD,8,2019/07/08,A novel lncRNA lncRNA-AF339830 promotes colorectal carcinogenesis and glucose metabolism by stabilizing and specifying the transcription mod,https://www.ncbi.nlm.nih.gov/geo/query/acc.cgi?acc=GSE132888
GSE125382,COAD,40,2019/07/08,Gene expression profiling of human colon cancer cell lines implanted in colon and liver of mice,https://www.ncbi.nlm.nih.gov/geo/query/acc.cgi?acc=GSE125382
GSE119866,COAD,6,2019/07/08,A novel lncRNA lncRNA-AF339830 promotes colorectal carcinogenesis and glucose metabolism by stabilizing and specifying the transcription mod,https://www.ncbi.nlm.nih.gov/geo/query/acc.cgi?acc=GSE119866
GSE116521,COAD,2,2019/07/02,RNA-sequencing analysis of differentially expressed genes (DEGs) induced by STC2 overexpression in colorectal cancer cells,https://www.ncbi.nlm.nih.gov/geo/query/acc.cgi?acc=GSE116521
GSE125282,COAD,15,2019/07/01,TMED9-gated CNIH4 and TGFa signaling promotes pro-metastatic states in human primary colon cancer cells,https://www.ncbi.nlm.nih.gov/geo/query/acc.cgi?acc=GSE125282
GSE125852,COAD,39,2019/06/28,Effect of the twelve isoforms of Hepatocyte nuclear factor 4 alpha on HCT116 cell line transcriptome,https://www.ncbi.nlm.nih.gov/geo/query/acc.cgi?acc=GSE125852
GSE106119,COAD,18,2019/06/26,Stromal Mir-20a modulates paracrine CXCL8 secretion in colitis and colon cancer,https://www.ncbi.nlm.nih.gov/geo/query/acc.cgi?acc=GSE106119
GSE125648,COAD,6,2019/06/24,RNA-sequencing analysis for gene expression profiles affected by CASC9 knockdown,https://www.ncbi.nlm.nih.gov/geo/query/acc.cgi?acc=GSE125648
GSE84270,COAD,8,2019/06/20,Transcriptomics changes in liver metastatic biopsies of colorectal carcinoma between pre-treated and acquired resistance to Cetuximab,https://www.ncbi.nlm.nih.gov/geo/query/acc.cgi?acc=GSE84270
GSE84267,COAD,4,2019/06/20,Transcriptomics changes in liver metastatic biopsies of colorectal carcinoma between pre-treated and acquired resistance to Cetuximab [mRNA],https://www.ncbi.nlm.nih.gov/geo/query/acc.cgi?acc=GSE84267
GSE124395,COAD,319,2019/06/18,A Human Liver Cell Atlas reveals Heterogeneity and Epithelial Progenitors ,https://www.ncbi.nlm.nih.gov/geo/query/acc.cgi?acc=GSE124395
GSE82338,COAD,2,2019/06/07,RNA-seq of HCT116 and HCT116-DKO colon cancer cell lines,https://www.ncbi.nlm.nih.gov/geo/query/acc.cgi?acc=GSE82338
GSE132226,COAD,4,2019/06/06,Genomic Signatures Reveal DNA Damage Response Deficiency in Brain Metastases of Colorectal Cancer,https://www.ncbi.nlm.nih.gov/geo/query/acc.cgi?acc=GSE132226
GSE102357,COAD,32,2019/06/01,hnRNPC regulates cancer-specific alternative cleavage and polyadenylation profiles,https://www.ncbi.nlm.nih.gov/geo/query/acc.cgi?acc=GSE102357
GSE120106,COAD,12,2019/05/30,Vitamin D and Wnt3A have additive and partially overlapping modulatory effects on gene expression and phenotype in human colon fibroblasts,https://www.ncbi.nlm.nih.gov/geo/query/acc.cgi?acc=GSE120106
GSE82291,COAD,15,2019/05/30,Quantitative profiling of the UGT transcriptome in human drug metabolizing tissues [Total RNA],https://www.ncbi.nlm.nih.gov/geo/query/acc.cgi?acc=GSE82291
GSE100243,COAD,23,2019/05/02,Transcriptome of locally advanced colorectal tumours,https://www.ncbi.nlm.nih.gov/geo/query/acc.cgi?acc=GSE100243
GSE125512,COAD,22,2019/04/21,Intracerebral Hemorrhage Induces Inflammatory Gene Expression in Peripheral Blood: Global Transcriptional Profiling in ICH Patients,https://www.ncbi.nlm.nih.gov/geo/query/acc.cgi?acc=GSE125512
GSE108191,COAD,40,2019/03/31,HDAC Inhibitor-Induced Acetylation of KRAS Confers A Pro-Oncogenic Effect Limiting Treatment Response in Colorectal Cancer,https://www.ncbi.nlm.nih.gov/geo/query/acc.cgi?acc=GSE108191
GSE128998,COAD,6,2019/03/29,"SNHG15 is a bifunctional MYC-regulated noncoding locus encoding a lncRNA that promotes cell proliferation, invasion and drug resistance in c",https://www.ncbi.nlm.nih.gov/geo/query/acc.cgi?acc=GSE128998
GSE125905,COAD,42,2019/03/18,Reassessment of Exosome Composition,https://www.ncbi.nlm.nih.gov/geo/query/acc.cgi?acc=GSE125905
GSE128257,COAD,6,2019/03/16,RNA-seq of RKO cells with cTAZ KO or putback,https://www.ncbi.nlm.nih.gov/geo/query/acc.cgi?acc=GSE128257
GSE126109,COAD,10,2019/03/11,RNA sequencing analysis of selumetinib-resistant CRC cells lines,https://www.ncbi.nlm.nih.gov/geo/query/acc.cgi?acc=GSE126109
GSE127905,COAD,8,2019/03/07,Oncogenic Antisense LncRNA P14AS Regulates Expression of ANRIL through AUF1 Binding,https://www.ncbi.nlm.nih.gov/geo/query/acc.cgi?acc=GSE127905
GSE101651,COAD,159,2019/03/04,A Low-cost Multiplex Biomarker Assay Stratifies Colorectal Cancer Patient Samples into Clinically-relevant Subtypes,https://www.ncbi.nlm.nih.gov/geo/query/acc.cgi?acc=GSE101651
GSE101588,COAD,17,2019/03/04,A Low-cost Multiplex Biomarker Assay Stratifies Colorectal Cancer Patient Samples into Clinically-relevant Subtypes: Singapore Cohort RNA-se,https://www.ncbi.nlm.nih.gov/geo/query/acc.cgi?acc=GSE101588
GSE122583,COAD,3,2019/02/28,Human lineage tracing enabled by mitochondrial mutations and single cell genomics [CRC_ATAC],https://www.ncbi.nlm.nih.gov/geo/query/acc.cgi?acc=GSE122583
GSE115218,COAD,2733,2019/02/28,Human lineage tracing enabled by mitochondrial mutations and single cell genomics,https://www.ncbi.nlm.nih.gov/geo/query/acc.cgi?acc=GSE115218
GSE113678,COAD,11,2019/02/21,Role of cohesin in cancer development,https://www.ncbi.nlm.nih.gov/geo/query/acc.cgi?acc=GSE113678
GSE126504,COAD,6,2019/02/14,Next Generation Sequencing Facilitates Quantitative Analysis of SW480 cells and HPSE-knockdown SW480 cells Transcriptomes,https://www.ncbi.nlm.nih.gov/geo/query/acc.cgi?acc=GSE126504
GSE124620,COAD,34,2019/02/13,Virus-specific memory T cells populate tumors and can be repurposed for tumor immunotherapy,https://www.ncbi.nlm.nih.gov/geo/query/acc.cgi?acc=GSE124620
GSE125578,COAD,30,2019/02/11,Human colon organoids reveal distinct physiologic and oncogenic Wnt responses II,https://www.ncbi.nlm.nih.gov/geo/query/acc.cgi?acc=GSE125578
GSE125472,COAD,12,2019/02/11,Human colon organoids reveal distinct physiologic and oncogenic Wnt responses,https://www.ncbi.nlm.nih.gov/geo/query/acc.cgi?acc=GSE125472
GSE77462,COAD,14,2019/02/02,Searching for target genes of miR-508/509/506/514 in HCT116 cells,https://www.ncbi.nlm.nih.gov/geo/query/acc.cgi?acc=GSE77462
GSE125453,COAD,12,2019/01/23,RNA-sequencing analysis examining how the Vibrio cholerae MARTX toxin and its inidividual effector domains modulate the transcriptome of hum,https://www.ncbi.nlm.nih.gov/geo/query/acc.cgi?acc=GSE125453
GSE125253,COAD,10,2019/01/18,Compare of gene expression between p16INK4A positive and negative regions of colon cancer from five patients,https://www.ncbi.nlm.nih.gov/geo/query/acc.cgi?acc=GSE125253
GSE125252,COAD,2,2019/01/18,Compare of gene expression between p16INK4A positive and negative Colon cancer [2018HC346],https://www.ncbi.nlm.nih.gov/geo/query/acc.cgi?acc=GSE125252
GSE125251,COAD,2,2019/01/18,Compare of gene expression between p16INK4A positive and negative Colon cancer [2018HC173],https://www.ncbi.nlm.nih.gov/geo/query/acc.cgi?acc=GSE125251
GSE125250,COAD,2,2019/01/18,Compare of gene expression between p16INK4A positive and negative Colon cancer [2018HC100],https://www.ncbi.nlm.nih.gov/geo/query/acc.cgi?acc=GSE125250
GSE125248,COAD,2,2019/01/18,Compare of gene expression between p16INK4A positive and negative Colon cancer [2018HC067],https://www.ncbi.nlm.nih.gov/geo/query/acc.cgi?acc=GSE125248
GSE125247,COAD,2,2019/01/18,Compare of gene expression between p16INK4A positive and negative Colon cancer [2017HC070],https://www.ncbi.nlm.nih.gov/geo/query/acc.cgi?acc=GSE125247
GSE87096,COAD,36,2018/12/31,"Methylome, hydroxymethylome, and integrative transcriptome profiling in human CRC tissue and paired normal tissues",https://www.ncbi.nlm.nih.gov/geo/query/acc.cgi?acc=GSE87096
GSE115305,COAD,12,2018/12/26,Self-associated molecular patterns mediate cancer immune evasion by engagement of Siglec receptors,https://www.ncbi.nlm.nih.gov/geo/query/acc.cgi?acc=GSE115305
GSE92914,COAD,12,2018/12/25,RNA-Seq analysis of human colorectal cancer with liver metastasis,https://www.ncbi.nlm.nih.gov/geo/query/acc.cgi?acc=GSE92914
GSE116347,COAD,78,2018/12/21,Identification and validation of a tumor-infiltrating Treg transcriptional signature conserved across species and tumor types.,https://www.ncbi.nlm.nih.gov/geo/query/acc.cgi?acc=GSE116347
GSE112941,COAD,57,2018/12/19,Molecular variability of patient-derived colon tumor xenografts,https://www.ncbi.nlm.nih.gov/geo/query/acc.cgi?acc=GSE112941
GSE108317,COAD,5,2018/12/19,Colorectal Adenomas and Consensus Molecular Subtyping,https://www.ncbi.nlm.nih.gov/geo/query/acc.cgi?acc=GSE108317
GSE116824,COAD,14,2018/12/01,LHX9 rescues KRAS suppression through transcriptional regulation of YAP1,https://www.ncbi.nlm.nih.gov/geo/query/acc.cgi?acc=GSE116824
GSE116823,COAD,12,2018/12/01,LHX9 rescues KRAS suppression through transcriptional regulation of YAP1 [RNA-Seq],https://www.ncbi.nlm.nih.gov/geo/query/acc.cgi?acc=GSE116823
GSE121461,COAD,3,2018/11/30,EnD-Seq and AppEnD: Sequencing 3' ends to identify non-templated tails and degradation intermediates,https://www.ncbi.nlm.nih.gov/geo/query/acc.cgi?acc=GSE121461
GSE97693,COAD,2503,2018/11/29,Single-cell Multi-omics Sequencing and Analyses of Human Colorectal Cancer,https://www.ncbi.nlm.nih.gov/geo/query/acc.cgi?acc=GSE97693
GSE122761,COAD,6,2018/11/22,Acetylation of spliceosome protein PHF5A modulates stress responses and colorectal carcinogenesis through alternative splicing mediated upre,https://www.ncbi.nlm.nih.gov/geo/query/acc.cgi?acc=GSE122761
GSE106407,COAD,2,2018/11/01,Transcriptome analysis by RNA sequencing after treatment with JIB-04 in colorectal cancer,https://www.ncbi.nlm.nih.gov/geo/query/acc.cgi?acc=GSE106407
GSE121964,COAD,27,2018/10/31,Diverse Long RNAs Are Differentially Sorted into Extracellular Vesicles Secreted by Colorectal Cancer Cells,https://www.ncbi.nlm.nih.gov/geo/query/acc.cgi?acc=GSE121964
GSE108989,COAD,12,2018/10/29,Lineage tracking reveals dynamic relationships of T cells in colorectal cancer,https://www.ncbi.nlm.nih.gov/geo/query/acc.cgi?acc=GSE108989
GSE112608,COAD,111,2018/10/26,Targeting Processive Transcription Elongation via SEC Disruption for MYC-Induced Cancer Therapy,https://www.ncbi.nlm.nih.gov/geo/query/acc.cgi?acc=GSE112608
GSE104837,COAD,48,2018/10/26,RNA-seq of YB5 cells treated with HH1,https://www.ncbi.nlm.nih.gov/geo/query/acc.cgi?acc=GSE104837
GSE85522,COAD,2,2018/10/26,Next Generation Sequencing Analysis of control and hnRNPK-/- RKO cells Transcriptomes,https://www.ncbi.nlm.nih.gov/geo/query/acc.cgi?acc=GSE85522
GSE121553,COAD,4,2018/10/23,Integrative genomic analyses revealed colorectal cancer susceptibility genes in risk loci identified in genome-wide association studies,https://www.ncbi.nlm.nih.gov/geo/query/acc.cgi?acc=GSE121553
GSE118548,COAD,12,2018/10/23,"Transcriptomic analysis of T84 colon carcinoma cell line treated with trametinib, JQ1 or their combination",https://www.ncbi.nlm.nih.gov/geo/query/acc.cgi?acc=GSE118548
GSE118490,COAD,6,2018/10/23,Transcriptomic analysis of trametinib-resistant HCT116 colorectal carcinoma cells compared to the parental control cells,https://www.ncbi.nlm.nih.gov/geo/query/acc.cgi?acc=GSE118490
GSE74333,COAD,29,2018/10/23,Transcriptomics analysis of gene expression in multiple human and mouse cells and tissues,https://www.ncbi.nlm.nih.gov/geo/query/acc.cgi?acc=GSE74333
GSE89393,COAD,17,2018/09/22,Differences in RNA expression between primary and metastatic colon tumor,https://www.ncbi.nlm.nih.gov/geo/query/acc.cgi?acc=GSE89393
GSE119900,COAD,8,2018/09/14,mRNA expression analysis of human lung cancer cell line CUTO-3 and colorectal cancer cell line KM12-luc treated with TRK inhibitor CH7057288,https://www.ncbi.nlm.nih.gov/geo/query/acc.cgi?acc=GSE119900
GSE115429,COAD,10,2018/08/27,The NORAD lncRNA assembles a topoisomerase complex critical for genome stability [CLIP-seq],https://www.ncbi.nlm.nih.gov/geo/query/acc.cgi?acc=GSE115429
GSE114953,COAD,26,2018/08/27,The NORAD lncRNA assembles a topoisomerase complex critical for genome stability,https://www.ncbi.nlm.nih.gov/geo/query/acc.cgi?acc=GSE114953
GSE114946,COAD,16,2018/08/27,The NORAD lncRNA assembles a topoisomerase complex critical for genome stability [RNA-seq],https://www.ncbi.nlm.nih.gov/geo/query/acc.cgi?acc=GSE114946
GSE119013,COAD,5,2018/08/25,Effect for target mRNA degradation by methylated microRNAs,https://www.ncbi.nlm.nih.gov/geo/query/acc.cgi?acc=GSE119013
GSE106166,COAD,6,2018/08/22,Chromatin de-condensation by switching substrate elasticity,https://www.ncbi.nlm.nih.gov/geo/query/acc.cgi?acc=GSE106166
GSE118105,COAD,2,2018/08/04,Next generation sequencing facilities quantitative analysis of negative control HCT116 cells and 5MP1-overexpressed HCT116 cells.,https://www.ncbi.nlm.nih.gov/geo/query/acc.cgi?acc=GSE118105
GSE111683,COAD,26,2018/08/01,ZBTB24 is a transcriptional regulator that coordinates with DNMT3B to control DNA methylation [ChiP-Seq and RNA-Seq],https://www.ncbi.nlm.nih.gov/geo/query/acc.cgi?acc=GSE111683
GSE111689,COAD,33,2018/07/31,ZBTB24 is a transcriptional regulator that coordinates with DNMT3B to control DNA methylation,https://www.ncbi.nlm.nih.gov/geo/query/acc.cgi?acc=GSE111689
GSE108265,COAD,38,2018/07/31,Region-specific alteration of histone modification by LSD1 inhibitor conjugated with pyrrole-imidazole polyamide,https://www.ncbi.nlm.nih.gov/geo/query/acc.cgi?acc=GSE108265
GSE113751,COAD,34,2018/07/19,Translational control through differential ribosome pausing during amino acid limitation in mammalian cells,https://www.ncbi.nlm.nih.gov/geo/query/acc.cgi?acc=GSE113751
GSE95499,COAD,12,2018/07/18,Stem cell functionality is microenvironmentally defined during tumor expansion and therapy response in colon cancer,https://www.ncbi.nlm.nih.gov/geo/query/acc.cgi?acc=GSE95499
GSE95670,COAD,6,2018/07/17,Multi-omics analysis of mutant and wild-type β-catenin networks,https://www.ncbi.nlm.nih.gov/geo/query/acc.cgi?acc=GSE95670
GSE116087,COAD,12,2018/06/28,A role for p53 in the adaptation to glutamine starvation through the expression of Slc1a3,https://www.ncbi.nlm.nih.gov/geo/query/acc.cgi?acc=GSE116087
GSE106378,COAD,9,2018/06/26,HNF4alpha P1 and P2 isoforms regulate different gene networks in the colorectal cancer cell line Caco2/15.,https://www.ncbi.nlm.nih.gov/geo/query/acc.cgi?acc=GSE106378
GSE104103,COAD,13,2018/06/14,SOX9 has distinct regulatory roles in alternative splicing and transcription,https://www.ncbi.nlm.nih.gov/geo/query/acc.cgi?acc=GSE104103
GSE99263,COAD,3,2018/05/24,Gene expression data from the HCT-116 colon cancer cell line in the presence or absence of siRNA targeting APC,https://www.ncbi.nlm.nih.gov/geo/query/acc.cgi?acc=GSE99263
GSE100110,COAD,20,2018/05/23,Comparison of rectal patient data separated by their event of developing distant metastasis,https://www.ncbi.nlm.nih.gov/geo/query/acc.cgi?acc=GSE100110
GSE99897,COAD,10,2018/05/23,Comparison of rectal patient data separated by their event of developing distant metastasis [RNA-Seq],https://www.ncbi.nlm.nih.gov/geo/query/acc.cgi?acc=GSE99897
GSE114014,COAD,80,2018/05/21,Itraconazole targets cell cycle heterogeneity in colorectal cancer,https://www.ncbi.nlm.nih.gov/geo/query/acc.cgi?acc=GSE114014
GSE114013,COAD,16,2018/05/21,Identifying the molecular mode of action of itraconazole in colorectal cancer,https://www.ncbi.nlm.nih.gov/geo/query/acc.cgi?acc=GSE114013
GSE114012,COAD,64,2018/05/21,Identifying dormant cells in colorectal cancer spheroids,https://www.ncbi.nlm.nih.gov/geo/query/acc.cgi?acc=GSE114012
GSE113590,COAD,32,2018/05/17,Profiling of tumor-infiltrating CD8 T cells according to their expression status of CD39,https://www.ncbi.nlm.nih.gov/geo/query/acc.cgi?acc=GSE113590
GSE113585,COAD,24,2018/05/17,Profiling of colorectal tumor-infiltrating CD8 T cells according to their expression status of CD39,https://www.ncbi.nlm.nih.gov/geo/query/acc.cgi?acc=GSE113585
GSE101342,COAD,12,2018/05/17,Differentially expressed genes post knock down of lincDUSP26,https://www.ncbi.nlm.nih.gov/geo/query/acc.cgi?acc=GSE101342
GSE108177,COAD,30,2018/05/16,Total RNA-seq of cancer cells with inhibition of DNA and/or histone methylation,https://www.ncbi.nlm.nih.gov/geo/query/acc.cgi?acc=GSE108177
GSE106169,COAD,9,2018/05/01,Polyol pathway links glucose metabolism to the aggressiveness of cancer cells,https://www.ncbi.nlm.nih.gov/geo/query/acc.cgi?acc=GSE106169
GSE101540,COAD,16,2018/05/01,RNA-seq of cancer cell lines treated with T-025,https://www.ncbi.nlm.nih.gov/geo/query/acc.cgi?acc=GSE101540
GSE98119,COAD,352,2018/05/01,The energetics and physiological impact of cohesin extrusion,https://www.ncbi.nlm.nih.gov/geo/query/acc.cgi?acc=GSE98119
GSE113218,COAD,12,2018/04/18,Epigenetic changes induced by Bacteroides fragilis toxin (BFT) [RNA-seq],https://www.ncbi.nlm.nih.gov/geo/query/acc.cgi?acc=GSE113218
GSE98922,COAD,9,2018/04/18,Treatment of SW480 colon cancer cell induced xenografts with AZD and DBZ,https://www.ncbi.nlm.nih.gov/geo/query/acc.cgi?acc=GSE98922
GSE106500,COAD,24,2018/04/16,Immune Profiling of Premalignant Lesions in Patients with Lynch Syndrome ,https://www.ncbi.nlm.nih.gov/geo/query/acc.cgi?acc=GSE106500
GSE110536,COAD,13,2018/04/09,Active BRAF-V600E is the key player in generation of a sessile serrated polyp-specific DNA methylation profile (RNA-seq data set),https://www.ncbi.nlm.nih.gov/geo/query/acc.cgi?acc=GSE110536
GSE111084,COAD,8,2018/04/04,A20 regulates canonical wnt-signaling through an interaction with RIPK4,https://www.ncbi.nlm.nih.gov/geo/query/acc.cgi?acc=GSE111084
GSE108210,COAD,34,2018/03/28,DNA methylation inhibitor in HCT116,https://www.ncbi.nlm.nih.gov/geo/query/acc.cgi?acc=GSE108210
GSE96852,COAD,30,2018/03/15,The roles of CSE1L in epigenetic silencing,https://www.ncbi.nlm.nih.gov/geo/query/acc.cgi?acc=GSE96852
GSE111741,COAD,2,2018/03/13,RNA-seq analysis of colorectal cancer cell line (CRC) SW1116 overexpressed POLR1D,https://www.ncbi.nlm.nih.gov/geo/query/acc.cgi?acc=GSE111741
GSE107980,COAD,6,2018/03/12,RING-finger protein 6 amplification activates JAK/STAT3 pathway by modifying SHP-1 ubiquitylation and associates with poor outcome in colore,https://www.ncbi.nlm.nih.gov/geo/query/acc.cgi?acc=GSE107980
GSE109607,COAD,30,2018/02/28,Mechanistic insights into anti-cancer properties of oligomeric proanthocyanidins from grape seeds in colorectal cancer,https://www.ncbi.nlm.nih.gov/geo/query/acc.cgi?acc=GSE109607
GSE108050,COAD,36,2018/02/25,Expression data in LoVo cells treated with MEK inhibitor,https://www.ncbi.nlm.nih.gov/geo/query/acc.cgi?acc=GSE108050
GSE100063,COAD,12,2018/02/22,"RNA-seq reveals abundant circRNA, lncRNA and mRNA in blood exosomes of patients with colorectal carcinoma",https://www.ncbi.nlm.nih.gov/geo/query/acc.cgi?acc=GSE100063
GSE80033,COAD,12,2018/02/22,Somatic PRDM2 c.4459delA mutations in colorectal cancers control histone methylation and tumor growth,https://www.ncbi.nlm.nih.gov/geo/query/acc.cgi?acc=GSE80033
GSE94919,COAD,69,2018/02/16,Chemoprevention with COX2 and EGFR inhibition in FAP patients: mRNA signatures of duodenal neoplasia,https://www.ncbi.nlm.nih.gov/geo/query/acc.cgi?acc=GSE94919
GSE104178,COAD,6,2018/02/14,RNA-Sequencing approach for the identification of novel long non-coding RNA biomarkers in colorectal cancer,https://www.ncbi.nlm.nih.gov/geo/query/acc.cgi?acc=GSE104178
GSE99133,COAD,18,2018/01/29,Specific labeling of stem cell activity in human colorectal organoids using an ASCL2-responsive minigene,https://www.ncbi.nlm.nih.gov/geo/query/acc.cgi?acc=GSE99133
GSE102616,COAD,47,2018/01/24,ZFX acts as a transcriptional activator in multiple types of human tumors by binding downstream of transcription start sites at the majority,https://www.ncbi.nlm.nih.gov/geo/query/acc.cgi?acc=GSE102616
GSE95656,COAD,71,2018/01/23,Genome-wide DNA methylation profiling reveals cancer-associated changes within early colonic neoplasia,https://www.ncbi.nlm.nih.gov/geo/query/acc.cgi?acc=GSE95656
GSE95132,COAD,31,2018/01/23,Coding and noncoding transcriptome sequencing of KRAS mutated colorectal tumors and adjacent tissues from cancer patients and KRAS mutated A,https://www.ncbi.nlm.nih.gov/geo/query/acc.cgi?acc=GSE95132
GSE95542,COAD,6,2018/01/15,Isolation and Functional Interrogation of Adult Human Prostate Epithelial Stem Cells at Single Cell Resolution,https://www.ncbi.nlm.nih.gov/geo/query/acc.cgi?acc=GSE95542
GSE90830,COAD,44,2018/01/12,Integrative proteogenomic characterization of colorectal cancer cell lines and primary tumors,https://www.ncbi.nlm.nih.gov/geo/query/acc.cgi?acc=GSE90830
GSE93904,COAD,20,2018/01/01,Gene expression profile of CRC-derived HILEC,https://www.ncbi.nlm.nih.gov/geo/query/acc.cgi?acc=GSE93904
GSE108140,COAD,16,2017/12/16,Identification of Differentially Expressed Splice Variants by the Proteogenomic Pipeline Splicify,https://www.ncbi.nlm.nih.gov/geo/query/acc.cgi?acc=GSE108140
GSE96035,COAD,33,2017/12/16,"Class I histone deacetylases HDAC1, 2 and 3 are histone decrotonylases",https://www.ncbi.nlm.nih.gov/geo/query/acc.cgi?acc=GSE96035
GSE103895,COAD,10,2017/12/13,Transcriptional profiles reflect the mutational mechanism by which Wnt signaling is activated in mouse tumors and predict outcome in colorec,https://www.ncbi.nlm.nih.gov/geo/query/acc.cgi?acc=GSE103895
GSE101708,COAD,49,2017/11/29,Genome-wide Dose-dependent Inhibition of Histone Deacetylases Reveals Their Roles in Enhancer Remodeling and Suppression of Oncogenic Super-,https://www.ncbi.nlm.nih.gov/geo/query/acc.cgi?acc=GSE101708
GSE99521,COAD,47,2017/11/16,YY1 is a structural regulator of enhancer-promoter loops,https://www.ncbi.nlm.nih.gov/geo/query/acc.cgi?acc=GSE99521
GSE106886,COAD,16,2017/11/15,Cohesin loss eliminates all loop domains [PRO-Seq],https://www.ncbi.nlm.nih.gov/geo/query/acc.cgi?acc=GSE106886
GSE93722,COAD,4,2017/11/15,Simultaneous enumeration of cancer and immune cell types from tumor gene expression data,https://www.ncbi.nlm.nih.gov/geo/query/acc.cgi?acc=GSE93722
GSE106696,COAD,2,2017/11/09,RNA-seq analysis of gene expression in scramble and GPR126 knockdown colon cancer cells (HT-29),https://www.ncbi.nlm.nih.gov/geo/query/acc.cgi?acc=GSE106696
GSE101526,COAD,16,2017/11/07,PolyA RNA-seq from HCT116 (WT and CDK8as/as) cells in normoxia or hypoxia and treated with DMSO or 3MB-PP1,https://www.ncbi.nlm.nih.gov/geo/query/acc.cgi?acc=GSE101526
GSE104836,COAD,20,2017/10/12,Differentially expressed LncRNAs and mRNA identified by SEQ analysis in colorectal cancer patients,https://www.ncbi.nlm.nih.gov/geo/query/acc.cgi?acc=GSE104836
GSE99794,COAD,8,2017/10/10,Activation of the p53 transcriptional program sensitizes cancer cells to Cdk7 inhibitors,https://www.ncbi.nlm.nih.gov/geo/query/acc.cgi?acc=GSE99794
GSE104334,COAD,132,2017/10/05,Cohesin loss eliminates all loop domains,https://www.ncbi.nlm.nih.gov/geo/query/acc.cgi?acc=GSE104334
GSE95513,COAD,12,2017/10/01,Identification of differential expressed genes of JQ1 or JQ1+Bortezomib in colorectal cancer cells,https://www.ncbi.nlm.nih.gov/geo/query/acc.cgi?acc=GSE95513
GSE72577,COAD,15,2017/10/01,Circular RNAs are down-regulated in KRAS mutant colon cancer cells and can be transferred to exosomes,https://www.ncbi.nlm.nih.gov/geo/query/acc.cgi?acc=GSE72577
GSE101974,COAD,22,2017/09/29,ARID1A and ARID1B loss in TOV21G cells,https://www.ncbi.nlm.nih.gov/geo/query/acc.cgi?acc=GSE101974
GSE101966,COAD,52,2017/09/29,ARID1A and ARID1B loss in HCT116 cells,https://www.ncbi.nlm.nih.gov/geo/query/acc.cgi?acc=GSE101966
GSE96914,COAD,4,2017/09/11,Autocrine BMP-4 signaling promotes survival of colorectal cancer cells.,https://www.ncbi.nlm.nih.gov/geo/query/acc.cgi?acc=GSE96914
GSE100408,COAD,30,2017/09/01,Probing the Roles of SUMOylation in Cancer Cell Biology Using a Selective SAE inhibitor,https://www.ncbi.nlm.nih.gov/geo/query/acc.cgi?acc=GSE100408
GSE97527,COAD,123,2017/09/01,PAF1 regulation of promoter-proximal pause release via enhancer activation,https://www.ncbi.nlm.nih.gov/geo/query/acc.cgi?acc=GSE97527
GSE82236,COAD,12,2017/08/30,Whole-transcriptome profilings between a pair of HCA7-derived KRAS-wildtype cetuximab sensitive and resistant colon cancer cells from 3D cul,https://www.ncbi.nlm.nih.gov/geo/query/acc.cgi?acc=GSE82236
GSE93656,COAD,10,2017/08/25,O-GlcNAc expression levels epigenetically regulate colon cancer tumorigenesis by affecting the cancer stem cell compartment via modulating e,https://www.ncbi.nlm.nih.gov/geo/query/acc.cgi?acc=GSE93656
GSE102923,COAD,9,2017/08/23,Modulation of gene transcription and epigenetics of colon carcinoma cells by bacterial membrane vesicles,https://www.ncbi.nlm.nih.gov/geo/query/acc.cgi?acc=GSE102923
GSE86221,COAD,16,2017/08/22,"Total RNA-seq from HCT116, MCF7 and SJSA cell lines treated with DMSO and Nutlin",https://www.ncbi.nlm.nih.gov/geo/query/acc.cgi?acc=GSE86221
GSE86219,COAD,12,2017/08/22,"RNAseq from polysomal RNA harvested from HCT116, MCF7 and SJSA cell lines treated with DMSO and Nutlin",https://www.ncbi.nlm.nih.gov/geo/query/acc.cgi?acc=GSE86219
GSE86165,COAD,12,2017/08/22,"GRO-seq from HCT116, MCF7 and SJSA cell lines treated with DMSO and Nutlin",https://www.ncbi.nlm.nih.gov/geo/query/acc.cgi?acc=GSE86165
GSE102796,COAD,17,2017/08/18,Mutant p53 Shapes the Enhancer Landscape of Cancer Cells in Response to Chronic Immune Signaling,https://www.ncbi.nlm.nih.gov/geo/query/acc.cgi?acc=GSE102796
GSE99015,COAD,198,2017/08/01,Synergistic activity and heterogeneous acquired resistance of combined MDM2 and MEK inhibition in KRAS mutant cancers,https://www.ncbi.nlm.nih.gov/geo/query/acc.cgi?acc=GSE99015
GSE99299,COAD,81,2017/07/31,Cytokine Stimulation of PTPN2-deleted cancer cells,https://www.ncbi.nlm.nih.gov/geo/query/acc.cgi?acc=GSE99299
GSE80746,COAD,9,2017/07/31,Gene regulation of candidate cancer gene DIP2C,https://www.ncbi.nlm.nih.gov/geo/query/acc.cgi?acc=GSE80746
GSE90944,COAD,6,2017/07/28,RNA-seq in HT-29 colorectal cancer cells after F. nucleatum treatment,https://www.ncbi.nlm.nih.gov/geo/query/acc.cgi?acc=GSE90944
GSE101668,COAD,12,2017/07/21,PRDM1 inhibits proliferation of human colon cancer organoids,https://www.ncbi.nlm.nih.gov/geo/query/acc.cgi?acc=GSE101668
GSE83687,COAD,134,2017/07/07,A functional genomics predictive network model identifies regulators of inflammatory bowel disease: Mount Sinai Hospital (MSH) Population Sp,https://www.ncbi.nlm.nih.gov/geo/query/acc.cgi?acc=GSE83687
GSE88945,COAD,3,2017/06/19,Colonic Organoids Derived from Human Pluripotent Stem Cells for Modeling Colorectal Cancer and Drug Discovery,https://www.ncbi.nlm.nih.gov/geo/query/acc.cgi?acc=GSE88945
GSE77250,COAD,8,2017/06/19,Total RNA sequencing of APC mutant and wt colonic organoids,https://www.ncbi.nlm.nih.gov/geo/query/acc.cgi?acc=GSE77250
GSE90599,COAD,4,2017/06/12, Che-1 sustains hypoxic response of colorectal cancer cells by affecting Hif-1α stabilization,https://www.ncbi.nlm.nih.gov/geo/query/acc.cgi?acc=GSE90599
GSE76457,COAD,1,2017/06/10,hnRNP Q1 targeting RNA in colorectal cancer cell line SW480,https://www.ncbi.nlm.nih.gov/geo/query/acc.cgi?acc=GSE76457
GSE99821,COAD,48,2017/06/09,Transcriptional profile of human iPSC and HIOs with APC mutations,https://www.ncbi.nlm.nih.gov/geo/query/acc.cgi?acc=GSE99821
GSE78519,COAD,48,2017/05/31,Capicua-dependent transcriptional changes in human cancer cell lines treated with trametinib,https://www.ncbi.nlm.nih.gov/geo/query/acc.cgi?acc=GSE78519
GSE96917,COAD,24,2017/05/25,Splicing Modulators Act at the Branch Point Adenosine Binding Pocket Defined by the PHF5A-SF3b Complex,https://www.ncbi.nlm.nih.gov/geo/query/acc.cgi?acc=GSE96917
GSE79249,COAD,14,2017/04/01,Identification of long noncoding RNAs regulated by p53,https://www.ncbi.nlm.nih.gov/geo/query/acc.cgi?acc=GSE79249
GSE85688,COAD,18,2017/03/28,"Cellular model of colon cancer progression reveals signatures of mRNAs, miRNA, lncRNAs and epigenetic modifications associated with metastas",https://www.ncbi.nlm.nih.gov/geo/query/acc.cgi?acc=GSE85688
GSE85685,COAD,4,2017/03/28,RNA profiling of four DLD1 colorectal cancer cell derivatives that recapitulate EMT/MET transitions during metastasis.,https://www.ncbi.nlm.nih.gov/geo/query/acc.cgi?acc=GSE85685
GSE81861,COAD,1220,2017/03/20,Reference component analysis of single-cell transcriptomes elucidates cellular heterogeneity in human colorectal tumors,https://www.ncbi.nlm.nih.gov/geo/query/acc.cgi?acc=GSE81861
GSE95652,COAD,10,2017/03/03,SLC2525-AS1: a potential lncRNA biomarker for radiotherapy sensitivity of colorectal carcinoma,https://www.ncbi.nlm.nih.gov/geo/query/acc.cgi?acc=GSE95652
GSE95605,COAD,4,2017/03/03,SLC25A25-AS1 knockdown data of two colorectal carcinoma cell lines (HT29 and SW480),https://www.ncbi.nlm.nih.gov/geo/query/acc.cgi?acc=GSE95605
GSE78801,COAD,100,2017/02/27,Heterotypic nucleosomes and PRC2 drive DIPG oncogenesis,https://www.ncbi.nlm.nih.gov/geo/query/acc.cgi?acc=GSE78801
GSE84902,COAD,2,2017/02/23,The LIM protein AJUBA promotes colorectal cancer cell survival through suppression of JAK1/STAT1/IFIT2 network,https://www.ncbi.nlm.nih.gov/geo/query/acc.cgi?acc=GSE84902
GSE78195,COAD,8,2017/02/23,Next Generation Sequencing Facilitates Quantitative Analysis of colorectal cancer cells transfected with NC siRNA or RPL9 siRNA,https://www.ncbi.nlm.nih.gov/geo/query/acc.cgi?acc=GSE78195
GSE81194,COAD,3,2017/02/14,A Novel RNA Sequencing Data Analysis Method for Cell Line Authentication,https://www.ncbi.nlm.nih.gov/geo/query/acc.cgi?acc=GSE81194
GSE84296,COAD,6,2017/02/08,Impact of laminin α1 chain on colorectal cancer progression,https://www.ncbi.nlm.nih.gov/geo/query/acc.cgi?acc=GSE84296
GSE77737,COAD,139,2017/02/08,Hotspots of aberrant enhancer activity punctuate the colorectal cancer epigenome,https://www.ncbi.nlm.nih.gov/geo/query/acc.cgi?acc=GSE77737
GSE74251,COAD,12,2017/01/31,RNA-seq of YB5 and MCF7 treated with different doses of decitabine,https://www.ncbi.nlm.nih.gov/geo/query/acc.cgi?acc=GSE74251
GSE87328,COAD,6,2017/01/25,eIF1 modulates the recognition of sub-optimal translation start sites and steers gene expression control mediated by uORFs,https://www.ncbi.nlm.nih.gov/geo/query/acc.cgi?acc=GSE87328
GSE89946,COAD,80,2017/01/17,An Argonaute phosphorylation cycle promotes microRNA-mediated silencing,https://www.ncbi.nlm.nih.gov/geo/query/acc.cgi?acc=GSE89946
GSE89942,COAD,12,2017/01/17,An Argonaute phosphorylation cycle promotes microRNA-mediated silencing [whole transcriptome RNA-seq],https://www.ncbi.nlm.nih.gov/geo/query/acc.cgi?acc=GSE89942
GSE89940,COAD,12,2017/01/17,An Argonaute phosphorylation cycle promotes microRNA-mediated silencing [polyA RNA-seq],https://www.ncbi.nlm.nih.gov/geo/query/acc.cgi?acc=GSE89940
GSE93620,COAD,4,2017/01/14,Gene expression in HT-29-MTX intestinal epithelial cells treated with Ancylostoma ceylanicum hookworm larvae,https://www.ncbi.nlm.nih.gov/geo/query/acc.cgi?acc=GSE93620
GSE73966,COAD,30,2016/12/31,RNA-seq of YB5 cells treated with epigenetic therapy,https://www.ncbi.nlm.nih.gov/geo/query/acc.cgi?acc=GSE73966
GSE66216,COAD,45,2016/12/20,Nucleosome dynamics in human colorectal cancer specimens reveal activation of a CNOT3-regulated pathway of embryonic stem cell self-renewal,https://www.ncbi.nlm.nih.gov/geo/query/acc.cgi?acc=GSE66216
GSE89729,COAD,8,2016/12/01,Quantitative Analysis of PPARD Transcriptomes  in Colon Cancer Cells by Next Generation Sequencing (NGS),https://www.ncbi.nlm.nih.gov/geo/query/acc.cgi?acc=GSE89729
GSE89154,COAD,12,2016/11/28,RNA-seq of YB5 cells treated with Proscillaridin A,https://www.ncbi.nlm.nih.gov/geo/query/acc.cgi?acc=GSE89154
GSE79395,COAD,6,2016/11/23,Knockdown of ADNP in HCT116 colon cancer cells,https://www.ncbi.nlm.nih.gov/geo/query/acc.cgi?acc=GSE79395
GSE71514,COAD,34,2016/11/21,ARID1A loss impairs enhancer-mediated gene regulation and drives colon cancer in mice,https://www.ncbi.nlm.nih.gov/geo/query/acc.cgi?acc=GSE71514
GSE71511,COAD,6,2016/11/21,ARID1A loss impairs enhancer-mediated gene regulation and drives colon cancer in mice [HCT116_RNA-seq],https://www.ncbi.nlm.nih.gov/geo/query/acc.cgi?acc=GSE71511
GSE77635,COAD,39,2016/11/12,Genetic and Epigenetic Landscapes of Laterally Spreading Tumors of the Colorectum,https://www.ncbi.nlm.nih.gov/geo/query/acc.cgi?acc=GSE77635
GSE85899,COAD,6,2016/10/07,Mechanistic evaluation and transcriptional signature of a Glutathione S-transferase Omega 1 inhibitor,https://www.ncbi.nlm.nih.gov/geo/query/acc.cgi?acc=GSE85899
GSE87400,COAD,2,2016/09/28,The methylome of Alu repeats in colon cancer (RNA-Seq),https://www.ncbi.nlm.nih.gov/geo/query/acc.cgi?acc=GSE87400
GSE82292,COAD,30,2016/09/28,Quantitative profiling of the UGT transcriptome in human drug metabolizing tissues,https://www.ncbi.nlm.nih.gov/geo/query/acc.cgi?acc=GSE82292
GSE80463,COAD,15,2016/09/28,Divergent expression and metabolic functions of human glucuronosyltransferases through alternative splicing,https://www.ncbi.nlm.nih.gov/geo/query/acc.cgi?acc=GSE80463
GSE86566,COAD,326,2016/09/20,Adaptation of a RAS pathway activation signature from FF to FFPE tissues in colorectal cancer,https://www.ncbi.nlm.nih.gov/geo/query/acc.cgi?acc=GSE86566
GSE86564,COAD,54,2016/09/20,Adaptation of a RAS pathway activation signature from FF to FFPE tissues in colorectal cancer (FFPE RNA-Seq III),https://www.ncbi.nlm.nih.gov/geo/query/acc.cgi?acc=GSE86564
GSE86563,COAD,56,2016/09/20,Adaptation of a RAS pathway activation signature from FF to FFPE tissues in colorectal cancer (FFPE RNA-Seq II),https://www.ncbi.nlm.nih.gov/geo/query/acc.cgi?acc=GSE86563
GSE86562,COAD,54,2016/09/20,Adaptation of a RAS pathway activation signature from FF to FFPE tissues in colorectal cancer (FFPE RNA-Seq I),https://www.ncbi.nlm.nih.gov/geo/query/acc.cgi?acc=GSE86562
GSE72820,COAD,14,2016/09/08,Gene expression analysis of human adenomas.,https://www.ncbi.nlm.nih.gov/geo/query/acc.cgi?acc=GSE72820
GSE81602,COAD,15,2016/08/03,A long noncoding RNA regulates sister chromatid cohesion,https://www.ncbi.nlm.nih.gov/geo/query/acc.cgi?acc=GSE81602
GSE81601,COAD,3,2016/08/03,A long noncoding RNA regulates sister chromatid cohesion [RNA-seq],https://www.ncbi.nlm.nih.gov/geo/query/acc.cgi?acc=GSE81601
GSE81513,COAD,12,2016/07/28,Splicing towards noncoding isoforms in colorectal carcinoma is associated with tumor hypoxia and the DNA damage response,https://www.ncbi.nlm.nih.gov/geo/query/acc.cgi?acc=GSE81513
GSE81795,COAD,87,2016/07/26,An epigenetic mark of polycomb response elements implemented by Trx/MLL/COMPASS,https://www.ncbi.nlm.nih.gov/geo/query/acc.cgi?acc=GSE81795
GSE83939,COAD,4,2016/07/01,mRNA-seq analysis of HCT116 cells following gene overexpression of IDO1 with or without Indole treatment,https://www.ncbi.nlm.nih.gov/geo/query/acc.cgi?acc=GSE83939
GSE57871,COAD,42,2016/06/30,RNA-seq analysis of vorinostat-resistant HCT116 cells following gene knockdown of GLI1 or PSMD13 with or without vorinostat treatment,https://www.ncbi.nlm.nih.gov/geo/query/acc.cgi?acc=GSE57871
GSE74369,COAD,53,2016/06/20,Tumor-derived circulating endothelial cell clusters in colorectal cancer,https://www.ncbi.nlm.nih.gov/geo/query/acc.cgi?acc=GSE74369
GSE77039,COAD,82,2016/06/10,Distinct gene regulatory programs define the inhibitory effects of LXRs and PPARG on cancer cell proliferation,https://www.ncbi.nlm.nih.gov/geo/query/acc.cgi?acc=GSE77039
GSE69036,COAD,8,2016/06/09,A positive regulatory loop between a Wnt-regulated non-coding RNA and ASCL2 controls intestinal stem cell fate,https://www.ncbi.nlm.nih.gov/geo/query/acc.cgi?acc=GSE69036
GSE68297,COAD,16,2016/06/02,PolyA RNAseq from HCT116 cells in normoxia and hypoxia,https://www.ncbi.nlm.nih.gov/geo/query/acc.cgi?acc=GSE68297
GSE81867,COAD,12,2016/05/26,miRNA-mediated expression switch of cell adhesion genes driven by microcirculation in chip,https://www.ncbi.nlm.nih.gov/geo/query/acc.cgi?acc=GSE81867
GSE69415,COAD,9,2016/05/26,Fra-1 is a key driver of colon cancer metastasis and a Fra-1 classifier predicts disease-free survival,https://www.ncbi.nlm.nih.gov/geo/query/acc.cgi?acc=GSE69415
GSE69236,COAD,7,2016/05/25,The lncRNA LUST promotes CCICs self-renewal stimulating the wnt/b-catenin signaling activation,https://www.ncbi.nlm.nih.gov/geo/query/acc.cgi?acc=GSE69236
GSE70833,COAD,4,2016/05/24,HCT116 MYC 3' TBE1 (WT) and KO RNA-Seq,https://www.ncbi.nlm.nih.gov/geo/query/acc.cgi?acc=GSE70833
GSE81266,COAD,77,2016/05/11,Ileal pouch transcriptomics reveal shared pathogenesis between pouchitis and ulcerative colitis,https://www.ncbi.nlm.nih.gov/geo/query/acc.cgi?acc=GSE81266
GSE67931,COAD,9,2016/05/05,Disruption of Na+/H+ exchanger regulatory factor 2 scaffold suppresses colon cancer proliferation,https://www.ncbi.nlm.nih.gov/geo/query/acc.cgi?acc=GSE67931
GSE75964,COAD,6,2016/05/01,H2O2-treated and untreated HCT116 cells,https://www.ncbi.nlm.nih.gov/geo/query/acc.cgi?acc=GSE75964
GSE75962,COAD,4,2016/05/01,RNA-seq Generated Transcriptional Profile of H2O2 Treated HCT116 vs. Untreated HCT116,https://www.ncbi.nlm.nih.gov/geo/query/acc.cgi?acc=GSE75962
GSE71801,COAD,3,2016/05/01,U1 snRNP regulates alternative polyadenylation in DNA damage response,https://www.ncbi.nlm.nih.gov/geo/query/acc.cgi?acc=GSE71801
GSE73398,COAD,109,2016/04/25,Fixed tissue ChIP-Seq (FiT-Seq) of archived clinical samples reveals chromatin dynamics and tumor-specific enhancer profiles,https://www.ncbi.nlm.nih.gov/geo/query/acc.cgi?acc=GSE73398
GSE57628,COAD,27,2016/04/12,Study of Topoisomerase I in human,https://www.ncbi.nlm.nih.gov/geo/query/acc.cgi?acc=GSE57628
GSE74999,COAD,76,2016/04/10,HDAC inhibitors cause site-specific chromatin remodeling at PU.1-bound enhancers in K562 cells,https://www.ncbi.nlm.nih.gov/geo/query/acc.cgi?acc=GSE74999
GSE76987,COAD,86,2016/04/08,Gene signature in sessile serrated polyps identifies colon cancer subtype,https://www.ncbi.nlm.nih.gov/geo/query/acc.cgi?acc=GSE76987
GSE77661,COAD,26,2016/03/04,RNA Sequencing Facilitates Quantitative Analysis of Transcriptomes in Human Normal and Cancerous Tissues,https://www.ncbi.nlm.nih.gov/geo/query/acc.cgi?acc=GSE77661
GSE78506,COAD,6,2016/02/26,24hr CA treatment vs. DMSO in HCT116 cells (from 'Identification of CDK8 and CDK19 substrates in human cells using cortistatin A and quantit,https://www.ncbi.nlm.nih.gov/geo/query/acc.cgi?acc=GSE78506
GSE76307,COAD,9,2016/02/01,Differential RNA-seq analysis comparing APC-defective and APC-restored SW480 colorectal cancer cells,https://www.ncbi.nlm.nih.gov/geo/query/acc.cgi?acc=GSE76307
GSE73318,COAD,36,2016/01/26,Gene expression analysis following JQ1 treatments in colon cancer lines,https://www.ncbi.nlm.nih.gov/geo/query/acc.cgi?acc=GSE73318
GSE57961,COAD,12,2016/01/25,"Bioreactor-engineered cancer tissues mimic phenotypes, gene expression profiles and drug resistance mechanisms detectable in xenografts and ",https://www.ncbi.nlm.nih.gov/geo/query/acc.cgi?acc=GSE57961
GSE72631,COAD,32,2016/01/12,Effects on the transcriptome upon deletion of distal elements are not correlated with the size of H3K27Ac peaks in human cells,https://www.ncbi.nlm.nih.gov/geo/query/acc.cgi?acc=GSE72631
GSE76420,COAD,56,2015/12/30,LncRNA DINO guides DNA damage signaling,https://www.ncbi.nlm.nih.gov/geo/query/acc.cgi?acc=GSE76420
GSE69333,COAD,12,2015/12/09,TET-catalyzed 5-hydroxymethylcytosine regulates gene expression in differentiating colonocytes and colon cancer,https://www.ncbi.nlm.nih.gov/geo/query/acc.cgi?acc=GSE69333
GSE75440,COAD,17,2015/12/03,Gene expression profiles in NORAD knockout and PUMILIO overexpressing cells,https://www.ncbi.nlm.nih.gov/geo/query/acc.cgi?acc=GSE75440
GSE73588,COAD,2,2015/11/09,HCT116 cells treated with the p97 inhibitior CB-5083,https://www.ncbi.nlm.nih.gov/geo/query/acc.cgi?acc=GSE73588
GSE64471,COAD,6,2015/11/02,Pericentromeric satellite repeat expansions through RNA-derived DNA intermediates in cancer,https://www.ncbi.nlm.nih.gov/geo/query/acc.cgi?acc=GSE64471
GSE68086,COAD,285,2015/10/30,"RNA-seq of tumor-educated platelets enables blood-based pan-cancer, multiclass and molecular pathway cancer diagnostics",https://www.ncbi.nlm.nih.gov/geo/query/acc.cgi?acc=GSE68086
GSE58989,COAD,12,2015/09/15,DNMT1-associated long non-coding RNA regulate global gene expression and DNA methylation in colon cancer,https://www.ncbi.nlm.nih.gov/geo/query/acc.cgi?acc=GSE58989
GSE62891,COAD,36,2015/08/28,Genome-wide expression profile of the Tet-On HCT116 inducible cell line that express either the human HNF4α2 or HNF4α8 under control of Doxy,https://www.ncbi.nlm.nih.gov/geo/query/acc.cgi?acc=GSE62891
GSE62889,COAD,21,2015/08/28,Genome-wide expression profile of the Tet-On HCT116 inducible cell line that express either the human HNF4α2 or HNF4α8 under control of Doxy,https://www.ncbi.nlm.nih.gov/geo/query/acc.cgi?acc=GSE62889
GSE72131,COAD,12,2015/08/17,Genome-wide map of H3K4me3 before and after methionine restriction in HCT116 cells.,https://www.ncbi.nlm.nih.gov/geo/query/acc.cgi?acc=GSE72131
GSE70408,COAD,61,2015/08/13,"PAF1, a molecular regulator of promoter-proximal pausing   by RNA Polymerase II",https://www.ncbi.nlm.nih.gov/geo/query/acc.cgi?acc=GSE70408
GSE69687,COAD,8,2015/08/12,Wnt addiction of genetically defined cancers reversed by PORCN inhibition,https://www.ncbi.nlm.nih.gov/geo/query/acc.cgi?acc=GSE69687
GSE67110,COAD,6,2015/07/21,p53 in colorectal cancer cells,https://www.ncbi.nlm.nih.gov/geo/query/acc.cgi?acc=GSE67110
GSE67109,COAD,2,2015/07/21,Genome-wide RNA-expression analysis after p53 activation in colorectal cancer cells.,https://www.ncbi.nlm.nih.gov/geo/query/acc.cgi?acc=GSE67109
GSE66209,COAD,74,2015/07/15,mRNA and small RNA associated with Crohn's disease behavior,https://www.ncbi.nlm.nih.gov/geo/query/acc.cgi?acc=GSE66209
GSE66207,COAD,33,2015/07/15,mRNA and small RNA associated with Crohn's disease behavior [RNA-Seq],https://www.ncbi.nlm.nih.gov/geo/query/acc.cgi?acc=GSE66207
GSE45162,COAD,8,2015/06/22,Mutational activation of a mechanosensitive megachannel drives metastatic cell survival.,https://www.ncbi.nlm.nih.gov/geo/query/acc.cgi?acc=GSE45162
GSE67945,COAD,12,2015/05/08,Investigation about fibroblasts of different origins in culture,https://www.ncbi.nlm.nih.gov/geo/query/acc.cgi?acc=GSE67945
GSE65253,COAD,108,2015/05/07,Prospective derivation of a 'Living Organoid Biobank' of colorectal cancer patients,https://www.ncbi.nlm.nih.gov/geo/query/acc.cgi?acc=GSE65253
GSE62518,COAD,6,2015/04/29,IL-33 activates tumor stroma to promote intestinal polyposis,https://www.ncbi.nlm.nih.gov/geo/query/acc.cgi?acc=GSE62518
GSE68027,COAD,11,2015/04/21,Small RNA mediated DNA (cytosine-5) methyltransferase 1 inhibition leads to aberrant DNA methylation,https://www.ncbi.nlm.nih.gov/geo/query/acc.cgi?acc=GSE68027
GSE57325,COAD,2,2015/04/02,BCLAF1 and its pre-mRNA splicing regulator SRSF10 both regulate tumorigenic capacity of human colon cancer cells,https://www.ncbi.nlm.nih.gov/geo/query/acc.cgi?acc=GSE57325
GSE59290,COAD,4,2015/02/28,MiRNA23B REGULATES SELF-RENEWAL AND CHEMORESISTANCE PROPERTIES OF COLON CANCER STEM CELLS,https://www.ncbi.nlm.nih.gov/geo/query/acc.cgi?acc=GSE59290
GSE57397,COAD,8,2015/02/20,Transriptional profiling upon heat shock and recovery in cells deficient for FBXW7 and their wild type counterpart.,https://www.ncbi.nlm.nih.gov/geo/query/acc.cgi?acc=GSE57397
GSE57399,COAD,21,2015/02/16,FBXW7 modulates stress response by post-translational modification of HSF1,https://www.ncbi.nlm.nih.gov/geo/query/acc.cgi?acc=GSE57399
GSE64039,COAD,18,2015/01/07,Altering cancer transcriptomes using epigenomic inhibitors,https://www.ncbi.nlm.nih.gov/geo/query/acc.cgi?acc=GSE64039
GSE63776,COAD,6,2015/01/07,Altering cancer transcriptomes using epigenomic inhibitors [RNA-Seq],https://www.ncbi.nlm.nih.gov/geo/query/acc.cgi?acc=GSE63776
GSE63314,COAD,23,2015/01/05,Stably-paused genes revealed through inhibition of transcription initiation by the TFIIH inhibitor Triptolide,https://www.ncbi.nlm.nih.gov/geo/query/acc.cgi?acc=GSE63314
GSE58507,COAD,4,2014/12/22,Genomewide analysis of the human p53 transcriptional network unveils a lncRNA tumor suppressor signature (RNA-seq),https://www.ncbi.nlm.nih.gov/geo/query/acc.cgi?acc=GSE58507
GSE58528,COAD,15,2014/12/18,Genomewide analysis of the human p53 transcriptional network unveils a lncRNA tumor suppressor signature,https://www.ncbi.nlm.nih.gov/geo/query/acc.cgi?acc=GSE58528
GSE58207,COAD,2,2014/12/01,PROTEOFORMER: deep proteome coverage through ribosome profiling and MS integration,https://www.ncbi.nlm.nih.gov/geo/query/acc.cgi?acc=GSE58207
GSE58107,COAD,8,2014/12/01,Characterization of human CDK12 and CDK13 in the regulation of RNA processing,https://www.ncbi.nlm.nih.gov/geo/query/acc.cgi?acc=GSE58107
GSE56660,COAD,4,2014/11/14,Establishment of Highly Tumorigenic Human Colorectal Cancer Cell Line (CR4) with Properties of Putative Cancer Stem Cells,https://www.ncbi.nlm.nih.gov/geo/query/acc.cgi?acc=GSE56660
GSE53172,COAD,2,2014/11/13,TET1 is a tumour suppressor that inhibits colon cancer growth by derepressing inhibitors of the WNT pathway,https://www.ncbi.nlm.nih.gov/geo/query/acc.cgi?acc=GSE53172
GSE59223,COAD,22,2014/10/21,Tumor cell-specific inhibition of MYC function using small molecule inhibitors of the HUWE1 ubiquitin ligase,https://www.ncbi.nlm.nih.gov/geo/query/acc.cgi?acc=GSE59223
GSE52429,COAD,2,2014/10/01,Functional Annotation of Colon Cancer Risk SNPs,https://www.ncbi.nlm.nih.gov/geo/query/acc.cgi?acc=GSE52429
GSE60106,COAD,11,2014/09/10,Global loss of DNA methylation uncovers intronic enhancers in genes,https://www.ncbi.nlm.nih.gov/geo/query/acc.cgi?acc=GSE60106
GSE50760,COAD,54,2014/08/31,Gene expression profiling study by RNA-seq in colorectal cancer,https://www.ncbi.nlm.nih.gov/geo/query/acc.cgi?acc=GSE50760
GSE60939,COAD,6,2014/08/30,"Potent antitumor activity of Cabozantinib, a c-MET and VEGFR2 Inhibitor, in a Colorectal Cancer Patient-derived Tumor Explant Model",https://www.ncbi.nlm.nih.gov/geo/query/acc.cgi?acc=GSE60939
GSE56788,COAD,45,2014/07/07,RNA-seq analysis of vorinostat-resistant HCT116 cells following gene knockdown of potential vorinostat-resistance candidate genes,https://www.ncbi.nlm.nih.gov/geo/query/acc.cgi?acc=GSE56788
GSE54074,COAD,6,2014/07/01,An atlas of TNF-α-responsive promoters and enhancers in the intestinal epithelial cell model Caco-2,https://www.ncbi.nlm.nih.gov/geo/query/acc.cgi?acc=GSE54074
GSE43093,COAD,3,2014/07/01,Direct ChIP-bisulfite sequencing reveals a role of H3K27me3 mediating aberrant hypermethylation of promoter CpG islands in cancer cells (RNA,https://www.ncbi.nlm.nih.gov/geo/query/acc.cgi?acc=GSE43093
GSE42735,COAD,18,2014/04/20,"Genome-wide transcriptome profiling of SK-Mel-28, UACC-62 and HCT-116 cells stably expressing scrambled shRNA and RAB7 shRNA",https://www.ncbi.nlm.nih.gov/geo/query/acc.cgi?acc=GSE42735
GSE50491,COAD,8,2014/02/28,Regulation of the KEAP1/NRF2 oxidative stress response pathway by BRD4 in prostate and colorectal cancer,https://www.ncbi.nlm.nih.gov/geo/query/acc.cgi?acc=GSE50491
GSE45334,COAD,25,2013/10/01,Genome-wide total RNA and MBD-sequencing in HCT116 and DKO cells as a global re-expression model,https://www.ncbi.nlm.nih.gov/geo/query/acc.cgi?acc=GSE45334
GSE45332,COAD,17,2013/10/01,Genome-wide total RNA and MBD-sequencing in HCT116 and DKO cells as a global re-expression model [RNA-Seq],https://www.ncbi.nlm.nih.gov/geo/query/acc.cgi?acc=GSE45332
GSE46622,COAD,36,2013/09/18,"High-throughput sequencing of matched colorectal normal, tumor and metastasis tissues and proof-of principal bioinformatics modeling of ther",https://www.ncbi.nlm.nih.gov/geo/query/acc.cgi?acc=GSE46622
GSE41588,COAD,18,2013/09/17,Expression data for HT29 cells treated with 5-aza-deoxy-cytidine,https://www.ncbi.nlm.nih.gov/geo/query/acc.cgi?acc=GSE41588
GSE41586,COAD,9,2013/09/17,Expression data for HT29 cells treated with 5-aza-deoxy-cytidine [RNA-Seq],https://www.ncbi.nlm.nih.gov/geo/query/acc.cgi?acc=GSE41586
GSE38101,COAD,10,2013/07/28,USP49 deubiquitinates histone H2B and regulates pre-mRNA splicing,https://www.ncbi.nlm.nih.gov/geo/query/acc.cgi?acc=GSE38101
GSE38100,COAD,2,2013/07/28,Examination of gene expression in wild type and USP49 knockdown cells [RNA-Seq],https://www.ncbi.nlm.nih.gov/geo/query/acc.cgi?acc=GSE38100
GSE38140,COAD,1,2013/03/01,GRO-seq from HCT116 cells,https://www.ncbi.nlm.nih.gov/geo/query/acc.cgi?acc=GSE38140
GSE39068,COAD,68,2012/10/26,Comparative genome-wide DNA methylation analysis of colorectal tumor and matched normal tissues,https://www.ncbi.nlm.nih.gov/geo/query/acc.cgi?acc=GSE39068
GSE33782,COAD,3,2012/08/21,"Transcriptome of normal,paracancerous and cancerous colon tissues based on RNA-seq method",https://www.ncbi.nlm.nih.gov/geo/query/acc.cgi?acc=GSE33782
GSE38447,COAD,9,2012/06/05,Cell type-specific binding patterns reveal that TCF7L2 can be tethered to the genome by association with GATA3,https://www.ncbi.nlm.nih.gov/geo/query/acc.cgi?acc=GSE38447
GSE28115,COAD,39,2012/05/24,CBX3 Regulates Efficient RNA Processing Genome Wide,https://www.ncbi.nlm.nih.gov/geo/query/acc.cgi?acc=GSE28115
GSE28254,COAD,15,2012/03/27,Sequential ChIP-bisulfite sequencing enables direct genome-scale investigation of chromatin and DNA methylation cross-talk,https://www.ncbi.nlm.nih.gov/geo/query/acc.cgi?acc=GSE28254
GSE36349,COAD,12,2012/03/09,"Integrated genome-wide analysis of transcription factor occupancy, RNA polymerase II binding and steady-state RNA levels identify differenti",https://www.ncbi.nlm.nih.gov/geo/query/acc.cgi?acc=GSE36349
GSE30786,COAD,4,2011/07/19,Determination of transcript abundance before and after serum induction in human HCT-116 colon cancer cell line.,https://www.ncbi.nlm.nih.gov/geo/query/acc.cgi?acc=GSE30786
GSE30268,COAD,34,2011/07/19,Dynamic transcriptional events in embryonic stem cells mediated by the super elongation complex (SEC).,https://www.ncbi.nlm.nih.gov/geo/query/acc.cgi?acc=GSE30268
GSE29580,COAD,4,2011/05/28,RNA-seq of two paired normal and cancer tissues in two stage III colorectal cancer patients,https://www.ncbi.nlm.nih.gov/geo/query/acc.cgi?acc=GSE29580
GSE23776,COAD,2,2010/08/25,Alternative expression analysis by RNA sequencing (comparison of 5-FU sensitive and resistant colorectal cancer cell lines),https://www.ncbi.nlm.nih.gov/geo/query/acc.cgi?acc=GSE23776
