accession,decision,cancer,n_samples,size,declares,reason,ambiguity,title,search_cancer
GSE284506,SKIP,LIHC,6,13.0 MB,culture,"the 'raw' counts contain decimals, so they are not counts; sample-type flag in the matrix header: CELL_LINE; the samples declare culture (CELL_LINE): huh7","the abstract mentions CELL_LINE, which the sample records did not confirm; the text points at LIHC, not CHOL; only 6 samples (< 10): small studies are usually mechanistic experiments on cell lines; the matrix has 14 numeric columns but GEO declares 6 samples",RNA sequencing of wild-type and FBXO32-knockout hepatocellul,LIHC
GSE241466,SKIP,LIHC,25,4.5 MB,tissue,"the 'raw' counts contain decimals, so they are not counts","the text points at LIHC, not CHOL",Transcriptomic profiling of the intermediate cell carcinoma ,LIHC
GSE221589,DOWNLOAD,CHOL,27,804.0 KB,tissue,tissue confirmed,,Human hepatocytes can give rise to intrahepatic cholangiocar,LIHC
GSE183635,SKIP,UNKNOWN,2351,41.0 MB,culture,the samples declare culture (NOT_TISSUE): blood_platelets_vumc-hd-101,"the abstract mentions NOT_TISSUE, which the sample records did not confirm; the abstract names no cancer type clearly; the counts are in .gz, which cannot be read from a byte range: check by hand that the values are whole and the columns are tissue",Detection and localization of early- and late-stage cancers ,LIHC
GSE179443,SKIP,CHOL,137,31.0 MB,tissue,"the 'raw' counts contain decimals, so they are not counts",,Molecular and radiopathologic spectrum between HCC and intra,LIHC
GSE184539,SKIP,LIHC,2,152.0 KB,culture,the samples declare culture (NON_HUMAN): umbilical vein,"the abstract mentions NON_HUMAN, which the sample records did not confirm; the text points at LIHC, not CHOL; only 2 samples (< 10): small studies are usually mechanistic experiments on cell lines",Transcriptome analysis of liver tumors derived from human in,LIHC
GSE168997,SKIP,LIHC,9,435.0 KB,culture,sample-type flag in the matrix header: CELL_LINE; the samples declare culture: human umbilical vein endothelial cells,"the abstract mentions CELL_LINE, which the sample records did not confirm; the text points at LIHC, not CHOL; only 9 samples (< 10): small studies are usually mechanistic experiments on cell lines",Transcriptome analysis of human induced liver cancer-forming,LIHC
GSE148355,AMBIGUOUS,LIHC,128,33.8 MB,tissue,"the text points at LIHC, not CHOL","the text points at LIHC, not CHOL",Preoperative immune landscape predisposes adverse outcomes i,LIHC
GSE215307,SKIP,UNKNOWN,375,31.0 MB,culture,"the samples declare culture (CELL_LINE, XENOGRAFT): subcutaneous tumor","the abstract mentions XENOGRAFT, which the sample records did not confirm; the abstract names no cancer type clearly",Cancer-Associated Fibroblasts are the Main Source of Epithel,LIHC
GSE291188,SKIP,PAAD,24,10.0 MB,culture,the samples declare culture (CELL_LINE): bxpc-3,,Unravelling the antitumor mechanism of Ocoxin through cancer,LIHC
GSE82110,SKIP,PAAD,12,613.0 KB,culture,the samples declare culture (CELL_LINE): hepg2,"the abstract mentions CELL_LINE, which the sample records did not confirm",Acriflavine inhibits the epithelial-to-mesenchymal transitio,LIHC
GSE82104,SKIP,PAAD,9,497.0 KB,culture,"the samples declare culture (CELL_LINE): panc-1 pancreatic cancer cell line (atcc, crl-1469)","the abstract mentions CELL_LINE, which the sample records did not confirm; only 9 samples (< 10): small studies are usually mechanistic experiments on cell lines",Acriflavine inhibits the epithelial-to-mesenchymal transitio,LIHC
GSE299345,SKIP,UNKNOWN,18,563.0 KB,culture,the samples declare culture (CELL_LINE): mhcc-97h,the abstract names no cancer type clearly,Exon Skipping of Ste20-Like Kinase Enhances Glycolysis and T,LIHC
GSE245139,SKIP,UNKNOWN,45,28.6 MB,culture,"the 'raw' counts contain decimals, so they are not counts; the samples declare another organ: leukemi","the abstract mentions NOT_TISSUE, which the sample records did not confirm; the abstract names no cancer type clearly; the matrix has 124 numeric columns but GEO declares 45 samples",Long circulating RNAs identified as biomarker candidates for,LIHC
GSE255122,SKIP,ESCA,13,1.1 MB,tissue,"the 'raw' counts contain decimals, so they are not counts","the text points at ESCA, not COAD",Cancer-associated fibroblasts reveal aberrant DNA methylatio,LIHC
GSE219194,SKIP,COAD,6,311.0 KB,culture,sample-type flag in the matrix header: CELL_LINE; the samples declare culture (CELL_LINE): ipsc-ec,only 6 samples (< 10): small studies are usually mechanistic experiments on cell lines,SND1 is a novel regulator of endothelial function,LIHC
GSE232386,SKIP,LIHC,8,347.0 KB,culture,the samples declare culture (CELL_LINE): hct116,"the text points at LIHC, not COAD; only 8 samples (< 10): small studies are usually mechanistic experiments on cell lines","Transcriptomic analysis of tumor self-seeded cells, primary ",LIHC
GSE255163,DOWNLOAD,COAD,30,2.2 MB,tissue,tissue confirmed,,Th17 cells secrete TWEAK to trigger epithelial-mesenchymal t,LIHC
GSE254461,AMBIGUOUS,UNKNOWN,57,3.0 MB,tissue,the abstract names no cancer type clearly,the abstract names no cancer type clearly,Machine-learning model based on glycosyltransferase expressi,LIHC
GSE243245,SKIP,LIHC,123,3.4 MB,tissue,sample-type flag in the matrix header: CELL_LINE,"the text points at LIHC, not COAD",Crosstalk between myeloid and B cells shapes the distinct mi,LIHC
GSE154936,SKIP,UNKNOWN,24,722.0 KB,culture,sample-type flag in the matrix header: CELL_LINE; the samples declare culture (CELL_LINE): hct116,"the abstract mentions CELL_LINE, which the sample records did not confirm; the abstract names no cancer type clearly",Elucidation of remdesivir cytotoxicity pathways through geno,LIHC
GSE92432,AMBIGUOUS,COAD,10,722.0 KB,unstated,"the abstract mentions SINGLE_CELL, which the sample records did not confirm; the first column does not look like gene identifiers; the samples declare neither tissue nor cell line, so the type could not be confirmed","the abstract mentions SINGLE_CELL, which the sample records did not confirm; the first column does not look like gene identifiers; the samples declare neither tissue nor cell line, so the type could not be confirmed",An optimization system for isolating and sequencing of singl,LIHC
GSE328985,SKIP,LIHC,30,1.6 MB,culture,sample-type flag in the matrix header: CELL_LINE; the samples declare culture (CELL_LINE): thp-1,"the abstract mentions NON_HUMAN, SINGLE_CELL, NOT_TISSUE, which the sample records did not confirm",CASP10-mediated suppression of GSDME-dependent pyroptosis sh,LIHC
GSE348104,SKIP,LIHC,27,1.6 MB,culture,"the samples declare culture (CELL_LINE, ORGANOID): g351n","the abstract mentions ORGANOID, SINGLE_CELL, which the sample records did not confirm; the counts are in .gz, which cannot be read from a byte range: check by hand that the values are whole and the columns are tissue",Age-dependent differences in SARS-CoV-2 entry-factor express,LIHC
GSE346879,SKIP,LIHC,6,688.0 KB,culture,the samples declare culture (CELL_LINE): hep 3b2.1-7,"the abstract mentions CELL_LINE, which the sample records did not confirm; only 6 samples (< 10): small studies are usually mechanistic experiments on cell lines",RNA-sequencing analysis of BMP8B-overexpressing Hep 3B2.1-7 ,LIHC
GSE347432,SKIP,UNKNOWN,20,4.9 MB,culture,sample-type flag in the matrix header: CELL_LINE; the samples declare culture (CELL_LINE): k562,"the abstract mentions CELL_LINE, SINGLE_CELL, which the sample records did not confirm; the abstract names no cancer type clearly; the first column does not look like gene identifiers",Genetic variants within silencer elements contribute to huma,LIHC
GSE237514,SKIP,LIHC,6,7.4 MB,culture,"the 'raw' counts contain decimals, so they are not counts; the samples declare culture (CELL_LINE): hepg2","the abstract mentions CELL_LINE, which the sample records did not confirm; only 6 samples (< 10): small studies are usually mechanistic experiments on cell lines",Effect of overexpression of SUV39H1 on gene expression of He,LIHC
GSE314964,SKIP,LIHC,12,2.1 MB,culture,the samples declare culture (CELL_LINE): hepg2,"the abstract mentions CELL_LINE, which the sample records did not confirm",Prolonged methionine restriction induces liver cancer persis,LIHC
GSE346671,SKIP,COAD,24,635.0 KB,culture,sample-type flag in the matrix header: CELL_LINE; the samples declare another organ: cervi,"the abstract mentions CELL_LINE, which the sample records did not confirm; the text points at COAD, not LIHC; the first column does not look like gene identifiers",The NF-κB isoform p65 iso5 is associated with distinct trans,LIHC
GSE325037,SKIP,LIHC,6,383.0 KB,culture,"the 'raw' counts contain decimals, so they are not counts; the samples declare culture (CELL_LINE): huh7","the abstract mentions CELL_LINE, which the sample records did not confirm; only 6 samples (< 10): small studies are usually mechanistic experiments on cell lines",Development of Oligo-PROTACs that target C/EBPα,LIHC
GSE315394,SKIP,LIHC,6,1.4 MB,culture,sample-type flag in the matrix header: CELL_LINE; the samples declare culture (CELL_LINE): hepg2,"the abstract mentions CELL_LINE, which the sample records did not confirm; only 6 samples (< 10): small studies are usually mechanistic experiments on cell lines",Effects of OLFM2B knockout on malignant phenotypes and under,LIHC
GSE344335,SKIP,LIHC,4,676.0 KB,culture,"the 'raw' counts contain decimals, so they are not counts; sample-type flag in the matrix header: CELL_LINE; the samples declare culture (CELL_LINE): hepg2","the abstract mentions CELL_LINE, which the sample records did not confirm; only 4 samples (< 10): small studies are usually mechanistic experiments on cell lines",Comparative transcriptomic analysis of GPC3 wild-type and kn,LIHC
GSE338648,SKIP,LIHC,46,1.7 MB,culture,the gene identifiers are ENSMUSG: this is mouse data; sample-type flag in the matrix header: CELL_LINE; the samples declare culture (CELL_LINE): hepatocytes,"the abstract mentions CELL_LINE, XENOGRAFT, NON_HUMAN, which the sample records did not confirm",Hepatocyte MLKL Drives Obesity-Driven Hepatocellular Carcino,LIHC
GSE304303,SKIP,LIHC,2,140.2 KB,culture,the samples declare culture (CELL_LINE): huh7,"the abstract mentions CELL_LINE, which the sample records did not confirm; only 2 samples (< 10): small studies are usually mechanistic experiments on cell lines",Effect of  homochlorcyclizine dihydrochloride treatment on g,LIHC
GSE328880,SKIP,LIHC,4,784.0 KB,culture,"the 'raw' counts contain decimals, so they are not counts; the samples declare culture (CELL_LINE, ORGANOID): hepg2","the abstract mentions CELL_LINE, NOT_RNASEQ, which the sample records did not confirm; only 4 samples (< 10): small studies are usually mechanistic experiments on cell lines",Methylation-mediated regulation of tumor-suppressor function,LIHC
GSE303422,SKIP,LIHC,6,360.0 KB,culture,sample-type flag in the matrix header: CELL_LINE; the samples declare culture (CELL_LINE): huh7,"the abstract mentions CELL_LINE, NOT_RNASEQ, which the sample records did not confirm; only 6 samples (< 10): small studies are usually mechanistic experiments on cell lines",Copy Number Gains of VPS72 Drive De Novo Lipogenesis and Hep,LIHC
GSE300717,SKIP,LIHC,17,5.8 MB,culture,sample-type flag in the matrix header: CELL_LINE; the samples declare culture (CELL_LINE): hepg2,"the abstract mentions CELL_LINE, NOT_RNASEQ, which the sample records did not confirm",RNA-seq and ATAC-seq analysis of 5-azacytidine-treated HepG2,LIHC
GSE341780,SKIP,LIHC,6,13.0 MB,culture,the samples declare culture (CELL_LINE): hep3b,"the abstract mentions NON_HUMAN, which the sample records did not confirm; only 6 samples (< 10): small studies are usually mechanistic experiments on cell lines; the counts are in .xlsx, which cannot be read from a byte range: check by hand that the values are whole and the columns are tissue",ERα/miR-26a/ANKRD52 axis regulates progression of MASH- asso,LIHC
GSE324107,SKIP,LIHC,20,4.1 MB,culture,sample-type flag in the matrix header: CELL_LINE; the samples declare culture (CELL_LINE): huh7,"the abstract mentions CELL_LINE, NOT_TISSUE, which the sample records did not confirm",Comparable Transcriptomic Profiles of HepaRG and HuH7 Cells ,LIHC
GSE319902,SKIP,LIHC,20,1.6 MB,culture,the samples declare culture (CELL_LINE): homo sapiens hepg2 hepatocellular carcinoma cells,,FOXA2 potently represses NF-κB–dependent transcription from ,LIHC
GSE337438,SKIP,LIHC,15,752.0 KB,culture,sample-type flag in the matrix header: CELL_LINE; the samples declare culture (CELL_LINE): hepg2,"the abstract mentions XENOGRAFT, NON_HUMAN, which the sample records did not confirm",Tumor-selective protein translation of mRNA drugs for target,LIHC
GSE336019,SKIP,LIHC,8,618.0 KB,culture,the samples declare culture (CELL_LINE): hepg2,"the abstract mentions CELL_LINE, which the sample records did not confirm; only 8 samples (< 10): small studies are usually mechanistic experiments on cell lines",Gene expression profiling of NAT10 knockdown in HepG2 hepato,LIHC
GSE334651,AMBIGUOUS,LIHC,120,27.0 MB,tissue,"the counts are in .xlsx, which cannot be read from a byte range: check by hand that the values are whole and the columns are tissue","the counts are in .xlsx, which cannot be read from a byte range: check by hand that the values are whole and the columns are tissue",Alternative splicing- and gene fusion-derived neoepitopes in,LIHC
GSE331257,SKIP,UNKNOWN,24,5.7 MB,culture,"the 'raw' counts contain decimals, so they are not counts; the samples declare culture (CELL_LINE): hepg2/c3a, s2","the abstract mentions CELL_LINE, NOT_RNASEQ, which the sample records did not confirm; the abstract names no cancer type clearly; the first column does not look like gene identifiers",Histone succinylation directly inhibits Jumonji domain demet,LIHC
GSE319107,SKIP,LIHC,6,331.0 KB,culture,"the 'raw' counts contain decimals, so they are not counts; the samples declare culture (CELL_LINE): huh-7",only 6 samples (< 10): small studies are usually mechanistic experiments on cell lines,The APC/C subunit APC7 promotes hepatocellular carcinoma pro,LIHC
GSE255617,SKIP,LIHC,40,5.6 MB,culture,"the 'raw' counts contain decimals, so they are not counts; sample-type flag in the matrix header: CELL_LINE; the samples declare culture (CELL_LINE): hepg2","the abstract mentions CELL_LINE, which the sample records did not confirm","Development of novel Hepatocellular Carcinoma drugs, JNK-IN-",LIHC
GSE327600,SKIP,LIHC,4,1.7 MB,culture,the samples declare culture (CELL_LINE): mhcc97-h cells,"only 4 samples (< 10): small studies are usually mechanistic experiments on cell lines; the counts are in .xlsx, which cannot be read from a byte range: check by hand that the values are whole and the columns are tissue",Evaluation of clofazimine treatment on functional gene trans,LIHC
GSE327595,SKIP,LIHC,6,2.4 MB,culture,the samples declare culture (CELL_LINE): mhcc97-h cells,"only 6 samples (< 10): small studies are usually mechanistic experiments on cell lines; the counts are in .xlsx, which cannot be read from a byte range: check by hand that the values are whole and the columns are tissue",The homeostasis of endoplasmic reticulum stress and autophag,LIHC
GSE282603,SKIP,LIHC,6,11.0 MB,culture,the samples declare culture (CELL_LINE): mhcc97h,"the abstract mentions CELL_LINE, which the sample records did not confirm; only 6 samples (< 10): small studies are usually mechanistic experiments on cell lines; the first column does not look like gene identifiers",A new insight into Glutamine promoting tumor proliferation: ,LIHC
GSE326605,SKIP,LIHC,4,23.1 MB,culture,sample-type flag inside filelist.txt: SINGLE_CELL; the samples declare culture: blood,"the abstract mentions NON_HUMAN, SINGLE_CELL, which the sample records did not confirm; only 4 samples (< 10): small studies are usually mechanistic experiments on cell lines; the first column does not look like gene identifiers; the matrix has 11987 numeric columns but GEO declares 4 samples",Bile acid uptake activates STAT signaling and impairs natura,LIHC
GSE320255,SKIP,UNKNOWN,14,699.0 KB,culture,sample-type flag in the matrix header: CELL_LINE; the samples declare culture (CELL_LINE): nugc4,"the abstract mentions NOT_RNASEQ, which the sample records did not confirm; the abstract names no cancer type clearly",Pan-Cancer Analysis Reveals Mutation-Driven TE Dysregulation,LIHC
GSE287319,DOWNLOAD,LIHC,12,1.1 MB,tissue,tissue confirmed,,MVI-targeted carbon-ion radiotherapy combined with immunothe,LIHC
GSE305835,SKIP,LIHC,11,6.2 MB,culture,the samples declare another organ: kidney,"the abstract mentions CELL_LINE, which the sample records did not confirm",NAE1/UBA3-UBE2M are E1 and E2 Enzymes for the Urm1 Modificat,LIHC
GSE300628,SKIP,UNKNOWN,60,3.6 MB,culture,"the 'raw' counts contain decimals, so they are not counts; the samples declare another organ: breast","the abstract mentions CELL_LINE, which the sample records did not confirm; the abstract names no cancer type clearly; the matrix has 22 numeric columns but GEO declares 60 samples",HER2 heterogeneous breast cancer models reveal novel therape,LIHC
GSE261882,SKIP,STAD,4,872.0 KB,culture,the samples declare another organ: glioblastoma,"the text points at STAD, not LIHC; only 4 samples (< 10): small studies are usually mechanistic experiments on cell lines; the first column does not look like gene identifiers",MAGED2 mediates AKT pathway regulates the biological functio,LIHC
GSE297965,SKIP,LIHC,6,7.4 MB,culture,the samples declare culture (CELL_LINE): huh7,"the abstract mentions CELL_LINE, which the sample records did not confirm; only 6 samples (< 10): small studies are usually mechanistic experiments on cell lines; the matrix has 3997 numeric columns but GEO declares 6 samples",Effect of overepression of HK1 in hepatocellular carcinoma c,LIHC
GSE324401,SKIP,LIHC,48,4.9 MB,culture,sample-type flag in the matrix header: CELL_LINE; the samples declare culture (CELL_LINE): hepg2,"the abstract mentions CELL_LINE, which the sample records did not confirm",Evaluation of the immortalized primary human hepatocyte cell,LIHC
GSE311354,SKIP,UNKNOWN,18,2.0 MB,culture,"the identifiers are transcripts, not genes; sample-type flag in the matrix header: CELL_LINE; the samples declare culture (CELL_LINE): hepg2","the abstract mentions CELL_LINE, which the sample records did not confirm; the abstract names no cancer type clearly",A personalized therapeutic approach for cancer containing th,LIHC
GSE322668,SKIP,LIHC,6,6.4 MB,culture,the samples declare culture (CELL_LINE): hu7,only 6 samples (< 10): small studies are usually mechanistic experiments on cell lines,A Positive Feedback Loop Between TKT and c-Myc Drives TACE R,LIHC
GSE277540,SKIP,LIHC,8,1.6 MB,culture,"the 'raw' counts contain decimals, so they are not counts; sample-type flag in the matrix header: CELL_LINE; the samples declare culture (CELL_LINE): hep3b","the abstract mentions CELL_LINE, XENOGRAFT, NON_HUMAN, which the sample records did not confirm; only 8 samples (< 10): small studies are usually mechanistic experiments on cell lines",GSK3β-Mediated Phosphorylation of SOX4 and Its Interaction w,LIHC
GSE309947,SKIP,LIHC,19,1.5 MB,culture,"the 'raw' counts contain decimals, so they are not counts; the samples declare culture (CELL_LINE): heparg","the abstract mentions CELL_LINE, which the sample records did not confirm",Knockdown of RNA editing proteins reshapes the HepaRG transc,LIHC
GSE319486,SKIP,LIHC,18,554.0 KB,culture,the samples declare culture (CELL_LINE): nm53,"the abstract mentions CELL_LINE, NON_HUMAN, which the sample records did not confirm; the first column does not look like gene identifiers",Histone methyl-transferase G9a inhibition boosts the efficac,LIHC
GSE317207,SKIP,LIHC,33,4.7 MB,tissue,"the 'raw' counts contain decimals, so they are not counts",,Transcriptomic profiling of human hepatocellular carcinoma b,LIHC
GSE313961,SKIP,LIHC,8,4.1 MB,culture,the samples declare culture (CELL_LINE): sk-hep1,"the abstract mentions CELL_LINE, which the sample records did not confirm; only 8 samples (< 10): small studies are usually mechanistic experiments on cell lines; the counts are in .xlsx, which cannot be read from a byte range: check by hand that the values are whole and the columns are tissue",Endotrophin and CD44-Mediated Heterotypic Signaling Mediates,LIHC
GSE317443,AMBIGUOUS,LIHC,20,2.0 MB,tissue,"the counts are in .xlsx, which cannot be read from a byte range: check by hand that the values are whole and the columns are tissue","the counts are in .xlsx, which cannot be read from a byte range: check by hand that the values are whole and the columns are tissue",Multi-Omics SMR and Experimental supportive analyses Deciphe,LIHC
GSE295911,SKIP,UNKNOWN,12,353.0 B,culture,the samples declare culture (CELL_LINE): huh7,"the abstract mentions NOT_RNASEQ, which the sample records did not confirm; the abstract names no cancer type clearly",The two-step purification method ViREn identifies a single N,LIHC
GSE316455,SKIP,LIHC,4,5.1 MB,culture,sample-type flag in the matrix header: CELL_LINE; the samples declare culture (CELL_LINE): mhcc-97h,"the abstract mentions NOT_TISSUE, which the sample records did not confirm; only 4 samples (< 10): small studies are usually mechanistic experiments on cell lines; the matrix has 10 numeric columns but GEO declares 4 samples",Hypoxia-induced CD147-enriched migrasomes promote sorafenib ,LIHC
GSE299060,SKIP,LIHC,6,2.1 MB,culture,sample-type flag in the matrix header: CELL_LINE; the samples declare another organ: lung,"the abstract mentions CELL_LINE, which the sample records did not confirm; only 6 samples (< 10): small studies are usually mechanistic experiments on cell lines",Elucidating the mechanisms underlying KRT19 contributes to N,LIHC
GSE298926,SKIP,LIHC,8,2.3 MB,culture,the samples declare another organ: lung,"the abstract mentions CELL_LINE, which the sample records did not confirm; only 8 samples (< 10): small studies are usually mechanistic experiments on cell lines",Elucidating the mechanisms underlying KRT19 contributes to N,LIHC
GSE315939,SKIP,UNKNOWN,5,531.0 MB,culture,the samples declare another organ: kidney,"the abstract mentions SINGLE_CELL, which the sample records did not confirm; the abstract names no cancer type clearly; only 5 samples (< 10): small studies are usually mechanistic experiments on cell lines; the counts are in .h5ad, which cannot be read from a byte range: check by hand that the values are whole and the columns are tissue",Scalable single-cell total RNA sequencing unifies coding and,LIHC
GSE315789,SKIP,LIHC,6,322.0 KB,culture,sample-type flag in the matrix header: CELL_LINE; the samples declare culture: human primary hepatic stellate cell,"the abstract mentions CELL_LINE, which the sample records did not confirm; only 6 samples (< 10): small studies are usually mechanistic experiments on cell lines",An α-specific PI3K inhibitor improves chemotherapy efficacy ,LIHC
GSE315518,SKIP,LIHC,6,290.0 KB,culture,"the 'raw' counts contain decimals, so they are not counts; the samples declare culture (CELL_LINE): hepg2","the abstract mentions CELL_LINE, which the sample records did not confirm; only 6 samples (< 10): small studies are usually mechanistic experiments on cell lines",Daphnetin sensitizes hepatocellular carcinoma cells to chemo,LIHC
GSE156448,SKIP,LIHC,12,48.0 MB,culture,the samples declare another organ: prostate,the first column does not look like gene identifiers,Transcriptomic profiling of human senescent cells upon medic,LIHC
GSE301049,AMBIGUOUS,UNKNOWN,12,573.0 KB,tissue,the abstract names no cancer type clearly,the abstract names no cancer type clearly,"Fructose-1,6-Bisphosphate Aldolase B (ALDOB) Regulates Hepat",LIHC
GSE291833,SKIP,LIHC,15,4.0 MB,culture,"the 'raw' counts contain decimals, so they are not counts; the samples declare culture (CELL_LINE, XENOGRAFT): huh7 xenograft","the abstract mentions CELL_LINE, which the sample records did not confirm; the matrix has 6 numeric columns but GEO declares 15 samples",Transcriptomics-based Screening and Novel compound for Hepat,LIHC
GSE287510,SKIP,UNKNOWN,6,490.0 KB,culture,"the 'raw' counts contain decimals, so they are not counts; the samples declare culture (CELL_LINE): hepg2","the abstract mentions CELL_LINE, which the sample records did not confirm; the abstract names no cancer type clearly; only 6 samples (< 10): small studies are usually mechanistic experiments on cell lines",Gene expression analysis of HepG2 cells overexpressing TAF2,LIHC
GSE302752,SKIP,LIHC,76,4.4 MB,unstated,"the samples declare another organ: breast, melanoma, ovar, renal, thyroid",,"Safety, feasibility and pharmacodynamic activity of intratum",LIHC
GSE296996,SKIP,LIHC,10,510.0 KB,culture,sample-type flag in the matrix header: CELL_LINE; the samples declare culture (CELL_LINE): hepg2,"the abstract mentions CELL_LINE, which the sample records did not confirm",Gene expression profiling of tunicamycin-induced ER stress i,LIHC
GSE312078,SKIP,LIHC,6,3.5 MB,culture,"the 'raw' counts contain decimals, so they are not counts; the samples declare culture (CELL_LINE): huh-7","the abstract mentions CELL_LINE, which the sample records did not confirm; only 6 samples (< 10): small studies are usually mechanistic experiments on cell lines",The effect of ALKBH5 overexpression on gene expression in th,LIHC
GSE312291,SKIP,LIHC,10,1.2 MB,culture,"the 'raw' counts contain decimals, so they are not counts; the samples declare culture (CELL_LINE): huh7",,A Novel Function of the Branched-Chain Fatty Acid iso15:0 in,LIHC
GSE290907,AMBIGUOUS,LIHC,30,3.7 MB,tissue,"the counts are in .xlsx, which cannot be read from a byte range: check by hand that the values are whole and the columns are tissue","the counts are in .xlsx, which cannot be read from a byte range: check by hand that the values are whole and the columns are tissue",ZDHHC12 palmitoylates HDAC8 and promotes the development of ,LIHC
GSE272510,AMBIGUOUS,LIHC,6,799.0 KB,tissue,the first column does not look like gene identifiers,the first column does not look like gene identifiers,Lysine metabolism reprogramming reshapes the immune microenv,LIHC
GSE237331,DOWNLOAD,LIHC,50,6.9 MB,tissue,tissue confirmed,,Transcriptional profiling of liver biopsies of precancerous ,LIHC
GSE237330,DOWNLOAD,LIHC,56,6.8 MB,tissue,tissue confirmed,,Transcriptional profiling of liver biopsies of precancerous ,LIHC
GSE282171,SKIP,LIHC,28,26.8 MB,culture,sample-type flag inside filelist.txt: SINGLE_CELL; the samples declare culture (CELL_LINE): hep3b,"the abstract mentions CELL_LINE, NON_HUMAN, which the sample records did not confirm; the matrix has 6 numeric columns but GEO declares 28 samples",Depression and Anxiety-Induced Metabolic Reprogramming Promo,LIHC
GSE195997,SKIP,LIHC,9,875.0 KB,culture,the samples declare culture (CELL_LINE): hep3b,"the abstract mentions NON_HUMAN, which the sample records did not confirm; only 9 samples (< 10): small studies are usually mechanistic experiments on cell lines",HIF Inhibitor 32-134D Combined with Anti-PD1 Therapy Blocks ,LIHC
GSE309813,SKIP,LIHC,6,520.0 KB,culture,sample-type flag in the matrix header: CELL_LINE; the samples declare culture (CELL_LINE): hepg2,"the abstract mentions CELL_LINE, NOT_RNASEQ, which the sample records did not confirm; only 6 samples (< 10): small studies are usually mechanistic experiments on cell lines",Deoxyguanosine Kinase Deficiency Couples Purine Metabolism t,LIHC
GSE281511,SKIP,LIHC,44,1.3 MB,culture,the samples declare culture (CELL_LINE): hcclm3,,RNA seq of liver cancer cells treated with different concent,LIHC
GSE273719,SKIP,UNKNOWN,28,855.0 KB,culture,the samples declare culture (CELL_LINE): smmc-7721,"the abstract mentions CELL_LINE, which the sample records did not confirm; the abstract names no cancer type clearly",FOCAS: Transcriptome-wide screening of individual m6A sites ,LIHC
GSE296904,SKIP,LIHC,16,2.7 MB,culture,the samples declare culture (CELL_LINE): ipsc-derived hepatoblast,"the abstract mentions CELL_LINE, which the sample records did not confirm","PAGE4, upregulated in a novel iPSC-derived hepatoblastoma mo",LIHC
GSE285963,DOWNLOAD,LIHC,84,2.9 MB,tissue,tissue confirmed,,Transcriptome profile of hepatocellular carcinoma in patient,LIHC
GSE278324,AMBIGUOUS,LIHC,6,38.0 MB,tissue,the first column does not look like gene identifiers; the matrix has 20774 numeric columns but GEO declares 6 samples,the first column does not look like gene identifiers; the matrix has 20774 numeric columns but GEO declares 6 samples,Gene regulatory network analysis on snRNAseq revealed key re,LIHC
GSE308098,SKIP,LIHC,16,629.0 KB,culture,sample-type flag in the matrix header: CELL_LINE; the samples declare culture (CELL_LINE): hepg2,"the abstract mentions CELL_LINE, XENOGRAFT, NON_HUMAN, which the sample records did not confirm",Dual edged mechanisms of a tomatine in hepatocellular carcin,LIHC
GSE302495,DOWNLOAD,LIHC,70,3.6 MB,tissue,tissue confirmed,,Nivolumab plus ipilimumab for potentially resectable hepatoc,LIHC
GSE306477,DOWNLOAD,LIHC,21,1.1 MB,tissue,tissue confirmed,,Mechanistic models position ceritinib as a nuclear integrity,LIHC
GSE298154,SKIP,LIHC,13,4.1 MB,culture,the samples declare culture (CELL_LINE): liver,"the abstract mentions CELL_LINE, which the sample records did not confirm; the counts are in .xlsx, which cannot be read from a byte range: check by hand that the values are whole and the columns are tissue",HCC-derived SNU cell lines as model systems to study HBV lif,LIHC
GSE290065,SKIP,LIHC,6,819.0 KB,culture,"the 'raw' counts contain decimals, so they are not counts; the samples declare culture (CELL_LINE): jhh-4","the abstract mentions CELL_LINE, which the sample records did not confirm; the title is about non-coding RNA, so gene-level counts may be a by-product; only 6 samples (< 10): small studies are usually mechanistic experiments on cell lines; the matrix has 14 numeric columns but GEO declares 6 samples",MicroRNA-372-3p impairs fatty acid metabolism in hepatocellu,LIHC
GSE242315,DOWNLOAD,LIHC,71,13.3 MB,tissue,tissue confirmed,,Gene expression of hepatocellular carcinoma tissue in China ,LIHC
GSE278334,SKIP,LIHC,6,5.1 MB,culture,the samples declare culture (CELL_LINE): hepg2,"the abstract mentions CELL_LINE, NON_HUMAN, which the sample records did not confirm; only 6 samples (< 10): small studies are usually mechanistic experiments on cell lines; the matrix has 466 numeric columns but GEO declares 6 samples",GFAT1 promotes the progression of hepatocellular carcinoma v,LIHC
GSE299215,SKIP,LIHC,44,2.1 MB,culture,the samples declare culture (CELL_LINE): huh7,,E7386 enhances lenvatinib’s antitumor activity in preclinica,LIHC
GSE293802,SKIP,UNKNOWN,18,7.5 MB,culture,the samples declare culture (CELL_LINE): hepg2,"the abstract mentions CELL_LINE, which the sample records did not confirm; the abstract names no cancer type clearly; the first column does not look like gene identifiers",Integrative analysis of RNA binding proteins identifies DDX5,LIHC
GSE285415,AMBIGUOUS,LIHC,6,308.0 KB,unstated,"the abstract mentions NON_HUMAN, which the sample records did not confirm; only 6 samples (< 10): small studies are usually mechanistic experiments on cell lines; the samples declare neither tissue nor cell line, so the type could not be confirmed","the abstract mentions NON_HUMAN, which the sample records did not confirm; only 6 samples (< 10): small studies are usually mechanistic experiments on cell lines; the samples declare neither tissue nor cell line, so the type could not be confirmed",Intracellular Interleukin-1α in Peritumoral Monocytes Induce,LIHC
GSE250410,SKIP,LIHC,24,594.0 KB,culture,sample-type flag in the matrix header: CELL_LINE; the samples declare culture (CELL_LINE): a549,"the abstract mentions CELL_LINE, which the sample records did not confirm","Transcriptome Analysis of Herbs Pulsatilla chinensis, Bupleu",LIHC
GSE273253,SKIP,LIHC,9,1.7 MB,culture,"the 'raw' counts contain decimals, so they are not counts; the samples declare culture (CELL_LINE): hepg2","the abstract mentions CELL_LINE, which the sample records did not confirm; the title is about non-coding RNA, so gene-level counts may be a by-product; only 9 samples (< 10): small studies are usually mechanistic experiments on cell lines",Long non-coding RNA TUG1 regulates multiple glycolytic enzym,LIHC
GSE269949,SKIP,UNKNOWN,9,5.7 MB,culture,sample-type flag in the matrix header: CELL_LINE; the samples declare culture (CELL_LINE): huh-7,"the abstract mentions CELL_LINE, NOT_TISSUE, which the sample records did not confirm; the abstract names no cancer type clearly; only 9 samples (< 10): small studies are usually mechanistic experiments on cell lines",Human hepatoma Huh-7 cell culture models deficient in apolip,LIHC
GSE210156,SKIP,LIHC,9,1.1 MB,culture,the samples declare culture (CELL_LINE): hep3b,"the abstract mentions CELL_LINE, which the sample records did not confirm; only 9 samples (< 10): small studies are usually mechanistic experiments on cell lines",Gut microbial metabolite butyrate improves anticancer therap,LIHC
GSE294409,SKIP,LIHC,6,260.0 KB,culture,the samples declare culture (CELL_LINE): hepg2,"the abstract mentions CELL_LINE, which the sample records did not confirm; the title is about non-coding RNA, so gene-level counts may be a by-product; only 6 samples (< 10): small studies are usually mechanistic experiments on cell lines",LncRNA ASH1L-AS1 Encodes the Microprotein APPLE to Drive HCC,LIHC
GSE276530,SKIP,LIHC,6,6.2 MB,culture,the samples declare culture (CELL_LINE): hepg2,"the abstract mentions CELL_LINE, which the sample records did not confirm; only 6 samples (< 10): small studies are usually mechanistic experiments on cell lines; the counts are in .xlsx, which cannot be read from a byte range: check by hand that the values are whole and the columns are tissue",RNA-seq profiles of HepG2 control cells and HepG2-HBx cells,LIHC
GSE300612,SKIP,LIHC,16,1.2 MB,culture,the samples declare culture (CELL_LINE): hepg2,,PANAD/C7orf25 interacts with NXF1 to promote CDK6 mRNA nucle,LIHC
GSE292298,AMBIGUOUS,LIHC,6,217.7 MB,tissue,the first column does not look like gene identifiers,the first column does not look like gene identifiers,Multi-omics Identifies Tumor-Intrinsic SREBP1 Driving Immune,LIHC
GSE292032,SKIP,UNKNOWN,96,2.4 MB,culture,the samples declare culture (CELL_LINE): huh7-lunet,"the abstract mentions CELL_LINE, NON_HUMAN, which the sample records did not confirm; the abstract names no cancer type clearly",Receptor transport protein 4 (RTP4)-mediated repression of h,LIHC
GSE290378,SKIP,LIHC,6,820.0 KB,culture,"the 'raw' counts contain decimals, so they are not counts; the samples declare culture (CELL_LINE): jhh-4","the abstract mentions CELL_LINE, which the sample records did not confirm; the title is about non-coding RNA, so gene-level counts may be a by-product; only 6 samples (< 10): small studies are usually mechanistic experiments on cell lines; the matrix has 14 numeric columns but GEO declares 6 samples",MicroRNA-885-5p regulates cell cycle progression in hepatoce,LIHC
GSE273369,SKIP,LIHC,8,745.0 KB,culture,"the 'raw' counts contain decimals, so they are not counts; the samples declare culture (CELL_LINE): huh7","the abstract mentions CELL_LINE, which the sample records did not confirm; the title is about non-coding RNA, so gene-level counts may be a by-product; only 8 samples (< 10): small studies are usually mechanistic experiments on cell lines",The oncogenic microRNA miR-222 promotes human LINE-1 retrotr,LIHC
GSE272351,SKIP,LIHC,6,404.0 KB,culture,sample-type flag in the matrix header: CELL_LINE; the samples declare culture (CELL_LINE): liver,"the abstract mentions CELL_LINE, NON_HUMAN, which the sample records did not confirm; only 6 samples (< 10): small studies are usually mechanistic experiments on cell lines",Mechanism of OGT-mediated FASN glycosylation regulating JNK/,LIHC
GSE251942,DOWNLOAD,LIHC,25,2.5 MB,tissue,tissue confirmed,,Hight througput RNA sequencing in a cohort of HBV related HC,LIHC
GSE252529,SKIP,UNKNOWN,15,572.1 KB,culture,sample-type flag in the matrix header: CELL_LINE; sample-type flag inside filelist.txt: CELL_LINE; the samples declare culture (CELL_LINE): a549,"the abstract mentions CELL_LINE, which the sample records did not confirm; the abstract names no cancer type clearly",Establishment of interpretable cytotoxicity prediction model,LIHC
GSE132043,SKIP,LIHC,6,644.0 KB,culture,"the 'raw' counts contain decimals, so they are not counts; the samples declare culture (CELL_LINE): hepg2","the abstract mentions CELL_LINE, which the sample records did not confirm; only 6 samples (< 10): small studies are usually mechanistic experiments on cell lines",Influence of three-dimensional culture in an interwoven holl,LIHC
GSE275508,SKIP,UNKNOWN,35,1.2 MB,culture,the samples declare culture (CELL_LINE): huh7,"the abstract mentions CELL_LINE, which the sample records did not confirm; the abstract names no cancer type clearly",The molecular basis for the attenuation of the yellow fever ,LIHC
GSE275507,SKIP,UNKNOWN,24,1.2 MB,culture,the samples declare culture (CELL_LINE): huh7,"the abstract mentions CELL_LINE, which the sample records did not confirm; the abstract names no cancer type clearly",The molecular basis for the attenuation of the yellow fever ,LIHC
GSE296307,SKIP,LIHC,2,354.2 KB,culture,sample-type flag in the matrix header: CELL_LINE; sample-type flag inside filelist.txt: CELL_LINE; the samples declare culture (CELL_LINE): huh7,"the abstract mentions CELL_LINE, which the sample records did not confirm; only 2 samples (< 10): small studies are usually mechanistic experiments on cell lines; the matrix has 9 numeric columns but GEO declares 2 samples",Effect of knockdown of PPIL1 on gene expression in Huh7 hepa,LIHC
GSE252464,SKIP,LIHC,4,1.4 MB,culture,"the samples declare culture (CELL_LINE, ORGANOID): ipsc derived organoids","the abstract mentions CELL_LINE, ORGANOID, which the sample records did not confirm; only 4 samples (< 10): small studies are usually mechanistic experiments on cell lines",Fibrosis Like Phenotype in TP53KO Hepatic Organoids within a,LIHC
GSE263674,SKIP,LIHC,21,566.0 KB,culture,"the samples declare culture (CELL_LINE, ORGANOID): hepg2/c3a","the abstract mentions CELL_LINE, ORGANOID, which the sample records did not confirm",Time-course characterization of whole-transcriptome dynamics,LIHC
GSE289000,SKIP,UNKNOWN,2,312.0 KB,culture,the samples declare culture (CELL_LINE): hcc827,"the abstract mentions CELL_LINE, which the sample records did not confirm; the abstract names no cancer type clearly; only 2 samples (< 10): small studies are usually mechanistic experiments on cell lines",Analysis of gene expression change between HCC827 SC and HCC,LIHC
GSE294091,SKIP,LIHC,4,264.0 KB,culture,sample-type flag in the matrix header: CELL_LINE; the samples declare culture (CELL_LINE): hepg2,"the abstract mentions CELL_LINE, NON_HUMAN, which the sample records did not confirm; only 4 samples (< 10): small studies are usually mechanistic experiments on cell lines",ATF7IP inhibits Sorafenib-induced ferroptosis in hepatocellu,LIHC
GSE293693,SKIP,LIHC,24,967.0 KB,culture,sample-type flag in the matrix header: CELL_LINE; the samples declare culture (CELL_LINE): plc/prf/5,"the abstract mentions CELL_LINE, which the sample records did not confirm",Menin-MLL complex cooperates with NF-Y to promote HCC surviv,LIHC
GSE231717,SKIP,LIHC,14,922.0 KB,culture,sample-type flag in the matrix header: CELL_LINE; the samples declare culture (CELL_LINE): hepg2,,Adaptation to Volumetric Compression Drives an Apoptosis-Res,LIHC
GSE273947,SKIP,LIHC,6,1.0 MB,culture,"the 'raw' counts contain decimals, so they are not counts; the samples declare culture (CELL_LINE): huh-7",only 6 samples (< 10): small studies are usually mechanistic experiments on cell lines; the matrix has 15 numeric columns but GEO declares 6 samples,Integrated analysis of the anoikis-related signature identif,LIHC
GSE289187,AMBIGUOUS,LIHC,6,251.0 KB,unstated,"the abstract mentions NON_HUMAN, NOT_TISSUE, which the sample records did not confirm; only 6 samples (< 10): small studies are usually mechanistic experiments on cell lines; the samples declare neither tissue nor cell line, so the type could not be confirmed","the abstract mentions NON_HUMAN, NOT_TISSUE, which the sample records did not confirm; only 6 samples (< 10): small studies are usually mechanistic experiments on cell lines; the samples declare neither tissue nor cell line, so the type could not be confirmed",miR-183-5p-enriched extracellular vesicles promote the cross,LIHC
GSE291883,SKIP,UNKNOWN,18,1.1 MB,culture,the samples declare culture (CELL_LINE): hek293a,"the abstract mentions CELL_LINE, NON_HUMAN, which the sample records did not confirm; the abstract names no cancer type clearly",Self-regulating gene therapy ameliorates phenotypes and over,LIHC
GSE279569,SKIP,LIHC,20,4.2 MB,culture,the samples declare culture (CELL_LINE): mhcc-97h,"the abstract mentions XENOGRAFT, NON_HUMAN, which the sample records did not confirm",Histone lactylation drives liver cancer metastasis by facili,LIHC
GSE275347,SKIP,LIHC,16,1.3 MB,culture,the samples declare culture (CELL_LINE): huh7,"the abstract mentions NON_HUMAN, which the sample records did not confirm; the matrix has 6 numeric columns but GEO declares 16 samples",RBM39 promotes hepatocarcinogenesis by regulating RFX1's alt,LIHC
GSE244826,SKIP,LIHC,69,7.7 MB,tissue,"the 'raw' counts contain decimals, so they are not counts",,Multi-omics analysis of liver molecular dysregulation leadin,LIHC
GSE261886,SKIP,LIHC,6,894.0 KB,culture,the samples declare culture (CELL_LINE): huh7,"the abstract mentions CELL_LINE, which the sample records did not confirm; only 6 samples (< 10): small studies are usually mechanistic experiments on cell lines; the counts are in .xlsx, which cannot be read from a byte range: check by hand that the values are whole and the columns are tissue",HSF1 promotes the repopulation of post-senescent fatty hepat,LIHC
GSE193872,SKIP,UNKNOWN,12,598.0 KB,culture,sample-type flag in the matrix header: CELL_LINE; the samples declare culture (CELL_LINE): hepg2,"the abstract mentions CELL_LINE, which the sample records did not confirm; the abstract names no cancer type clearly",Transcriptomic analysis of ZHX3-depleted HepG2 cells,LIHC
GSE288949,SKIP,LIHC,6,681.0 KB,culture,the samples declare culture (CELL_LINE): hep 3b,only 6 samples (< 10): small studies are usually mechanistic experiments on cell lines,Effect of fiin2 on gene expression of Hep3B cells,LIHC
GSE221372,SKIP,UNKNOWN,12,2.0 MB,culture,"the 'raw' counts contain decimals, so they are not counts; sample-type flag in the matrix header: CELL_LINE; sample-type flag inside GSE221372_7271196395-0_SMARCAL1_gene_exp_diff.txt.gz: CELL_LINE; the samples declare culture (CELL_LINE): human huh7 hepatoma cells","the abstract mentions NON_HUMAN, which the sample records did not confirm; the abstract names no cancer type clearly",Chromatin regulator SMARCAL1 modulates cellular lipid metabo,LIHC
GSE221371,SKIP,LIHC,12,1.9 MB,culture,"the 'raw' counts contain decimals, so they are not counts; sample-type flag in the matrix header: CELL_LINE; sample-type flag inside GSE221371_7271196395-0_ANGPTL3_gene_exp_diff.txt.gz: CELL_LINE; the samples declare culture (CELL_LINE): huh7 hepatoma cells","the abstract mentions CELL_LINE, NON_HUMAN, which the sample records did not confirm",ANGPTL3 regulates the peroxisomal translocation of SmarcAL1 ,LIHC
GSE280778,SKIP,LIHC,6,337.0 KB,culture,the samples declare culture (CELL_LINE): hepg2,"the abstract mentions CELL_LINE, which the sample records did not confirm; only 6 samples (< 10): small studies are usually mechanistic experiments on cell lines",Effects of CREB5 overexpression on gene expression in Hepato,LIHC
GSE261956,SKIP,LIHC,52,9.7 MB,culture,sample-type flag in the matrix header: CELL_LINE; the samples declare culture (CELL_LINE): huh6,"the abstract mentions CELL_LINE, SINGLE_CELL, which the sample records did not confirm",Multiomic analysis uncovers a continuous spectrum of differe,LIHC
GSE196392,SKIP,LIHC,2,3.4 MB,culture,"the 'raw' counts contain decimals, so they are not counts; the samples declare culture: liver spheroids","the abstract mentions SINGLE_CELL, which the sample records did not confirm; only 2 samples (< 10): small studies are usually mechanistic experiments on cell lines; the matrix has 1091 numeric columns but GEO declares 2 samples",Targeting non-junctional Claudin-1 with monoclonal antibodie,LIHC
GSE196390,SKIP,LIHC,31,1.4 MB,culture,the samples declare culture (XENOGRAFT): pdx hcc,"the abstract mentions SINGLE_CELL, which the sample records did not confirm",Targeting non-junctional Claudin-1 with monoclonal antibodie,LIHC
GSE287348,SKIP,LIHC,25,1.8 MB,tissue,"the 'raw' counts contain decimals, so they are not counts",,Cellular and Immune Landscape of Chronic Liver Diseases: Ins,LIHC
GSE276114,SKIP,LIHC,177,11.0 MB,tissue,"the 'raw' counts contain decimals, so they are not counts",,Integrative proteo-transcriptomic characterization of advanc,LIHC
GSE275644,SKIP,LIHC,3,318.0 KB,culture,the samples declare culture: plc,only 3 samples (< 10): small studies are usually mechanistic experiments on cell lines; the first column does not look like gene identifiers,Nuclear-localized HKDC1 promotes hepatocellular carcinoma th,LIHC
GSE244591,DOWNLOAD,LIHC,136,2.9 MB,tissue,tissue confirmed,,mRNA sequencing data of liver tumor tissues,LIHC
GSE265769,SKIP,LIHC,12,791.0 KB,culture,the samples declare culture (NON_HUMAN): humanized mice,"the abstract mentions XENOGRAFT, NON_HUMAN, SINGLE_CELL, which the sample records did not confirm",Effect of anti-PD-1 and/or anti-TIGIT antibodies on hepatoce,LIHC
GSE235863,SKIP,LIHC,69,1.0 GB,culture,the samples declare culture (SINGLE_CELL): adjacent normal liver tissue,"the abstract mentions SINGLE_CELL, which the sample records did not confirm; the matrix has 15 numeric columns but GEO declares 69 samples",T cell populations correlate with response and resistance to,LIHC
GSE190736,SKIP,UNKNOWN,69,9.3 MB,culture,the samples declare culture (CELL_LINE): hepg2 cells,"the abstract mentions CELL_LINE, which the sample records did not confirm; the abstract names no cancer type clearly",Transcriptomic sterol response in the HepG2 human hepatoma c,LIHC
GSE190488,SKIP,LIHC,18,905.0 KB,culture,"the 'raw' counts contain decimals, so they are not counts; the samples declare culture (CELL_LINE): huh7 cells",,RNA-Seq analysis of b-catenin over expression in Human liver,LIHC
GSE270107,SKIP,LIHC,6,1008.0 KB,culture,the samples declare culture (CELL_LINE): huh7,"the abstract mentions CELL_LINE, which the sample records did not confirm; only 6 samples (< 10): small studies are usually mechanistic experiments on cell lines",KAT7-acetylated YBX1 promotes HCC proliferation and sorafeni,LIHC
GSE268508,SKIP,LIHC,3,46.0 MB,culture,"the 'raw' counts contain decimals, so they are not counts; the samples declare culture (CELL_LINE): hepg2","the abstract mentions CELL_LINE, which the sample records did not confirm; only 3 samples (< 10): small studies are usually mechanistic experiments on cell lines; the matrix has 16 numeric columns but GEO declares 3 samples",Next Generation Sequencing Facilitates Quantitative Analysis,LIHC
GSE234898,SKIP,LIHC,4,8.4 MB,culture,the samples declare culture (CELL_LINE): huh7,"the abstract mentions CELL_LINE, which the sample records did not confirm; only 4 samples (< 10): small studies are usually mechanistic experiments on cell lines; the matrix has 27 numeric columns but GEO declares 4 samples",Differential gene expression in HCC cell lines Huh7 and PLC ,LIHC
GSE276400,SKIP,UNKNOWN,6,2.3 MB,culture,"the 'raw' counts contain decimals, so they are not counts; sample-type flag in the matrix header: CELL_LINE; the samples declare culture (CELL_LINE): hep3b","the abstract mentions NON_HUMAN, which the sample records did not confirm; the abstract names no cancer type clearly; only 6 samples (< 10): small studies are usually mechanistic experiments on cell lines; the matrix has 16 numeric columns but GEO declares 6 samples",Nuclear compartmentalization of PD-L1 suppresses tumorigenes,LIHC
GSE245588,SKIP,LIHC,12,10.1 MB,culture,the samples declare culture (CELL_LINE): hepg2,,Nobelitin and Sorafenib Combination Therapy,LIHC
GSE267607,SKIP,LIHC,6,347.0 KB,culture,"the 'raw' counts contain decimals, so they are not counts; sample-type flag in the matrix header: CELL_LINE; the samples declare culture (CELL_LINE): huh7","the abstract mentions CELL_LINE, which the sample records did not confirm; only 6 samples (< 10): small studies are usually mechanistic experiments on cell lines",Effects of UBE2S knockout on Huh7 cells,LIHC
GSE272352,SKIP,LIHC,6,528.0 KB,culture,the samples declare culture: liver,"the abstract mentions CELL_LINE, NON_HUMAN, which the sample records did not confirm; only 6 samples (< 10): small studies are usually mechanistic experiments on cell lines",Mechanism of OGT-mediated FASN glycosylation regulating JNK/,LIHC
GSE269783,SKIP,LIHC,6,379.0 KB,culture,sample-type flag in the matrix header: CELL_LINE; the samples declare culture (CELL_LINE): liver,"the abstract mentions CELL_LINE, NON_HUMAN, which the sample records did not confirm; only 6 samples (< 10): small studies are usually mechanistic experiments on cell lines",Mechanism of OGT-mediated FASN glycosylation regulating JNK/,LIHC
GSE276062,AMBIGUOUS,LIHC,4,10.0 MB,unstated,"the abstract mentions NON_HUMAN, which the sample records did not confirm; only 4 samples (< 10): small studies are usually mechanistic experiments on cell lines; the samples declare neither tissue nor cell line, so the type could not be confirmed","the abstract mentions NON_HUMAN, which the sample records did not confirm; only 4 samples (< 10): small studies are usually mechanistic experiments on cell lines; the samples declare neither tissue nor cell line, so the type could not be confirmed",Targeting CD93 on Monocytes revitalizes Anti-Tumor Immunity ,LIHC
GSE272556,SKIP,LIHC,6,256.0 KB,culture,the samples declare culture (CELL_LINE): hcclm3,"the abstract mentions CELL_LINE, XENOGRAFT, NON_HUMAN, which the sample records did not confirm; only 6 samples (< 10): small studies are usually mechanistic experiments on cell lines",Targeted Ubiquitination and Degradation of GOLM1 by CC-885 S,LIHC
GSE278684,SKIP,LIHC,4,333.0 KB,culture,the samples declare culture (CELL_LINE): hepg2,only 4 samples (< 10): small studies are usually mechanistic experiments on cell lines; the first column does not look like gene identifiers,USP22 promotes the proliferation and inhibits Sorafenib-indu,LIHC
GSE262922,SKIP,STAD,6,6.7 MB,culture,the samples declare culture (CELL_LINE): hgc_27,"the abstract mentions CELL_LINE, which the sample records did not confirm; the text points at STAD, not LIHC; only 6 samples (< 10): small studies are usually mechanistic experiments on cell lines",Effect of overexpssion Kallistatin(SERPINA4) in HGC-27 cell ,LIHC
GSE262490,SKIP,LIHC,28,3.9 MB,culture,"the 'raw' counts contain decimals, so they are not counts; sample-type flag in the matrix header: CELL_LINE; the samples declare culture (CELL_LINE): hepg2",,Liver cancer in ovo models,LIHC
GSE233421,SKIP,LIHC,6,1001.6 KB,tissue,"the 'raw' counts contain decimals, so they are not counts",,Transcriptome analysis of hepatocellular carcinoma and adjac,LIHC
GSE246215,SKIP,UNKNOWN,38,69.2 MB,culture,the samples declare culture: stomach,"the abstract mentions SINGLE_CELL, which the sample records did not confirm; the abstract names no cancer type clearly; the matrix has 27078 numeric columns but GEO declares 38 samples",Cross-tissue human fibroblast atlas reveals myofibroblast su,LIHC
GSE276099,SKIP,LIHC,6,420.0 KB,culture,"the 'raw' counts contain decimals, so they are not counts; the samples declare culture (CELL_LINE): hepg2","the abstract mentions CELL_LINE, which the sample records did not confirm; only 6 samples (< 10): small studies are usually mechanistic experiments on cell lines",β-caryophyllene sensitizes hepatocellular carcinoma cells to,LIHC
GSE242130,SKIP,LIHC,4,5.0 MB,culture,the samples declare culture: cd8+ t cells,"the abstract mentions NOT_TISSUE, which the sample records did not confirm; only 4 samples (< 10): small studies are usually mechanistic experiments on cell lines; the matrix has 464 numeric columns but GEO declares 4 samples",Gene expression profiling of CD8+ T cells in the Norathyriol,LIHC
GSE210739,SKIP,LIHC,6,585.0 KB,culture,the samples declare culture (CELL_LINE): hepg2,"the abstract mentions CELL_LINE, which the sample records did not confirm; only 6 samples (< 10): small studies are usually mechanistic experiments on cell lines",Identification of formononetin as the active compound of CR-,LIHC
GSE242016,SKIP,LIHC,12,11.2 MB,culture,sample-type flag in the matrix header: CELL_LINE; the samples declare culture (CELL_LINE): hep3b,"the abstract mentions CELL_LINE, NOT_TISSUE, which the sample records did not confirm",Gene expression profiling for circPETH overexpression and kn,LIHC
GSE275241,SKIP,LIHC,18,507.0 KB,culture,the samples declare culture (CELL_LINE): human pluripotent stem cells,"the abstract mentions ORGANOID, NON_HUMAN, which the sample records did not confirm",Genome engineering of primary and pluripotent stem cell-deri,LIHC
GSE274830,SKIP,LIHC,9,484.0 KB,culture,the samples declare culture (CELL_LINE): hcc2,"the abstract mentions XENOGRAFT, NON_HUMAN, which the sample records did not confirm; only 9 samples (< 10): small studies are usually mechanistic experiments on cell lines; the matrix has 3 numeric columns but GEO declares 9 samples",Isolation and identification of patient-derived liver cancer,LIHC
GSE181947,SKIP,LIHC,6,11.1 MB,culture,the samples declare culture (CELL_LINE): plc/prf/5 cells,"only 6 samples (< 10): small studies are usually mechanistic experiments on cell lines; the counts are in .xlsx, which cannot be read from a byte range: check by hand that the values are whole and the columns are tissue",The PKCα/ZFP64/CSF1 Axis restricts Tumor Response to Anti-PD,LIHC
GSE181946,AMBIGUOUS,LIHC,17,5.0 MB,tissue,"the counts are in .xlsx, which cannot be read from a byte range: check by hand that the values are whole and the columns are tissue","the counts are in .xlsx, which cannot be read from a byte range: check by hand that the values are whole and the columns are tissue",The PKCα/ZFP64/CSF1 Axis restricts Tumor Response to Anti-PD,LIHC
GSE200809,AMBIGUOUS,LIHC,6,759.0 KB,tissue,the matrix has 15 numeric columns but GEO declares 6 samples,the matrix has 15 numeric columns but GEO declares 6 samples,The human liver circadian transcriptome and its carcinogenic,LIHC
GSE263786,DOWNLOAD,LIHC,243,8.5 MB,tissue,tissue confirmed,,Epigenetic heterogeneity hotspots in human liver disease pro,LIHC
GSE230874,SKIP,UNKNOWN,16,1.5 MB,culture,"the 'raw' counts contain decimals, so they are not counts; sample-type flag in the matrix header: CELL_LINE; the samples declare another organ: lung","the abstract mentions NOT_TISSUE, which the sample records did not confirm; the title is about non-coding RNA, so gene-level counts may be a by-product; the abstract names no cancer type clearly",The DNA-repair protein APE1 contributes with hnRNPA2B1 to mo,LIHC
GSE261186,SKIP,LIHC,20,39.2 KB,unstated,"the 'raw' counts contain decimals, so they are not counts","the samples declare neither tissue nor cell line, so the type could not be confirmed",Serial Changes of Circulating Tumor Cells in Patients with H,LIHC
GSE267834,SKIP,LIHC,28,2.2 MB,culture,the samples declare culture (CELL_LINE): huh7,,Hepatitis C Virus-induced Differential Transcriptional Trait,LIHC
GSE235615,SKIP,LIHC,12,411.0 KB,culture,the samples declare another organ: breast,the first column does not look like gene identifiers,A non-canonical repressor function of JUN restrains YAP acti,LIHC
GSE235614,SKIP,LIHC,6,197.0 KB,culture,the samples declare another organ: breast,only 6 samples (< 10): small studies are usually mechanistic experiments on cell lines; the first column does not look like gene identifiers,A non-canonical repressor function of JUN restrains YAP acti,LIHC
GSE235613,SKIP,LIHC,5,179.0 KB,culture,the samples declare another organ: breast,only 5 samples (< 10): small studies are usually mechanistic experiments on cell lines; the first column does not look like gene identifiers,A non-canonical repressor function of JUN restrains YAP acti,LIHC
GSE236366,SKIP,LIHC,10,2.7 MB,culture,sample-type flag in the matrix header: CELL_LINE; sample-type flag inside GSE236366_TARBP1_TE_res.csv.gz: CELL_LINE; the samples declare culture (CELL_LINE): plc/prf/5,"the abstract mentions CELL_LINE, NOT_RNASEQ, which the sample records did not confirm",The tRNA Gm18 Methyltransferase TARBP1 Promotes Hepatocellul,LIHC
GSE186178,SKIP,UNKNOWN,12,3.4 MB,culture,the samples declare culture (CELL_LINE): hepg2-ntcp,"the abstract mentions CELL_LINE, which the sample records did not confirm; the abstract names no cancer type clearly",A role for histone lysine demethylase 4 in regulating HBV re,LIHC
GSE237697,AMBIGUOUS,LIHC,15,17.1 MB,tissue,"the counts are in .xlsx, which cannot be read from a byte range: check by hand that the values are whole and the columns are tissue","the counts are in .xlsx, which cannot be read from a byte range: check by hand that the values are whole and the columns are tissue","Increased activity of protein kinase A, even without DNAJB1,",LIHC
GSE266634,SKIP,LIHC,21,6.0 MB,culture,the samples declare culture (CELL_LINE): hct-116,"the abstract mentions CELL_LINE, NOT_TISSUE, which the sample records did not confirm; the matrix has 55 numeric columns but GEO declares 21 samples",Gene expression of HCT-116 cell lines treated with EVs isola,LIHC
GSE178211,SKIP,LIHC,18,823.0 KB,culture,"the 'raw' counts contain decimals, so they are not counts; the samples declare culture (CELL_LINE): hepg2/c3a","the abstract mentions CELL_LINE, NON_HUMAN, which the sample records did not confirm",ALK inhibitors suppress HCC and synergize with anti-PD-1 the,LIHC
GSE261297,SKIP,LIHC,60,3.4 MB,culture,"the 'raw' counts contain decimals, so they are not counts; the samples declare culture (CELL_LINE): hep3b217","the abstract mentions CELL_LINE, which the sample records did not confirm; the first column does not look like gene identifiers",The fatty liver disease-causing protein PNPLA3-I148M alters ,LIHC
GSE263459,SKIP,LIHC,12,15.6 MB,culture,"the 'raw' counts contain decimals, so they are not counts; the samples declare culture (CELL_LINE): tgfbr2-ko ipsc derived","the abstract mentions CELL_LINE, which the sample records did not confirm",Disruption of TGF-β signaling pathway is required to mediate,LIHC
GSE229281,SKIP,LIHC,3,7.3 MB,culture,the samples declare culture (CELL_LINE): hep3b,"the abstract mentions CELL_LINE, which the sample records did not confirm; only 3 samples (< 10): small studies are usually mechanistic experiments on cell lines; the counts are in .xlsx, which cannot be read from a byte range: check by hand that the values are whole and the columns are tissue",Effect of depletion of CPSF6 on gene expression of Hep3B hep,LIHC
GSE262667,SKIP,LIHC,19,6.1 MB,culture,"the 'raw' counts contain decimals, so they are not counts; the identifiers are transcripts, not genes; the samples declare culture (CELL_LINE): heg2",,SRSF7-mediated Alternative Splicing of USO1 Promotes Hepatoc,LIHC
GSE262469,SKIP,UNKNOWN,15,807.0 KB,culture,the samples declare culture (CELL_LINE): huh 7,"the abstract mentions CELL_LINE, ORGANOID, which the sample records did not confirm; the abstract names no cancer type clearly",AMPK activation in response to hepatitis E virus infection i,LIHC
GSE262447,SKIP,LIHC,15,808.0 KB,culture,"the samples declare culture (CELL_LINE, NOT_TISSUE): pbmc","the abstract mentions CELL_LINE, NON_HUMAN, which the sample records did not confirm",Selective refueling of CAR T cells using ADA1 and CD26 boost,LIHC
GSE227751,SKIP,LIHC,12,3.1 MB,culture,the samples declare culture (CELL_LINE): r-pdc-p5,"the counts are in .xlsx, which cannot be read from a byte range: check by hand that the values are whole and the columns are tissue",Effect of Romidepsin treatment on patient-derived liver canc,LIHC
GSE245906,SKIP,LIHC,20,1.8 GB,culture,the samples declare culture: hepatocellular carcinoma,"the abstract mentions SINGLE_CELL, which the sample records did not confirm; the first column does not look like gene identifiers",Identification of TREM1+CD163+ myeloid cells as a deleteriou,LIHC
GSE245905,DOWNLOAD,LIHC,9,1.8 MB,tissue,tissue confirmed,,Identification of TREM1+CD163+ myeloid cells as a deleteriou,LIHC
GSE186279,SKIP,UNKNOWN,9,2.5 MB,culture,the samples declare culture (CELL_LINE): hepg2-ntcp,"the abstract mentions CELL_LINE, which the sample records did not confirm; the abstract names no cancer type clearly; only 9 samples (< 10): small studies are usually mechanistic experiments on cell lines",Understanding the impact of KDM4 inhibition on host cell pro,LIHC
GSE248062,SKIP,LIHC,6,210.0 KB,culture,the samples declare culture (CELL_LINE): hep3b,"the abstract mentions CELL_LINE, which the sample records did not confirm; only 6 samples (< 10): small studies are usually mechanistic experiments on cell lines; the first column does not look like gene identifiers",RFX6 facilitates aerobic glycolysis-mediated growth and meta,LIHC
GSE241526,SKIP,LIHC,23,1.3 MB,culture,the samples declare culture (CELL_LINE): hepg2 cells,"the abstract mentions CELL_LINE, NOT_RNASEQ, which the sample records did not confirm",Mitochondrial GpC and CpG DNA hypermethylation cause metabol,LIHC
GSE248903,SKIP,LIHC,9,24.1 MB,culture,"the 'raw' counts contain decimals, so they are not counts; sample-type flag in the matrix header: CELL_LINE; the samples declare culture (CELL_LINE): hepg2","the abstract mentions CELL_LINE, which the sample records did not confirm; only 9 samples (< 10): small studies are usually mechanistic experiments on cell lines; the matrix has 20 numeric columns but GEO declares 9 samples",Sesamin alleviates lipid accumulation induced by oleic acid ,LIHC
GSE225537,SKIP,LIHC,8,2.0 MB,culture,sample-type flag in the matrix header: CELL_LINE; sample-type flag inside filelist.txt: CELL_LINE; the samples declare culture (CELL_LINE): hepg2,"the abstract mentions CELL_LINE, which the sample records did not confirm; only 8 samples (< 10): small studies are usually mechanistic experiments on cell lines",Total RNAseq of HepG2 cells treated with Sorafenib,LIHC
GSE199092,SKIP,LIHC,12,2.0 MB,culture,the samples declare culture (CELL_LINE): hepad38,"the abstract mentions CELL_LINE, which the sample records did not confirm",RNA helicase DDX5 mediates adaptive response to multi-kinase,LIHC
GSE198946,DOWNLOAD,LIHC,48,2.3 MB,tissue,tissue confirmed,,Gene expression profile of HBV-positive hepatocellular carci,LIHC
GSE245505,SKIP,LIHC,9,7.4 MB,culture,the samples declare culture (CELL_LINE): snu-398,"the abstract mentions NOT_RNASEQ, which the sample records did not confirm; only 9 samples (< 10): small studies are usually mechanistic experiments on cell lines; the first column does not look like gene identifiers; the matrix has 43 numeric columns but GEO declares 9 samples",DNA methylation activated full-length EMX1 facilitates metas,LIHC
GSE242009,SKIP,LIHC,2,13.4 MB,culture,the samples declare culture (CELL_LINE): human liver cancer cells huh-7,"the abstract mentions CELL_LINE, which the sample records did not confirm; only 2 samples (< 10): small studies are usually mechanistic experiments on cell lines; the counts are in .xlsx, which cannot be read from a byte range: check by hand that the values are whole and the columns are tissue",High-throughout sequencing of liver cancer cells treated Fla,LIHC
GSE236125,SKIP,LIHC,24,1.8 MB,culture,"the 'raw' counts contain decimals, so they are not counts; sample-type flag in the matrix header: CELL_LINE; the samples declare culture (CELL_LINE): hep3b",,Smad4 sequestered in SFPQ condensates prevents TGF-β tumor-s,LIHC
GSE228870,SKIP,LIHC,42,2.0 MB,tissue,the samples declare another organ: thyroid,,Effectors enabling adaptation to mitochondrial complex I los,LIHC
GSE192760,SKIP,LIHC,6,368.0 KB,culture,the samples declare culture (CELL_LINE): hepg2 cells,"the abstract mentions CELL_LINE, NON_HUMAN, which the sample records did not confirm; only 6 samples (< 10): small studies are usually mechanistic experiments on cell lines",Oncometabolite succinylacetone activates HIF-1α signaling an,LIHC
GSE160939,SKIP,LIHC,6,408.0 KB,culture,the samples declare culture (CELL_LINE): huh7,only 6 samples (< 10): small studies are usually mechanistic experiments on cell lines; the first column does not look like gene identifiers,LIM homeobox-2 suppresses hallmarks of adult and pediatric l,LIHC
GSE245210,SKIP,UNKNOWN,12,759.0 KB,culture,the samples declare culture (CELL_LINE): huh-7.5,the abstract names no cancer type clearly,Subcellular refinement of RNA binding protein target interac,LIHC
GSE222852,SKIP,LIHC,8,564.0 KB,culture,sample-type flag in the matrix header: CELL_LINE; the samples declare culture (CELL_LINE): jhh-6,"the title is about non-coding RNA, so gene-level counts may be a by-product; only 8 samples (< 10): small studies are usually mechanistic experiments on cell lines",Clinical significance of apurinic/apyrimidinic endodeoxyribo,LIHC
GSE242151,SKIP,LIHC,15,5.1 MB,culture,the samples declare another organ: lung,"the abstract mentions CELL_LINE, XENOGRAFT, NOT_TISSUE, which the sample records did not confirm",Discovery of a long half-life AURKA inhibitor to treat MYC-a,LIHC
GSE226544,SKIP,LIHC,6,1.1 MB,culture,the samples declare culture (CELL_LINE): huh7,"the abstract mentions CELL_LINE, which the sample records did not confirm; only 6 samples (< 10): small studies are usually mechanistic experiments on cell lines; the counts are in .xlsx, which cannot be read from a byte range: check by hand that the values are whole and the columns are tissue",Transcriptome sequencing of the hnRNPA2B1 knockout Huh7 cell,LIHC
GSE224980,SKIP,UNKNOWN,9,652.0 KB,culture,"the 'raw' counts contain decimals, so they are not counts; the samples declare culture (CELL_LINE): hepg2","the abstract mentions CELL_LINE, which the sample records did not confirm; the abstract names no cancer type clearly; only 9 samples (< 10): small studies are usually mechanistic experiments on cell lines",Characterization of an in vitro steatosis model for modellin,LIHC
GSE233806,SKIP,LIHC,4,4.0 MB,culture,"the 'raw' counts contain decimals, so they are not counts; sample-type flag in the matrix header: CELL_LINE; the samples declare culture (CELL_LINE): hkci2 cell line","the abstract mentions CELL_LINE, NON_HUMAN, SINGLE_CELL, which the sample records did not confirm; only 4 samples (< 10): small studies are usually mechanistic experiments on cell lines; the matrix has 179 numeric columns but GEO declares 4 samples",RNA N6-methyladenosine methyltransferase METTL3 drives NAFLD,LIHC
GSE238164,SKIP,UNKNOWN,6,4.4 MB,culture,sample-type flag in the matrix header: CELL_LINE; the samples declare culture (CELL_LINE): hepg2,"the abstract mentions CELL_LINE, which the sample records did not confirm; the abstract names no cancer type clearly; only 6 samples (< 10): small studies are usually mechanistic experiments on cell lines",The effect of KIF11 knockdown on gene expression profile in ,LIHC
GSE181096,SKIP,LIHC,12,479.1 KB,culture,sample-type flag in the matrix header: CELL_LINE; sample-type flag inside filelist.txt: CELL_LINE; the samples declare culture (CELL_LINE): hepg2 cell line,"the abstract mentions NOT_TISSUE, which the sample records did not confirm",Rescue of insulin receptor condensates in insulin resistant ,LIHC
GSE236039,SKIP,LIHC,12,1.6 MB,culture,the samples declare culture (CELL_LINE): huh7,"the abstract mentions CELL_LINE, which the sample records did not confirm",Effect of knock-down of circASH2 on gene expression in HCC c,LIHC
GSE117823,SKIP,UNKNOWN,6,408.0 KB,culture,the samples declare culture (CELL_LINE): plc/prf/5 cells,"the abstract mentions CELL_LINE, which the sample records did not confirm; the abstract names no cancer type clearly; only 6 samples (< 10): small studies are usually mechanistic experiments on cell lines",Transcriptome Analysis of PLC/PRF/5 cells Infected with Aden,LIHC
GSE235351,SKIP,LIHC,15,463.0 KB,culture,the samples declare culture (CELL_LINE): mhcc-97h,,Mechanical Confinement Promotes Heat Resistance of Hepatocel,LIHC
GSE216728,SKIP,LIHC,6,385.0 KB,culture,the samples declare culture (CELL_LINE): huh7,"the abstract mentions CELL_LINE, which the sample records did not confirm; only 6 samples (< 10): small studies are usually mechanistic experiments on cell lines",Effect of depletion of RAD51 on gene expression in Huh7 cell,LIHC
GSE226253,SKIP,LIHC,10,9.6 MB,culture,the samples declare culture (CELL_LINE): tumor,"the title is about non-coding RNA, so gene-level counts may be a by-product; the counts are in .xlsx, which cannot be read from a byte range: check by hand that the values are whole and the columns are tissue",mitochondria-encoded circRNA in Hepatocellular Carcinoma,LIHC
GSE146719,DOWNLOAD,LIHC,12,397.0 KB,tissue,tissue confirmed,,Transcriptome analysis in hepatocellular carcinoma (HCC) tis,LIHC
GSE185139,SKIP,LIHC,12,1.0 MB,culture,the samples declare culture (CELL_LINE): huh7,,Ginsenoside Rg3 Reduces the Toxicity of Graphene Oxide Used ,LIHC
GSE224901,SKIP,LIHC,21,4.7 MB,culture,"the samples declare culture (CELL_LINE, NOT_TISSUE): huh7 cells","the abstract mentions NOT_TISSUE, which the sample records did not confirm; the counts are in .xlsx, which cannot be read from a byte range: check by hand that the values are whole and the columns are tissue",Sera of individuals chronically infected with hepatitis B vi,LIHC
GSE182593,SKIP,LIHC,24,2.8 MB,culture,"the samples declare culture (ORGANOID): sorafenib-sensitive organoid of patient 1, replicate 1","the abstract mentions ORGANOID, which the sample records did not confirm",Establishment of Primary Liver Cancer Organoids and Applicat,LIHC
GSE145448,SKIP,UNKNOWN,9,379.0 KB,culture,the samples declare culture (CELL_LINE): smmc-7721,"the abstract mentions CELL_LINE, which the sample records did not confirm; the abstract names no cancer type clearly; only 9 samples (< 10): small studies are usually mechanistic experiments on cell lines",Nucleotide variation in histone H2BL promotes cell prolifera,LIHC
GSE220670,DOWNLOAD,LIHC,5,401.0 KB,tissue,tissue confirmed,,Clinical application of autologous tumor infiltrating lympho,LIHC
GSE207912,SKIP,LIHC,10,1.3 MB,culture,"the 'raw' counts contain decimals, so they are not counts; sample-type flag in the matrix header: CELL_LINE; the samples declare culture (CELL_LINE): hepg2","the abstract mentions CELL_LINE, NON_HUMAN, which the sample records did not confirm",Long-Term Cell Fate and Functional Maintenance of Human Hepa,LIHC
GSE215263,SKIP,LIHC,6,450.0 KB,culture,sample-type flag in the matrix header: CELL_LINE; the samples declare culture (CELL_LINE): human hepatocellular carcinoma cell,"the abstract mentions CELL_LINE, which the sample records did not confirm; only 6 samples (< 10): small studies are usually mechanistic experiments on cell lines",A CRISPR/Cas9 library screening identified CARM1 as a critic,LIHC
GSE193382,SKIP,LIHC,6,542.0 KB,culture,the samples declare another organ: breast,"the abstract mentions CELL_LINE, which the sample records did not confirm; only 6 samples (< 10): small studies are usually mechanistic experiments on cell lines",Role of CCN3 on Hs578T triple negative breast cancer cell li,LIHC
GSE209863,SKIP,UNKNOWN,6,1.1 MB,culture,"the 'raw' counts contain decimals, so they are not counts; the samples declare culture (CELL_LINE): hepad38","the abstract mentions CELL_LINE, which the sample records did not confirm; the abstract names no cancer type clearly; only 6 samples (< 10): small studies are usually mechanistic experiments on cell lines",Heat Shock Protein Family A Member 1 Promotes Intracellular ,LIHC
GSE135631,SKIP,LIHC,30,7.6 MB,tissue,"the 'raw' counts contain decimals, so they are not counts",,RNA-Seq data of tumors and paired adjacent tissues from 15 H,LIHC
GSE185700,DOWNLOAD,LIHC,24,870.0 KB,tissue,tissue confirmed,,Knockdown of the long noncoding RNA PURPL induces apoptosis ,LIHC
GSE217510,SKIP,UNKNOWN,6,732.8 KB,culture,the samples declare culture (CELL_LINE): hepg2,"the abstract mentions CELL_LINE, which the sample records did not confirm; the abstract names no cancer type clearly; only 6 samples (< 10): small studies are usually mechanistic experiments on cell lines",Alkaline phosphatase-controllable and red light-activated RN,LIHC
GSE214846,AMBIGUOUS,LIHC,130,29.8 MB,tissue,the first column does not look like gene identifiers,the first column does not look like gene identifiers,A novel risk score based on immune-related genes for hepatoc,LIHC
GSE206698,SKIP,LIHC,24,1.5 MB,culture,"the 'raw' counts contain decimals, so they are not counts; the samples declare culture (CELL_LINE): skhep1","the abstract mentions CELL_LINE, which the sample records did not confirm",Context-dependent function of long noncoding RNA PURPL in tr,LIHC
GSE209848,SKIP,UNKNOWN,12,701.0 KB,culture,sample-type flag in the matrix header: CELL_LINE; the samples declare culture (CELL_LINE): plc/prf/5,"the abstract mentions CELL_LINE, NOT_RNASEQ, which the sample records did not confirm; the abstract names no cancer type clearly",Regulation of cohesin-mediated chromosome structure by PDS5 ,LIHC
GSE162616,SKIP,LIHC,13,2.3 MB,tissue,sample-type flag inside filelist.txt: SINGLE_CELL,,Single-Cell Transcriptomic Atlas of Human Hepatic ILCs Revea,LIHC
GSE212669,SKIP,UNKNOWN,9,13.0 MB,culture,"the samples declare culture (CELL_LINE, ORGANOID): hepg2","the abstract mentions ORGANOID, which the sample records did not confirm; the abstract names no cancer type clearly; only 9 samples (< 10): small studies are usually mechanistic experiments on cell lines; the counts are in .xlsx, which cannot be read from a byte range: check by hand that the values are whole and the columns are tissue",3D microengineered vascularized tumor spheroid for drug deli,LIHC
GSE208734,SKIP,LIHC,6,590.0 KB,culture,"the 'raw' counts contain decimals, so they are not counts; the samples declare culture (CELL_LINE): hep-3b","the abstract mentions CELL_LINE, which the sample records did not confirm; only 6 samples (< 10): small studies are usually mechanistic experiments on cell lines",NXN suppresses metastasis of hepatocellular carcinoma by pro,LIHC
GSE184733,DOWNLOAD,LIHC,34,1.3 MB,tissue,tissue confirmed,,RNA-seq analysis of hepatocellular carcinoma,LIHC
GSE185969,SKIP,LIHC,6,317.0 KB,culture,the samples declare culture (CELL_LINE): lx2,only 6 samples (< 10): small studies are usually mechanistic experiments on cell lines,Exploring the underlying mechanism of autophagy in liver can,LIHC
GSE168852,SKIP,LIHC,17,1.3 MB,tissue,"the 'raw' counts contain decimals, so they are not counts",the first column does not look like gene identifiers,RNA-seq analysis of HCC and hepatocytes,LIHC
GSE202853,SKIP,LIHC,20,2.3 MB,tissue,"the 'raw' counts contain decimals, so they are not counts",,Transcriptome analysis of hepatocellular carcinoma and adjac,LIHC
GSE184173,SKIP,UNKNOWN,12,1.4 MB,culture,"the 'raw' counts contain decimals, so they are not counts; the samples declare culture (CELL_LINE): hepatocellular carcinoma","the abstract mentions CELL_LINE, NOT_RNASEQ, which the sample records did not confirm; the abstract names no cancer type clearly",The snoGloBe interaction predictor reveals a broad spectrum ,LIHC
GSE201695,SKIP,LIHC,30,2.7 MB,culture,the samples declare culture (CELL_LINE): hepg2,"the abstract mentions CELL_LINE, NOT_TISSUE, which the sample records did not confirm",Transcriptomic analysis of  hepatocellular carcinoma cell li,LIHC
GSE200982,SKIP,UNKNOWN,9,21.0 MB,culture,"the 'raw' counts contain decimals, so they are not counts; the samples declare culture (CELL_LINE): huh7.5","the abstract mentions CELL_LINE, NON_HUMAN, which the sample records did not confirm; the abstract names no cancer type clearly; only 9 samples (< 10): small studies are usually mechanistic experiments on cell lines; the matrix has 28 numeric columns but GEO declares 9 samples",Genome-wide CRISPR Knockout Screen Identified PLAC8 as an Es,LIHC
GSE201221,SKIP,LIHC,82,909.0 MB,unstated,"the 'raw' counts contain decimals, so they are not counts; the samples declare another organ: lung","the abstract mentions NOT_TISSUE, which the sample records did not confirm; the matrix has 268 numeric columns but GEO declares 82 samples","Association of gene expression with Creatine Riboside, A Pro",LIHC
GSE174478,SKIP,LIHC,94,4.0 MB,tissue,"the 'raw' counts contain decimals, so they are not counts",,Whole transcriptome profiling of Japanese  nonalcoholic fatt,LIHC
GSE193381,SKIP,UNKNOWN,8,521.2 KB,culture,the samples declare culture (CELL_LINE): alexander1 cell line (atcc crl-8024),"the abstract mentions NOT_TISSUE, which the sample records did not confirm; the abstract names no cancer type clearly; only 8 samples (< 10): small studies are usually mechanistic experiments on cell lines",Canonical Wnt Induces Focal Adhesion and Integrin Beta-1 End,LIHC
GSE141200,DOWNLOAD,LIHC,58,2.4 MB,tissue,tissue confirmed,,Gene expression profile of hepatocellular carcinomain in Tai,LIHC
GSE141198,DOWNLOAD,LIHC,148,5.1 MB,tissue,tissue confirmed,,Gene expression profile of hepatocellular carcinomain in Tai,LIHC
GSE194179,SKIP,UNKNOWN,29,947.0 KB,culture,the samples declare culture (CELL_LINE): cancer cell line,the abstract names no cancer type clearly,Study of HBV and HDV transcriptomic modulation in HepaRG and,LIHC
GSE192862,AMBIGUOUS,LIHC,9,208.0 KB,tissue,the matrix has 4 numeric columns but GEO declares 9 samples,the matrix has 4 numeric columns but GEO declares 9 samples,Transcriptomic analysis of HCV+ vs HCV- hepatocytes  and tum,LIHC
GSE193567,AMBIGUOUS,LIHC,18,3.5 MB,tissue,"the counts are in .xlsx, which cannot be read from a byte range: check by hand that the values are whole and the columns are tissue","the counts are in .xlsx, which cannot be read from a byte range: check by hand that the values are whole and the columns are tissue",Expression of mutated genes in tumor samples in patients wit,LIHC
GSE190277,SKIP,UNKNOWN,12,1018.0 KB,culture,the samples declare culture (CELL_LINE): hepatoma cell line,"the abstract mentions CELL_LINE, which the sample records did not confirm; the abstract names no cancer type clearly; the first column does not look like gene identifiers",Innate triggering and antiviral effector functions of activi,LIHC
GSE188774,SKIP,LIHC,6,9.0 MB,culture,the samples declare culture (CELL_LINE): hepg2 cells,"the abstract mentions CELL_LINE, which the sample records did not confirm; only 6 samples (< 10): small studies are usually mechanistic experiments on cell lines",Effect of HKDC1 ablation on hepatocellular carcinoma prolife,LIHC
GSE186933,SKIP,LIHC,6,2.3 MB,culture,"the samples declare culture (CELL_LINE, NON_HUMAN): nude mice in nc group","the abstract mentions CELL_LINE, NON_HUMAN, which the sample records did not confirm; the title is about non-coding RNA, so gene-level counts may be a by-product; only 6 samples (< 10): small studies are usually mechanistic experiments on cell lines",The regulatory role of lncRNA AC093797.1 in the Hepatocellul,LIHC
GSE186862,SKIP,LIHC,6,5.8 MB,culture,the samples declare culture (CELL_LINE): l02,"the abstract mentions CELL_LINE, which the sample records did not confirm; only 6 samples (< 10): small studies are usually mechanistic experiments on cell lines; the counts are in .xlsx, which cannot be read from a byte range: check by hand that the values are whole and the columns are tissue",HBx increases chromatin accessibility and ETV4 expression to,LIHC
GSE121905,SKIP,UNKNOWN,28,1.0 MB,culture,sample-type flag in the matrix header: CELL_LINE; the samples declare culture (CELL_LINE): stem cell derived hepatocytes,"the abstract mentions CELL_LINE, which the sample records did not confirm; the abstract names no cancer type clearly",Transcriptome of stem cell derived hepatocytes and hepG2 cel,LIHC
GSE117815,SKIP,LIHC,8,3.5 MB,culture,"the samples declare culture (CELL_LINE, NON_HUMAN): nih 3t3 mouse fibroblasts","the abstract mentions CELL_LINE, NON_HUMAN, which the sample records did not confirm; only 8 samples (< 10): small studies are usually mechanistic experiments on cell lines; the first column does not look like gene identifiers",RNA-seq of NIH 3T3 and HepG2 cells after arsenite treatment,LIHC
GSE185799,AMBIGUOUS,LIHC,6,1.4 MB,tissue,"the title is about non-coding RNA, so gene-level counts may be a by-product","the title is about non-coding RNA, so gene-level counts may be a by-product",High-throughput sequencing approach for the identification o,LIHC
GSE145038,SKIP,LIHC,54,3.0 MB,culture,sample-type flag in the matrix header: CELL_LINE; the samples declare culture (CELL_LINE): hepg2,"the abstract mentions CELL_LINE, which the sample records did not confirm",Intracellular accumulation of IFN-λ4 contributes to protecti,LIHC
GSE183751,SKIP,LIHC,2,2.7 MB,culture,the samples declare culture (CELL_LINE): plc/prf/5,"only 2 samples (< 10): small studies are usually mechanistic experiments on cell lines; the counts are in .xlsx, which cannot be read from a byte range: check by hand that the values are whole and the columns are tissue",CDC7 inhibition in PLC/PRF/5 cells,LIHC
GSE152256,SKIP,LIHC,6,1.5 MB,culture,the samples declare culture (CELL_LINE): hep3b,"the abstract mentions CELL_LINE, which the sample records did not confirm; the title is about non-coding RNA, so gene-level counts may be a by-product; only 6 samples (< 10): small studies are usually mechanistic experiments on cell lines","LncRNA SNHG17 contributes to proliferation, migration and po",LIHC
GSE175716,SKIP,LIHC,7,315.3 KB,culture,"sample-type flag in the matrix header: CELL_LINE, NOT_TISSUE; the samples declare culture (CELL_LINE, NON_HUMAN, XENOGRAFT): liver","the abstract mentions XENOGRAFT, SINGLE_CELL, which the sample records did not confirm; only 7 samples (< 10): small studies are usually mechanistic experiments on cell lines",Activation of FcRn mediates a primary resistance response to,LIHC
GSE157905,SKIP,LIHC,16,4.8 MB,culture,sample-type flag in the matrix header: CELL_LINE; the samples declare culture (CELL_LINE): snu449,"the abstract mentions CELL_LINE, XENOGRAFT, NON_HUMAN, which the sample records did not confirm","RNA Sequencing of HCC cells after lenvatinib, gefitinib, and",LIHC
GSE171360,SKIP,UNKNOWN,288,1.1 MB,culture,the samples declare another organ: brain,the abstract names no cancer type clearly,CometChip® and TempO-Seq®: A high-throughput 96-well platfor,LIHC
GSE171983,SKIP,LIHC,6,4.7 MB,culture,the samples declare culture (CELL_LINE): hepatocellular carcinma cells,only 6 samples (< 10): small studies are usually mechanistic experiments on cell lines; the matrix has 40 numeric columns but GEO declares 6 samples,Deciphering the effects of PYCR1 on cell function and its as,LIHC
GSE179661,SKIP,LIHC,8,478.6 KB,culture,the samples declare culture (CELL_LINE): mhcc97h cells,only 8 samples (< 10): small studies are usually mechanistic experiments on cell lines,A novel mechanism of Cannabidiol in suppressing hepatocellul,LIHC
GSE173671,SKIP,LIHC,2,1.7 MB,tissue,"the 'raw' counts contain decimals, so they are not counts",the matrix has 768 numeric columns but GEO declares 2 samples,A human liver cell-based system modeling a clinical prognost,LIHC
GSE178280,SKIP,LIHC,8,344.0 KB,culture,the samples declare culture (CELL_LINE): hepg2,"the abstract mentions CELL_LINE, which the sample records did not confirm; only 8 samples (< 10): small studies are usually mechanistic experiments on cell lines",A transcriptomic analysis of  EDN1 overexpression in HepG2 c,LIHC
GSE178055,SKIP,UNKNOWN,2,20.0 MB,culture,"the 'raw' counts contain decimals, so they are not counts; the samples declare culture (CELL_LINE): homo sapiens hepg2 cell line genetically modified (deletion) using crispr targeting drosha","the abstract mentions CELL_LINE, which the sample records did not confirm; the abstract names no cancer type clearly; only 2 samples (< 10): small studies are usually mechanistic experiments on cell lines; the matrix has 6 numeric columns but GEO declares 2 samples",CRISPR RNA-seq from HepG2 (ENCSR991XFO),LIHC
GSE177956,SKIP,UNKNOWN,2,26.2 MB,culture,"the 'raw' counts contain decimals, so they are not counts; the samples declare culture (CELL_LINE): homo sapiens hepg2 cell line genetically modified (deletion) using crispr targeting eif3h","the abstract mentions CELL_LINE, which the sample records did not confirm; the abstract names no cancer type clearly; only 2 samples (< 10): small studies are usually mechanistic experiments on cell lines; the matrix has 7 numeric columns but GEO declares 2 samples",CRISPR RNA-seq from HepG2 (ENCSR964YLV),LIHC
GSE177945,SKIP,UNKNOWN,2,23.0 MB,culture,"the 'raw' counts contain decimals, so they are not counts; the samples declare culture (CELL_LINE): homo sapiens hepg2 cell line genetically modified (deletion) using crispr targeting nolc1","the abstract mentions CELL_LINE, which the sample records did not confirm; the abstract names no cancer type clearly; only 2 samples (< 10): small studies are usually mechanistic experiments on cell lines; the matrix has 6 numeric columns but GEO declares 2 samples",CRISPR RNA-seq from HepG2 (ENCSR959HPB),LIHC
GSE177928,SKIP,UNKNOWN,2,29.9 MB,culture,"the 'raw' counts contain decimals, so they are not counts; the samples declare culture (CELL_LINE): homo sapiens hepg2 cell line genetically modified (deletion) using crispr targeting srsf7","the abstract mentions CELL_LINE, which the sample records did not confirm; the abstract names no cancer type clearly; only 2 samples (< 10): small studies are usually mechanistic experiments on cell lines; the matrix has 7 numeric columns but GEO declares 2 samples",CRISPR RNA-seq from HepG2 (ENCSR845MNM),LIHC
GSE177918,SKIP,UNKNOWN,2,35.4 MB,culture,"the 'raw' counts contain decimals, so they are not counts; the samples declare culture (CELL_LINE): homo sapiens hepg2 cell line expressing rnai targeting etf1","the abstract mentions CELL_LINE, which the sample records did not confirm; the abstract names no cancer type clearly; only 2 samples (< 10): small studies are usually mechanistic experiments on cell lines; the matrix has 6 numeric columns but GEO declares 2 samples",shRNA RNA-seq from HepG2 (ENCSR840QOH),LIHC
GSE177780,SKIP,UNKNOWN,2,27.2 MB,culture,"the 'raw' counts contain decimals, so they are not counts; the samples declare culture (CELL_LINE): homo sapiens hepg2 cell line expressing rnai targeting zc3h8","the abstract mentions CELL_LINE, which the sample records did not confirm; the abstract names no cancer type clearly; only 2 samples (< 10): small studies are usually mechanistic experiments on cell lines; the matrix has 6 numeric columns but GEO declares 2 samples",shRNA RNA-seq from HepG2 (ENCSR696JWA),LIHC
GSE177528,SKIP,UNKNOWN,2,16.2 MB,culture,"the 'raw' counts contain decimals, so they are not counts; the samples declare culture (CELL_LINE): homo sapiens hepg2 cell line genetically modified (deletion) using crispr targeting rbm5","the abstract mentions CELL_LINE, which the sample records did not confirm; the abstract names no cancer type clearly; only 2 samples (< 10): small studies are usually mechanistic experiments on cell lines; the matrix has 6 numeric columns but GEO declares 2 samples",CRISPR RNA-seq from HepG2 (ENCSR606PVX),LIHC
GSE177524,SKIP,UNKNOWN,2,23.0 MB,culture,"the 'raw' counts contain decimals, so they are not counts; the samples declare culture (CELL_LINE): homo sapiens hepg2 cell line genetically modified (deletion) using crispr targeting sdad1","the abstract mentions CELL_LINE, which the sample records did not confirm; the abstract names no cancer type clearly; only 2 samples (< 10): small studies are usually mechanistic experiments on cell lines; the matrix has 6 numeric columns but GEO declares 2 samples",CRISPR RNA-seq from HepG2 (ENCSR715QWM),LIHC
GSE177473,SKIP,UNKNOWN,2,29.7 MB,culture,"the 'raw' counts contain decimals, so they are not counts; the samples declare culture (CELL_LINE): homo sapiens hepg2 cell line genetically modified (deletion) using crispr targeting hnrnpf","the abstract mentions CELL_LINE, which the sample records did not confirm; the abstract names no cancer type clearly; only 2 samples (< 10): small studies are usually mechanistic experiments on cell lines; the matrix has 7 numeric columns but GEO declares 2 samples",CRISPR RNA-seq from HepG2 (ENCSR599NNK),LIHC
GSE177359,SKIP,UNKNOWN,2,25.9 MB,culture,"the 'raw' counts contain decimals, so they are not counts; the samples declare culture (CELL_LINE): homo sapiens hepg2 cell line genetically modified (deletion) using crispr targeting srsf4","the abstract mentions CELL_LINE, which the sample records did not confirm; the abstract names no cancer type clearly; only 2 samples (< 10): small studies are usually mechanistic experiments on cell lines; the matrix has 6 numeric columns but GEO declares 2 samples",CRISPR RNA-seq from HepG2 (ENCSR471INA),LIHC
GSE177233,SKIP,UNKNOWN,2,24.5 MB,culture,"the 'raw' counts contain decimals, so they are not counts; the samples declare culture (CELL_LINE): homo sapiens hepg2 cell line genetically modified (deletion) using crispr targeting aggf1","the abstract mentions CELL_LINE, which the sample records did not confirm; the abstract names no cancer type clearly; only 2 samples (< 10): small studies are usually mechanistic experiments on cell lines; the matrix has 6 numeric columns but GEO declares 2 samples",CRISPR RNA-seq from HepG2 (ENCSR437GYG),LIHC
GSE177156,SKIP,UNKNOWN,2,33.2 MB,culture,"the 'raw' counts contain decimals, so they are not counts; the samples declare culture (CELL_LINE): homo sapiens hepg2 cell line expressing rnai targeting rbm22","the abstract mentions CELL_LINE, which the sample records did not confirm; the abstract names no cancer type clearly; only 2 samples (< 10): small studies are usually mechanistic experiments on cell lines; the matrix has 7 numeric columns but GEO declares 2 samples",shRNA RNA-seq from HepG2 (ENCSR330KHN),LIHC
GSE177141,SKIP,UNKNOWN,2,33.8 MB,culture,"the 'raw' counts contain decimals, so they are not counts; the samples declare culture (CELL_LINE): homo sapiens hepg2 cell line expressing rnai targeting auh","the abstract mentions CELL_LINE, which the sample records did not confirm; the abstract names no cancer type clearly; only 2 samples (< 10): small studies are usually mechanistic experiments on cell lines; the matrix has 7 numeric columns but GEO declares 2 samples",shRNA RNA-seq from HepG2 (ENCSR409CSO),LIHC
GSE176996,SKIP,UNKNOWN,2,22.8 MB,culture,"the 'raw' counts contain decimals, so they are not counts; the samples declare culture (CELL_LINE): homo sapiens hepg2 cell line genetically modified (deletion) using crispr targeting exosc5","the abstract mentions CELL_LINE, which the sample records did not confirm; the abstract names no cancer type clearly; only 2 samples (< 10): small studies are usually mechanistic experiments on cell lines; the matrix has 7 numeric columns but GEO declares 2 samples",CRISPR RNA-seq from HepG2 (ENCSR284SZO),LIHC
GSE176979,SKIP,UNKNOWN,2,23.3 MB,culture,"the 'raw' counts contain decimals, so they are not counts; the samples declare culture (CELL_LINE): homo sapiens hepg2 cell line genetically modified (deletion) using crispr targeting cdc40","the abstract mentions CELL_LINE, which the sample records did not confirm; the abstract names no cancer type clearly; only 2 samples (< 10): small studies are usually mechanistic experiments on cell lines; the matrix has 7 numeric columns but GEO declares 2 samples",CRISPR RNA-seq from HepG2 (ENCSR278NFF),LIHC
GSE176967,SKIP,UNKNOWN,2,33.0 MB,culture,"the 'raw' counts contain decimals, so they are not counts; the samples declare culture (CELL_LINE): homo sapiens hepg2 cell line expressing rnai targeting ssb","the abstract mentions CELL_LINE, which the sample records did not confirm; the abstract names no cancer type clearly; only 2 samples (< 10): small studies are usually mechanistic experiments on cell lines; the matrix has 6 numeric columns but GEO declares 2 samples",shRNA RNA-seq from HepG2 (ENCSR278CHI),LIHC
GSE176947,SKIP,UNKNOWN,2,29.7 MB,culture,"the 'raw' counts contain decimals, so they are not counts; the samples declare culture (CELL_LINE): homo sapiens hepg2 cell line genetically modified (deletion) using crispr targeting igf2bp1","the abstract mentions CELL_LINE, which the sample records did not confirm; the abstract names no cancer type clearly; only 2 samples (< 10): small studies are usually mechanistic experiments on cell lines; the matrix has 7 numeric columns but GEO declares 2 samples",CRISPR RNA-seq from HepG2 (ENCSR268XHM),LIHC
GSE176863,SKIP,UNKNOWN,2,22.8 MB,culture,"the 'raw' counts contain decimals, so they are not counts; the samples declare culture (CELL_LINE): homo sapiens hepg2 cell line genetically modified (deletion) using crispr targeting rbm14","the abstract mentions CELL_LINE, which the sample records did not confirm; the abstract names no cancer type clearly; only 2 samples (< 10): small studies are usually mechanistic experiments on cell lines; the matrix has 6 numeric columns but GEO declares 2 samples",CRISPR RNA-seq from HepG2 (ENCSR166MWM),LIHC
GSE176811,SKIP,UNKNOWN,2,33.7 MB,culture,"the 'raw' counts contain decimals, so they are not counts; the samples declare culture (CELL_LINE): homo sapiens hepg2 cell line expressing rnai targeting srfbp1","the abstract mentions CELL_LINE, which the sample records did not confirm; the abstract names no cancer type clearly; only 2 samples (< 10): small studies are usually mechanistic experiments on cell lines; the matrix has 7 numeric columns but GEO declares 2 samples",shRNA RNA-seq from HepG2 (ENCSR153GKS),LIHC
GSE176701,SKIP,UNKNOWN,2,27.3 MB,culture,"the 'raw' counts contain decimals, so they are not counts; sample-type flag inside filelist.txt: CELL_LINE; the samples declare culture (CELL_LINE): homo sapiens hepg2 cell line expressing rnai targeting prpf4","the abstract mentions CELL_LINE, which the sample records did not confirm; the abstract names no cancer type clearly; only 2 samples (< 10): small studies are usually mechanistic experiments on cell lines; the matrix has 6 numeric columns but GEO declares 2 samples",shRNA RNA-seq from HepG2 (ENCSR215FRI),LIHC
GSE176586,SKIP,UNKNOWN,2,30.0 MB,culture,"the 'raw' counts contain decimals, so they are not counts; the samples declare culture (CELL_LINE): homo sapiens hepg2 cell line genetically modified (deletion) using crispr targeting rplp0","the abstract mentions CELL_LINE, which the sample records did not confirm; the abstract names no cancer type clearly; only 2 samples (< 10): small studies are usually mechanistic experiments on cell lines; the matrix has 6 numeric columns but GEO declares 2 samples",CRISPR RNA-seq from HepG2 (ENCSR000SKS),LIHC
GSE140708,SKIP,LIHC,6,424.0 KB,culture,the samples declare culture (CELL_LINE): huh7 cell line,"the abstract mentions CELL_LINE, which the sample records did not confirm; the title is about non-coding RNA, so gene-level counts may be a by-product; only 6 samples (< 10): small studies are usually mechanistic experiments on cell lines",Mutual dependency between a lncRNA and NPM1 is crucial for t,LIHC
GSE176151,SKIP,LIHC,6,259.5 KB,culture,the samples declare culture (CELL_LINE): hcc cell line mhcc97h,"the abstract mentions CELL_LINE, which the sample records did not confirm; only 6 samples (< 10): small studies are usually mechanistic experiments on cell lines",PLEKHG5 stabilized by HDAC2-related deacetylation is the mas,LIHC
GSE143551,SKIP,LIHC,4,166.0 KB,culture,the samples declare culture (CELL_LINE): liver carcinoma cell line,"the abstract mentions CELL_LINE, which the sample records did not confirm; only 4 samples (< 10): small studies are usually mechanistic experiments on cell lines",Loss of TARBP2 Drives the Progression of Hepatocellular Carc,LIHC
GSE175454,SKIP,LIHC,2,4.6 MB,culture,sample-type flag in the matrix header: CELL_LINE; the samples declare culture (CELL_LINE): 8024,"the abstract mentions CELL_LINE, which the sample records did not confirm; only 2 samples (< 10): small studies are usually mechanistic experiments on cell lines; the matrix has 8 numeric columns but GEO declares 2 samples",Expression data comparing 8024 wild type (WT) and MAEL knock,LIHC
GSE166923,SKIP,UNKNOWN,24,669.0 KB,culture,the samples declare culture (CELL_LINE): hepg2,"the abstract mentions CELL_LINE, which the sample records did not confirm; the abstract names no cancer type clearly",Gene expression profiling of HepG2 cell response to bortezom,LIHC
GSE112908,SKIP,UNKNOWN,6,1.3 MB,culture,the samples declare culture (CELL_LINE): hepg2,"the abstract mentions CELL_LINE, which the sample records did not confirm; the abstract names no cancer type clearly; only 6 samples (< 10): small studies are usually mechanistic experiments on cell lines",Transcriptome sequencing (RNA-Seq) of HepG2 cells upon treat,LIHC
GSE164441,SKIP,LIHC,20,6.2 MB,tissue,"the 'raw' counts contain decimals, so they are not counts",,A selective HDAC8 inhibitor potentiates antitumor immunity a,LIHC
GSE171311,SKIP,LIHC,6,689.0 KB,culture,the samples declare culture (CELL_LINE): hepg2,"the abstract mentions CELL_LINE, which the sample records did not confirm; only 6 samples (< 10): small studies are usually mechanistic experiments on cell lines; the first column does not look like gene identifiers",Transcriptome Analysis of Signaling Pathways Targeted by Ell,LIHC
GSE168484,SKIP,LIHC,6,501.0 KB,culture,the samples declare culture (CELL_LINE): liver hepg2 cells,"the abstract mentions CELL_LINE, NON_HUMAN, NOT_TISSUE, which the sample records did not confirm; only 6 samples (< 10): small studies are usually mechanistic experiments on cell lines",Hepatic miR20b promotes nonalcholic fatty liver diseases by ,LIHC
GSE155771,SKIP,LIHC,759,15.1 MB,culture,sample-type flag in the matrix header: CELL_LINE; the samples declare culture (CELL_LINE): definitive endoderm - day 4,"the abstract mentions CELL_LINE, which the sample records did not confirm; the first column does not look like gene identifiers",Systematic comparison of cellular adaptive stress response a,LIHC
GSE110345,DOWNLOAD,LIHC,4,634.0 KB,tissue,tissue confirmed,,Relative abundance of the integrant-derived viral RNAs in in,LIHC
GSE146115,SKIP,LIHC,16,16.2 MB,culture,the samples declare culture (SINGLE_CELL): liver tumor,"the abstract mentions SINGLE_CELL, which the sample records did not confirm; the matrix has 3200 numeric columns but GEO declares 16 samples",Single-cell transcriptomic analysis of human hepatocellular ,LIHC
GSE156009,SKIP,UNKNOWN,3,383.0 KB,culture,the samples declare culture: endothelial cells,"the abstract mentions CELL_LINE, which the sample records did not confirm; the abstract names no cancer type clearly; only 3 samples (< 10): small studies are usually mechanistic experiments on cell lines",RNA sequencing on stem cell-derived endothelial cells,LIHC
GSE136332,SKIP,LIHC,10,1.2 MB,culture,sample-type flag in the matrix header: CELL_LINE; sample-type flag inside GSE136332_rnaseq_3scr_3shSALL4_gene_exp_updated.txt.gz: CELL_LINE; the samples declare culture (CELL_LINE): snu398,"the abstract mentions CELL_LINE, NOT_RNASEQ, which the sample records did not confirm; the matrix has 4 numeric columns but GEO declares 10 samples",Zinc finger protein SALL4 functions through an AT-rich motif,LIHC
GSE164615,SKIP,LIHC,8,222.5 KB,culture,"sample-type flag inside GSE164615.txt.gz: CELL_LINE, NOT_RNASEQ; the samples declare culture (CELL_LINE): hepg2","the abstract mentions CELL_LINE, NOT_RNASEQ, which the sample records did not confirm; only 8 samples (< 10): small studies are usually mechanistic experiments on cell lines; the first column does not look like gene identifiers",XBP1s cooperates with LEF1 to promote hepatocellular carcino,LIHC
GSE147718,SKIP,LIHC,36,1.2 MB,culture,the samples declare culture (CELL_LINE): hepg2,"the abstract mentions CELL_LINE, which the sample records did not confirm",Co-Administration of Propionate or Protocatechuic Acid Does ,LIHC
GSE142987,SKIP,LIHC,65,2.7 MB,culture,the samples declare culture (NOT_TISSUE): liver cancer patient's plasma,"the abstract mentions NOT_TISSUE, which the sample records did not confirm",RNA-seq analysis of liver cancer patients' plasma,LIHC
GSE157110,SKIP,LIHC,6,3.9 MB,culture,the samples declare culture (CELL_LINE): hcclm3,"the abstract mentions CELL_LINE, NOT_TISSUE, which the sample records did not confirm; only 6 samples (< 10): small studies are usually mechanistic experiments on cell lines; the first column does not look like gene identifiers; the matrix has 73 numeric columns but GEO declares 6 samples",High throughput RNA-sequencing identifies Differentially Exp,LIHC
GSE124715,SKIP,UNKNOWN,54,1.6 MB,culture,the samples declare culture (CELL_LINE): hep g2,"the abstract mentions CELL_LINE, which the sample records did not confirm; the abstract names no cancer type clearly; the first column does not look like gene identifiers",The Effect of Compound Kushen Injection on Cancer Cells: Int,LIHC
GSE144269,DOWNLOAD,LIHC,140,34.3 MB,tissue,tissue confirmed,,The genomic landscape of Mongolian hepatocellular carcinoma,LIHC
GSE153783,SKIP,LIHC,3,469.0 KB,culture,"the 'raw' counts contain decimals, so they are not counts; sample-type flag in the matrix header: CELL_LINE; the samples declare culture (CELL_LINE): hep3b","the abstract mentions CELL_LINE, which the sample records did not confirm; only 3 samples (< 10): small studies are usually mechanistic experiments on cell lines; the matrix has 7 numeric columns but GEO declares 3 samples",RNA-seq of different genes expression in Hepatocellular Carc,LIHC
GSE143300,SKIP,LIHC,12,2.7 MB,culture,the samples declare culture (CELL_LINE): huh7,"the title is about non-coding RNA, so gene-level counts may be a by-product",Identification of Host-derived Circular RNAs that Display Pr,LIHC
GSE142206,SKIP,LIHC,18,4.0 MB,culture,the samples declare culture (CELL_LINE): huh7 cells,"the abstract mentions CELL_LINE, which the sample records did not confirm",The transcriptional landscapes of a hepatoma cell line grown,LIHC
GSE145988,SKIP,LIHC,9,666.0 KB,culture,sample-type flag in the matrix header: CELL_LINE; the samples declare culture (CELL_LINE): huh7 cell line,"the abstract mentions CELL_LINE, ORGANOID, XENOGRAFT, NON_HUMAN, which the sample records did not confirm; only 9 samples (< 10): small studies are usually mechanistic experiments on cell lines; the first column does not look like gene identifiers",Targeted Inhibition of Purine Metabolism is Effective in Sup,LIHC
GSE145210,SKIP,UNKNOWN,4,2.8 MB,culture,"the identifiers are transcripts, not genes; the samples declare culture (CELL_LINE): hepg2","the abstract mentions CELL_LINE, which the sample records did not confirm; the abstract names no cancer type clearly; only 4 samples (< 10): small studies are usually mechanistic experiments on cell lines",Transcriptome network analysis of Smug1 knock-out cells by u,LIHC
GSE148283,SKIP,UNKNOWN,154,5.4 MB,tissue,"the 'raw' counts contain decimals, so they are not counts; sample-type flag inside GSE148283_all.sample.csv.gz: CELL_LINE",the abstract names no cancer type clearly,RNA-Seq of multiplexed metastasis xenogfrates of barcoded ce,LIHC
GSE123972,SKIP,LIHC,47,41.0 MB,culture,the samples declare culture (NOT_TISSUE): hcc plasma,"the abstract mentions NOT_TISSUE, which the sample records did not confirm; the first column does not look like gene identifiers; the matrix has 4 numeric columns but GEO declares 47 samples",RNA-seq analysis of hepatocellular carcinoma plasma,LIHC
GSE149614,SKIP,LIHC,21,1.4 GB,culture,the samples declare culture (SINGLE_CELL): single cells in primary tumor tissue of hcc patient,"the abstract mentions SINGLE_CELL, which the sample records did not confirm; the first column does not look like gene identifiers",A Single-Cell Atlas of the Multicellular Ecosystem of Primar,LIHC
GSE136711,DOWNLOAD,LIHC,41,1.9 MB,tissue,tissue confirmed,,Reliability of a Single-region Tumor Sample for Evaluating t,LIHC
GSE146549,SKIP,UNKNOWN,21,4.3 MB,culture,the samples declare culture (CELL_LINE): heparg cell line,the abstract names no cancer type clearly; the first column does not look like gene identifiers,Analysis of transcriptomic responses of genotoxic stress in ,LIHC
GSE133039,DOWNLOAD,LIHC,66,4.0 MB,tissue,tissue confirmed,,Epigenetic footprint of hepatoblastoma defines a novel integ,LIHC
GSE146496,SKIP,LIHC,6,1.3 MB,culture,the samples declare culture (CELL_LINE): hle hcc_control,"the abstract mentions CELL_LINE, which the sample records did not confirm; only 6 samples (< 10): small studies are usually mechanistic experiments on cell lines; the counts are in .xlsx, which cannot be read from a byte range: check by hand that the values are whole and the columns are tissue",Transcriptome alteration upon ZNF281 depletion in HCC cells,LIHC
GSE144494,AMBIGUOUS,UNKNOWN,135,3.2 MB,unstated,"the abstract mentions CELL_LINE, NON_HUMAN, SINGLE_CELL, which the sample records did not confirm; the abstract names no cancer type clearly; the counts are in .gz, which cannot be read from a byte range: check by hand that the values are whole and the columns are tissue; the samples declare neither tissue nor cell line, so the type could not be confirmed","the abstract mentions CELL_LINE, NON_HUMAN, SINGLE_CELL, which the sample records did not confirm; the abstract names no cancer type clearly; the counts are in .gz, which cannot be read from a byte range: check by hand that the values are whole and the columns are tissue; the samples declare neither tissue nor cell line, so the type could not be confirmed",Deregulation of ribosomal protein expression and translation,LIHC
GSE143530,SKIP,LIHC,10,1.3 MB,culture,the samples declare culture (CELL_LINE): hap1,"the abstract mentions CELL_LINE, NON_HUMAN, which the sample records did not confirm",A suite of haploid genetic screens identifies SPRING as a no,LIHC
GSE143882,SKIP,UNKNOWN,6,262.0 KB,culture,the samples declare culture (CELL_LINE): hepg2.2.15 cells,"the abstract mentions CELL_LINE, which the sample records did not confirm; the abstract names no cancer type clearly; only 6 samples (< 10): small studies are usually mechanistic experiments on cell lines",Gene-expression profiles of  HepG2.2.15 cells induced by  ov,LIHC
GSE106830,SKIP,LIHC,8,460.0 KB,culture,the samples declare culture: primary tumor from hcc patient #77,only 8 samples (< 10): small studies are usually mechanistic experiments on cell lines,Differential Gene Expression of Mucosal-Associated Invariant,LIHC
GSE139021,SKIP,UNKNOWN,6,3.1 MB,culture,"the 'raw' counts contain decimals, so they are not counts; the samples declare culture (CELL_LINE): hepg2","the abstract mentions CELL_LINE, which the sample records did not confirm; the abstract names no cancer type clearly; only 6 samples (< 10): small studies are usually mechanistic experiments on cell lines; the matrix has 15 numeric columns but GEO declares 6 samples",RNA-Sequencing of HepG2 cells treated with TGFBeta,LIHC
GSE112330,SKIP,LIHC,47,1.2 MB,culture,sample-type flag in the matrix header: CELL_LINE; the samples declare culture: human embryonic fibroblast,the first column does not look like gene identifiers,A novel reprogramming strategy to generate functionally comp,LIHC
GSE135960,SKIP,LIHC,9,3.7 MB,culture,the samples declare culture (CELL_LINE): hep3b,"the abstract mentions CELL_LINE, which the sample records did not confirm; only 9 samples (< 10): small studies are usually mechanistic experiments on cell lines; the counts are in .xlsx, which cannot be read from a byte range: check by hand that the values are whole and the columns are tissue","CDK12 inhibition in Hep3B, Huh7 and SNU449 cells",LIHC
GSE132812,SKIP,LIHC,10,283.0 KB,culture,the samples declare culture: hepatocellular carcinoma tissue,,Gene expression profiles of tumor-infiltrating CD8 T cells i,LIHC
GSE132810,SKIP,LIHC,15,361.0 KB,culture,the samples declare culture: hepatocellular carcinoma tissue,,"Gene expression profiles of 4-1BB+PD-1-high, 4-1BB-PD-1-high",LIHC
GSE135089,SKIP,UNKNOWN,9,584.0 KB,culture,the samples declare culture (CELL_LINE): huh7,"the abstract mentions CELL_LINE, which the sample records did not confirm; the abstract names no cancer type clearly; only 9 samples (< 10): small studies are usually mechanistic experiments on cell lines",Genome-wide analysis of Ctr and OPA1 knock-down transcriptom,LIHC
GSE117623,SKIP,LIHC,137,3.2 MB,culture,the samples declare culture: circulating epithelial cells,,The Liquid Liver Biopsy: Detection of Circulating Epithelial,LIHC
GSE123605,SKIP,LIHC,48,79.0 KB,culture,"the identifier column is 'microRNA', so the rows are not genes; the samples declare culture (NOT_TISSUE): case_ctad plasma","the abstract mentions NOT_TISSUE, which the sample records did not confirm; the title is about non-coding RNA, so gene-level counts may be a by-product",Predicting Postoperative Liver Dysfunction Based on Blood De,LIHC
GSE112705,DOWNLOAD,LIHC,40,1.0 MB,tissue,tissue confirmed,,Landscapes of gene translation in hepatocellular carcinoma t,LIHC
GSE119103,SKIP,UNKNOWN,90,3.9 MB,culture,the samples declare culture: germinal center b cell,"the abstract mentions NOT_RNASEQ, which the sample records did not confirm; the abstract names no cancer type clearly",Corrupted coordination of epigenetic modifications leads to ,LIHC
GSE129277,SKIP,UNKNOWN,4,4.3 MB,culture,"sample-type flag inside GSE129277_diff-Group_Control-vs-Group_Case-Pvalue-0.05-FC-2.txt.gz: NOT_RNASEQ, NOT_TISSUE; the samples declare culture (CELL_LINE): huh7","the abstract mentions CELL_LINE, which the sample records did not confirm; the abstract names no cancer type clearly; only 4 samples (< 10): small studies are usually mechanistic experiments on cell lines",Illumina sequencing analysis of LINC00998 knockdown and cont,LIHC
GSE129071,SKIP,LIHC,9,4.6 MB,culture,the samples declare culture (CELL_LINE): mhcc97l,"the abstract mentions CELL_LINE, which the sample records did not confirm; only 9 samples (< 10): small studies are usually mechanistic experiments on cell lines",Oxaliplatin resistance is enhanced by saracatinib via upregu,LIHC
GSE120663,DOWNLOAD,LIHC,7,465.0 KB,tissue,tissue confirmed,,Transcriptome Analysis of PBMCs in peripheral blood of patie,LIHC
GSE112463,SKIP,LIHC,12,2.7 MB,culture,the samples declare culture (CELL_LINE): geckov2 plasmid library,"the abstract mentions CELL_LINE, which the sample records did not confirm",Identification of Novel Regulatory Genes in APAP Induced Hep,LIHC
GSE101934,SKIP,UNKNOWN,6,635.0 KB,culture,"the 'raw' counts contain decimals, so they are not counts; the samples declare culture (CELL_LINE): huh7","the abstract mentions CELL_LINE, which the sample records did not confirm; the abstract names no cancer type clearly; only 6 samples (< 10): small studies are usually mechanistic experiments on cell lines",Distinct gene expression profile of Huh7 cell lines stably o,LIHC
GSE117822,SKIP,UNKNOWN,9,450.0 KB,culture,the samples declare culture (CELL_LINE): huh 7 cells,"the abstract mentions CELL_LINE, which the sample records did not confirm; the abstract names no cancer type clearly; only 9 samples (< 10): small studies are usually mechanistic experiments on cell lines",Transcriptome Analysis of Huh7 cells Infected with Adenoviru,LIHC
GSE117627,SKIP,LIHC,15,1.0 MB,culture,the samples declare culture: hcc peritumoral tissues,,Intrahepatic MAIT cell gene expression revealed by RNA-seq,LIHC
GSE111389,SKIP,LIHC,18,425.0 KB,culture,the samples declare culture: hepatocellular carcinoma tissue,,"Gene expression profiles of PD1-high, PD1-intermediate, and ",LIHC
GSE121277,SKIP,UNKNOWN,8,2.8 MB,culture,the samples declare culture (CELL_LINE): huh7,"the abstract mentions CELL_LINE, which the sample records did not confirm; the abstract names no cancer type clearly; only 8 samples (< 10): small studies are usually mechanistic experiments on cell lines; the counts are in .xlsx, which cannot be read from a byte range: check by hand that the values are whole and the columns are tissue","RNA seq data of Hep3B-control, Hep3B-sertraline, Hep3B-XL413",LIHC
GSE121276,SKIP,LIHC,8,5.3 MB,culture,the samples declare culture (CELL_LINE): hep3b,"the abstract mentions CELL_LINE, which the sample records did not confirm; only 8 samples (< 10): small studies are usually mechanistic experiments on cell lines; the counts are in .xlsx, which cannot be read from a byte range: check by hand that the values are whole and the columns are tissue",CDC7 inhibition induces a senescence-like state in Hep3B and,LIHC
GSE120095,SKIP,LIHC,6,5.8 MB,culture,the samples declare culture (CELL_LINE): hcclm3 cells,"only 6 samples (< 10): small studies are usually mechanistic experiments on cell lines; the counts are in .gz, which cannot be read from a byte range: check by hand that the values are whole and the columns are tissue",Gene expression profiling of HCCLM3 cells: Control ASO vs SC,LIHC
GSE120021,AMBIGUOUS,LIHC,8,6.0 MB,culture,"the abstract mentions XENOGRAFT, which the sample records did not confirm; only 8 samples (< 10): small studies are usually mechanistic experiments on cell lines; the counts are in .gz, which cannot be read from a byte range: check by hand that the values are whole and the columns are tissue; the samples name lung in a metastasis context but never LIHC: check whether these are metastases of our cancer or another primary","the abstract mentions XENOGRAFT, which the sample records did not confirm; only 8 samples (< 10): small studies are usually mechanistic experiments on cell lines; the counts are in .gz, which cannot be read from a byte range: check by hand that the values are whole and the columns are tissue; the samples name lung in a metastasis context but never LIHC: check whether these are metastases of our cancer or another primary",Gene expression profiling of xenografts generated by lung me,LIHC
GSE101413,SKIP,LIHC,22,1.2 MB,culture,sample-type flag in the matrix header: CELL_LINE; the samples declare culture (CELL_LINE): chorioallantoic membrane (cam),,Tracking transcriptional changes in a species-specific manne,LIHC
GSE93069,SKIP,LIHC,36,4.6 MB,unstated,"the 'raw' counts contain decimals, so they are not counts; the samples declare another organ: kidney",,Transcriptome sequencing (RNA-Seq) of non-tumor kidney tissu,LIHC
GSE102560,SKIP,UNKNOWN,15,4.5 MB,culture,the samples declare culture (CELL_LINE): hepg2,"the abstract mentions CELL_LINE, which the sample records did not confirm; the abstract names no cancer type clearly",Cooperative and Antagonistic Transcriptional Regulation by B,LIHC
GSE83518,SKIP,LIHC,16,867.0 KB,culture,sample-type flag in the matrix header: CELL_LINE; the samples declare culture (CELL_LINE): huh-1 epithelial liver cancer cell line,"the abstract mentions CELL_LINE, which the sample records did not confirm",Gene profiling of human adult and pediatric liver cancer cel,LIHC
GSE98638,AMBIGUOUS,LIHC,6,339.4 MB,tissue,the matrix has 5063 numeric columns but GEO declares 6 samples,the matrix has 5063 numeric columns but GEO declares 6 samples,Landscape of infiltrating T cells in liver cancer revealed b,LIHC
GSE90256,SKIP,UNKNOWN,2,56.4 MB,culture,"the 'raw' counts contain decimals, so they are not counts; the samples declare culture (CELL_LINE): homo sapiens hepg2 immortalized cell line cytosolic fraction","the abstract mentions CELL_LINE, which the sample records did not confirm; the abstract names no cancer type clearly; only 2 samples (< 10): small studies are usually mechanistic experiments on cell lines; the matrix has 6 numeric columns but GEO declares 2 samples",polyA depleted RNA-seq from HepG2 (ENCSR000CQU),LIHC
GSE90248,SKIP,UNKNOWN,2,120.8 MB,culture,"the 'raw' counts contain decimals, so they are not counts; the samples declare culture (CELL_LINE): homo sapiens hepg2 immortalized cell line nuclear fraction","the abstract mentions CELL_LINE, which the sample records did not confirm; the abstract names no cancer type clearly; only 2 samples (< 10): small studies are usually mechanistic experiments on cell lines; the matrix has 6 numeric columns but GEO declares 2 samples",polyA depleted RNA-seq from HepG2 (ENCSR000CQK),LIHC
GSE90230,SKIP,UNKNOWN,2,79.9 MB,culture,"the 'raw' counts contain decimals, so they are not counts; the samples declare culture (CELL_LINE): homo sapiens hepg2 immortalized cell line cytosolic fraction","the abstract mentions CELL_LINE, which the sample records did not confirm; the abstract names no cancer type clearly; only 2 samples (< 10): small studies are usually mechanistic experiments on cell lines; the matrix has 6 numeric columns but GEO declares 2 samples",polyA mRNA RNA-seq from HepG2 (ENCSR000CPF),LIHC
GSE90228,SKIP,UNKNOWN,2,128.2 MB,culture,"the 'raw' counts contain decimals, so they are not counts; the samples declare culture (CELL_LINE): homo sapiens hepg2 immortalized cell line nuclear fraction","the abstract mentions CELL_LINE, which the sample records did not confirm; the abstract names no cancer type clearly; only 2 samples (< 10): small studies are usually mechanistic experiments on cell lines; the matrix has 6 numeric columns but GEO declares 2 samples",polyA mRNA RNA-seq from HepG2 (ENCSR000CPC),LIHC
GSE82177,AMBIGUOUS,LIHC,27,6.9 MB,tissue,the first column does not look like gene identifiers,the first column does not look like gene identifiers,Human liver RNA-seq data corresponding to uninfected non-mal,LIHC
GSE86659,SKIP,UNKNOWN,2,99.3 MB,culture,"the 'raw' counts contain decimals, so they are not counts; the samples declare culture (CELL_LINE): homo sapiens hepg2 immortalized cell line","the abstract mentions CELL_LINE, which the sample records did not confirm; the abstract names no cancer type clearly; only 2 samples (< 10): small studies are usually mechanistic experiments on cell lines; the matrix has 6 numeric columns but GEO declares 2 samples",polyA mRNA RNA-seq from HepG2 (ENCSR000CPE),LIHC
GSE70089,DOWNLOAD,LIHC,12,773.0 KB,tissue,tissue confirmed,,Whole genome analysis of the methylome and hydroxymethylome ,LIHC
GSE69567,SKIP,UNKNOWN,19,4.6 MB,culture,the samples declare culture (CELL_LINE): hepg2,the abstract names no cancer type clearly,Combinatorial Regulation Mediated by Biochemically Distinct ,LIHC
GSE231854,SKIP,CHOL,81,19.0 MB,,"only normalised values (FPKM/TPM/CPM), unusable by DESeq2",,The heterogeneity analysis of hepatocellular carcinoma and c,LIHC
GSE319518,SKIP,CHOL,2,1.4 MB,,"only normalised values (FPKM/TPM/CPM), unusable by DESeq2",,Gene expression profiling of HepG2 cells with or without SAM,LIHC
GSE311232,SKIP,LIHC,12,6.8 MB,,"only a per-sample archive (<GSE>_RAW.tar), no count matrix",,Gene expression analysis using RNAseq upon SBNO1 knockdown i,LIHC
GSE291554,SKIP,CHOL,6,3.4 MB,,no file recognisable as a count matrix,,N6-Methyladenosine-Modified circPICALM Encodes a Protein Tha,LIHC
GSE277271,SKIP,CHOL,9,5.4 MB,,"only a per-sample archive (<GSE>_RAW.tar), no count matrix",,SBNO1 knockdown in the iCCA cell lines SNU1079,LIHC
GSE319935,SKIP,CHOL,6,14.0 MB,,"only a per-sample archive (<GSE>_RAW.tar), no count matrix",,Defining molecular signatures of the solid/pseudopapillary a,LIHC
GSE284669,SKIP,CHOL,6,166.0 MB,,"only a per-sample archive (<GSE>_RAW.tar), no count matrix",,Therapeutic Perturbation of Liver and Bile Duct Cancer throu,LIHC
GSE249843,SKIP,LIHC,17,1.1 GB,,"only a per-sample archive (<GSE>_RAW.tar), no count matrix",,S100A6 drives lymphatic metastasis of liver cancer via activ,LIHC
GSE293591,SKIP,UNKNOWN,365,57.0 MB,,"only normalised values (FPKM/TPM/CPM), unusable by DESeq2",,Integrative Assessment of RNA-seq and IHC: Linking Tumor Bio,LIHC
GSE279597,SKIP,CHOL,12,1.4 MB,,sample-type flag in the file names: CELL_LINE,,Mutant IDH disables p53 tumor suppression [RNA-seq],LIHC
GSE284205,SKIP,CHOL,7,28.0 MB,,"only a per-sample archive (<GSE>_RAW.tar), no count matrix",,Anti-VEGF treatment potentiates ICB responses through a BAFF,LIHC
GSE249974,SKIP,CHOL,14,170.0 MB,,"only a per-sample archive (<GSE>_RAW.tar), no count matrix",,Anti-VEGF treatment enhances antitumor responses by targetin,LIHC
GSE290614,SKIP,CHOL,18,2.2 MB,,"only a per-sample archive (<GSE>_RAW.tar), no count matrix",,Comprehensive Molecular Profiling of Combined Hepatocellular,LIHC
GSE284649,SKIP,LIHC,6,3.4 MB,,"only normalised values (FPKM/TPM/CPM), unusable by DESeq2",,Active repression of cell fate plasticity by PROX1 safeguard,LIHC
GSE278074,SKIP,LIHC,12,4.4 MB,,"only a per-sample archive (<GSE>_RAW.tar), no count matrix",,HKDC1 promotes liver cancer stemness under hypoxia via stabi,LIHC
GSE229772,SKIP,LIHC,31,764.3 MB,,"only normalised values (FPKM/TPM/CPM), unusable by DESeq2 | sample-type flag in the file names: SINGLE_CELL",,Lineage and ecology define liver tumor evolution in response,LIHC
GSE202090,SKIP,CHOL,39,82.0 MB,,"only a per-sample archive (<GSE>_RAW.tar), no count matrix",,Mixed hepatocellular – cholangiocarcinoma derives from liver,LIHC
GSE201995,SKIP,CHOL,36,47.0 MB,,"only normalised values (FPKM/TPM/CPM), unusable by DESeq2",,Mixed hepatocellular – cholangiocarcinoma derives from liver,LIHC
GSE168791,SKIP,LIHC,24,3.5 MB,,"only normalised values (FPKM/TPM/CPM), unusable by DESeq2",,Liver lineage confers sensitivity of cancer cells to sulfona,LIHC
GSE189903,SKIP,LIHC,34,1.3 GB,,"only a per-sample archive (<GSE>_RAW.tar), no count matrix | sample-type flag in the file names: SINGLE_CELL",,Multiregional single-cell transcriptomic analysis of liver c,LIHC
GSE184276,SKIP,LIHC,4,500.3 KB,,"only a per-sample archive (<GSE>_RAW.tar), no count matrix",,RNA sequence data from liver-specific Pten/Traf3 knockout mi,LIHC
GSE184398,SKIP,UNKNOWN,1072,357.2 MB,,"only a per-sample archive (<GSE>_RAW.tar), no count matrix",,RNA-sequencing of tumor infiltrating cells across 12 differe,LIHC
GSE157086,SKIP,UNKNOWN,184,273.0 MB,,"only a per-sample archive (<GSE>_RAW.tar), no count matrix",,Large-scale genomic alterations identified in cancer patient,LIHC
GSE168885,SKIP,LIHC,4,7.3 MB,,"only a per-sample archive (<GSE>_RAW.tar), no count matrix",,Effect of FENDRR  on genetic expressions of primary liver ca,LIHC
GSE151530,SKIP,LIHC,46,291.7 MB,,no file recognisable as a count matrix | sample-type flag in the file names: SINGLE_CELL,,Understanding tumor evolution and its clonality by single-ce,LIHC
GSE146409,SKIP,LIHC,151,15.1 MB,,sample-type flag in the file names: SINGLE_CELL,,A single cell atlas of the human liver tumor microenvironmen,LIHC
GSE125449,SKIP,LIHC,19,43.4 MB,,no file recognisable as a count matrix | sample-type flag in the file names: SINGLE_CELL,,Tumor cell biodiversity drives microenvironmental reprogramm,LIHC
GSE124395,SKIP,LIHC,319,157.1 MB,,"only a per-sample archive (<GSE>_RAW.tar), no count matrix",,A Human Liver Cell Atlas reveals Heterogeneity and Epithelia,LIHC
GSE115853,SKIP,LIHC,13,2.0 MB,,sample-type flag in the file names: ORGANOID,,Organoids derived from directly reprogrammed human hepatocyt,LIHC
GSE84073,SKIP,LIHC,59,135.0 MB,,"only a per-sample archive (<GSE>_RAW.tar), no count matrix",,Patient-derived organoid cultures model human primary liver ,LIHC
GSE311074,SKIP,ESCA,6,6.7 MB,,"only a per-sample archive (<GSE>_RAW.tar), no count matrix",,COPG1 Is a Selectively Essential Regulator  of Cancer Progre,LIHC
GSE297369,SKIP,LIHC,12,7.1 MB,,"only normalised values (FPKM/TPM/CPM), unusable by DESeq2 | sample-type flag in the file names: CELL_LINE",,The effect of knockdown FAM111B on mRNA expression in human ,LIHC
GSE206246,SKIP,LIHC,6,9.3 MB,,"only a per-sample archive (<GSE>_RAW.tar), no count matrix",,Research on mechanisms of miR-27a-3p on  Cisplatin sensitivi,LIHC
GSE174302,SKIP,ESCA,230,17.7 MB,,no file recognisable as a count matrix,,Cancer specific microbiome revealed by cell-free RNA reads i,LIHC
GSE148005,SKIP,UNKNOWN,32,0.0 B,,no supplementary files: the data may only be in SRA,,Acetyl-lysine Reader CECR2 Drives Breast Cancer Metastasis b,LIHC
GSE147995,SKIP,UNKNOWN,26,2.6 MB,,"only normalised values (FPKM/TPM/CPM), unusable by DESeq2",,Acetyl-lysine Reader CECR2 Drives Breast Cancer Metastasis b,LIHC
GSE88805,SKIP,UNKNOWN,109,0.0 B,,no supplementary files: the data may only be in SRA,,RNA binding proteins in cancer spliceome,LIHC
GSE87410,SKIP,UNKNOWN,100,15.0 MB,,"only normalised values (FPKM/TPM/CPM), unusable by DESeq2",,50 pairs of transcriptomes from 50 patients covering 9 types,LIHC
GSE138734,SKIP,UNKNOWN,921,173.0 MB,,sample-type flag in the file names: CELL_LINE,,The RNA Atlas expands the catalog of human non-coding RNAs,LIHC
GSE159220,SKIP,LIHC,6,1.0 MB,,"only a per-sample archive (<GSE>_RAW.tar), no count matrix",,Search for a novel diagnostic marker for liver cancer.,LIHC
GSE308145,SKIP,UNKNOWN,1,269.0 MB,,"only a per-sample archive (<GSE>_RAW.tar), no count matrix",,Systematic benchmarking of imaging spatial transcriptomics p,LIHC
GSE300304,SKIP,PAAD,30,378.0 MB,,"only a per-sample archive (<GSE>_RAW.tar), no count matrix",,A platform for multisite immune profiling of premetastatic p,LIHC
GSE224411,SKIP,UNKNOWN,4,657.0 MB,,"only a per-sample archive (<GSE>_RAW.tar), no count matrix",,Uncovering the spatial landscape of molecular interactions w,LIHC
GSE220446,SKIP,LIHC,13,1.6 MB,,no file recognisable as a count matrix,,Tumor-derived extracellular vesicles and particles systemica,LIHC
GSE203612,SKIP,UNKNOWN,31,675.0 MB,,"only a per-sample archive (<GSE>_RAW.tar), no count matrix",,Cancer cell states recur across tumor types and form specifi,LIHC
GSE134195,SKIP,PAAD,14,2.0 MB,,"only a per-sample archive (<GSE>_RAW.tar), no count matrix",,Next Generation Sequencing Facilitates Quantitative Analysis,LIHC
GSE161101,SKIP,UNKNOWN,47,0.0 B,,no supplementary files: the data may only be in SRA,,"IGF2BP1, a conserved regulator of RNA turnover in cancer",LIHC
GSE146807,SKIP,UNKNOWN,58,120.4 KB,,"only a per-sample archive (<GSE>_RAW.tar), no count matrix",,"IGF2BP1 is a druggable, post-transcriptional super-enhancer ",LIHC
GSE126984,SKIP,UNKNOWN,21,4.0 MB,,"only a per-sample archive (<GSE>_RAW.tar), no count matrix",,PTENα/β paradoxically promote carcinogenesis through WDR5-H3,LIHC
GSE126983,SKIP,UNKNOWN,10,2.2 MB,,"only a per-sample archive (<GSE>_RAW.tar), no count matrix",,PTENα/β paradoxically promote carcinogenesis through WDR5-H3,LIHC
GSE292970,SKIP,UNKNOWN,54,11.0 MB,,"only normalised values (FPKM/TPM/CPM), unusable by DESeq2",,Spatially organizing million callus cells identify the core-,LIHC
GSE312804,SKIP,LIHC,2,260.0 MB,,"only a per-sample archive (<GSE>_RAW.tar), no count matrix",,scRNAseq analysis of hepatocytes from liver cirrhosis patien,LIHC
GSE288874,SKIP,COAD,26,3.2 MB,,"only normalised values (FPKM/TPM/CPM), unusable by DESeq2",,THE INTEGRATIVE GENOMIC AND FUNCTIONAL IMMUNOLOGICAL ANALYSE,LIHC
GSE290623,SKIP,COAD,142,1.9 GB,,"only a per-sample archive (<GSE>_RAW.tar), no count matrix",,Opposing functions of distinct regulatory T cell subsets in ,LIHC
GSE301521,SKIP,UNKNOWN,72,1.9 MB,,sample-type flag in the file names: CELL_LINE,,FOCAS: Transcriptome-wide screening of individual m6A sites ,LIHC
GSE309625,SKIP,UNKNOWN,9,444.0 MB,,no file recognisable as a count matrix,,Antigen reactivity defines tissue-resident memory and exhaus,LIHC
GSE290891,SKIP,UNKNOWN,11,5.4 GB,,"only a per-sample archive (<GSE>_RAW.tar), no count matrix | sample-type flag in the file names: SINGLE_CELL",,Isolation of mitochondrial mutation-specific T-cell receptor,LIHC
GSE245351,SKIP,COAD,18,28.2 MB,,"only a per-sample archive (<GSE>_RAW.tar), no count matrix",,Charting the transcriptomic landscape of primary and metasta,LIHC
GSE264006,SKIP,UNKNOWN,48,2.3 GB,,"only a per-sample archive (<GSE>_RAW.tar), no count matrix",,Engineered extrachromosomal oncogene amplifications promote ,LIHC
GSE243371,SKIP,LIHC,6,4.7 MB,,no file recognisable as a count matrix,,Integrate multi-omics analysis of LINC01767 in HCC,LIHC
GSE261205,SKIP,UNKNOWN,12,521.0 KB,,"only normalised values (FPKM/TPM/CPM), unusable by DESeq2",,A network-based framework to discover treatment-response-pre,LIHC
GSE231559,SKIP,COAD,26,692.0 MB,,"only a per-sample archive (<GSE>_RAW.tar), no count matrix",,Gene expression profile at single cell level from the colore,LIHC
GSE234513,SKIP,COAD,12,3.3 MB,,no file recognisable as a count matrix,,LIN28B promotes cell invasion and colorectal cancer metastas,LIHC
GSE228578,SKIP,LIHC,12,28.0 MB,,"only a per-sample archive (<GSE>_RAW.tar), no count matrix",,Transcriptomics and proteomics analyses reveal the anti-canc,LIHC
GSE235057,SKIP,LIHC,29,962.0 MB,,"only a per-sample archive (<GSE>_RAW.tar), no count matrix",,Crosstalk between myeloid and B cells shapes the distinct mi,LIHC
GSE180158,SKIP,UNKNOWN,80,50.0 MB,,"only a per-sample archive (<GSE>_RAW.tar), no count matrix",,Sequence determinants of human gene regulatory elements,LIHC
GSE180146,SKIP,UNKNOWN,18,3.5 MB,,no file recognisable as a count matrix | sample-type flag in the file names: CELL_LINE,,"Sequence determinants of human gene regulatory elements, RNA",LIHC
GSE115646,SKIP,UNKNOWN,185,393.0 MB,,"only a per-sample archive (<GSE>_RAW.tar), no count matrix",,The regulatory impact of RNA-binding proteins on microRNA ta,LIHC
GSE152904,SKIP,COAD,18,760.0 KB,,"only normalised values (FPKM/TPM/CPM), unusable by DESeq2",,FcγRIIB engagement drives agonistic activity of Fc-engineere,LIHC
GSE74333,SKIP,COAD,29,4.8 MB,,"only a per-sample archive (<GSE>_RAW.tar), no count matrix",,Transcriptomics analysis of gene expression in multiple huma,LIHC
GSE108177,SKIP,COAD,30,449.6 KB,,no file recognisable as a count matrix | sample-type flag in the file names: CELL_LINE,,Total RNA-seq of cancer cells with inhibition of DNA and/or ,LIHC
GSE108210,SKIP,UNKNOWN,34,0.0 B,,no supplementary files: the data may only be in SRA,,DNA methylation inhibitor in HCT116,LIHC
GSE77661,SKIP,UNKNOWN,26,1.3 MB,,"only normalised values (FPKM/TPM/CPM), unusable by DESeq2",,RNA Sequencing Facilitates Quantitative Analysis of Transcri,LIHC
GSE319466,SKIP,LIHC,18,1.0 MB,,no file recognisable as a count matrix,,Comparative RNA-sequencing analysis of commercially sourced ,LIHC
GSE335399,SKIP,LIHC,12,1.5 MB,,"only normalised values (FPKM/TPM/CPM), unusable by DESeq2",,Dimethyl Fumarate Reprograms Liver Cancer Immunity via NF-κB,LIHC
GSE280457,SKIP,LIHC,20,37.0 MB,,"only a per-sample archive (<GSE>_RAW.tar), no count matrix",,Proliferative and Metabolic Reprogramming by the Lysine-Spec,LIHC
GSE293566,SKIP,LIHC,6,11.0 MB,,"only normalised values (FPKM/TPM/CPM), unusable by DESeq2",,SENP3 Drives HCC Redox Adaptation via THRAP3/NRF1 Axis [RNA-,LIHC
GSE312629,SKIP,UNKNOWN,13,401.0 B,,no file recognisable as a count matrix,,A versatile fluorescent reporter for Usutu virus drug screen,LIHC
GSE348087,SKIP,LIHC,10,14.0 MB,,no file recognisable as a count matrix | sample-type flag in the file names: CELL_LINE,,Detecting Fusion Transcripts in Huh7 cells with Long-Read RN,LIHC
GSE309098,SKIP,UNKNOWN,684,14.0 MB,,no file recognisable as a count matrix,,A case study using benzoic acid demonstrating how integratio,LIHC
GSE284351,SKIP,LIHC,4,8.6 MB,,"only a per-sample archive (<GSE>_RAW.tar), no count matrix",,RBM25 drives hepatocellular carcinoma progression by regulat,LIHC
GSE332774,SKIP,LIHC,36,2.4 GB,,"only a per-sample archive (<GSE>_RAW.tar), no count matrix",,BET bromodomain 2 inhibition couples chromatin displacement ,LIHC
GSE343831,SKIP,LIHC,9,4.1 MB,,"only normalised values (FPKM/TPM/CPM), unusable by DESeq2",,Epigenetic regulation of DOT1L activity remodels lipid metab,LIHC
GSE312634,SKIP,UNKNOWN,65,0.0 B,,no supplementary files: the data may only be in SRA,,A versatile fluorescent reporter for Usutu virus drug screen,LIHC
GSE307458,SKIP,UNKNOWN,298,5.9 GB,,"only a per-sample archive (<GSE>_RAW.tar), no count matrix",,mTRACE: Modification-enabled Tracking of RNA-associated Cell,LIHC
GSE306284,SKIP,LIHC,6,56.0 MB,,no file recognisable as a count matrix,,TAF3 Promotes Tumor Progression of Hepatocellular Carcinoma ,LIHC
GSE330217,SKIP,LIHC,8,2.2 MB,,"only normalised values (FPKM/TPM/CPM), unusable by DESeq2",,Targeting the Disulfidptosis Key Gene SLC5A6 Inhibits HCC Pr,LIHC
GSE305862,SKIP,LIHC,2,1.2 MB,,"only normalised values (FPKM/TPM/CPM), unusable by DESeq2 | sample-type flag in the file names: CELL_LINE",,Bulk RNA seq analysis of WT and ITPR2 knockout HepG2 cells,LIHC
GSE305861,SKIP,LIHC,2,1.2 MB,,"only normalised values (FPKM/TPM/CPM), unusable by DESeq2",,Bulk RNA seq analysis of HepG2 expressing mRFP or the InsP3 ,LIHC
GSE344683,SKIP,LIHC,8,819.0 KB,,"only normalised values (FPKM/TPM/CPM), unusable by DESeq2",,Characterization of patient-derived liver organoids,LIHC
GSE304188,SKIP,LIHC,2,176.0 MB,,"only a per-sample archive (<GSE>_RAW.tar), no count matrix",,Linoleic Acid Metabolic Reprogramming Enhances Immune Respon,LIHC
GSE286291,SKIP,LIHC,6,720.0 KB,,no file recognisable as a count matrix,,RNA sequencing of vector and HNRNPC-overexpression hepatocel,LIHC
GSE344966,SKIP,LIHC,6,5.3 MB,,no file recognisable as a count matrix,,Comparative transcriptomic profiling of human hepatocellular,LIHC
GSE343712,SKIP,LIHC,6,4.2 MB,,no file recognisable as a count matrix,,Study on the effects of inflammatory cytokine IL‑1β stimulat,LIHC
GSE313412,SKIP,UNKNOWN,6,1.2 MB,,no file recognisable as a count matrix,,Effect of ZNF217 gene knockdown on gene expression in MHCC97,LIHC
GSE302549,SKIP,LIHC,6,13.0 MB,,no file recognisable as a count matrix,,12-HETE suppresses CD8+ T cell effector function via p38 MAP,LIHC
GSE339353,SKIP,LIHC,75,13.2 MB,,"only normalised values (FPKM/TPM/CPM), unusable by DESeq2",,Gene expression of adjacent normal liver tissue in China Med,LIHC
GSE312827,SKIP,UNKNOWN,15,6.4 MB,,"only normalised values (FPKM/TPM/CPM), unusable by DESeq2",,RNA-sequencing of cells responding to transfected RNA in unm,LIHC
GSE343846,SKIP,LIHC,6,1.2 MB,,"only normalised values (FPKM/TPM/CPM), unusable by DESeq2",,HIF-1 Signaling Contributes to Lenvatinib Resistance in Pati,LIHC
GSE298398,SKIP,LIHC,43,6.8 MB,,"only normalised values (FPKM/TPM/CPM), unusable by DESeq2",,The microRNA (miRNA) signatures in different phases of the n,LIHC
GSE252998,SKIP,UNKNOWN,9,114.0 MB,,"only a per-sample archive (<GSE>_RAW.tar), no count matrix",,Cytokine gene combination on iPS cell-derived T cells synerg,LIHC
GSE333723,SKIP,LIHC,18,35.8 MB,,"only normalised values (FPKM/TPM/CPM), unusable by DESeq2 | sample-type flag in the file names: CELL_LINE",,The GNMT N-terminus Couples Folate Feedback to Methyl-donor ,LIHC
GSE303245,SKIP,UNKNOWN,2,278.0 MB,,"only a per-sample archive (<GSE>_RAW.tar), no count matrix",,Transcriptome-Wide M5C Methylation Profiling in NSUN6-Knockd,LIHC
GSE342934,SKIP,LIHC,12,1.4 MB,,"only normalised values (FPKM/TPM/CPM), unusable by DESeq2",,RNA sequencing upon CD146 knockdown/overexpression,LIHC
GSE343226,SKIP,LIHC,5,5.3 GB,,"only a per-sample archive (<GSE>_RAW.tar), no count matrix",,scRNA-seq analysis of patient-derived organoids treated with,LIHC
GSE319021,SKIP,LIHC,60,218.0 MB,,"only a per-sample archive (<GSE>_RAW.tar), no count matrix",,Viral entry defines the hepatitis E virus species barrier in,LIHC
GSE331143,SKIP,LIHC,30,88.0 MB,,"only a per-sample archive (<GSE>_RAW.tar), no count matrix",,A Versatile Distance-Based Approach for Gene Expression Sele,LIHC
GSE326385,SKIP,LIHC,18,724.0 KB,,no file recognisable as a count matrix,,Fucoxanthin ameliorates metabolic dysfunction-associated ste,LIHC
GSE342302,SKIP,UNKNOWN,477,0.0 B,,no supplementary files: the data may only be in SRA,,A Transcriptomic Biomarker to Classify Chemical-Induced Hist,LIHC
GSE342040,SKIP,LIHC,9,2.2 MB,,"only a per-sample archive (<GSE>_RAW.tar), no count matrix",,Eliglustat-Induced Remodeling of Sulfo-Glycosphingolipid Met,LIHC
GSE287355,SKIP,UNKNOWN,79,3.2 GB,,"only a per-sample archive (<GSE>_RAW.tar), no count matrix",,An EZH2—SREBP2 axis promotes cholesterol biosynthesis and re,LIHC
GSE305099,SKIP,LIHC,8,645.0 KB,,no file recognisable as a count matrix | sample-type flag in the file names: CELL_LINE,,Small activating RNA AW1-51 (CEBPA-51) elicits targeted DNA ,LIHC
GSE274182,SKIP,LIHC,6,1.5 MB,,"only normalised values (FPKM/TPM/CPM), unusable by DESeq2",,MAD2L1 supports MYC-driven liver carcinogenesis in mice and ,LIHC
GSE320365,SKIP,LIHC,15,8.0 MB,,"only normalised values (FPKM/TPM/CPM), unusable by DESeq2",,An Integrated Multi-omic Analysis Reveals Novel Gene-Metabol,LIHC
GSE308918,SKIP,UNKNOWN,6,731.0 MB,,"only a per-sample archive (<GSE>_RAW.tar), no count matrix",,Structure-guided discovery and engineering of miniature CRIS,LIHC
GSE337589,SKIP,LIHC,2,13.9 MB,,"only a per-sample archive (<GSE>_RAW.tar), no count matrix",,MicroRNA-34a Promotes Hepatic Lipid Accumulation through RXR,LIHC
GSE269963,SKIP,LIHC,8,179.6 MB,,"only a per-sample archive (<GSE>_RAW.tar), no count matrix",,D-lactate derived from bacteria drives lysine D-lactylation ,LIHC
GSE236736,SKIP,LIHC,8,553.0 KB,,no file recognisable as a count matrix,,Transcriptome sequencing of wild-type and circpTK2-silenced ,LIHC
GSE313027,SKIP,UNKNOWN,6,3.1 MB,,"only normalised values (FPKM/TPM/CPM), unusable by DESeq2",,Transcriptomics Identifies Mild Hyperthermia-Conditioned Tum,LIHC
GSE270897,SKIP,LIHC,87,61.0 KB,,"only normalised values (FPKM/TPM/CPM), unusable by DESeq2",,A -catenin-related transcriptional signature predicts survi,LIHC
GSE332629,SKIP,LIHC,6,65.0 KB,,no file recognisable as a count matrix,,Serial Monitoring of Circulating Tumor Cells Reflects Treatm,LIHC
GSE319886,SKIP,LIHC,6,379.5 MB,,no file recognisable as a count matrix | sample-type flag in the file names: SINGLE_CELL,,ICAM1 expression and associated clinical parameters as predi,LIHC
GSE316222,SKIP,LIHC,10,30.0 MB,,no file recognisable as a count matrix,,Hsa_circ_0000818 targets miR-484/HIPK1 axis to ameliorate li,LIHC
GSE332655,SKIP,LIHC,6,18.0 MB,,"only normalised values (FPKM/TPM/CPM), unusable by DESeq2",,SF3A3 regulates the proliferation and migration capabilities,LIHC
GSE300872,SKIP,UNKNOWN,328,7.1 MB,,no file recognisable as a count matrix,,Investigations into the biological activity of avobenzone as,LIHC
GSE335757,SKIP,LIHC,6,2.2 MB,,no file recognisable as a count matrix,,FBX-DMEP suppresses hepatocellular carcinoma through tubulin,LIHC
GSE335769,SKIP,LIHC,12,27.0 MB,,"only a per-sample archive (<GSE>_RAW.tar), no count matrix",,ARID1B loss drives sorafenib resistance through transcriptio,LIHC
GSE270357,SKIP,LIHC,9,838.0 KB,,no file recognisable as a count matrix,,Transcriptome sequencing of palmitic acid-treated HepG2 cell,LIHC
GSE335579,SKIP,LIHC,16,7.5 MB,,"only normalised values (FPKM/TPM/CPM), unusable by DESeq2",,Alternative splicing generates a constitutively active Fn14 ,LIHC
GSE318009,SKIP,LIHC,24,33.0 MB,,no file recognisable as a count matrix,,XPO1inhibition induces NCOR1-Dependent  oxidative stress to ,LIHC
GSE322742,SKIP,LIHC,8,2.5 MB,,"only a per-sample archive (<GSE>_RAW.tar), no count matrix",,Transcriptional profiling of sorafenib-resistant and parenta,LIHC
GSE333851,SKIP,LIHC,32,317.1 MB,,"only a per-sample archive (<GSE>_RAW.tar), no count matrix",,Spatial Glyco-Codes Define Human Liver Pathology and Progres,LIHC
GSE334086,SKIP,UNKNOWN,6,147.5 MB,,"only a per-sample archive (<GSE>_RAW.tar), no count matrix",,Arginine methylationof BAF155 regualtes interactions with RN,LIHC
GSE295159,SKIP,LIHC,2,3.0 MB,,"only normalised values (FPKM/TPM/CPM), unusable by DESeq2",,Transcriptome profiling of SKHEP1 cells and differentiated S,LIHC
GSE295158,SKIP,LIHC,2,3.0 MB,,"only normalised values (FPKM/TPM/CPM), unusable by DESeq2",,Transcriptome profiling of SKHEP1 cells and differentiated S,LIHC
GSE295157,SKIP,LIHC,2,3.8 MB,,"only normalised values (FPKM/TPM/CPM), unusable by DESeq2",,Transcriptome profiling of SKHEP1 cells and differentiated S,LIHC
GSE310304,SKIP,LIHC,9,4.6 MB,,no file recognisable as a count matrix,,The effect of UXS1 or MRPL42 on the mRNA expression in hepat,LIHC
GSE291757,SKIP,LIHC,4,136.0 MB,,"only normalised values (FPKM/TPM/CPM), unusable by DESeq2",,Multiplexed transcriptomics to screen drug combination and d,LIHC
GSE326201,SKIP,LIHC,18,233.0 MB,,"only a per-sample archive (<GSE>_RAW.tar), no count matrix",,Single-cell RNA sequencing of human hepatocellular carcinoma,LIHC
GSE298582,SKIP,LIHC,6,7.0 MB,,"only a per-sample archive (<GSE>_RAW.tar), no count matrix",,"Nitroxoline Upregulates LDLR Expression, Enhances Lipid Meta",LIHC
GSE332899,SKIP,UNKNOWN,2,2.2 GB,,"only a per-sample archive (<GSE>_RAW.tar), no count matrix",,polyA plus RNA-seq from HepG2 (ENCSR985KAT),LIHC
GSE332556,SKIP,UNKNOWN,2,82.0 MB,,"only a per-sample archive (<GSE>_RAW.tar), no count matrix",,Tumor-associated Macrophage GnT-V Enhances Sensitivity to An,LIHC
GSE323364,SKIP,UNKNOWN,42,2.0 GB,,"only a per-sample archive (<GSE>_RAW.tar), no count matrix | sample-type flag in the file names: CELL_LINE",,Coordinating catalytic and non-canonical functions of EZH2 s,LIHC
GSE306326,SKIP,LIHC,12,3.9 MB,,"only a per-sample archive (<GSE>_RAW.tar), no count matrix",,Chimeric Antigen Receptor-Macrophage Extracellular Vesicles ,LIHC
GSE331137,SKIP,UNKNOWN,54,13.0 GB,,"only a per-sample archive (<GSE>_RAW.tar), no count matrix",,Methylation Mesa define functional regulatory elements for t,LIHC
GSE297856,SKIP,LIHC,8,243.0 KB,,no file recognisable as a count matrix | sample-type flag in the file names: CELL_LINE,,Targeting NAT10 inhibits hepatocarcinogenesis via ac4C-media,LIHC
GSE312448,SKIP,LIHC,12,1.9 MB,,no file recognisable as a count matrix,,CS2164 combined with radiation impaired tumor growth by inte,LIHC
GSE281076,SKIP,UNKNOWN,30,1.5 MB,,no file recognisable as a count matrix | sample-type flag in the file names: CELL_LINE,,Digital transformation of herbal medicine: Conversion to bio,LIHC
GSE281075,SKIP,UNKNOWN,60,2.7 MB,,no file recognisable as a count matrix | sample-type flag in the file names: CELL_LINE,,Digital transformation of herbal medicine: Conversion to bio,LIHC
GSE281074,SKIP,UNKNOWN,60,2.8 MB,,no file recognisable as a count matrix | sample-type flag in the file names: CELL_LINE,,Digital transformation of herbal medicine: Conversion to bio,LIHC
GSE281073,SKIP,UNKNOWN,60,2.8 MB,,no file recognisable as a count matrix | sample-type flag in the file names: CELL_LINE,,Digital transformation of herbal medicine: Conversion to bio,LIHC
GSE281072,SKIP,UNKNOWN,60,2.7 MB,,no file recognisable as a count matrix | sample-type flag in the file names: CELL_LINE,,Digital transformation of herbal medicine: Conversion to bio,LIHC
GSE330850,SKIP,UNKNOWN,1,94.0 MB,,"only a per-sample archive (<GSE>_RAW.tar), no count matrix",,Lineage tracing of soma-to-primordial germ cell-like convers,LIHC
GSE312184,SKIP,LIHC,8,4.9 MB,,"only a per-sample archive (<GSE>_RAW.tar), no count matrix",,Transcriptomic profiling of HepG2 cells upon EZH2 knockdown,LIHC
GSE312183,SKIP,LIHC,12,7.4 MB,,"only a per-sample archive (<GSE>_RAW.tar), no count matrix",,Transcriptome profiling of human normal liver and hepatocell,LIHC
GSE283054,SKIP,UNKNOWN,270,0.0 B,,no supplementary files: the data may only be in SRA,,Digital transformation of herbal medicine: Conversion to bio,LIHC
GSE327198,SKIP,LIHC,6,1.1 MB,,"only a per-sample archive (<GSE>_RAW.tar), no count matrix",,Tamarixetin induces ferroptotic stress through the SLC7A11–G,LIHC
GSE329526,SKIP,UNKNOWN,10,3.5 GB,,no file recognisable as a count matrix,,Clonal lineage tracing reveals distinct invasive subpopulati,LIHC
GSE329449,SKIP,CHOL,6,8.0 MB,,no file recognisable as a count matrix,,Tumor cells with cholangiocytic phenotype form oncogenic nic,LIHC
GSE318324,SKIP,LIHC,16,24.7 KB,,"only normalised values (FPKM/TPM/CPM), unusable by DESeq2",,Targeted RNA sequencing of resected hepatocellular carcinoma,LIHC
GSE231338,SKIP,UNKNOWN,12,1.6 MB,,"only normalised values (FPKM/TPM/CPM), unusable by DESeq2",,Transcriptional analysis of the bifocal HCCs,LIHC
GSE291286,SKIP,LIHC,98,1.0 GB,,"only a per-sample archive (<GSE>_RAW.tar), no count matrix",,Clinical cure of chronic hepatitis B is associated with prim,LIHC
GSE314771,SKIP,LIHC,12,33.0 MB,,"only a per-sample archive (<GSE>_RAW.tar), no count matrix",,Positive Feedback Regulation of Glycolysis by H4K5 Lactylati,LIHC
GSE298810,SKIP,LIHC,12,6.4 MB,,sample-type flag in the file names: CELL_LINE,,Transcriptomic profiles of Huh7 and HLF hepatocellular carci,LIHC
GSE326845,SKIP,LIHC,6,699.0 KB,,"only normalised values (FPKM/TPM/CPM), unusable by DESeq2",,ASCL2 drives sorafenib resistance through FSAN-mediated MDR1,LIHC
GSE294355,SKIP,LIHC,36,3.4 MB,,"only a per-sample archive (<GSE>_RAW.tar), no count matrix",,Dual function of DOT1L suppresses tumor intrinsic immunogeni,LIHC
GSE319803,SKIP,LIHC,12,3.0 MB,,"only a per-sample archive (<GSE>_RAW.tar), no count matrix",,CENPF overexpression facilitates the G1/S cell cycle transit,LIHC
GSE287988,SKIP,LIHC,4,3.6 MB,,"only a per-sample archive (<GSE>_RAW.tar), no count matrix",,Identified gene changes through RNA-sequencing following the,LIHC
GSE229606,SKIP,UNKNOWN,6,2.2 MB,,no file recognisable as a count matrix,,Effect of overexpression of PPFIA1 on gene expression in Hep,LIHC
GSE318083,SKIP,UNKNOWN,43,132.0 MB,,"only a per-sample archive (<GSE>_RAW.tar), no count matrix",,BAF complexes maintain accessibility at stimulus-responsive ,LIHC
GSE320398,SKIP,UNKNOWN,28,2.8 GB,,"only a per-sample archive (<GSE>_RAW.tar), no count matrix",,Pan-Cancer Analysis Reveals Mutation-Driven TE Dysregulation,LIHC
GSE318290,SKIP,UNKNOWN,2,20.2 KB,,"only a per-sample archive (<GSE>_RAW.tar), no count matrix",,Identification of conserved mecciRNAs,LIHC
GSE317008,SKIP,LIHC,6,64.0 KB,,"only normalised values (FPKM/TPM/CPM), unusable by DESeq2",,Ginkgolic Acid Targets HSPA8 to Trigger Ferroptosis in Hepat,LIHC
GSE325921,SKIP,LIHC,6,695.0 KB,,"only normalised values (FPKM/TPM/CPM), unusable by DESeq2",,Lidocaine inhibits hepatocellular carcinoma cell proliferati,LIHC
GSE293320,SKIP,UNKNOWN,24,10.0 MB,,"only normalised values (FPKM/TPM/CPM), unusable by DESeq2",,Transcriptome data of Huh7 cells treated with glucose or fru,LIHC
GSE228973,SKIP,LIHC,12,62.9 MB,,"only circRNA/isoform/miRNA counts, not gene level | sample-type flag in the file names: NOT_RNASEQ",,Transcriptome m5C MeRIP-seq of human Huh7 cells,LIHC
GSE326150,SKIP,LIHC,1,1.8 GB,,"only a per-sample archive (<GSE>_RAW.tar), no count matrix",,Single-cell profiles delineate immune cell remodeling and en,LIHC
GSE316961,SKIP,LIHC,12,1.8 MB,,"only a per-sample archive (<GSE>_RAW.tar), no count matrix",,Transcriptomic profile of Chronic Hepatitis B patients posit,LIHC
GSE325422,SKIP,LIHC,15,9.2 MB,,no file recognisable as a count matrix,,RNA-seq analysis of sodium butyrate effects on palmitate-ind,LIHC
GSE324785,SKIP,LIHC,27,17.0 MB,,"only normalised values (FPKM/TPM/CPM), unusable by DESeq2",,Comparative analysis of gene expression in HDV-infected dHep,LIHC
GSE324183,SKIP,LIHC,12,2.0 MB,,"only normalised values (FPKM/TPM/CPM), unusable by DESeq2",,Lactylation Converts ABHD6 into a Mitochondrial Regulator th,LIHC
GSE307271,SKIP,LIHC,9,1.0 MB,,"only normalised values (FPKM/TPM/CPM), unusable by DESeq2 | sample-type flag in the file names: CELL_LINE",,Glutamine Deprivation Triggers TRIB3-Dependent G4-DNA Resolu,LIHC
GSE307270,SKIP,LIHC,9,1.0 MB,,"only normalised values (FPKM/TPM/CPM), unusable by DESeq2",,Glutamine Deprivation Triggers TRIB3-Dependent G4-DNA Resolu,LIHC
GSE290501,SKIP,LIHC,4,11.0 MB,,"only a per-sample archive (<GSE>_RAW.tar), no count matrix",,Tumor-secreted SPP1 activates CD44-Hedgehog signaling in hep,LIHC
GSE300754,SKIP,LIHC,47,6.3 MB,,"only a per-sample archive (<GSE>_RAW.tar), no count matrix",,CDK16 and CDK18 inhibition suppresses nuclear pore-mediated ,LIHC
GSE227083,SKIP,LIHC,33,6.3 MB,,"only a per-sample archive (<GSE>_RAW.tar), no count matrix",,CDK16 and CDK18 inhibition suppresses nuclear pore-mediated ,LIHC
GSE314155,SKIP,LIHC,17,1.1 GB,,"only a per-sample archive (<GSE>_RAW.tar), no count matrix",,BRD9 Reads Lactate-Induced H3K18 Lactylation to Drive Oncoge,LIHC
GSE306340,SKIP,LIHC,17,1.1 GB,,"only a per-sample archive (<GSE>_RAW.tar), no count matrix",,Oncogenic Role of Aberrant EZH2 in Hepatoblastoma Developmen,LIHC
GSE320155,SKIP,LIHC,60,1.3 GB,,no file recognisable as a count matrix | sample-type flag in the file names: NOT_TISSUE,,scRNA‑seq of human intra‑hepatic CD4⁺ T cells reveals unique,LIHC
GSE234724,SKIP,LIHC,4,430.3 KB,,"only a per-sample archive (<GSE>_RAW.tar), no count matrix",,Transcriptomic differences in cabozantinib-resisant AML cell,LIHC
GSE319709,SKIP,LIHC,18,1.0 GB,,"only a per-sample archive (<GSE>_RAW.tar), no count matrix",,Single-cell transcriptomics reveals etiology-specific T-cell,LIHC
GSE318429,SKIP,LIHC,6,598.0 KB,,"only normalised values (FPKM/TPM/CPM), unusable by DESeq2",,The Role and Therapeutic Potential of Splicing Factor SF3B6 ,LIHC
GSE318418,SKIP,LIHC,16,527.0 MB,,"only a per-sample archive (<GSE>_RAW.tar), no count matrix",,Immunosuppressive monocytes are enriched in hepatocellular c,LIHC
GSE318243,SKIP,LIHC,6,4.2 MB,,"only normalised values (FPKM/TPM/CPM), unusable by DESeq2 | sample-type flag in the file names: CELL_LINE",,The role and mechanism of hypoxia-induced lncRNA in regulati,LIHC
GSE318420,SKIP,LIHC,210,2.4 GB,,"only a per-sample archive (<GSE>_RAW.tar), no count matrix",,Immunosuppressive monocytes are enriched in hepatocellular c,LIHC
GSE312289,SKIP,LIHC,12,8.8 MB,,"only normalised values (FPKM/TPM/CPM), unusable by DESeq2",,Gene silencing of ANGPTL3 suppresses α1-antitrypsin and lect,LIHC
GSE289433,SKIP,LIHC,8,27.1 MB,,"only a per-sample archive (<GSE>_RAW.tar), no count matrix",,Transcription factor REST regulates activation and growth of,LIHC
GSE304512,SKIP,LIHC,38,295.0 MB,,"only a per-sample archive (<GSE>_RAW.tar), no count matrix",,Developing precision medicine for remote liver cancer patien,LIHC
GSE316568,SKIP,LIHC,12,5.8 MB,,"only normalised values (FPKM/TPM/CPM), unusable by DESeq2",,MiR-424-5p Acts as an Oncogene in Hep3B Cells by Activating ,LIHC
GSE316557,SKIP,LIHC,9,27.0 MB,,"only a per-sample archive (<GSE>_RAW.tar), no count matrix",,Lactate-mediated cholesterol uptake promotes liver cancer pr,LIHC
GSE287386,SKIP,LIHC,6,334.0 MB,,"only a per-sample archive (<GSE>_RAW.tar), no count matrix",,Locoregional delivery of autologous PD-1 knockout T cell in ,LIHC
GSE299840,SKIP,LIHC,16,882.0 KB,,"only normalised values (FPKM/TPM/CPM), unusable by DESeq2",,Proteoglycan 4 and regorafenib synergistically reduce HCC pr,LIHC
GSE304375,SKIP,LIHC,6,2.2 MB,,"only normalised values (FPKM/TPM/CPM), unusable by DESeq2",,Transcriptomic analysis reveals the potential role of TOE1 i,LIHC
GSE234454,SKIP,LIHC,6,9.3 MB,,"only normalised values (FPKM/TPM/CPM), unusable by DESeq2",,LINC00862 Inhibits Hepatocellular Carcinoma via a RBM47-medi,LIHC
GSE315229,SKIP,LIHC,2,7.1 MB,,no file recognisable as a count matrix | sample-type flag in the file names: CELL_LINE,,RNA-seq analysis of QRICH1 knockdown in Huh7 cells,LIHC
GSE233770,SKIP,LIHC,8,13.0 MB,,"only normalised values (FPKM/TPM/CPM), unusable by DESeq2",,Dual inhibition of CDK4/6 and XPO1 induced senescence with a,LIHC
GSE233531,SKIP,LIHC,10,2.6 MB,,"only normalised values (FPKM/TPM/CPM), unusable by DESeq2",,Dual inhibition of CDK4/6 and XPO1 induced senescence with a,LIHC
GSE311083,SKIP,LIHC,6,1.7 MB,,"only normalised values (FPKM/TPM/CPM), unusable by DESeq2",,Umbilical cord mesenchymal stem cell spheroids loaded decell,LIHC
GSE306575,SKIP,LIHC,13,12.1 GB,,"only a per-sample archive (<GSE>_RAW.tar), no count matrix | sample-type flag in the file names: NON_HUMAN, SINGLE_CELL",,Spatial and single-nucleus transcriptomic profiling of CHB l,LIHC
GSE286295,SKIP,UNKNOWN,18,3.4 MB,,"only a per-sample archive (<GSE>_RAW.tar), no count matrix",,Unravelling the tumorigenesis mechanisms of oncocytic cell t,LIHC
GSE285625,SKIP,LIHC,33,2.9 MB,,"only normalised values (FPKM/TPM/CPM), unusable by DESeq2",,Finding Sorafenib-Responding Signature in Hepatocellular Car,LIHC
GSE280148,SKIP,LIHC,24,62.9 MB,,"no file recognisable as a count matrix | sample-type flag in the file names: CELL_LINE, NON_HUMAN",,SOAT1 knockout enhances sensitivity of liver cancer cells to,LIHC
GSE173592,SKIP,LIHC,12,52.0 MB,,no file recognisable as a count matrix,,Transcriptomic profiling of senescent human blood vessel cel,LIHC
GSE281717,SKIP,CHOL,35,1.4 GB,,"only a per-sample archive (<GSE>_RAW.tar), no count matrix",,GRHL2 derepression triggers pathophysiological hepatocyte to,LIHC
GSE281713,SKIP,UNKNOWN,8,1.1 MB,,"only normalised values (FPKM/TPM/CPM), unusable by DESeq2 | sample-type flag in the file names: CELL_LINE",,Transcriptomic analysis of GRHL2 regulated genes in HepG2 ce,LIHC
GSE281712,SKIP,CHOL,8,1.8 MB,,"only normalised values (FPKM/TPM/CPM), unusable by DESeq2 | sample-type flag in the file names: CELL_LINE",,GRHL2 derepression triggers pathophysiological hepatocyte to,LIHC
GSE314956,SKIP,LIHC,6,501.0 KB,,"only normalised values (FPKM/TPM/CPM), unusable by DESeq2",,Targeting mTORC2-Dependent AKT/FOXO1/RNF125 Signaling Exploi,LIHC
GSE314632,SKIP,UNKNOWN,4,824.0 KB,,"only normalised values (FPKM/TPM/CPM), unusable by DESeq2",,Transcriptional profiling of HLCZ01 cells with or without HB,LIHC
GSE313791,SKIP,LIHC,6,488.0 MB,,"only a per-sample archive (<GSE>_RAW.tar), no count matrix",,Multi-Omics Integration Identifies a Prognostic Signature Gu,LIHC
GSE314652,SKIP,LIHC,6,442.0 KB,,"only normalised values (FPKM/TPM/CPM), unusable by DESeq2",,Targeting mTORC2-Dependent AKT/FOXO1/RNF125 Signaling Exploi,LIHC
GSE314110,SKIP,LIHC,18,1.2 MB,,sample-type flag in the file names: CELL_LINE,,Transcriptional control of hepatocellular carcinoma cells ag,LIHC
GSE300565,SKIP,LIHC,4,3.1 MB,,"only a per-sample archive (<GSE>_RAW.tar), no count matrix",,MRPL37 promotes hepatocellular carcinoma progression through,LIHC
GSE295052,SKIP,LIHC,6,3.4 MB,,"only normalised values (FPKM/TPM/CPM), unusable by DESeq2",,Paeonol Affects Hepatocellular Carcinoma Cell Proliferation ,LIHC
GSE291867,SKIP,UNKNOWN,27,0.0 B,,no supplementary files: the data may only be in SRA,,Gene expression profile Predictor on chemical Structures (GP,LIHC
GSE237332,SKIP,LIHC,106,0.0 B,,no supplementary files: the data may only be in SRA,,Transcriptional profiling of liver biopsies of precancerous ,LIHC
GSE221083,SKIP,LIHC,11,4.9 MB,,"only a per-sample archive (<GSE>_RAW.tar), no count matrix",,Integrative proteomics and transcriptomics identify novel fi,LIHC
GSE313642,SKIP,LIHC,194,1.9 GB,,"only a per-sample archive (<GSE>_RAW.tar), no count matrix",,Immunosuppressive monocytes are enriched in hepatocellular c,LIHC
GSE312144,SKIP,LIHC,51,34.7 MB,,sample-type flag in the file names: CELL_LINE,,Molecular indicators of hepatocellular carcinoma resistance ,LIHC
GSE289122,SKIP,LIHC,13,10.7 MB,,"only circRNA/isoform/miRNA counts, not gene level | sample-type flag in the file names: CELL_LINE",,FKBP9 Enhances IGF2BP1 Mediated m6A Recognition and Promotes,LIHC
GSE220145,SKIP,LIHC,6,4.7 MB,,"only normalised values (FPKM/TPM/CPM), unusable by DESeq2",,RNA seq DATA （miR-361-3p mimics transfected Huh7 cells    VS,LIHC
GSE304385,SKIP,LIHC,6,11.0 MB,,"only normalised values (FPKM/TPM/CPM), unusable by DESeq2",,KAT2A-driven succinylation of SRSF11 enforces spliceosome-me,LIHC
GSE293853,SKIP,LIHC,4,1.5 MB,,no file recognisable as a count matrix,,The different genes expression of PLC8024 cell after drug tr,LIHC
GSE278119,SKIP,UNKNOWN,44,1.5 GB,,"only a per-sample archive (<GSE>_RAW.tar), no count matrix",,Clonally expanded effector CD4+ cytotoxic T lymphocytes are ,LIHC
GSE228185,SKIP,LIHC,6,2.2 MB,,"only normalised values (FPKM/TPM/CPM), unusable by DESeq2",,CSNK1A1 phosphorylates ITGB5 to decrease the sensitivity of ,LIHC
GSE298873,SKIP,LIHC,6,1.5 MB,,"only a per-sample archive (<GSE>_RAW.tar), no count matrix",,Long non-coding RNA RAB30-DT promotes the progression of hep,LIHC
GSE290298,SKIP,LIHC,10,881.0 MB,,no file recognisable as a count matrix,,Integrative profiling of liver cancer reveals lysine metabol,LIHC
GSE274579,SKIP,LIHC,12,8.8 MB,,no file recognisable as a count matrix,,RPL6 interacts with HMGCS1 to stabilize HIF-1α by activating,LIHC
GSE274574,SKIP,LIHC,9,4.6 MB,,no file recognisable as a count matrix,,RPL6 interacts with HMGCS1 to stabilize HIF-1α by activating,LIHC
GSE310735,SKIP,UNKNOWN,8,7.0 MB,,"only normalised values (FPKM/TPM/CPM), unusable by DESeq2",,YBX1 regulates cellular homeostasis to prevent inflammation,LIHC
GSE285575,SKIP,LIHC,12,11.0 MB,,"only normalised values (FPKM/TPM/CPM), unusable by DESeq2",,Syntaxin-6 mediated autophagy confers lenvatinib resistance ,LIHC
GSE275342,SKIP,LIHC,16,9.7 MB,,"only a per-sample archive (<GSE>_RAW.tar), no count matrix",,Coordinated gene expression within persistent STAT3-associat,LIHC
GSE289702,SKIP,LIHC,6,1.0 MB,,no file recognisable as a count matrix,,PABPN1-C5 Axis Promotes Hepatocellular Carcinoma Progression,LIHC
GSE208308,SKIP,LIHC,6,175.0 MB,,"only a per-sample archive (<GSE>_RAW.tar), no count matrix",,Achieving CD8+ T cell-dependent lethality by targeting cance,LIHC
GSE208307,SKIP,LIHC,2,175.0 MB,,"only a per-sample archive (<GSE>_RAW.tar), no count matrix",,Achieving CD8+ T cell-dependent lethality by targeting cance,LIHC
GSE248974,SKIP,UNKNOWN,30,11.0 MB,,no file recognisable as a count matrix | sample-type flag in the file names: CELL_LINE,,Digital transformation of herbal medicine: Conversion to bio,LIHC
GSE248973,SKIP,UNKNOWN,60,11.0 MB,,no file recognisable as a count matrix | sample-type flag in the file names: CELL_LINE,,Digital transformation of herbal medicine: Conversion to bio,LIHC
GSE248972,SKIP,UNKNOWN,58,11.0 MB,,no file recognisable as a count matrix | sample-type flag in the file names: CELL_LINE,,Digital transformation of herbal medicine: Conversion to bio,LIHC
GSE248970,SKIP,UNKNOWN,60,11.0 MB,,no file recognisable as a count matrix | sample-type flag in the file names: CELL_LINE,,Digital transformation of herbal medicine: Conversion to bio,LIHC
GSE248969,SKIP,UNKNOWN,59,11.0 MB,,no file recognisable as a count matrix | sample-type flag in the file names: CELL_LINE,,Digital transformation of herbal medicine: Conversion to bio,LIHC
GSE217588,SKIP,LIHC,6,4.3 MB,,no file recognisable as a count matrix,,Role of Solute carrier family 37 member 3 in hepatocellular ,LIHC
GSE303623,SKIP,LIHC,5,4.3 MB,,"only normalised values (FPKM/TPM/CPM), unusable by DESeq2",,MAP2-mediated integrin dysregulation reprograms cancer cell ,LIHC
GSE281360,SKIP,LIHC,2,700.2 KB,,"only a per-sample archive (<GSE>_RAW.tar), no count matrix",,LINC01419 role as HCV induced HCC,LIHC
GSE248976,SKIP,UNKNOWN,267,0.0 B,,no supplementary files: the data may only be in SRA,,Digital transformation of herbal medicine: Conversion to bio,LIHC
GSE216001,SKIP,LIHC,6,2.9 MB,,"only normalised values (FPKM/TPM/CPM), unusable by DESeq2",,TRIM15 forms a regulatory loop with the AKT/FOXO1 axis and L,LIHC
GSE302990,SKIP,LIHC,24,837.0 KB,,"only circRNA/isoform/miRNA counts, not gene level",,Characteristics of Extracellular Vesicle-Derived lncRNAs dur,LIHC
GSE279929,SKIP,LIHC,6,27.0 MB,,"only a per-sample archive (<GSE>_RAW.tar), no count matrix",,Mitochondrial dicarboxylate carrier SLC25A10 promotes HCC ce,LIHC
GSE309428,SKIP,LIHC,36,13.5 MB,,"only normalised values (FPKM/TPM/CPM), unusable by DESeq2 | sample-type flag in the file names: CELL_LINE",,Tanshinone IIA inhibits heat-induced growth of p53-mutant Hu,LIHC
GSE292914,SKIP,LIHC,2,389.0 KB,,no file recognisable as a count matrix,,Adipocyte-derived FABP4 promotes MASLD-induced hepatocellula,LIHC
GSE278277,SKIP,LIHC,6,1.6 MB,,"only a per-sample archive (<GSE>_RAW.tar), no count matrix",,Effect of knockdown of ACSS2 on H3K27ac in the HepAD38 [RNA-,LIHC
GSE213673,SKIP,LIHC,6,8.5 MB,,"only normalised values (FPKM/TPM/CPM), unusable by DESeq2",,"CircFTO, a c-Myc induced circRNA, sustains cell growth under",LIHC
GSE308994,SKIP,LIHC,6,652.0 KB,,"only normalised values (FPKM/TPM/CPM), unusable by DESeq2",,RNA-sequencing profiles of HepG2 cells overexpressing human ,LIHC
GSE276333,SKIP,UNKNOWN,6,8.6 MB,,"only normalised values (FPKM/TPM/CPM), unusable by DESeq2",,Novel function of NUP153 in HNF4α transcriptional upregulati,LIHC
GSE308360,SKIP,LIHC,3,8.9 MB,,"only a per-sample archive (<GSE>_RAW.tar), no count matrix",,Lactate promotes cholesterol uptake by facilitating SCARB1 e,LIHC
GSE269312,SKIP,LIHC,12,9.9 MB,,"only normalised values (FPKM/TPM/CPM), unusable by DESeq2",,Effect of miR-628-3p overexpression on gene expression in HC,LIHC
GSE307831,SKIP,LIHC,33,800.9 MB,,"only a per-sample archive (<GSE>_RAW.tar), no count matrix | sample-type flag in the file names: SINGLE_CELL",,Human peripheral and tissue Foxp3-high regulatory T cells in,LIHC
GSE277232,SKIP,LIHC,18,2.0 MB,,"only a per-sample archive (<GSE>_RAW.tar), no count matrix",,Total RNA Sequencing in HCC Patients,LIHC
GSE288400,SKIP,UNKNOWN,5,296.3 MB,,"only a per-sample archive (<GSE>_RAW.tar), no count matrix | sample-type flag in the file names: CELL_LINE",,The hepatitis E virus capsid protein ORF2 counteracts cell-i,LIHC
GSE306436,SKIP,LIHC,11,19.2 GB,,sample-type flag in the file names: SINGLE_CELL,,Overcoming CXCR4-mediated T cell exclusion potentiates antit,LIHC
GSE306330,SKIP,LIHC,36,1.4 MB,,"sample-type flag in the file names: CELL_LINE, XENOGRAFT",,RNA-seq of RB1-biallelic inactivation mice and HCC cell line,LIHC
GSE282022,SKIP,LIHC,9,62.0 MB,,no file recognisable as a count matrix,,IGFBP3-mediated effects of an effective combination therapy ,LIHC
GSE275885,SKIP,UNKNOWN,12,2.5 MB,,"only normalised values (FPKM/TPM/CPM), unusable by DESeq2",,Effect of Toosendanin on mRNA m6A Modification and Expressio,LIHC
GSE294293,SKIP,LIHC,12,2.7 MB,,"only a per-sample archive (<GSE>_RAW.tar), no count matrix",,Gene expression profiling of triple-negative breast cancer c,LIHC
GSE278593,SKIP,LIHC,6,562.0 KB,,no file recognisable as a count matrix,,IGFBP-7 transforms hepatic stellate cells into an HCC-promot,LIHC
GSE288021,SKIP,UNKNOWN,6,6.3 MB,,"only normalised values (FPKM/TPM/CPM), unusable by DESeq2",,RNA-seq for TFPI2 overexpressing tumor pericytes,LIHC
GSE273802,SKIP,UNKNOWN,6,3.3 MB,,"only normalised values (FPKM/TPM/CPM), unusable by DESeq2",,Differential expression profiles of RNAs in Hep3B cells afte,LIHC
GSE273801,SKIP,UNKNOWN,12,290.0 KB,,"only circRNA/isoform/miRNA counts, not gene level",,Differential expression profiles of RNAs in Hep3B cells trea,LIHC
GSE274520,SKIP,LIHC,15,4.4 MB,,"only a per-sample archive (<GSE>_RAW.tar), no count matrix",,PKM splice-switching ASOs induce upregulation of dual-specif,LIHC
GSE276534,SKIP,LIHC,9,628.0 KB,,no file recognisable as a count matrix,,Effect of deplation of vtRNA1-1 and vtRNA1-2 on gene express,LIHC
GSE299340,SKIP,LIHC,10,805.0 MB,,"only a per-sample archive (<GSE>_RAW.tar), no count matrix",,Single-cell RNA sequencing reveals B cell-related immunosupp,LIHC
GSE301304,SKIP,LIHC,12,585.0 KB,,no file recognisable as a count matrix | sample-type flag in the file names: CELL_LINE,,The Acetyltransferase ARD1 Induces Glutathione Synthesis to ,LIHC
GSE279888,SKIP,LIHC,6,298.0 KB,,no file recognisable as a count matrix,,ARD1 facilitates ferroptosis evasion via the induction of gl,LIHC
GSE274917,SKIP,LIHC,4,3.4 MB,,"only circRNA/isoform/miRNA counts, not gene level",,Next-generation sequencing is useful for quantitative analys,LIHC
GSE200098,SKIP,LIHC,9,1.0 MB,,"only normalised values (FPKM/TPM/CPM), unusable by DESeq2",,RNA sequencing of sorafenib-sensitive Huh-7 cells versus  so,LIHC
GSE302217,SKIP,LIHC,16,69.0 MB,,"only a per-sample archive (<GSE>_RAW.tar), no count matrix",,L-2-hydroxyglutarate modulates ferroptosis through Nrf2/Slc7,LIHC
GSE289804,SKIP,LIHC,12,36.0 MB,,no file recognisable as a count matrix,,The role and mechanism of hypoxia-induced SLC6A8 up-regulati,LIHC
GSE289258,SKIP,LIHC,4,26.0 MB,,no file recognisable as a count matrix,,The role and mechanism of hypoxia in regulating parthanatos ,LIHC
GSE284796,SKIP,LIHC,8,548.0 MB,,"only a per-sample archive (<GSE>_RAW.tar), no count matrix",,Beneficial infections of the enterovirus genus in patients w,LIHC
GSE268858,SKIP,LIHC,6,1.9 MB,,"only a per-sample archive (<GSE>_RAW.tar), no count matrix",,Analysis of gene expression profiling in HCC treated with se,LIHC
GSE302338,SKIP,LIHC,38,2.8 MB,,no file recognisable as a count matrix,,Transcriptional landscape of MYCN-driven liver tumors,LIHC
GSE208148,SKIP,LIHC,2,684.0 KB,,no file recognisable as a count matrix,,RNA-seq: screening key metastasis-related RBP genes of hepat,LIHC
GSE208038,SKIP,LIHC,10,5.3 MB,,"only normalised values (FPKM/TPM/CPM), unusable by DESeq2",,To identify the differential expression of aGalcer/IL-2 trea,LIHC
GSE279021,SKIP,UNKNOWN,160,360.0 GB,,"only a per-sample archive (<GSE>_RAW.tar), no count matrix",,Transcriptional programs of cell identity and p53-induced st,LIHC
GSE278979,SKIP,UNKNOWN,40,9.2 GB,,"only a per-sample archive (<GSE>_RAW.tar), no count matrix",,Transcriptional programs of cell identity and p53-induced st,LIHC
GSE272035,SKIP,LIHC,71,21.7 MB,,"only a per-sample archive (<GSE>_RAW.tar), no count matrix",,Gene community-regulated pathway analysis successfully decip,LIHC
GSE282326,SKIP,UNKNOWN,25,99.0 MB,,"only circRNA/isoform/miRNA counts, not gene level | sample-type flag in the file names: CELL_LINE, NOT_RNASEQ",,CRISPR screening reveals that RNA helicase DDX41 triggers ri,LIHC
GSE300860,SKIP,LIHC,6,1.6 MB,,"only normalised values (FPKM/TPM/CPM), unusable by DESeq2",,Mechanistic Insights into 16'-DEC-Induced Autophagy and Its ,LIHC
GSE300290,SKIP,LIHC,6,241.0 KB,,no file recognisable as a count matrix,,RRM2-targeted nanocarrier enhances radiofrequency ablation e,LIHC
GSE292540,SKIP,LIHC,12,3.8 MB,,"only a per-sample archive (<GSE>_RAW.tar), no count matrix",,Geniposide suppressed tumor progression through DUOX1-mediat,LIHC
GSE206907,SKIP,UNKNOWN,12,0.0 B,,no supplementary files: the data may only be in SRA,,CRISPR screens uncover CRTC3 as a regulator of IFN-γ induced,LIHC
GSE206906,SKIP,LIHC,6,2.8 MB,,"only normalised values (FPKM/TPM/CPM), unusable by DESeq2",,CRISPR screens uncover CRTC3 as a regulator of IFN-γ induced,LIHC
GSE271217,SKIP,LIHC,6,235.7 MB,,"only a per-sample archive (<GSE>_RAW.tar), no count matrix | sample-type flag in the file names: CELL_LINE",,The liver-specific long noncoding RNA FAM99B inhibits riboso,LIHC
GSE283896,SKIP,LIHC,96,840.6 KB,,sample-type flag in the file names: CELL_LINE,,A single-cell multiomics approach for simultaneous analysis ,LIHC
GSE282343,SKIP,LIHC,8,13.2 GB,,sample-type flag in the file names: SINGLE_CELL,,Viral-Track integrated single-cell RNA-sequencing reveals HB,LIHC
GSE292002,SKIP,LIHC,6,3.0 MB,,"only a per-sample archive (<GSE>_RAW.tar), no count matrix",,Endoplasmic reticulum stress sensor protein PERK in hepatic ,LIHC
GSE278054,SKIP,LIHC,9,6.7 MB,,"only a per-sample archive (<GSE>_RAW.tar), no count matrix",,Dynamic properties of enhancer and promoter during DNA damag,LIHC
GSE273023,SKIP,UNKNOWN,5,3.1 MB,,"only a per-sample archive (<GSE>_RAW.tar), no count matrix",,RNA-seq of vertebral metastatic tumor samples from pan-cance,LIHC
GSE274847,SKIP,UNKNOWN,63,10.0 MB,,"only a per-sample archive (<GSE>_RAW.tar), no count matrix",,Common cell lysis procedures distort ribosome profiling anal,LIHC
GSE256378,SKIP,LIHC,20,2.4 MB,,"only a per-sample archive (<GSE>_RAW.tar), no count matrix",,Exploring the roles of Notch inhibitors and STAT3 inhibitors,LIHC
GSE256376,SKIP,LIHC,8,1.2 MB,,"only a per-sample archive (<GSE>_RAW.tar), no count matrix",,Improvement of hepatocellular carcinoma  using hepatocyte-de,LIHC
GSE298054,SKIP,LIHC,6,679.0 MB,,"only a per-sample archive (<GSE>_RAW.tar), no count matrix",,Non-viral CISH locus-specific integrated IL-15-armored CAR-N,LIHC
GSE203625,SKIP,LIHC,12,667.0 KB,,"only normalised values (FPKM/TPM/CPM), unusable by DESeq2",,Effect of knockdown of CENPU on gene expression of Huh-7 and,LIHC
GSE290638,SKIP,LIHC,2,1.6 MB,,"only normalised values (FPKM/TPM/CPM), unusable by DESeq2",,"A novel rexinoid agonist, UAB116, decreases metastatic pheno",LIHC
GSE277990,SKIP,LIHC,6,10.0 MB,,"only normalised values (FPKM/TPM/CPM), unusable by DESeq2",,Targeting VRK2 Enhances the Efficacy of Anti-PD-1 Therapy in,LIHC
GSE275594,SKIP,UNKNOWN,71,0.0 B,,no supplementary files: the data may only be in SRA,,Amino acid changes in two viral proteins drive attenuation o,LIHC
GSE291263,SKIP,LIHC,6,657.0 KB,,"only normalised values (FPKM/TPM/CPM), unusable by DESeq2",,Targeting p85β condensates by RNA therapy inhibits liver can,LIHC
GSE231741,SKIP,LIHC,3,8.1 MB,,"only normalised values (FPKM/TPM/CPM), unusable by DESeq2",,Hypoxia-induced LncRNA SLC1A5-AS Enhances Glutamine Uptake b,LIHC
GSE231740,SKIP,LIHC,9,2.0 MB,,"only normalised values (FPKM/TPM/CPM), unusable by DESeq2",,Hypoxia-induced LncRNA SLC1A5-AS Enhances Glutamine Uptake b,LIHC
GSE293066,SKIP,UNKNOWN,54,11.1 MB,,sample-type flag in the file names: CELL_LINE,,MAVS Orchestrates a Potent IFN-independent Antiviral Immunit,LIHC
GSE250316,SKIP,LIHC,6,6.7 MB,,"only normalised values (FPKM/TPM/CPM), unusable by DESeq2",,Splicing factor PTBP1 promotes hepatocarcinogenesis via onco,LIHC
GSE230250,SKIP,LIHC,2,3.8 MB,,no file recognisable as a count matrix,,Effect of knockdown of BAP18 on gene expression of PLC/PRF/5,LIHC
GSE266041,SKIP,LIHC,12,784.0 KB,,"only normalised values (FPKM/TPM/CPM), unusable by DESeq2",,Sequencing of human hepatocellular carcinoma huh7 cell line ,LIHC
GSE288204,SKIP,LIHC,12,1.8 MB,,"only normalised values (FPKM/TPM/CPM), unusable by DESeq2",,Comparative analysis of gene expression upon DMSO-induced di,LIHC
GSE288203,SKIP,LIHC,12,1.4 MB,,"only normalised values (FPKM/TPM/CPM), unusable by DESeq2",,Comparative analysis of gene expression upon IFNα stimulatio,LIHC
GSE294818,SKIP,UNKNOWN,8,1.2 MB,,"only normalised values (FPKM/TPM/CPM), unusable by DESeq2",,Transcriptomic Profiling of HepG2 Cells under PCCB Depletion,LIHC
GSE292071,SKIP,UNKNOWN,151,236.0 MB,,no file recognisable as a count matrix,,A Single-cell Atlas of Schwannoma Across Genetic Backgrounds,LIHC
GSE271612,SKIP,LIHC,6,1.5 MB,,no file recognisable as a count matrix,,Effect of hypoxia on gene expression in Hep3B cells,LIHC
GSE286021,SKIP,UNKNOWN,6,3.0 MB,,"only normalised values (FPKM/TPM/CPM), unusable by DESeq2",,"Isolation, Phylogenetics, and Characterization of a New PDCo",LIHC
GSE278602,SKIP,UNKNOWN,12,4.1 MB,,sample-type flag in the file names: CELL_LINE,,Effects of dexamethasone and KLA on HepG2 gene expression,LIHC
GSE285028,SKIP,UNKNOWN,12,51.0 MB,,"only a per-sample archive (<GSE>_RAW.tar), no count matrix",,Redox disruption using electroactive liposome coated gold na,LIHC
GSE291417,SKIP,LIHC,6,2.8 MB,,"only normalised values (FPKM/TPM/CPM), unusable by DESeq2",,The Impact of HYOU1 Knockdown on Gene Expression in Hep3B Li,LIHC
GSE292868,SKIP,LIHC,21,8.2 MB,,"only normalised values (FPKM/TPM/CPM), unusable by DESeq2",,Transcriptomic implications of low herbicide concentrations ,LIHC
GSE290015,SKIP,LIHC,21,1.8 MB,,"only normalised values (FPKM/TPM/CPM), unusable by DESeq2",,Amniotic Fluid Reduces Liver Fibrosis By Attenuating Hepatic,LIHC
GSE261099,SKIP,LIHC,9,1.0 MB,,"only normalised values (FPKM/TPM/CPM), unusable by DESeq2",,Escape from TGF-β-induced senescence promotes aggressive hal,LIHC
GSE270323,SKIP,LIHC,6,9.2 MB,,"only normalised values (FPKM/TPM/CPM), unusable by DESeq2",,Mitochondrial DNA promotes M2 polarization of tumor associat,LIHC
GSE290925,SKIP,LIHC,12,1.1 GB,,"only a per-sample archive (<GSE>_RAW.tar), no count matrix",,Single-Cell Transcriptomic Profiling of the Tumor Microenvir,LIHC
GSE282234,SKIP,LIHC,6,949.0 MB,,"only a per-sample archive (<GSE>_RAW.tar), no count matrix",,Endogenous protein S100A14 stabilizes glutaminase to render ,LIHC
GSE277810,SKIP,LIHC,49,9.6 MB,,no file recognisable as a count matrix,,Altered polyadenylation site usage in SERPINA1 3’UTR in resp,LIHC
GSE276133,SKIP,LIHC,10,542.0 MB,,"only a per-sample archive (<GSE>_RAW.tar), no count matrix",,Integrative epigenomic profiling of hepatocellular carcinoma,LIHC
GSE269768,SKIP,LIHC,15,707.0 KB,,no file recognisable as a count matrix,,3D Bioprinting Lobule-like Hepatorganoids with Induced Vascu,LIHC
GSE208391,SKIP,LIHC,6,2.0 MB,,no file recognisable as a count matrix,,RNA sequencing of HCC cells after endoplasmic reticulum stre,LIHC
GSE289166,SKIP,LIHC,3,5.5 MB,,no file recognisable as a count matrix,,CRTC2 Forms Co-condensates with YTHDF2 that Enhance Translat,LIHC
GSE283205,SKIP,LIHC,5,84.0 MB,,"only a per-sample archive (<GSE>_RAW.tar), no count matrix",,Multiomic analysis uncovers a continuous spectrum of differe,LIHC
GSE261958,SKIP,LIHC,22,1.2 GB,,"only a per-sample archive (<GSE>_RAW.tar), no count matrix",,Multiomic analysis uncovers a continuous spectrum of differe,LIHC
GSE261957,SKIP,LIHC,10,270.0 MB,,"only a per-sample archive (<GSE>_RAW.tar), no count matrix",,Multiomic analysis uncovers a continuous spectrum of differe,LIHC
GSE282660,SKIP,LIHC,36,4.1 MB,,"only normalised values (FPKM/TPM/CPM), unusable by DESeq2 | sample-type flag in the file names: NON_HUMAN",,Salsalate improves the anti-tumor efficacy of Lenvatinib in ,LIHC
GSE255384,SKIP,LIHC,24,1.5 MB,,"only normalised values (FPKM/TPM/CPM), unusable by DESeq2",,RNA-sequencing of alpha beta hydrolase domain 6 (ABHD6) wild,LIHC
GSE283995,SKIP,LIHC,17,1.9 MB,,"only normalised values (FPKM/TPM/CPM), unusable by DESeq2",,Identifying Compounds that Alleviate Acute Hypoxic Stress by,LIHC
GSE282081,SKIP,COAD,15,2.2 MB,,"only normalised values (FPKM/TPM/CPM), unusable by DESeq2 | sample-type flag in the file names: ORGANOID",,Deciphering CRC-Hepatocyte Interactions: A Multiomic Platfor,LIHC
GSE287896,SKIP,UNKNOWN,80,3.7 GB,,"only a per-sample archive (<GSE>_RAW.tar), no count matrix | sample-type flag in the file names: CELL_LINE",,G-quadruplex DNA suppresses transcription during DNA replica,LIHC
GSE271574,SKIP,LIHC,10,8.8 MB,,no file recognisable as a count matrix,,Circle-seq reveals that eccDNA may be a key blood biomarker ,LIHC
GSE271570,SKIP,LIHC,10,9.0 MB,,no file recognisable as a count matrix,,Circle-seq reveals that eccDNA may be a key blood biomarker ,LIHC
GSE263110,SKIP,LIHC,3,2.5 MB,,sample-type flag in the file names: CELL_LINE,,Exploring the Protective Role of Caffeine against Taraxacum-,LIHC
GSE196393,SKIP,LIHC,33,0.0 B,,no supplementary files: the data may only be in SRA,,Targeting non-junctional Claudin-1 with monoclonal antibodie,LIHC
GSE281110,SKIP,LIHC,7,240.3 MB,,"only a per-sample archive (<GSE>_RAW.tar), no count matrix",,Molecular landscape of tumor-associated tissue-resident memo,LIHC
GSE273733,SKIP,UNKNOWN,6,6.0 MB,,"only a per-sample archive (<GSE>_RAW.tar), no count matrix | sample-type flag in the file names: CELL_LINE",,Proteolethargy is a pathogenic mechanism in chronic disease,LIHC
GSE286106,SKIP,UNKNOWN,12,52.0 MB,,"only a per-sample archive (<GSE>_RAW.tar), no count matrix",,Regulation of Mammalian Cellular Metabolism by Endogenous Cy,LIHC
GSE286105,SKIP,UNKNOWN,6,26.0 MB,,"only a per-sample archive (<GSE>_RAW.tar), no count matrix",,Regulation of Mammalian Cellular Metabolism by Endogenous Cy,LIHC
GSE269744,SKIP,LIHC,4,1.6 MB,,"only normalised values (FPKM/TPM/CPM), unusable by DESeq2",,PDHX Acetylation Facilitates Tumor Progression by Disrupting,LIHC
GSE225322,SKIP,LIHC,4,580.3 KB,,"only a per-sample archive (<GSE>_RAW.tar), no count matrix",,NEDD4-binding protein 1 suppresses HBV replication by regula,LIHC
GSE268326,SKIP,LIHC,6,8.8 MB,,"only normalised values (FPKM/TPM/CPM), unusable by DESeq2",,Targeting FTO suppresses hepatocellular carcinoma by inhibit,LIHC
GSE282701,SKIP,LIHC,12,817.0 MB,,"only a per-sample archive (<GSE>_RAW.tar), no count matrix",,scRNAseq profile of hepatocellular carcinoma (HCC) tumors an,LIHC
GSE282472,SKIP,LIHC,6,383.0 KB,,no file recognisable as a count matrix,,Expression of tsRNAs in early stage hepatocellular carcinoma,LIHC
GSE244522,SKIP,LIHC,1,20.0 MB,,"only a per-sample archive (<GSE>_RAW.tar), no count matrix",,Long-read RNA-seq(Iso-seq) analysis of HBV-KMT2B integrated ,LIHC
GSE218332,SKIP,LIHC,2,34.0 MB,,"only a per-sample archive (<GSE>_RAW.tar), no count matrix",,"Analysis of hepatocellular carcinoma (HCC), in which HBV-KMT",LIHC
GSE218329,SKIP,LIHC,1,29.0 MB,,"only a per-sample archive (<GSE>_RAW.tar), no count matrix",,"Iso-seq analysis of hepatocellular carcinoma (HCC), in which",LIHC
GSE218317,SKIP,LIHC,1,5.0 MB,,"only a per-sample archive (<GSE>_RAW.tar), no count matrix",,"RNA-seq analysis of hepatocellular carcinoma (HCC), in which",LIHC
GSE205881,SKIP,LIHC,66,5.1 MB,,sample-type flag in the file names: NON_HUMAN,,RNA Sequencing Facilitates Quantitative Analysis of Humanize,LIHC
GSE285497,SKIP,UNKNOWN,79,11.7 MB,,no file recognisable as a count matrix | sample-type flag in the file names: CELL_LINE,,Transcriptomics Unveil Canonical and Non-Canonical Heat Shoc,LIHC
GSE280121,SKIP,LIHC,4,518.0 MB,,"only a per-sample archive (<GSE>_RAW.tar), no count matrix",,SIRT4 controls acetyl-CoA synthesis to promote stemness and ,LIHC
GSE278008,SKIP,LIHC,6,9.3 MB,,no file recognisable as a count matrix,,Transcriptomic analysis of NAFLD model cells with the co-adm,LIHC
GSE227207,SKIP,LIHC,18,6.9 MB,,sample-type flag in the file names: CELL_LINE,,Piezoeletric Cold Atmospheric Plasma Induces Cancer Cell Dea,LIHC
GSE265770,SKIP,LIHC,3,2.0 MB,,no file recognisable as a count matrix,,Gene expression profile at single cell level of CD56+ natura,LIHC
GSE284633,SKIP,LIHC,5,4.7 MB,,no file recognisable as a count matrix,,Cancer SLC3A2-mediated lysine uptake restricts T cell immuni,LIHC
GSE284401,SKIP,LIHC,8,3.6 MB,,"only normalised values (FPKM/TPM/CPM), unusable by DESeq2",,Transcriptomic analysis of HepG2 cells overexpressing DNMT3A,LIHC
GSE279581,SKIP,LIHC,12,680.0 KB,,"only normalised values (FPKM/TPM/CPM), unusable by DESeq2",,Very Low-Calorie Ketogenic Diet (VLCKD) and molecular liver ,LIHC
GSE284346,SKIP,LIHC,6,1.8 MB,,"only normalised values (FPKM/TPM/CPM), unusable by DESeq2",,Carfilzomib inhibits the progression of hepatocellular cance,LIHC
GSE260862,SKIP,LIHC,6,5.3 MB,,no file recognisable as a count matrix,,Cell-permeated peptide P-T3H2 inhibits malignancy on hepatoc,LIHC
GSE224832,SKIP,LIHC,104,9.0 GB,,"only a per-sample archive (<GSE>_RAW.tar), no count matrix",,Active repression of cell fate plasticity by PROX1 safeguard,LIHC
GSE283279,SKIP,LIHC,6,283.0 KB,,"only normalised values (FPKM/TPM/CPM), unusable by DESeq2",,TGM2-mediated histone serotonylation promotes HCC progressio,LIHC
GSE268518,SKIP,LIHC,39,3.7 MB,,no file recognisable as a count matrix | sample-type flag in the file names: ORGANOID,,Duodenal-derived organoids from MASH patients exhibit altere,LIHC
GSE221340,SKIP,LIHC,4,477.0 KB,,no file recognisable as a count matrix,,Amentoflavone induces cell autophagy through promoting phosp,LIHC
GSE278241,SKIP,UNKNOWN,48,6.4 MB,,"only normalised values (FPKM/TPM/CPM), unusable by DESeq2",,"Discovery, Validation and Mechanistic study of XPO1 inhibiti",LIHC
GSE217291,SKIP,UNKNOWN,2,125.0 KB,,no file recognisable as a count matrix,,Effect of A4368 compound on global gene expression in Hep3B ,LIHC
GSE208036,SKIP,LIHC,15,6.7 MB,,"only normalised values (FPKM/TPM/CPM), unusable by DESeq2",,Next Generation Sequencing facilitates to identify the diffe,LIHC
GSE282451,SKIP,UNKNOWN,5,750.4 KB,,"only a per-sample archive (<GSE>_RAW.tar), no count matrix",,Gene expression profiling (total RNA-Seq) of HCV susceptibil,LIHC
GSE282568,SKIP,UNKNOWN,6,11.0 MB,,"only normalised values (FPKM/TPM/CPM), unusable by DESeq2",,The effects of traditional Chinese medicine Yinqi Sanhuang J,LIHC
GSE277311,SKIP,LIHC,6,190.4 KB,,"only a per-sample archive (<GSE>_RAW.tar), no count matrix",,The de novo synthesis of GABA and its gene regulatory functi,LIHC
GSE254939,SKIP,LIHC,24,2.8 MB,,"only circRNA/isoform/miRNA counts, not gene level | sample-type flag in the file names: CELL_LINE, XENOGRAFT",,DYRK1A Is a Novel Regulator of TGFβ Signalling and Determine,LIHC
GSE268376,SKIP,LIHC,7,687.0 KB,,"only normalised values (FPKM/TPM/CPM), unusable by DESeq2",,Genomic and transcriptomic profile of HNF1A-mutated adenomas,LIHC
GSE279274,SKIP,UNKNOWN,16,15.0 MB,,no file recognisable as a count matrix,,Alternative splicing is an FXRα loss-of-function mechanism a,LIHC
GSE281641,SKIP,UNKNOWN,161,0.0 B,,no supplementary files: the data may only be in SRA,,In vitro to in vivo extrapolation modeling to facilitate the,LIHC
GSE247383,SKIP,UNKNOWN,4,605.0 KB,,sample-type flag in the file names: CELL_LINE,,Effects of UBXN1 knockdown on gene expression in MHCC97H cel,LIHC
GSE205335,SKIP,UNKNOWN,33,499.7 MB,,no file recognisable as a count matrix,,Single-cell transcriptome profiles of tumor tissues from lun,LIHC
GSE265867,SKIP,LIHC,1,4.5 MB,,"only a per-sample archive (<GSE>_RAW.tar), no count matrix",,m6ATM: a deep learning framework for demystifying m6A epitra,LIHC
GSE280238,SKIP,LIHC,9,1.4 MB,,no file recognisable as a count matrix,,Discovery and analysis of NFE2L1's non-transcriptional activ,LIHC
GSE237951,SKIP,LIHC,8,3.9 MB,,sample-type flag in the file names: CELL_LINE,,Inhibition of EZH2 restores normal expression of genes assoc,LIHC
GSE237952,SKIP,LIHC,24,5.2 GB,,"only a per-sample archive (<GSE>_RAW.tar), no count matrix",,Integration of epigenomic and transcriptomic profiling uncov,LIHC
GSE279750,SKIP,LIHC,10,6.7 MB,,"only a per-sample archive (<GSE>_RAW.tar), no count matrix",,ACE2 Enhances Sensitivity to PD-L1 Blockade by Inhibiting Ma,LIHC
GSE254860,SKIP,LIHC,6,12.0 MB,,"only a per-sample archive (<GSE>_RAW.tar), no count matrix",,The therapeutic potential and significance of the PELP1 sign,LIHC
GSE279109,SKIP,LIHC,6,2.9 MB,,"only a per-sample archive (<GSE>_RAW.tar), no count matrix",,ACE2 Enhances Sensitivity to PD-L1 Blockade by Inhibiting Ma,LIHC
GSE279328,SKIP,UNKNOWN,7,891.1 KB,,"only a per-sample archive (<GSE>_RAW.tar), no count matrix",,Effect of EphrinB2 on gene expression in cultured lymphatic ,LIHC
GSE254867,SKIP,UNKNOWN,27,2.4 MB,,sample-type flag in the file names: CELL_LINE,,Deciphering the novel regulatory mechanisms and biological i,LIHC
GSE274780,SKIP,LIHC,12,76.0 MB,,"only a per-sample archive (<GSE>_RAW.tar), no count matrix",,The glutamate receptor antagonist ifenprodil inhibits hepati,LIHC
GSE241588,SKIP,UNKNOWN,24,590.0 KB,,no file recognisable as a count matrix | sample-type flag in the file names: CELL_LINE,,Ribosome profiling sequencing (Ribo-seq) in Huh7 control and,LIHC
GSE199332,SKIP,LIHC,6,948.0 KB,,no file recognisable as a count matrix,,"Integrating CRISPR knockout, interference, and activation to",LIHC
GSE278116,SKIP,LIHC,6,4.1 MB,,no file recognisable as a count matrix,,RABIF promotes hepatocellular carcinoma progression through ,LIHC
GSE260725,SKIP,UNKNOWN,26,11.0 MB,,"only a per-sample archive (<GSE>_RAW.tar), no count matrix",,Individual RNA-seq for different prostate cancer cells and L,LIHC
GSE246219,SKIP,UNKNOWN,80,0.0 B,,no supplementary files: the data may only be in SRA,,Cross-tissue human fibroblast atlas reveals myofibroblast su,LIHC
GSE277328,SKIP,LIHC,6,1.9 MB,,no file recognisable as a count matrix,,Silmitasertib in combination with cabozantinib impairs liver,LIHC
GSE272348,SKIP,LIHC,31,214.0 MB,,"only a per-sample archive (<GSE>_RAW.tar), no count matrix",,Late-stage tertiary lymphoid structures in hepatocellular ca,LIHC
GSE272347,SKIP,LIHC,17,207.0 MB,,"only a per-sample archive (<GSE>_RAW.tar), no count matrix",,Late-stage tertiary lymphoid structures in hepatocellular ca,LIHC
GSE272346,SKIP,LIHC,14,7.5 MB,,"only a per-sample archive (<GSE>_RAW.tar), no count matrix",,Late-stage tertiary lymphoid structures in hepatocellular ca,LIHC
GSE268462,SKIP,LIHC,1,5.1 MB,,"only a per-sample archive (<GSE>_RAW.tar), no count matrix",,Where Does the Heme Go? Unraveling Heme and Porphyrin Metabo,LIHC
GSE266253,SKIP,LIHC,12,4.9 MB,,"only normalised values (FPKM/TPM/CPM), unusable by DESeq2",,DNAJB1-PRKACA fusion drives fibrolamellar liver cancer throu,LIHC
GSE255208,SKIP,UNKNOWN,40,12.0 MB,,"only a per-sample archive (<GSE>_RAW.tar), no count matrix",,Dynamics of RNA localization to nuclear speckles are connect,LIHC
GSE255207,SKIP,UNKNOWN,16,5.2 MB,,"only a per-sample archive (<GSE>_RAW.tar), no count matrix",,Dynamics of RNA localization to nuclear speckles are connect,LIHC
GSE255206,SKIP,UNKNOWN,24,6.6 MB,,"only a per-sample archive (<GSE>_RAW.tar), no count matrix",,Dynamics of RNA localization to nuclear speckles are connect,LIHC
GSE276192,SKIP,LIHC,2,290.2 KB,,"only a per-sample archive (<GSE>_RAW.tar), no count matrix",,Correlation with Apoptosis Process through RNA-Seq Data Anal,LIHC
GSE274408,SKIP,LIHC,12,491.7 MB,,"only a per-sample archive (<GSE>_RAW.tar), no count matrix | sample-type flag in the file names: CELL_LINE, NOT_RNASEQ",,Heat Shock Transcription Factor 1 Facilitates Liver Cancer P,LIHC
GSE262272,SKIP,LIHC,12,613.0 MB,,"only a per-sample archive (<GSE>_RAW.tar), no count matrix",,Elevated choline drives KLF5-dominated transcriptional repro,LIHC
GSE183250,SKIP,LIHC,36,8.4 MB,,no file recognisable as a count matrix,,DDX17-regulated alternative splicing that produced a novel o,LIHC
GSE243020,SKIP,LIHC,8,1.9 MB,,"only a per-sample archive (<GSE>_RAW.tar), no count matrix",, The loss of an orphan nuclear receptor NR2E3 augments Wnt/β,LIHC
GSE182787,SKIP,LIHC,6,2.6 MB,,no file recognisable as a count matrix,,DDX17-regulated alternative splicing that produced a novel o,LIHC
GSE241802,SKIP,LIHC,2,1.1 MB,,"only circRNA/isoform/miRNA counts, not gene level",,METTL3 Confers Oxaliplatin Resistance Through the Activation,LIHC
GSE246237,SKIP,LIHC,6,40.0 MB,,"only a per-sample archive (<GSE>_RAW.tar), no count matrix",,SLU7 downregulation results in an aberrant expression of mRN,LIHC
GSE274758,SKIP,UNKNOWN,5,68.0 MB,,no file recognisable as a count matrix,,Effects of mirror-image nucleosides on DNA replication and t,LIHC
GSE273819,SKIP,LIHC,6,1.1 MB,,"only a per-sample archive (<GSE>_RAW.tar), no count matrix",,GOLM1 dictates acquired Lenvatinib resistance by a GOLM1-CSN,LIHC
GSE181755,SKIP,LIHC,10,23.0 MB,,"only a per-sample archive (<GSE>_RAW.tar), no count matrix",,Landscape of super-enhancer-associated lncRNAs in hepatocell,LIHC
GSE181754,SKIP,LIHC,8,793.0 KB,,"only circRNA/isoform/miRNA counts, not gene level | sample-type flag in the file names: CELL_LINE",,Landscape of super-enhancer-associated lncRNAs in hepatocell,LIHC
GSE240768,SKIP,UNKNOWN,4,520.3 KB,,"only a per-sample archive (<GSE>_RAW.tar), no count matrix",,ACSL6-activated IL18R1-NF-κB promotes IL18-mediated tumor im,LIHC
GSE236831,SKIP,UNKNOWN,62,13.0 MB,,"only a per-sample archive (<GSE>_RAW.tar), no count matrix",,Rapid CRISPR/Cas12a-based dual-crRNA library screening in hi,LIHC
GSE236829,SKIP,LIHC,3,6.9 MB,,"only a per-sample archive (<GSE>_RAW.tar), no count matrix",,Rapid CRISPR/Cas12a-based dual-crRNA library screening in hi,LIHC
GSE232374,SKIP,UNKNOWN,18,3.8 MB,,"only normalised values (FPKM/TPM/CPM), unusable by DESeq2 | sample-type flag in the file names: CELL_LINE",,CDK7 is a novel therapeutic vulnerability in Fibrolamellar c,LIHC
GSE273158,SKIP,UNKNOWN,24,7.3 MB,,"only a per-sample archive (<GSE>_RAW.tar), no count matrix",,Effect of overexpressing a dominant negative LXRalpha mutant,LIHC
GSE239630,SKIP,UNKNOWN,14,200.0 MB,,"only a per-sample archive (<GSE>_RAW.tar), no count matrix",,Exosomes packaged chromatin with dynamic H3R26me2s modificat,LIHC
GSE239629,SKIP,UNKNOWN,2,13.1 KB,,no file recognisable as a count matrix,,Exosomes packaged chromatin with dynamic H3R26me2s modificat,LIHC
GSE237427,SKIP,LIHC,11,2.2 MB,,"only normalised values (FPKM/TPM/CPM), unusable by DESeq2",,Single-cell transcriptomics reveals distinct molecular alter,LIHC
GSE237425,SKIP,LIHC,8,116.0 MB,,"only a per-sample archive (<GSE>_RAW.tar), no count matrix",,Single-cell transcriptomics reveals distinct molecular alter,LIHC
GSE262484,SKIP,UNKNOWN,35,0.0 B,,no supplementary files: the data may only be in SRA,,Implicating type 2 diabetes effector genes in relevant metab,LIHC
GSE262480,SKIP,UNKNOWN,10,11.0 MB,,"only normalised values (FPKM/TPM/CPM), unusable by DESeq2 | sample-type flag in the file names: CELL_LINE",,Implicating type 2 diabetes effector genes in relevant metab,LIHC
GSE239465,SKIP,LIHC,6,1.6 MB,,"only a per-sample archive (<GSE>_RAW.tar), no count matrix",,Epigenome editing durability varies widely across cardiovasc,LIHC
GSE272109,SKIP,LIHC,8,110.0 MB,,"only a per-sample archive (<GSE>_RAW.tar), no count matrix",,Drug-induced cis-regulatory elements in human hepatocytes af,LIHC
GSE251817,SKIP,UNKNOWN,6,1.6 MB,,"only a per-sample archive (<GSE>_RAW.tar), no count matrix",,Apigenin inhibits tumor angiogenesis by suppressing microves,LIHC
GSE272166,SKIP,LIHC,6,9.7 MB,,"only a per-sample archive (<GSE>_RAW.tar), no count matrix",,The regulation of transcriptome in HCC cells by SRSF10 [Huh7,LIHC
GSE244762,SKIP,LIHC,6,1.3 MB,,no file recognisable as a count matrix,,LncRNA SLC7A11-AS1 suppresses ferroptosis in hepatocellular ,LIHC
GSE268894,SKIP,LIHC,6,9.1 MB,,"only normalised values (FPKM/TPM/CPM), unusable by DESeq2",,Semaphorin 3C (Sema3C) reshapes stromal microenvironment to ,LIHC
GSE263501,SKIP,LIHC,9,4.5 MB,,"only normalised values (FPKM/TPM/CPM), unusable by DESeq2",,ZMAT2 condensates regulate the alternative splicing of TRIM2,LIHC
GSE268479,SKIP,LIHC,6,1.2 MB,,"only normalised values (FPKM/TPM/CPM), unusable by DESeq2",,Effect of ZFP740 knockdown on HepG2 cells,LIHC
GSE242340,SKIP,LIHC,12,2.8 MB,,"only a per-sample archive (<GSE>_RAW.tar), no count matrix",,Effect of Molidustat treatment on hepatocellular carcinoma c,LIHC
GSE237876,SKIP,STAD,66,171.0 MB,,"only a per-sample archive (<GSE>_RAW.tar), no count matrix",,Deciphering metastatic route-specific signals and their micr,LIHC
GSE236392,SKIP,UNKNOWN,8,1.3 MB,,"only a per-sample archive (<GSE>_RAW.tar), no count matrix",,Specific silencing of pathogenic mRNA by a novel compact RNA,LIHC
GSE235968,SKIP,LIHC,178,13.0 GB,,"only a per-sample archive (<GSE>_RAW.tar), no count matrix",,A non-canonical repressor function of JUN restrains YAP acti,LIHC
GSE235616,SKIP,LIHC,9,2.2 MB,,no file recognisable as a count matrix,,A non-canonical repressor function of JUN restrains YAP acti,LIHC
GSE250169,SKIP,LIHC,2,1.9 MB,,"only a per-sample archive (<GSE>_RAW.tar), no count matrix",,EPDR1 promotes PD-L1 expression and antitumor immune evasion,LIHC
GSE252127,SKIP,UNKNOWN,9,8.1 MB,,"only a per-sample archive (<GSE>_RAW.tar), no count matrix",,25-Hydroxycholesterol inhibits hantavirus infection through ,LIHC
GSE236369,SKIP,LIHC,14,10.0 MB,,"only a per-sample archive (<GSE>_RAW.tar), no count matrix",,The tRNA Gm18 Methyltransferase TARBP1 Promotes Hepatocellul,LIHC
GSE244707,SKIP,UNKNOWN,270,0.0 B,,no supplementary files: the data may only be in SRA,,Digital transformation of herbal medicine: Conversion to bio,LIHC
GSE244706,SKIP,UNKNOWN,30,11.0 MB,,no file recognisable as a count matrix | sample-type flag in the file names: CELL_LINE,,Digital transformation of herbal medicine: Conversion to bio,LIHC
GSE244705,SKIP,UNKNOWN,60,11.0 MB,,no file recognisable as a count matrix | sample-type flag in the file names: CELL_LINE,,Digital transformation of herbal medicine: Conversion to bio,LIHC
GSE244704,SKIP,UNKNOWN,60,11.0 MB,,no file recognisable as a count matrix | sample-type flag in the file names: CELL_LINE,,Digital transformation of herbal medicine: Conversion to bio,LIHC
GSE244703,SKIP,UNKNOWN,60,11.0 MB,,no file recognisable as a count matrix | sample-type flag in the file names: CELL_LINE,,Digital transformation of herbal medicine: Conversion to bio,LIHC
GSE244702,SKIP,UNKNOWN,60,11.0 MB,,no file recognisable as a count matrix | sample-type flag in the file names: CELL_LINE,,Digital transformation of herbal medicine: Conversion to bio,LIHC
GSE246332,SKIP,UNKNOWN,10,680.0 MB,,"only a per-sample archive (<GSE>_RAW.tar), no count matrix",,A novel MYC-ZNF706-SLC7A11 regulatory circuitry contributes ,LIHC
GSE246330,SKIP,LIHC,6,7.8 MB,,"only normalised values (FPKM/TPM/CPM), unusable by DESeq2",,A novel MYC-ZNF706-SLC7A11 regulatory circuitry contributes ,LIHC
GSE246221,SKIP,LIHC,148,8.2 MB,,sample-type flag in the file names: NON_HUMAN,,A Mouse Model for Metabolic Dysfunction-associated Steatotic,LIHC
GSE152927,SKIP,LIHC,2,790.2 KB,,"only a per-sample archive (<GSE>_RAW.tar), no count matrix",,Glucose deprivation effect on Hepatocellular carcinoma cell ,LIHC
GSE246223,SKIP,LIHC,160,4.5 GB,,"only a per-sample archive (<GSE>_RAW.tar), no count matrix",,A Mouse Model for Metabolic Dysfunction-associated Steatotic,LIHC
GSE248907,SKIP,LIHC,6,588.0 MB,,"only a per-sample archive (<GSE>_RAW.tar), no count matrix",,Macrophages Coated Tumor Cluster (MCTC) Aggravated Hepatoma ,LIHC
GSE268875,SKIP,LIHC,9,23.0 KB,,"only normalised values (FPKM/TPM/CPM), unusable by DESeq2",,Interaction of solute carrier family 39 member 1 and dynamin,LIHC
GSE263915,SKIP,LIHC,6,6.0 MB,,"only normalised values (FPKM/TPM/CPM), unusable by DESeq2",,Effect of knock-down of circular RNA circUCK2 on gene expres,LIHC
GSE176548,SKIP,UNKNOWN,2,3.3 MB,,"only normalised values (FPKM/TPM/CPM), unusable by DESeq2",,CircPTEN-MT derived from PTEN regulates mitochondrial energy,LIHC
GSE233712,SKIP,LIHC,14,11.0 MB,,"only a per-sample archive (<GSE>_RAW.tar), no count matrix",,Aberrant induction of the rare RNA binding protein PABPC4 in,LIHC
GSE233708,SKIP,LIHC,8,11.0 MB,,"only a per-sample archive (<GSE>_RAW.tar), no count matrix",,Aberrant induction of the rare RNA binding protein PABPC4 in,LIHC
GSE228075,SKIP,LIHC,3,113.0 MB,,"only a per-sample archive (<GSE>_RAW.tar), no count matrix",,The regulation of transcriptome in HCC cells by KDM1A [HepG2,LIHC
GSE268347,SKIP,LIHC,2,293.0 KB,,"only normalised values (FPKM/TPM/CPM), unusable by DESeq2 | sample-type flag in the file names: CELL_LINE",,Identifying CSTF2-bound RNA Sequences in HUH7 Cells using RI,LIHC
GSE228072,SKIP,LIHC,2,44.0 MB,,"only a per-sample archive (<GSE>_RAW.tar), no count matrix",,The regulation of transcriptome in HCC cells by KDM1A inhibi,LIHC
GSE263126,SKIP,LIHC,4,236.0 MB,,"only a per-sample archive (<GSE>_RAW.tar), no count matrix",,Identification of hypoxia-induced isoforms and novel genes w,LIHC
GSE233772,SKIP,LIHC,9,4.9 MB,,"only a per-sample archive (<GSE>_RAW.tar), no count matrix",,Citrullination modulation maintains HIF-1A stabilization to ,LIHC
GSE223204,SKIP,LIHC,2,103.0 MB,,"only a per-sample archive (<GSE>_RAW.tar), no count matrix",,Hepatocyte-macrophage crosstalk via the PGRN-EGFR axis modul,LIHC
GSE267969,SKIP,UNKNOWN,14,3.2 MB,,sample-type flag in the file names: CELL_LINE,,Optimized reporters for multiplexed detection of transcripti,LIHC
GSE255830,SKIP,LIHC,8,194.0 MB,,"only a per-sample archive (<GSE>_RAW.tar), no count matrix",,Gene expression and T cell repertoire profile at single cell,LIHC
GSE266229,SKIP,LIHC,18,11.0 MB,,"only a per-sample archive (<GSE>_RAW.tar), no count matrix",,Atosiban harness hepatocellular carcinoma progression in hum,LIHC
GSE200538,SKIP,UNKNOWN,9,14.0 MB,,"only normalised values (FPKM/TPM/CPM), unusable by DESeq2",,Transcriptome sequencing of HepG2 cells upon treatment of Bu,LIHC
GSE115409,SKIP,LIHC,6,5.2 MB,,"only circRNA/isoform/miRNA counts, not gene level",,"NACER, a liver-specific lncRNA, functions as Nrf2-activating",LIHC
GSE265834,SKIP,LIHC,10,1.2 MB,,no file recognisable as a count matrix,,RNA-seq of murine 4-1BB- and 4-1BB+ CD8+ tumor-infiltrating ,LIHC
GSE264010,SKIP,LIHC,6,3.5 MB,,"only normalised values (FPKM/TPM/CPM), unusable by DESeq2",,The effects of knock-out PARP1 on HepG2.,LIHC
GSE263748,SKIP,UNKNOWN,23,556.0 MB,,"only a per-sample archive (<GSE>_RAW.tar), no count matrix",,Genetic dependencies associated with transcription factor ac,LIHC
GSE173632,SKIP,LIHC,9,10.9 MB,,no file recognisable as a count matrix,,RNA-seq analysis of the gene expression profile of Huh7 cell,LIHC
GSE262515,SKIP,UNKNOWN,21,6.7 MB,,"no file recognisable as a count matrix | sample-type flag in the file names: CELL_LINE, NON_HUMAN",,Optimized RNA Interference Therapeutics Combined with Interl,LIHC
GSE244233,SKIP,LIHC,6,2.9 MB,,"only normalised values (FPKM/TPM/CPM), unusable by DESeq2",,Pentamethylquercetin induces Hep3B liver cancer cell apoptos,LIHC
GSE244529,SKIP,LIHC,26,3.7 GB,,"only a per-sample archive (<GSE>_RAW.tar), no count matrix",,Wnt/β-catenin signaling regulates amino acid metabolism thro,LIHC
GSE244526,SKIP,LIHC,15,38.0 MB,,"only a per-sample archive (<GSE>_RAW.tar), no count matrix",,Wnt/β-catenin signaling regulates amino acid metabolism thro,LIHC
GSE244525,SKIP,LIHC,3,3.7 GB,,"only a per-sample archive (<GSE>_RAW.tar), no count matrix",,Wnt/β-catenin signaling regulates amino acid metabolism thro,LIHC
GSE242333,SKIP,LIHC,12,3.8 MB,,"only a per-sample archive (<GSE>_RAW.tar), no count matrix",,Transcriptomic changes induced by regorafenib in sorafenib-r,LIHC
GSE217406,SKIP,LIHC,8,193.0 MB,,"only a per-sample archive (<GSE>_RAW.tar), no count matrix",,IFRD1 promotes tumor cells “low-cost” survival under glutami,LIHC
GSE228416,SKIP,LIHC,6,9.7 MB,,"only normalised values (FPKM/TPM/CPM), unusable by DESeq2 | sample-type flag in the file names: CELL_LINE",,Knockdown of ribosome RNA processing protein 15 (RRP15) supp,LIHC
GSE237756,SKIP,LIHC,6,50.0 MB,,"only circRNA/isoform/miRNA counts, not gene level",,Next Generation Sequencing Analysis of human hepatocellular ,LIHC
GSE235017,SKIP,LIHC,6,7.4 MB,,no file recognisable as a count matrix,,Inhibition of UBA52 induces autophagy via EMC6 to suppress h,LIHC
GSE229079,SKIP,LIHC,6,2.2 MB,,"only normalised values (FPKM/TPM/CPM), unusable by DESeq2",,Transcriptomic screening the novel targets of sericin in hum,LIHC
GSE240747,SKIP,LIHC,6,5.1 MB,,no file recognisable as a count matrix | sample-type flag in the file names: CELL_LINE,,SPARC boost cholesterol-dependent aggressive phenotype and s,LIHC
GSE229394,SKIP,UNKNOWN,56,24.0 MB,,"only a per-sample archive (<GSE>_RAW.tar), no count matrix",,Molecular and immune profiles linked to androgen response ca,LIHC
GSE256235,SKIP,LIHC,23,6.2 MB,,"only a per-sample archive (<GSE>_RAW.tar), no count matrix",,Integrated analysis of miRNA-mRNA regulatory networks in ped,LIHC
GSE228168,SKIP,UNKNOWN,26,5.7 GB,,sample-type flag in the file names: CELL_LINE,,Full-length Sequencing of Non-capped RNAs Reveals the Hetero,LIHC
GSE197798,SKIP,LIHC,12,2.4 MB,,"only a per-sample archive (<GSE>_RAW.tar), no count matrix",,Human antigen R (HuR) SUMOylation controls senescence respon,LIHC
GSE192632,SKIP,UNKNOWN,32,65.0 GB,,"only a per-sample archive (<GSE>_RAW.tar), no count matrix",,NAP-seq Reveals Novel Classes of Structured Noncoding RNAs w,LIHC
GSE228430,SKIP,UNKNOWN,12,518.0 KB,,sample-type flag in the file names: CELL_LINE,,Effect of FABP5 silencing or inhibition on gene expression o,LIHC
GSE202397,SKIP,UNKNOWN,4,2.4 MB,,no file recognisable as a count matrix | sample-type flag in the file names: CELL_LINE,,PC4 is a post-transcriptional manipulator of D-type cyclins ,LIHC
GSE202401,SKIP,UNKNOWN,10,141.0 MB,,"only a per-sample archive (<GSE>_RAW.tar), no count matrix",,PC4 is a post-transcriptional manipulator of D-type cyclins ,LIHC
GSE254649,SKIP,LIHC,12,2.0 MB,,no file recognisable as a count matrix | sample-type flag in the file names: CELL_LINE,,CSTF2 is correlated with prognosis and progression in hepato,LIHC
GSE238116,SKIP,LIHC,12,1.0 MB,,"only normalised values (FPKM/TPM/CPM), unusable by DESeq2",,Effect of depletion or overexpression of EGR1 on gene expres,LIHC
GSE245909,SKIP,LIHC,31,1.0 GB,,"only a per-sample archive (<GSE>_RAW.tar), no count matrix",,Identification of TREM1+CD163+ myeloid cells as a deleteriou,LIHC
GSE245908,SKIP,LIHC,2,1.0 GB,,"only a per-sample archive (<GSE>_RAW.tar), no count matrix",,Identification of TREM1+CD163+ myeloid cells as a deleteriou,LIHC
GSE250086,SKIP,LIHC,2,6.8 MB,,"only normalised values (FPKM/TPM/CPM), unusable by DESeq2",,Differential expressed genes in WT and SCRN1 KO HepG2 cells.,LIHC
GSE248764,SKIP,LIHC,2,16.9 MB,,no file recognisable as a count matrix,,RNA seq data of sorafenib resistant HepG2 cells,LIHC
GSE216667,SKIP,LIHC,7,647.0 KB,,"only normalised values (FPKM/TPM/CPM), unusable by DESeq2 | sample-type flag in the file names: CELL_LINE",,Role of UPF1 in lncRNA-HEIH regulation for hepatocellular ca,LIHC
GSE249404,SKIP,UNKNOWN,6,3.3 MB,,"only a per-sample archive (<GSE>_RAW.tar), no count matrix",,The function of  Oxytocin Receptor in the Tumorigenesis of H,LIHC
GSE224008,SKIP,LIHC,4,195.0 KB,,no file recognisable as a count matrix,,Effect of depletion of METTL16 on gene expression of Huh7 li,LIHC
GSE243936,SKIP,LIHC,8,963.0 KB,,sample-type flag in the file names: CELL_LINE,,P53-P21-RB pathway promotes BRD4 degradation in liver cancer,LIHC
GSE234660,SKIP,LIHC,2,224.0 MB,,"only a per-sample archive (<GSE>_RAW.tar), no count matrix",,RORγ modulates the extracellular matrix to facilitate hepato,LIHC
GSE253741,SKIP,UNKNOWN,12,1.1 MB,,"only normalised values (FPKM/TPM/CPM), unusable by DESeq2",,Transcription factor ZNF263 enhances EGFR-targeted therapeut,LIHC
GSE249361,SKIP,LIHC,22,1.4 GB,,"only a per-sample archive (<GSE>_RAW.tar), no count matrix",,Single-cell transcriptomics reveals the role of antigen pres,LIHC
GSE253465,SKIP,LIHC,8,2.9 MB,,"only normalised values (FPKM/TPM/CPM), unusable by DESeq2",,DNAJB1-PRKACA fusion protein-regulated LINC00473 promotes tu,LIHC
GSE246981,SKIP,LIHC,18,38.0 MB,,no file recognisable as a count matrix | sample-type flag in the file names: CELL_LINE,,Unraveling the dynamics of hepatitis C virus adaptive mutati,LIHC
GSE252988,SKIP,LIHC,6,8.0 MB,,"only normalised values (FPKM/TPM/CPM), unusable by DESeq2",,Lefamulin targets ILF3 to overcome targeted therapy resistan,LIHC
GSE252752,SKIP,LIHC,22,28.0 MB,,no file recognisable as a count matrix,,N6-methyladenosine reader YTHDF1 promotes stemness and thera,LIHC
GSE222791,SKIP,LIHC,10,556.0 MB,,"only a per-sample archive (<GSE>_RAW.tar), no count matrix",,Synergistic immunochemotherapy exerts efficiently anti-hepat,LIHC
GSE223743,SKIP,LIHC,12,1.1 GB,,"only a per-sample archive (<GSE>_RAW.tar), no count matrix",,Ultra-low error synthetic long-read single-cell sequencing r,LIHC
GSE224425,SKIP,LIHC,6,29.0 MB,,"only a per-sample archive (<GSE>_RAW.tar), no count matrix",,Transcriptome analysis of FAK inhibitor in liver cancer cell,LIHC
GSE240600,SKIP,LIHC,8,1.4 MB,,"only normalised values (FPKM/TPM/CPM), unusable by DESeq2",,Identification and characterization of pathogenic ZNF687 var,LIHC
GSE197831,SKIP,LIHC,12,1.1 GB,,"only a per-sample archive (<GSE>_RAW.tar), no count matrix",,TFAM loss induces nuclear actin assembly upon mDia2 malonyla,LIHC
GSE197597,SKIP,LIHC,6,7.7 MB,,"only normalised values (FPKM/TPM/CPM), unusable by DESeq2",,TFAM loss induces nuclear actin assembly upon mDia2 malonyla,LIHC
GSE185169,SKIP,LIHC,8,11.0 MB,,"only normalised values (FPKM/TPM/CPM), unusable by DESeq2",,Transcriptomic profiling of HepaRG cells with or without fat,LIHC
GSE243572,SKIP,LIHC,53,551.0 MB,,"only a per-sample archive (<GSE>_RAW.tar), no count matrix",,Differential T-cell and monocyte responses in hepatocellular,LIHC
GSE229339,SKIP,LIHC,8,1.7 MB,,"only normalised values (FPKM/TPM/CPM), unusable by DESeq2",,UBR7 an E3 ligase targets Sp110 via modulating IFN beta sign,LIHC
GSE216870,SKIP,LIHC,6,7.9 MB,,"only normalised values (FPKM/TPM/CPM), unusable by DESeq2",,Effect of Saikosaponin A on hepatocellular carcinoma cells,LIHC
GSE189935,SKIP,LIHC,28,437.7 MB,,sample-type flag in the file names: SINGLE_CELL,,The fibroblast-centered cellular crosstalk in HBV-positive l,LIHC
GSE220320,SKIP,LIHC,36,24.0 MB,,"only a per-sample archive (<GSE>_RAW.tar), no count matrix",,Chromosome 8p-engineering and CRISPR-Cas9 viability screenin,LIHC
GSE220319,SKIP,LIHC,24,16.0 MB,,"only a per-sample archive (<GSE>_RAW.tar), no count matrix",,Chromosome 8p-engineering and CRISPR-Cas9 viability screenin,LIHC
GSE220312,SKIP,LIHC,12,7.7 MB,,"only a per-sample archive (<GSE>_RAW.tar), no count matrix",,Chromosome 8p-engineering and CRISPR-Cas9 viability screenin,LIHC
GSE251899,SKIP,LIHC,6,3.9 MB,,no file recognisable as a count matrix,,Comprehensive analysis of bioinformatics and system biology ,LIHC
GSE225919,SKIP,UNKNOWN,2,79.0 KB,,"only normalised values (FPKM/TPM/CPM), unusable by DESeq2 | sample-type flag in the file names: CELL_LINE",,RNA-seq of Snu-449 cells treated with Ezetimibe or control,LIHC
GSE227106,SKIP,LIHC,12,19.1 MB,,no file recognisable as a count matrix,,Arginine reprograms metabolism in liver cancer via RBM39 [AA,LIHC
GSE231368,SKIP,LIHC,6,550.0 KB,,"only normalised values (FPKM/TPM/CPM), unusable by DESeq2",,To investigate the effect of TMAO intervention on fatty live,LIHC
GSE248064,SKIP,LIHC,8,80.2 KB,,"only a per-sample archive (<GSE>_RAW.tar), no count matrix",,RFX6 facilitates aerobic glycolysis-mediated growth and meta,LIHC
GSE250059,SKIP,LIHC,23,80.0 MB,,"only a per-sample archive (<GSE>_RAW.tar), no count matrix",,Centrosomal Localization of DNAJ-PKAc Fusion Heightens PLK1 ,LIHC
GSE163180,SKIP,UNKNOWN,6,7.7 MB,,"only normalised values (FPKM/TPM/CPM), unusable by DESeq2",,Transcriptomes Sequencing  of si-EIF4G2 and si-NC groups in ,LIHC
GSE240109,SKIP,LIHC,6,888.0 KB,,no file recognisable as a count matrix,,cDCBLD2 mediates sorafenib resistance in hepatocellular carc,LIHC
GSE248770,SKIP,UNKNOWN,6,11.0 MB,,"only normalised values (FPKM/TPM/CPM), unusable by DESeq2 | sample-type flag in the file names: CELL_LINE",,Genetic changes of Hep3B cells with acquired resistance to s,LIHC
GSE248769,SKIP,UNKNOWN,6,7.6 MB,,"only normalised values (FPKM/TPM/CPM), unusable by DESeq2",,Genetic changes of Hep3B cells after acquired resistance to ,LIHC
GSE240197,SKIP,LIHC,14,1.2 MB,,no file recognisable as a count matrix,,Effect of TP53 on gene expressions in human hepatocellular c,LIHC
GSE215013,SKIP,LIHC,18,0.0 B,,no supplementary files: the data may only be in SRA,,Tumor samples from HCC patients receiving Nivolumab; THP-1 c,LIHC
GSE215011,SKIP,LIHC,10,3.6 MB,,no file recognisable as a count matrix,,Next Generation Sequencing Facilitates Quantitative Analysis,LIHC
GSE249240,SKIP,LIHC,10,171.0 MB,,"only a per-sample archive (<GSE>_RAW.tar), no count matrix",,Hepatitis D infection induces IFN-β-mediated NK cell activat,LIHC
GSE228711,SKIP,UNKNOWN,52,6.7 MB,,"only normalised values (FPKM/TPM/CPM), unusable by DESeq2 | sample-type flag in the file names: CELL_LINE",,Osmolar modulation drives reversible cell cycle exit and hum,LIHC
GSE220307,SKIP,LIHC,4,12.0 KB,,"only normalised values (FPKM/TPM/CPM), unusable by DESeq2",,Tubuloside B (Tub B) inhibits migration of HCC cells by inhi,LIHC
GSE190631,SKIP,UNKNOWN,15,4.2 MB,,"only a per-sample archive (<GSE>_RAW.tar), no count matrix",,RNA-Sequencing of HepG2 cells and rats treated with Chinese ,LIHC
GSE190628,SKIP,LIHC,6,1.8 MB,,"only a per-sample archive (<GSE>_RAW.tar), no count matrix",,RNA-Sequencing of HepG2 cells treated with Chinese herbal me,LIHC
GSE248562,SKIP,LIHC,25,1.1 GB,,"only normalised values (FPKM/TPM/CPM), unusable by DESeq2 | sample-type flag in the file names: CELL_LINE, NOT_RNASEQ",,Environmental monobutyl phthalate exposure promotes liver ca,LIHC
GSE222477,SKIP,UNKNOWN,12,2.6 MB,,"only a per-sample archive (<GSE>_RAW.tar), no count matrix",,N -acetyltransferase 10 Regulates Alphavirus Replication via,LIHC
GSE233441,SKIP,LIHC,6,1.2 MB,,no file recognisable as a count matrix,,Hepatitis B/C viruses manipulate TNNT1 expression to induce ,LIHC
GSE247728,SKIP,UNKNOWN,132,8.9 MB,,"only a per-sample archive (<GSE>_RAW.tar), no count matrix",,ISGF3 and STAT2/IRF9 direct basal and IFN-induced transcript,LIHC
GSE235202,SKIP,LIHC,7,1.3 MB,,"only a per-sample archive (<GSE>_RAW.tar), no count matrix",,EZH2 is a key component of Hepatoblastoma tumor cell growth,LIHC
GSE226161,SKIP,UNKNOWN,89,1.4 GB,,"only a per-sample archive (<GSE>_RAW.tar), no count matrix",,Profiling of RNA-binding protein binding sites by in-situ re,LIHC
GSE246378,SKIP,LIHC,6,7.7 MB,,"only normalised values (FPKM/TPM/CPM), unusable by DESeq2 | sample-type flag in the file names: CELL_LINE",,Exhausted CD8+ T cells overexpress CCL5 during combination t,LIHC
GSE236919,SKIP,UNKNOWN,8,1.1 MB,,"only a per-sample archive (<GSE>_RAW.tar), no count matrix",,Impact of the physical cellular microenvironment on the stru,LIHC
GSE228257,SKIP,LIHC,4,1.0 MB,,"only normalised values (FPKM/TPM/CPM), unusable by DESeq2",,Effect of PF-429242 on gene expression in liver cancer cells,LIHC
GSE236281,SKIP,LIHC,12,11.5 MB,,"only normalised values (FPKM/TPM/CPM), unusable by DESeq2",,Comparative Transcriptome Analysis of Peripheral Blood Monon,LIHC
GSE213892,SKIP,LIHC,5,1.2 MB,,no file recognisable as a count matrix | sample-type flag in the file names: CELL_LINE,,Effect of Usp28 knockout and re-consitution of wildtype or m,LIHC
GSE174179,SKIP,LIHC,6,1.4 MB,,"only circRNA/isoform/miRNA counts, not gene level",,Differential expression profile and diagnostic value of plas,LIHC
GSE214140,SKIP,LIHC,3,259.0 MB,,"only a per-sample archive (<GSE>_RAW.tar), no count matrix",,The Second Generation of CAR-iMACs with Enhanced Polarizatio,LIHC
GSE232263,SKIP,UNKNOWN,10,0.0 B,,no supplementary files: the data may only be in SRA,,USF1 modulates transcription and cellular functions by regul,LIHC
GSE232261,SKIP,LIHC,6,2.1 MB,,"only normalised values (FPKM/TPM/CPM), unusable by DESeq2",,USF1 modulates transcription and cellular functions by regul,LIHC
GSE222853,SKIP,LIHC,14,50.5 KB,,"only a per-sample archive (<GSE>_RAW.tar), no count matrix",,Clinical significance of apurinic/apyrimidinic endodeoxyribo,LIHC
GSE223795,SKIP,LIHC,32,142.0 MB,,"only a per-sample archive (<GSE>_RAW.tar), no count matrix",,Molecular Dysregulation Underlying Racial Disparity in Hepat,LIHC
GSE214432,SKIP,LIHC,45,5.3 MB,,no file recognisable as a count matrix,,Transcriptome profile of hepatocellular carcinoma from non-a,LIHC
GSE222207,SKIP,UNKNOWN,4,4.9 MB,,"only normalised values (FPKM/TPM/CPM), unusable by DESeq2",,G4-dependent DNA loops regulate gene expression [RNA-seq],LIHC
GSE210803,SKIP,LIHC,9,5.9 MB,,"only normalised values (FPKM/TPM/CPM), unusable by DESeq2",,NFE2L3 Drives Hepatocellular Carcinoma Proliferation via Reg,LIHC
GSE242889,SKIP,LIHC,10,1.3 GB,,"only a per-sample archive (<GSE>_RAW.tar), no count matrix",,Single-cell dissection of the multicellular ecosystem and mo,LIHC
GSE234647,SKIP,LIHC,12,11.5 MB,,"only normalised values (FPKM/TPM/CPM), unusable by DESeq2 | sample-type flag in the file names: CELL_LINE",,Analysis of differential gene expression in Regorafenib resi,LIHC
GSE220313,SKIP,UNKNOWN,16,513.5 MB,,"only a per-sample archive (<GSE>_RAW.tar), no count matrix",,Gene expression profile and TCR sequencing data of CD45+ cel,LIHC
GSE197092,SKIP,LIHC,6,4.1 MB,,"only normalised values (FPKM/TPM/CPM), unusable by DESeq2",,RNAseq analysis of genes differentially expressed in SMMC772,LIHC
GSE205301,SKIP,LIHC,120,449.0 MB,,"only a per-sample archive (<GSE>_RAW.tar), no count matrix",,Selective enrichment of plasma cell-free messenger RNA in ca,LIHC
GSE237138,SKIP,LIHC,6,31.4 MB,,no file recognisable as a count matrix,,Sophoridine derivative 6j inhibits liver cancer cell prolife,LIHC
GSE233808,SKIP,LIHC,12,83.0 MB,,"only a per-sample archive (<GSE>_RAW.tar), no count matrix",,RNA N6-methyladenosine methyltransferase METTL3 drives NAFLD,LIHC
GSE228282,SKIP,UNKNOWN,16,0.0 B,,no supplementary files: the data may only be in SRA,,The m6A reader YTHDF1 attenuates fulminant hepatitis via MFG,LIHC
GSE228280,SKIP,UNKNOWN,4,5.2 MB,,no file recognisable as a count matrix,,The m6A reader YTHDF1 attenuates fulminant hepatitis via MFG,LIHC
GSE228274,SKIP,UNKNOWN,4,7.7 MB,,no file recognisable as a count matrix,,The m6A reader YTHDF1 attenuates fulminant hepatitis via MFG,LIHC
GSE241204,SKIP,LIHC,6,1.2 MB,,"only a per-sample archive (<GSE>_RAW.tar), no count matrix",,mRNA sequencing of ADH4 overexpression in HBV-associated hep,LIHC
GSE240760,SKIP,LIHC,4,370.4 KB,,"only a per-sample archive (<GSE>_RAW.tar), no count matrix",,Upregulation of CYR61 by TGF-β and YAP signaling exerts a co,LIHC
GSE239394,SKIP,LIHC,2,2.1 MB,,no file recognisable as a count matrix | sample-type flag in the file names: CELL_LINE,,Effects of Transcription factor IIB (TFIIB)‑related factor 2,LIHC
GSE221053,SKIP,UNKNOWN,30,4.5 GB,,"only a per-sample archive (<GSE>_RAW.tar), no count matrix",,Transposable elements as lineage-specific enhancers in endod,LIHC
GSE221050,SKIP,COAD,15,5.6 MB,,sample-type flag in the file names: CELL_LINE,,Transposable elements as lineage-specific enhancers in endod,LIHC
GSE185844,SKIP,LIHC,13,370.0 MB,,"only a per-sample archive (<GSE>_RAW.tar), no count matrix",,Scavenger Receptor SCARB2 Drives Hepatic Carcinoma Initiatio,LIHC
GSE185839,SKIP,LIHC,1,78.0 MB,,"only a per-sample archive (<GSE>_RAW.tar), no count matrix",,Single-Cell RNA-Sequencing reveals cellular heterogeneity an,LIHC
GSE240451,SKIP,LIHC,12,0.0 B,,no supplementary files: the data may only be in SRA,,Hepatitis B virus X protein contributes to hepatocellular ca,LIHC
GSE240394,SKIP,LIHC,8,2.5 MB,,"only normalised values (FPKM/TPM/CPM), unusable by DESeq2 | sample-type flag in the file names: CELL_LINE",,Hepatitis B virus X protein contributes to hepatocellular ca,LIHC
GSE223201,SKIP,LIHC,15,1.5 MB,,no file recognisable as a count matrix,,Lenvatinib recruits cytotoxic GZMK+CD8 T cells in hepatocell,LIHC
GSE223073,SKIP,LIHC,90,6.3 MB,,"only normalised values (FPKM/TPM/CPM), unusable by DESeq2",,Characterization of early transcriptomic changes associated ,LIHC
GSE210775,SKIP,LIHC,73,17.4 MB,,sample-type flag in the file names: NOT_TISSUE,,Cell-Free RNA Signature for Noninvasive Diagnosis of Hepatoc,LIHC
GSE208007,SKIP,LIHC,12,13.8 MB,,"only normalised values (FPKM/TPM/CPM), unusable by DESeq2",,Communication between the HCCLM3 cells and LX2 cells in a 3D,LIHC
GSE237978,SKIP,LIHC,2,6.6 MB,,"only normalised values (FPKM/TPM/CPM), unusable by DESeq2",,Effect of siRNA depletion of SPRTN gene on gene expression i,LIHC
GSE155481,SKIP,LIHC,2,85.3 MB,,no file recognisable as a count matrix | sample-type flag in the file names: SINGLE_CELL,,Single-Cell Map of Diverse Immune Phenotypes in Liver Microe,LIHC
GSE233817,SKIP,LIHC,6,4.8 MB,,no file recognisable as a count matrix,,Cathepsin V is correlated with the prognosis and tumor micro,LIHC
GSE236681,SKIP,LIHC,4,299.0 MB,,"only a per-sample archive (<GSE>_RAW.tar), no count matrix",,Targeting Metabolic Adaptations in the Breast Cancer–Liver M,LIHC
GSE236289,SKIP,UNKNOWN,28,2.6 MB,,"only a per-sample archive (<GSE>_RAW.tar), no count matrix",,Cancer-associated fibroblast-like tumor cells remodel the Ew,LIHC
GSE230666,SKIP,LIHC,8,729.0 KB,,"only normalised values (FPKM/TPM/CPM), unusable by DESeq2",,RNA-seq for tumor associated macrophages in hepatocellular c,LIHC
GSE226562,SKIP,UNKNOWN,25,8.7 MB,,"only a per-sample archive (<GSE>_RAW.tar), no count matrix | sample-type flag in the file names: XENOGRAFT",,CD73 sorted cell RNA-sequencing and GeoMX sequencing,LIHC
GSE236348,SKIP,LIHC,6,3.7 MB,,no file recognisable as a count matrix,,Tripartite motif 8 promotes hepatocellular carcinogenesis by,LIHC
GSE236338,SKIP,UNKNOWN,18,14.2 MB,,no file recognisable as a count matrix,,Compare of differential expression profiles of PEDV-suscepti,LIHC
GSE201493,SKIP,LIHC,5,2.4 MB,,no file recognisable as a count matrix,,The LIFR-targeting drugs EC330/EC359 are potent inducers of ,LIHC
GSE218087,SKIP,LIHC,12,0.0 B,,no supplementary files: the data may only be in SRA,,CCDC137 in HCC cells,LIHC
GSE217914,SKIP,UNKNOWN,4,13.2 MB,,no file recognisable as a count matrix,,RNA-seq of CCDC137-APOBEC1 expressing HCCLM3 cells [APOBEC1-,LIHC
GSE217912,SKIP,LIHC,4,26.0 MB,,no file recognisable as a count matrix,,Effect of overexpression and depletion of CCDC137 on gene ex,LIHC
GSE169320,SKIP,LIHC,15,67.0 MB,,"only a per-sample archive (<GSE>_RAW.tar), no count matrix",,CD133+ Intercellsome Mediates Direct Cell-Cell Communication,LIHC
GSE154486,SKIP,UNKNOWN,4,2.7 MB,,"only a per-sample archive (<GSE>_RAW.tar), no count matrix",,Transcriptome analysis of knockdown NUP210 in Huh7 hepatocyt,LIHC
GSE233521,SKIP,LIHC,2,103.0 KB,,no file recognisable as a count matrix,,snoRNA-sequencing analysis of liver cancer stem cells from h,LIHC
GSE233520,SKIP,LIHC,2,576.0 KB,,no file recognisable as a count matrix,,RNA-sequencing analysis of oncospheres from control and SNOR,LIHC
GSE207439,SKIP,LIHC,8,30.0 MB,,"only a per-sample archive (<GSE>_RAW.tar), no count matrix",,"Combination treatment of sodium pentaborate pentahydrate, cu",LIHC
GSE152883,SKIP,LIHC,4,1.4 MB,,"only a per-sample archive (<GSE>_RAW.tar), no count matrix",,RNA editing using the flap endonuclease 1 guided by hairpin ,LIHC
GSE206325,SKIP,LIHC,510,2.3 GB,,no file recognisable as a count matrix | sample-type flag in the file names: SINGLE_CELL,,Intratumoral mregDC and Tfh-like niches enable local reinvig,LIHC
GSE205710,SKIP,UNKNOWN,4,8.3 KB,,no file recognisable as a count matrix,,RBFOX2 recognizes N6-methyladenosine to suppress transcripti,LIHC
GSE205709,SKIP,UNKNOWN,28,12.0 MB,,"only a per-sample archive (<GSE>_RAW.tar), no count matrix",,RBFOX2 recognizes N6-methyladenosine to suppress transcripti,LIHC
GSE232800,SKIP,LIHC,2,12.3 MB,,no file recognisable as a count matrix,,Comprehensive transcriptomic profiling of liver cancer ident,LIHC
GSE205714,SKIP,UNKNOWN,138,18.0 GB,,"only a per-sample archive (<GSE>_RAW.tar), no count matrix",,RBFOX2 recognizes N6-methyladenosine to suppress transcripti,LIHC
GSE209935,SKIP,LIHC,12,1.8 MB,,no file recognisable as a count matrix | sample-type flag in the file names: CELL_LINE,,Effect of depletion of UBL5 on gene expression in hepatocell,LIHC
GSE220492,SKIP,LIHC,2,11.0 MB,,"only normalised values (FPKM/TPM/CPM), unusable by DESeq2",,Transcriptome analysis of BT549 cells overexpressing SNHG15,LIHC
GSE233405,SKIP,LIHC,6,546.0 KB,,no file recognisable as a count matrix,,Immunohistochemical scoring of LAG-3 in conjunction with CD8,LIHC
GSE233148,SKIP,LIHC,22,7.0 MB,,"only normalised values (FPKM/TPM/CPM), unusable by DESeq2",,DNAJB1-PRKACA fusion protein-regulated LINC00473 promotes tu,LIHC
GSE204898,SKIP,LIHC,6,1.0 MB,,"only a per-sample archive (<GSE>_RAW.tar), no count matrix",,SMS2 suppresses hepatocellular carcinogenesis by impairing p,LIHC
GSE233422,SKIP,LIHC,26,5.2 MB,,"only a per-sample archive (<GSE>_RAW.tar), no count matrix",,Transcriptome analysis of hepatocellular carcinoma and adace,LIHC
GSE227449,SKIP,UNKNOWN,6,12.9 MB,,"only normalised values (FPKM/TPM/CPM), unusable by DESeq2",,RNA-Seq in HepG2-shNC and HepG2-shLINC01977 cells,LIHC
GSE203232,SKIP,UNKNOWN,7,50.3 KB,,"only a per-sample archive (<GSE>_RAW.tar), no count matrix",,ACK1/TNK2 Epigenetically Regulates Cell Cycle Program to Pro,LIHC
GSE203231,SKIP,UNKNOWN,4,15.0 MB,,no file recognisable as a count matrix,,ACK1/TNK2 Epigenetically Regulates Cell Cycle Program to Pro,LIHC
GSE183703,SKIP,LIHC,5,7.2 MB,,"only a per-sample archive (<GSE>_RAW.tar), no count matrix",,ENO1 promotes liver carcinogenesis through YAP1-dependent ar,LIHC
GSE232354,SKIP,LIHC,9,288.0 KB,,no file recognisable as a count matrix,,Effect of degradation of IGFRIL/PTBP1 in HepG2 cells,LIHC
GSE232353,SKIP,UNKNOWN,8,346.0 MB,,"only a per-sample archive (<GSE>_RAW.tar), no count matrix",,Effect of depletion of IGFRIL in HepG2 cells,LIHC
GSE150489,SKIP,LIHC,6,1.7 MB,,"only a per-sample archive (<GSE>_RAW.tar), no count matrix",,METTL3 regulated genes in HCC cell,LIHC
GSE150260,SKIP,LIHC,6,1.7 MB,,"only a per-sample archive (<GSE>_RAW.tar), no count matrix",,FTO regulated genes in Hepatocellular Carcinoma,LIHC
GSE222668,SKIP,UNKNOWN,208,0.0 B,,no supplementary files: the data may only be in SRA,,"Time-dependent recruitment of GAF, ISGF3 and IRF1 complexes ",LIHC
GSE221804,SKIP,UNKNOWN,126,5.7 MB,,sample-type flag in the file names: CELL_LINE,,"Time-dependent recruitment of GAF, ISGF3 and IRF1 complexes ",LIHC
GSE189941,SKIP,LIHC,9,3.3 MB,,"only a per-sample archive (<GSE>_RAW.tar), no count matrix",,KDM4C silencing inhibits cell migration and enhances radiose,LIHC
GSE183899,SKIP,LIHC,46,0.0 B,,no supplementary files: the data may only be in SRA,,Systematic comparison of experimental and human obstructive ,LIHC
GSE183754,SKIP,LIHC,10,916.0 KB,,"only normalised values (FPKM/TPM/CPM), unusable by DESeq2",,Systematic comparison of experimental and human obstructive ,LIHC
GSE202069,SKIP,LIHC,66,10.0 MB,,"only normalised values (FPKM/TPM/CPM), unusable by DESeq2",,RNA-seq data for tumor and adjacent non-tumor tissues from h,LIHC
GSE230611,SKIP,UNKNOWN,71,0.0 B,,no supplementary files: the data may only be in SRA,,The KEAP1-NRF2 pathway regulates TFEB/TFE3-dependent lysosom,LIHC
GSE230609,SKIP,LIHC,24,458.0 KB,,no file recognisable as a count matrix,,The KEAP1-NRF2 pathway regulates TFEB/TFE3-dependent lysosom,LIHC
GSE230608,SKIP,LIHC,9,196.0 KB,,no file recognisable as a count matrix,,The KEAP1-NRF2 pathway regulates TFEB/TFE3-dependent lysosom,LIHC
GSE222334,SKIP,CHOL,100,13.0 MB,,"only normalised values (FPKM/TPM/CPM), unusable by DESeq2",,Modeling cross-talk of RNA modification enzymes reveals tumo,LIHC
GSE230174,SKIP,LIHC,6,1.3 MB,,"only normalised values (FPKM/TPM/CPM), unusable by DESeq2",,The effect of diacylglycerol lipase alpha (DAGLA) on mRNA ex,LIHC
GSE229650,SKIP,UNKNOWN,44,14.8 MB,,"only a per-sample archive (<GSE>_RAW.tar), no count matrix | sample-type flag in the file names: CELL_LINE",,Systematic elucidation of genetic mechanisms underlying chol,LIHC
GSE229731,SKIP,LIHC,12,6.8 MB,,"only normalised values (FPKM/TPM/CPM), unusable by DESeq2 | sample-type flag in the file names: CELL_LINE",,Effect of Gas6/Axl on HCC cell line gene expression,LIHC
GSE229400,SKIP,LIHC,3,173.0 KB,,no file recognisable as a count matrix,,Proteomics of immune cells from liver tumors reveals immunot,LIHC
GSE228571,SKIP,LIHC,9,333.0 KB,,no file recognisable as a count matrix,,Proteomics of immune cells from liver tumors reveals immunot,LIHC
GSE229205,SKIP,LIHC,6,6.5 MB,,"only normalised values (FPKM/TPM/CPM), unusable by DESeq2",,LAPTM4B-YAP loop feedback amplification enhances the stemnes,LIHC
GSE215384,SKIP,LIHC,14,1.8 GB,,"only a per-sample archive (<GSE>_RAW.tar), no count matrix",,Estrogen receptor alpha targeting in liver cancer and breast,LIHC
GSE199168,SKIP,LIHC,9,2.1 MB,,"only a per-sample archive (<GSE>_RAW.tar), no count matrix",,CXCR4 DRIVES HEPATOCYTE REPROGRAMMING IN ALCOHOL-RELATED LIV,LIHC
GSE227335,SKIP,LIHC,40,12.0 MB,,"only a per-sample archive (<GSE>_RAW.tar), no count matrix",,Transcriptome analysis in tumor budding positive hepatocellu,LIHC
GSE217403,SKIP,LIHC,17,195.6 MB,,"only a per-sample archive (<GSE>_RAW.tar), no count matrix",,The RNA-seq of HCC specimens and the RIP-seq of HNRNPD in PL,LIHC
GSE216464,SKIP,UNKNOWN,41,2.8 GB,,"only a per-sample archive (<GSE>_RAW.tar), no count matrix",,Single-cell multi-scale footprinting reveals the modular org,LIHC
GSE228205,SKIP,LIHC,8,464.0 KB,,no file recognisable as a count matrix,,Effect of endovascular treatment on gene expression in patie,LIHC
GSE221793,SKIP,LIHC,24,109.3 MB,,"only circRNA/isoform/miRNA counts, not gene level | sample-type flag in the file names: NOT_RNASEQ",,ALYREF Mediates RNA m5C Modification to Promote Hepatocellul,LIHC
GSE188533,SKIP,LIHC,4,257.0 KB,,"only normalised values (FPKM/TPM/CPM), unusable by DESeq2",,Isoginkgetin induces autophagic cell death in hepatocellular,LIHC
GSE207723,SKIP,LIHC,12,8.3 MB,,"only a per-sample archive (<GSE>_RAW.tar), no count matrix",,YAP/TAZ-dependent expression of lncRNAs [A549],LIHC
GSE207722,SKIP,LIHC,12,3.0 MB,,"only a per-sample archive (<GSE>_RAW.tar), no count matrix",,YAP/TAZ-dependent expression of lncRNAs [HLF],LIHC
GSE202642,SKIP,LIHC,11,666.9 MB,,no file recognisable as a count matrix | sample-type flag in the file names: SINGLE_CELL,,Single-cell RNA sequencing shows the heterogeneity of cancer,LIHC
GSE185866,SKIP,LIHC,6,1.9 MB,,"only normalised values (FPKM/TPM/CPM), unusable by DESeq2",,PAIP1 promote the progress of liver cancer via regulating ex,LIHC
GSE225716,SKIP,UNKNOWN,121,12.0 GB,,"only a per-sample archive (<GSE>_RAW.tar), no count matrix",,A nucleosome switch primes Hepatitis B Virus infection,LIHC
GSE225714,SKIP,LIHC,15,11.1 MB,,"only a per-sample archive (<GSE>_RAW.tar), no count matrix",,A nucleosome switch primes Hepatitis B Virus infection [RNA-,LIHC
GSE206417,SKIP,LIHC,16,8.4 MB,,"only a per-sample archive (<GSE>_RAW.tar), no count matrix",,Integrated Gut/Liver-on-a-Chip platform as in vitro human mo,LIHC
GSE152091,SKIP,LIHC,23,13.0 MB,,"only a per-sample archive (<GSE>_RAW.tar), no count matrix",,Integrated Gut/Liver-on-a-Chip platform as in vitro human mo,LIHC
GSE206504,SKIP,LIHC,2,82.0 KB,,no file recognisable as a count matrix,,Identify mRNAs binding with IGF2BP1 in PLC-8024 cells [RIP-s,LIHC
GSE206502,SKIP,LIHC,9,3.5 MB,,"only a per-sample archive (<GSE>_RAW.tar), no count matrix",,Effect of depletion of PRMT3 and IGF2BP1 on gene expression ,LIHC
GSE206501,SKIP,UNKNOWN,6,488.0 KB,,no file recognisable as a count matrix,,Differentially expressed genes between oxaliplatin-resistant,LIHC
GSE169391,SKIP,LIHC,104,20.2 KB,,"only a per-sample archive (<GSE>_RAW.tar), no count matrix",,Circular RNAs inhibited the growth and the recurrence of hep,LIHC
GSE169289,SKIP,LIHC,34,26.0 MB,,"only circRNA/isoform/miRNA counts, not gene level",,Transcriptome sequencing data of tumors and paired adjacent ,LIHC
GSE225329,SKIP,LIHC,9,3.1 MB,,no file recognisable as a count matrix,,The effect of K458R mutation of HNF4A on HCC,LIHC
GSE201311,SKIP,UNKNOWN,2,1.9 MB,,"only a per-sample archive (<GSE>_RAW.tar), no count matrix",,Substrates of PRSS35 in PLC cells,LIHC
GSE195952,SKIP,LIHC,60,5.5 MB,,"only normalised values (FPKM/TPM/CPM), unusable by DESeq2",,Metabolic subtyping based on dynamic network biomarker revea,LIHC
GSE186027,SKIP,LIHC,4,220.0 MB,,"only a per-sample archive (<GSE>_RAW.tar), no count matrix",,A Developmentally Prometastatic Niche in Neonatal Liver to H,LIHC
GSE217810,SKIP,LIHC,12,972.0 KB,,"only normalised values (FPKM/TPM/CPM), unusable by DESeq2",,"MHCC97H, HEP3B AND Huh7 UT, AZD8055 or AZD8055 + Compound #5",LIHC
GSE194251,SKIP,UNKNOWN,6,654.0 KB,,"only normalised values (FPKM/TPM/CPM), unusable by DESeq2",,RNAseq analysis of Hep3B cells upon overexpression of LINE1 ,LIHC
GSE206549,SKIP,LIHC,13,25.0 MB,,"only a per-sample archive (<GSE>_RAW.tar), no count matrix",,Superenhancer-driven lncRNA FASRL in hepatocellular carcinom,LIHC
GSE206548,SKIP,LIHC,12,2.4 MB,,"only a per-sample archive (<GSE>_RAW.tar), no count matrix",,Superenhancer-driven lncRNA FASRL in hepatocellular carcinom,LIHC
GSE222402,SKIP,LIHC,6,760.5 KB,,"only a per-sample archive (<GSE>_RAW.tar), no count matrix",,Downregulation of CYR61 promotes hepatocellular carcinoma pr,LIHC
GSE218902,SKIP,UNKNOWN,420,9.3 MB,,no file recognisable as a count matrix | sample-type flag in the file names: CELL_LINE,,Transcriptional profiling efficacy to define biological acti,LIHC
GSE209759,SKIP,UNKNOWN,6,1.0 MB,,"only normalised values (FPKM/TPM/CPM), unusable by DESeq2",,Effect of NEAT1 modulation on antiviral immune response,LIHC
GSE222282,SKIP,LIHC,40,18.0 GB,,"only a per-sample archive (<GSE>_RAW.tar), no count matrix",,Chromatin-associated OGT promotes hepatocellular carcinoma m,LIHC
GSE222281,SKIP,LIHC,8,356.0 KB,,"only normalised values (FPKM/TPM/CPM), unusable by DESeq2",,Chromatin-associated OGT promotes hepatocellular carcinoma m,LIHC
GSE203329,SKIP,LIHC,12,2.6 MB,,no file recognisable as a count matrix,,Gene expression profiles of  METTL5-Wild type(WT) knockout(K,LIHC
GSE164359,SKIP,LIHC,47,19.0 MB,,no file recognisable as a count matrix,,Integrated multiomic analysis reveals comprehensive tumor he,LIHC
GSE207303,SKIP,UNKNOWN,30,0.0 B,,no supplementary files: the data may only be in SRA,,HepG2 HepAD38 TP53BP2-knockdown,LIHC
GSE207302,SKIP,UNKNOWN,18,2.1 MB,,"only normalised values (FPKM/TPM/CPM), unusable by DESeq2",,HepG2 TP53BP2-knockdown,LIHC
GSE207301,SKIP,UNKNOWN,12,1.3 MB,,"only normalised values (FPKM/TPM/CPM), unusable by DESeq2",,HepAD38 TP53BP2-knockdown,LIHC
GSE193329,SKIP,UNKNOWN,8,2.0 MB,,"only a per-sample archive (<GSE>_RAW.tar), no count matrix | sample-type flag in the file names: CELL_LINE",,Next Generation Sequencing Facilitates Quantitative Analysis,LIHC
GSE164121,SKIP,LIHC,81,5.3 MB,,no file recognisable as a count matrix,,Gene exprssion profile of hepatocellular carcinoma in the ra,LIHC
GSE156510,SKIP,LIHC,6,2.7 MB,,no file recognisable as a count matrix,,Next Generation Sequencing Facilitates Quantitative Analysis,LIHC
GSE199143,SKIP,LIHC,10,535.3 KB,,sample-type flag in the file names: CELL_LINE,,RNA-seq and ChIP-seq in HepG2 hepatocellular carcinoma and U,LIHC
GSE192912,SKIP,LIHC,19,1.3 MB,,no file recognisable as a count matrix,,Cancer-associated Fibroblast-derived SPP1 is a Potential Tar,LIHC
GSE217680,SKIP,UNKNOWN,12,86.0 KB,,"only circRNA/isoform/miRNA counts, not gene level",,Multiplex profiling of developmental enhancers with quantita,LIHC
GSE217690,SKIP,UNKNOWN,368,0.0 B,,no supplementary files: the data may only be in SRA,,Multiplex profiling of developmental enhancers with quantita,LIHC
GSE220018,SKIP,UNKNOWN,2,130.0 MB,,"only a per-sample archive (<GSE>_RAW.tar), no count matrix",,long read RNA-seq from HepG2 (ENCSR724HQB),LIHC
GSE220010,SKIP,UNKNOWN,2,688.0 MB,,"only a per-sample archive (<GSE>_RAW.tar), no count matrix",,CRISPR RNA-seq from HepG2 (ENCSR297ONN),LIHC
GSE220004,SKIP,UNKNOWN,2,775.0 MB,,"only a per-sample archive (<GSE>_RAW.tar), no count matrix",,CRISPR RNA-seq from HepG2 (ENCSR293VAR),LIHC
GSE220000,SKIP,UNKNOWN,2,741.0 MB,,"only a per-sample archive (<GSE>_RAW.tar), no count matrix",,CRISPR RNA-seq from HepG2 (ENCSR706QGC),LIHC
GSE219993,SKIP,UNKNOWN,2,745.0 MB,,"only a per-sample archive (<GSE>_RAW.tar), no count matrix",,CRISPR RNA-seq from HepG2 (ENCSR703FPC),LIHC
GSE219967,SKIP,UNKNOWN,2,805.0 MB,,"only a per-sample archive (<GSE>_RAW.tar), no count matrix",,CRISPR RNA-seq from HepG2 (ENCSR994NGU),LIHC
GSE219966,SKIP,UNKNOWN,2,741.0 MB,,"only a per-sample archive (<GSE>_RAW.tar), no count matrix",,CRISPR RNA-seq from HepG2 (ENCSR992YRL),LIHC
GSE219960,SKIP,UNKNOWN,2,845.0 MB,,"only a per-sample archive (<GSE>_RAW.tar), no count matrix",,CRISPR RNA-seq from HepG2 (ENCSR981TQN),LIHC
GSE219958,SKIP,UNKNOWN,2,687.0 MB,,"only a per-sample archive (<GSE>_RAW.tar), no count matrix",,CRISPR RNA-seq from HepG2 (ENCSR974KDR),LIHC
GSE219944,SKIP,UNKNOWN,2,733.0 MB,,"only a per-sample archive (<GSE>_RAW.tar), no count matrix",,CRISPR RNA-seq from HepG2 (ENCSR958OFR),LIHC
GSE219941,SKIP,UNKNOWN,2,1.1 GB,,"only a per-sample archive (<GSE>_RAW.tar), no count matrix",,CRISPR RNA-seq from HepG2 (ENCSR954VJD),LIHC
GSE219940,SKIP,UNKNOWN,2,955.0 MB,,"only a per-sample archive (<GSE>_RAW.tar), no count matrix",,CRISPR RNA-seq from HepG2 (ENCSR953VMB),LIHC
GSE219930,SKIP,UNKNOWN,2,630.0 MB,,"only a per-sample archive (<GSE>_RAW.tar), no count matrix",,CRISPR RNA-seq from HepG2 (ENCSR944KLG),LIHC
GSE219916,SKIP,UNKNOWN,2,1.0 GB,,"only a per-sample archive (<GSE>_RAW.tar), no count matrix",,CRISPR RNA-seq from HepG2 (ENCSR925POR),LIHC
GSE219914,SKIP,UNKNOWN,2,954.0 MB,,"only a per-sample archive (<GSE>_RAW.tar), no count matrix",,CRISPR RNA-seq from HepG2 (ENCSR924AVW),LIHC
GSE219912,SKIP,UNKNOWN,2,840.0 MB,,"only a per-sample archive (<GSE>_RAW.tar), no count matrix",,CRISPR RNA-seq from HepG2 (ENCSR921IQU),LIHC
GSE219909,SKIP,UNKNOWN,2,1.0 GB,,"only a per-sample archive (<GSE>_RAW.tar), no count matrix",,CRISPR RNA-seq from HepG2 (ENCSR918MUU),LIHC
GSE219901,SKIP,UNKNOWN,2,793.0 MB,,"only a per-sample archive (<GSE>_RAW.tar), no count matrix",,CRISPR RNA-seq from HepG2 (ENCSR911CLD),LIHC
GSE219885,SKIP,UNKNOWN,2,1.0 GB,,"only a per-sample archive (<GSE>_RAW.tar), no count matrix",,CRISPR RNA-seq from HepG2 (ENCSR892ZGW),LIHC
GSE219874,SKIP,UNKNOWN,2,648.0 MB,,"only a per-sample archive (<GSE>_RAW.tar), no count matrix",,CRISPR RNA-seq from HepG2 (ENCSR462MFN),LIHC
GSE219872,SKIP,UNKNOWN,2,762.0 MB,,"only a per-sample archive (<GSE>_RAW.tar), no count matrix",,CRISPR RNA-seq from HepG2 (ENCSR878TRK),LIHC
GSE219862,SKIP,UNKNOWN,2,683.0 MB,,"only a per-sample archive (<GSE>_RAW.tar), no count matrix",,CRISPR RNA-seq from HepG2 (ENCSR875UMY),LIHC
GSE219856,SKIP,UNKNOWN,2,818.0 MB,,"only a per-sample archive (<GSE>_RAW.tar), no count matrix",,CRISPR RNA-seq from HepG2 (ENCSR452TFV),LIHC
GSE219826,SKIP,UNKNOWN,2,970.0 MB,,"only a per-sample archive (<GSE>_RAW.tar), no count matrix",,CRISPR RNA-seq from HepG2 (ENCSR435YKS),LIHC
GSE219821,SKIP,UNKNOWN,2,1.0 GB,,"only a per-sample archive (<GSE>_RAW.tar), no count matrix",,CRISPR RNA-seq from HepG2 (ENCSR840HSL),LIHC
GSE219810,SKIP,UNKNOWN,2,637.0 MB,,"only a per-sample archive (<GSE>_RAW.tar), no count matrix",,CRISPR RNA-seq from HepG2 (ENCSR828XJV),LIHC
GSE219797,SKIP,UNKNOWN,2,1.0 GB,,"only a per-sample archive (<GSE>_RAW.tar), no count matrix",,CRISPR RNA-seq from HepG2 (ENCSR402BZZ),LIHC
GSE219741,SKIP,UNKNOWN,2,1.0 GB,,"only a per-sample archive (<GSE>_RAW.tar), no count matrix",,CRISPR RNA-seq from HepG2 (ENCSR363NMO),LIHC
GSE219740,SKIP,UNKNOWN,2,826.0 MB,,"only a per-sample archive (<GSE>_RAW.tar), no count matrix",,CRISPR RNA-seq from HepG2 (ENCSR785SZL),LIHC
GSE219729,SKIP,UNKNOWN,2,864.0 MB,,"only a per-sample archive (<GSE>_RAW.tar), no count matrix",,CRISPR RNA-seq from HepG2 (ENCSR780UNO),LIHC
GSE219720,SKIP,UNKNOWN,2,593.0 MB,,"only a per-sample archive (<GSE>_RAW.tar), no count matrix",,CRISPR RNA-seq from HepG2 (ENCSR340ZLQ),LIHC
GSE219714,SKIP,UNKNOWN,2,797.0 MB,,"only a per-sample archive (<GSE>_RAW.tar), no count matrix",,CRISPR RNA-seq from HepG2 (ENCSR339XFB),LIHC
GSE219706,SKIP,UNKNOWN,2,746.0 MB,,"only a per-sample archive (<GSE>_RAW.tar), no count matrix",,CRISPR RNA-seq from HepG2 (ENCSR333JNM),LIHC
GSE219704,SKIP,UNKNOWN,2,739.0 MB,,"only a per-sample archive (<GSE>_RAW.tar), no count matrix",,CRISPR RNA-seq from HepG2 (ENCSR755DOV),LIHC
GSE219699,SKIP,UNKNOWN,2,953.0 MB,,"only a per-sample archive (<GSE>_RAW.tar), no count matrix",,CRISPR RNA-seq from HepG2 (ENCSR330VES),LIHC
GSE219698,SKIP,UNKNOWN,2,691.0 MB,,"only a per-sample archive (<GSE>_RAW.tar), no count matrix",,CRISPR RNA-seq from HepG2 (ENCSR747MHD),LIHC
GSE219695,SKIP,UNKNOWN,2,857.0 MB,,"only a per-sample archive (<GSE>_RAW.tar), no count matrix",,CRISPR RNA-seq from HepG2 (ENCSR745KNE),LIHC
GSE219690,SKIP,UNKNOWN,2,1.0 GB,,"only a per-sample archive (<GSE>_RAW.tar), no count matrix",,CRISPR RNA-seq from HepG2 (ENCSR740WAG),LIHC
GSE219687,SKIP,UNKNOWN,2,847.0 MB,,"only a per-sample archive (<GSE>_RAW.tar), no count matrix",,CRISPR RNA-seq from HepG2 (ENCSR739ZMF),LIHC
GSE219676,SKIP,UNKNOWN,2,658.0 MB,,"only a per-sample archive (<GSE>_RAW.tar), no count matrix",,CRISPR RNA-seq from HepG2 (ENCSR735FXX),LIHC
GSE219662,SKIP,UNKNOWN,2,1.0 GB,,"only a per-sample archive (<GSE>_RAW.tar), no count matrix",,CRISPR RNA-seq from HepG2 (ENCSR726RTM),LIHC
GSE219642,SKIP,UNKNOWN,2,696.0 MB,,"only a per-sample archive (<GSE>_RAW.tar), no count matrix",,CRISPR RNA-seq from HepG2 (ENCSR256UIA),LIHC
GSE219637,SKIP,UNKNOWN,2,949.0 MB,,"only a per-sample archive (<GSE>_RAW.tar), no count matrix",,CRISPR RNA-seq from HepG2 (ENCSR251SXS),LIHC
GSE219633,SKIP,UNKNOWN,2,679.0 MB,,"only a per-sample archive (<GSE>_RAW.tar), no count matrix",,CRISPR RNA-seq from HepG2 (ENCSR250QFO),LIHC
GSE219629,SKIP,UNKNOWN,2,569.0 MB,,"only a per-sample archive (<GSE>_RAW.tar), no count matrix",,CRISPR RNA-seq from HepG2 (ENCSR248WTR),LIHC
GSE219623,SKIP,UNKNOWN,2,715.0 MB,,"only a per-sample archive (<GSE>_RAW.tar), no count matrix",,CRISPR RNA-seq from HepG2 (ENCSR244OOV),LIHC
GSE219617,SKIP,UNKNOWN,2,1.1 GB,,"only a per-sample archive (<GSE>_RAW.tar), no count matrix",,CRISPR RNA-seq from HepG2 (ENCSR671FDZ),LIHC
GSE219615,SKIP,UNKNOWN,2,756.0 MB,,"only a per-sample archive (<GSE>_RAW.tar), no count matrix",,CRISPR RNA-seq from HepG2 (ENCSR235JSA),LIHC
GSE219606,SKIP,UNKNOWN,2,494.0 MB,,"only a per-sample archive (<GSE>_RAW.tar), no count matrix",,CRISPR RNA-seq from HepG2 (ENCSR234UAM),LIHC
GSE219603,SKIP,UNKNOWN,2,1.0 GB,,"only a per-sample archive (<GSE>_RAW.tar), no count matrix",,CRISPR RNA-seq from HepG2 (ENCSR232ERY),LIHC
GSE219601,SKIP,UNKNOWN,2,828.0 MB,,"only a per-sample archive (<GSE>_RAW.tar), no count matrix",,CRISPR RNA-seq from HepG2 (ENCSR224XSS),LIHC
GSE219588,SKIP,UNKNOWN,2,925.0 MB,,"only a per-sample archive (<GSE>_RAW.tar), no count matrix",,CRISPR RNA-seq from HepG2 (ENCSR213ILK),LIHC
GSE219587,SKIP,UNKNOWN,2,606.0 MB,,"only a per-sample archive (<GSE>_RAW.tar), no count matrix",,CRISPR RNA-seq from HepG2 (ENCSR650TTU),LIHC
GSE219583,SKIP,UNKNOWN,2,824.0 MB,,"only a per-sample archive (<GSE>_RAW.tar), no count matrix",,CRISPR RNA-seq from HepG2 (ENCSR207GTU),LIHC
GSE219577,SKIP,UNKNOWN,2,738.0 MB,,"only a per-sample archive (<GSE>_RAW.tar), no count matrix",,CRISPR RNA-seq from HepG2 (ENCSR206ICZ),LIHC
GSE219573,SKIP,UNKNOWN,2,914.0 MB,,"only a per-sample archive (<GSE>_RAW.tar), no count matrix",,CRISPR RNA-seq from HepG2 (ENCSR199WMC),LIHC
GSE219565,SKIP,UNKNOWN,2,619.0 MB,,"only a per-sample archive (<GSE>_RAW.tar), no count matrix",,CRISPR RNA-seq from HepG2 (ENCSR191LWZ),LIHC
GSE219513,SKIP,UNKNOWN,2,800.0 MB,,"only a per-sample archive (<GSE>_RAW.tar), no count matrix",,CRISPR RNA-seq from HepG2 (ENCSR153WFE),LIHC
GSE219502,SKIP,UNKNOWN,2,716.0 MB,,"only a per-sample archive (<GSE>_RAW.tar), no count matrix",,CRISPR RNA-seq from HepG2 (ENCSR146ITQ),LIHC
GSE219501,SKIP,UNKNOWN,2,960.0 MB,,"only a per-sample archive (<GSE>_RAW.tar), no count matrix",,CRISPR RNA-seq from HepG2 (ENCSR608WXK),LIHC
GSE219497,SKIP,UNKNOWN,2,1.0 GB,,"only a per-sample archive (<GSE>_RAW.tar), no count matrix",,CRISPR RNA-seq from HepG2 (ENCSR608CUI),LIHC
GSE219480,SKIP,UNKNOWN,2,842.0 MB,,"only a per-sample archive (<GSE>_RAW.tar), no count matrix",,CRISPR RNA-seq from HepG2 (ENCSR119RXN),LIHC
GSE219467,SKIP,UNKNOWN,2,911.0 MB,,"only a per-sample archive (<GSE>_RAW.tar), no count matrix",,CRISPR RNA-seq from HepG2 (ENCSR104RTM),LIHC
GSE219453,SKIP,UNKNOWN,2,664.0 MB,,"only a per-sample archive (<GSE>_RAW.tar), no count matrix",,CRISPR RNA-seq from HepG2 (ENCSR585MSI),LIHC
GSE219451,SKIP,UNKNOWN,2,751.0 MB,,"only a per-sample archive (<GSE>_RAW.tar), no count matrix",,CRISPR RNA-seq from HepG2 (ENCSR094AES),LIHC
GSE219442,SKIP,UNKNOWN,2,774.0 MB,,"only a per-sample archive (<GSE>_RAW.tar), no count matrix",,CRISPR RNA-seq from HepG2 (ENCSR085GSF),LIHC
GSE219433,SKIP,UNKNOWN,2,672.0 MB,,"only a per-sample archive (<GSE>_RAW.tar), no count matrix",,CRISPR RNA-seq from HepG2 (ENCSR077MFQ),LIHC
GSE219431,SKIP,UNKNOWN,2,933.0 MB,,"only a per-sample archive (<GSE>_RAW.tar), no count matrix",,CRISPR RNA-seq from HepG2 (ENCSR076LFC),LIHC
GSE219430,SKIP,UNKNOWN,2,616.0 MB,,"only a per-sample archive (<GSE>_RAW.tar), no count matrix",,CRISPR RNA-seq from HepG2 (ENCSR583SHC),LIHC
GSE219410,SKIP,UNKNOWN,2,743.0 MB,,"only a per-sample archive (<GSE>_RAW.tar), no count matrix",,CRISPR RNA-seq from HepG2 (ENCSR576ASZ),LIHC
GSE219409,SKIP,UNKNOWN,2,1.0 GB,,"only a per-sample archive (<GSE>_RAW.tar), no count matrix",,CRISPR RNA-seq from HepG2 (ENCSR060SLE),LIHC
GSE219405,SKIP,UNKNOWN,2,769.0 MB,,"only a per-sample archive (<GSE>_RAW.tar), no count matrix",,CRISPR RNA-seq from HepG2 (ENCSR574ZTO),LIHC
GSE219395,SKIP,UNKNOWN,2,1.0 GB,,"only a per-sample archive (<GSE>_RAW.tar), no count matrix",,CRISPR RNA-seq from HepG2 (ENCSR051LWN),LIHC
GSE219393,SKIP,UNKNOWN,2,731.0 MB,,"only a per-sample archive (<GSE>_RAW.tar), no count matrix",,CRISPR RNA-seq from HepG2 (ENCSR051BQF),LIHC
GSE219387,SKIP,UNKNOWN,2,1.0 GB,,"only a per-sample archive (<GSE>_RAW.tar), no count matrix",,CRISPR RNA-seq from HepG2 (ENCSR558DZW),LIHC
GSE219382,SKIP,UNKNOWN,2,713.0 MB,,"only a per-sample archive (<GSE>_RAW.tar), no count matrix",,CRISPR RNA-seq from HepG2 (ENCSR044GQU),LIHC
GSE219372,SKIP,UNKNOWN,2,797.0 MB,,"only a per-sample archive (<GSE>_RAW.tar), no count matrix",,CRISPR RNA-seq from HepG2 (ENCSR036HUB),LIHC
GSE219368,SKIP,UNKNOWN,2,612.0 MB,,"only a per-sample archive (<GSE>_RAW.tar), no count matrix",,CRISPR RNA-seq from HepG2 (ENCSR034VEC),LIHC
GSE219361,SKIP,UNKNOWN,2,951.0 MB,,"only a per-sample archive (<GSE>_RAW.tar), no count matrix",,CRISPR RNA-seq from HepG2 (ENCSR029LLJ),LIHC
GSE219354,SKIP,UNKNOWN,2,761.0 MB,,"only a per-sample archive (<GSE>_RAW.tar), no count matrix",,CRISPR RNA-seq from HepG2 (ENCSR524NOZ),LIHC
GSE219333,SKIP,UNKNOWN,2,790.0 MB,,"only a per-sample archive (<GSE>_RAW.tar), no count matrix",,CRISPR RNA-seq from HepG2 (ENCSR513CVF),LIHC
GSE219331,SKIP,UNKNOWN,2,659.0 MB,,"only a per-sample archive (<GSE>_RAW.tar), no count matrix",,CRISPR RNA-seq from HepG2 (ENCSR512BIT),LIHC
GSE219325,SKIP,UNKNOWN,2,936.0 MB,,"only a per-sample archive (<GSE>_RAW.tar), no count matrix",,CRISPR RNA-seq from HepG2 (ENCSR511EKJ),LIHC
GSE219305,SKIP,UNKNOWN,2,878.0 MB,,"only a per-sample archive (<GSE>_RAW.tar), no count matrix",,CRISPR RNA-seq from HepG2 (ENCSR489DNH),LIHC
GSE219302,SKIP,UNKNOWN,2,854.0 MB,,"only a per-sample archive (<GSE>_RAW.tar), no count matrix",,CRISPR RNA-seq from HepG2 (ENCSR485ZHW),LIHC
GSE219298,SKIP,UNKNOWN,2,666.0 MB,,"only a per-sample archive (<GSE>_RAW.tar), no count matrix",,CRISPR RNA-seq from HepG2 (ENCSR470SBK),LIHC
GSE146903,SKIP,LIHC,71,3.4 MB,,"only normalised values (FPKM/TPM/CPM), unusable by DESeq2",,Effects-based Monitoring of Contaminants of Emerging Concern,LIHC
GSE155736,SKIP,LIHC,5,3.0 MB,,"only a per-sample archive (<GSE>_RAW.tar), no count matrix",,Isoformic PD-1 is tumorigenic in hepatocellular carcinoma th,LIHC
GSE218366,SKIP,LIHC,6,3.7 MB,,"only a per-sample archive (<GSE>_RAW.tar), no count matrix",,USP1 modulates hepatocellular carcinoma progression via Hipp,LIHC
GSE213064,SKIP,LIHC,6,5.8 MB,,"only normalised values (FPKM/TPM/CPM), unusable by DESeq2",,"MNX1-AS1, a c-Myc induced lncRNA, promotes the Warburg effec",LIHC
GSE199966,SKIP,LIHC,18,5.3 MB,,"only normalised values (FPKM/TPM/CPM), unusable by DESeq2 | sample-type flag in the file names: CELL_LINE",,N7-Methylguanosine tRNA modification promotes hepatocellular,LIHC
GSE214324,SKIP,LIHC,8,1.6 MB,,no file recognisable as a count matrix,,RNA‐seq of comprehensively examine variations in MHCC-97H ce,LIHC
GSE216613,SKIP,LIHC,6,4.8 MB,,"only circRNA/isoform/miRNA counts, not gene level",,Transcriptome analysis between hepatocellular carcinoma and ,LIHC
GSE211784,SKIP,LIHC,12,24.0 MB,,no file recognisable as a count matrix,,Intracellular Galectin-3 Is a Sensor of Lipopolysaccharide t,LIHC
GSE215894,SKIP,LIHC,4,1.5 MB,,"only circRNA/isoform/miRNA counts, not gene level",,Transcriptome analysis after TINCR knockdown,LIHC
GSE211734,SKIP,LIHC,12,1.4 MB,,no file recognisable as a count matrix,,Disulfiram/Copper induces immunogenic cell death via NPL4 in,LIHC
GSE202561,SKIP,LIHC,48,497.0 MB,,"only a per-sample archive (<GSE>_RAW.tar), no count matrix",,DNMT and EZH2 inhibitors synergize for gene activation in he,LIHC
GSE202560,SKIP,LIHC,24,98.1 MB,,"only normalised values (FPKM/TPM/CPM), unusable by DESeq2",,DNMT and EZH2 inhibitors synergize for gene activation in he,LIHC
GSE201844,SKIP,LIHC,6,5.9 MB,,"only normalised values (FPKM/TPM/CPM), unusable by DESeq2",,CircPRKAA1 activates a Ku80/Ku70/SREBP1 axis driving de novo,LIHC
GSE215232,SKIP,UNKNOWN,6,673.0 KB,,no file recognisable as a count matrix,,Effect of overexpressing of hepatitis B protein x (HBx) on t,LIHC
GSE206702,SKIP,UNKNOWN,28,5.2 GB,,"only a per-sample archive (<GSE>_RAW.tar), no count matrix",,Context-dependent function of long noncoding RNA PURPL in tr,LIHC
GSE206701,SKIP,LIHC,2,41.0 MB,,"only a per-sample archive (<GSE>_RAW.tar), no count matrix",,Context-dependent function of long noncoding RNA PURPL in tr,LIHC
GSE206699,SKIP,LIHC,2,369.0 MB,,"only a per-sample archive (<GSE>_RAW.tar), no count matrix",,Context-dependent function of long noncoding RNA PURPL in tr,LIHC
GSE215428,SKIP,LIHC,3,40.0 MB,,"only a per-sample archive (<GSE>_RAW.tar), no count matrix",,Single-cell RNA sequencing of immune landscape in hepatocell,LIHC
GSE192955,SKIP,UNKNOWN,48,60.9 MB,,no file recognisable as a count matrix,,ESPRESSO: Robust discovery and quantification of transcript ,LIHC
GSE209849,SKIP,UNKNOWN,50,5.1 GB,,"only a per-sample archive (<GSE>_RAW.tar), no count matrix",,Regulation of cohesin-mediated chromosome structure by PDS5 ,LIHC
GSE197883,SKIP,UNKNOWN,20,0.0 B,,no supplementary files: the data may only be in SRA,,ZBTB7A promotes virus-host homeostasis during human coronavi,LIHC
GSE197644,SKIP,UNKNOWN,16,2.1 MB,,no file recognisable as a count matrix | sample-type flag in the file names: CELL_LINE,,ZBTB7A promotes virus-host homeostasis during human coronavi,LIHC
GSE165985,SKIP,LIHC,4,1.0 MB,,"only a per-sample archive (<GSE>_RAW.tar), no count matrix",,The protein kinase activity of NME7 activates one-carbon met,LIHC
GSE214435,SKIP,LIHC,104,0.0 B,,no supplementary files: the data may only be in SRA,,Disseminative Recurrence Signature for hepatocellular carcin,LIHC
GSE182179,SKIP,UNKNOWN,18,7.7 MB,,"only normalised values (FPKM/TPM/CPM), unusable by DESeq2",,RNA-Sequencing analysis of control and KDSR KO cancer cell l,LIHC
GSE213944,SKIP,LIHC,24,40.0 MB,,"only a per-sample archive (<GSE>_RAW.tar), no count matrix",,Investigation of reversible histone acetylation and dynamics,LIHC
GSE208350,SKIP,UNKNOWN,27,2.1 MB,,no file recognisable as a count matrix | sample-type flag in the file names: CELL_LINE,,"Effect of depletion of KLB or various combinations of FGFR1,",LIHC
GSE213615,SKIP,LIHC,12,153.0 MB,,"only a per-sample archive (<GSE>_RAW.tar), no count matrix",,A novel medication decision gene signature predicts response,LIHC
GSE161858,SKIP,LIHC,10,2.0 MB,,sample-type flag in the file names: XENOGRAFT,,The histone variant macroH2A modulates inflammatory response,LIHC
GSE161857,SKIP,LIHC,12,2.2 MB,,sample-type flag in the file names: CELL_LINE,,The histone variant macroH2A modulates inflammatory response,LIHC
GSE201455,SKIP,LIHC,12,835.0 KB,,"only normalised values (FPKM/TPM/CPM), unusable by DESeq2",,Effects of corosolic acid on gene expression of in Bel-7402 ,LIHC
GSE193431,SKIP,UNKNOWN,6,632.0 KB,,"only normalised values (FPKM/TPM/CPM), unusable by DESeq2",,Next generation sequencing in SETD5-depleted Huh7 cells.,LIHC
GSE210337,SKIP,LIHC,6,7.5 MB,,"only a per-sample archive (<GSE>_RAW.tar), no count matrix",,Single cell RNA-seq and TCR-seq of T cell responses against ,LIHC
GSE210034,SKIP,LIHC,4,8.4 MB,,"only a per-sample archive (<GSE>_RAW.tar), no count matrix",,Effect of melatonin on gene expression of Hepatocelluar Carc,LIHC
GSE212604,SKIP,LIHC,20,8.4 MB,,no file recognisable as a count matrix,,Transcriptomics characterization of hepatocellular carcinoma,LIHC
GSE212529,SKIP,LIHC,7,2.8 MB,,no file recognisable as a count matrix,,MTFR2 shapes a barrier of immune microenvironment in hepatoc,LIHC
GSE184640,SKIP,UNKNOWN,48,0.0 B,,no supplementary files: the data may only be in SRA,,Global transcriptomic analysis of cells infected with Ebola ,LIHC
GSE184638,SKIP,UNKNOWN,32,3.7 MB,,"only normalised values (FPKM/TPM/CPM), unusable by DESeq2",,Global transcriptomic analysis of hepatocyte cells infected ,LIHC
GSE183113,SKIP,LIHC,12,7.1 MB,,no file recognisable as a count matrix,,S-palmitoylation of PCSK9 induces sorafenib resistance in li,LIHC
GSE212047,SKIP,LIHC,64,447.0 MB,,"only a per-sample archive (<GSE>_RAW.tar), no count matrix",,Opposing Roles of Hepatic Stellate Cell Subpopulations in He,LIHC
GSE212046,SKIP,LIHC,4,248.0 MB,,"only a per-sample archive (<GSE>_RAW.tar), no count matrix",,Single nuclei RNAseq from non-tumour and HCC human liver tis,LIHC
GSE211850,SKIP,LIHC,6,1.0 MB,,no file recognisable as a count matrix,,Co-administration of MDR1 and BCRP or EGFR/PI3K inhibitors o,LIHC
GSE191255,SKIP,UNKNOWN,8,13.0 MB,,"only normalised values (FPKM/TPM/CPM), unusable by DESeq2",,"RNA seq on NEO2734, CFI-400945 or SASP treated cells",LIHC
GSE193726,SKIP,LIHC,17,496.0 MB,,"only a per-sample archive (<GSE>_RAW.tar), no count matrix",,Hepatic ARID3A facilitates liver cancer malignancy by cooper,LIHC
GSE210679,SKIP,LIHC,2,216.0 MB,,"only a per-sample archive (<GSE>_RAW.tar), no count matrix",,Comparison of single-nucleus and single-cell transcriptomes ,LIHC
GSE202145,SKIP,LIHC,16,1.0 MB,,"only normalised values (FPKM/TPM/CPM), unusable by DESeq2",,Dynamic changes in peripheral blood monocytes early after an,LIHC
GSE179345,SKIP,LIHC,2,18.0 MB,,"only a per-sample archive (<GSE>_RAW.tar), no count matrix",,Transcriptome analysis by RNA sequencing after treatment wit,LIHC
GSE205757,SKIP,LIHC,6,5.8 MB,,no file recognisable as a count matrix | sample-type flag in the file names: CELL_LINE,,Effects of ARHGEF2 knockdown on gene expression in Hepatocel,LIHC
GSE208245,SKIP,UNKNOWN,18,5.8 MB,,no file recognisable as a count matrix,,"Effect of imeglimin on mitochondrial function, AMPK activity",LIHC
GSE207282,SKIP,LIHC,6,1.3 MB,,no file recognisable as a count matrix,,Polydatin Alters Proliferative Properties and Synergizes the,LIHC
GSE190632,SKIP,LIHC,4,307.0 KB,,no file recognisable as a count matrix | sample-type flag in the file names: CELL_LINE,,ZCCHC4 Interacts with AL133467.2 and gamma H2AX to Promote C,LIHC
GSE188704,SKIP,LIHC,10,0.0 B,,no supplementary files: the data may only be in SRA,,ZCCHC4 Interacts with AL133467.2 and gamma H2AX to Promote C,LIHC
GSE188703,SKIP,LIHC,2,456.0 KB,,"only circRNA/isoform/miRNA counts, not gene level",,ZCCHC4 Interacts with AL133467.2 and gamma H2AX to Promote C,LIHC
GSE188702,SKIP,LIHC,4,157.0 KB,,no file recognisable as a count matrix | sample-type flag in the file names: CELL_LINE,,ZCCHC4 Interacts with AL133467.2 and gamma H2AX to Promote C,LIHC
GSE180789,SKIP,LIHC,6,3.1 MB,,no file recognisable as a count matrix,,Differentially expressed genes in HNRNPC knockdown MHCC97H c,LIHC
GSE208358,SKIP,LIHC,8,123.0 MB,,"only circRNA/isoform/miRNA counts, not gene level",,ADAR1-mediated RNA editing promotes hepatacellular carcinoma,LIHC
GSE196975,SKIP,LIHC,4,5.6 MB,,"only a per-sample archive (<GSE>_RAW.tar), no count matrix",,RNA-seq identifies the gene differential expression after LI,LIHC
GSE134471,SKIP,LIHC,2,207.0 KB,,"only normalised values (FPKM/TPM/CPM), unusable by DESeq2",,WFA+ Mac-2 binding protein (M2BPGi) regulating signal in the,LIHC
GSE207435,SKIP,LIHC,54,19.0 MB,,"only normalised values (FPKM/TPM/CPM), unusable by DESeq2",,PHGDH Arginine Methylation by PRMT1 Promotes Serine Synthesi,LIHC
GSE133984,SKIP,LIHC,32,0.0 B,,no supplementary files: the data may only be in SRA,,EZH2 and JARID2 change their binding profiles on RNA and DNA,LIHC
GSE133980,SKIP,LIHC,16,964.0 KB,,"only circRNA/isoform/miRNA counts, not gene level | sample-type flag in the file names: CELL_LINE",,EZH2 and JARID2 change their binding profiles on RNA and DNA,LIHC
GSE193080,SKIP,LIHC,59,6.9 MB,,no file recognisable as a count matrix,,Transcriptome profile of liver biopsy tissues from patients ,LIHC
GSE193066,SKIP,LIHC,164,23.1 MB,,no file recognisable as a count matrix,,Transcriptome profile of liver biopsy tissues from patients ,LIHC
GSE192959,SKIP,LIHC,48,3.9 MB,,no file recognisable as a count matrix,,Transcriptome profile of liver biopsy tissues from patients ,LIHC
GSE152807,SKIP,UNKNOWN,12,2.6 MB,,no file recognisable as a count matrix,,Interactomics Analyses of Wild-type and Mutant A1CF Reveal D,LIHC
GSE195648,SKIP,LIHC,9,480.8 KB,,"only a per-sample archive (<GSE>_RAW.tar), no count matrix",,Checkpoint Inhibitors Modulate Plasticity of Innate Lymphoid,LIHC
GSE198624,SKIP,UNKNOWN,3,2.8 MB,,"only a per-sample archive (<GSE>_RAW.tar), no count matrix",,Efficient detection of alternative spliced human proteome us,LIHC
GSE184156,SKIP,LIHC,44,2.3 GB,,sample-type flag in the file names: NON_HUMAN,,Targeting metabolic adaptations in the breast cancer–liver m,LIHC
GSE132723,SKIP,LIHC,4,1.1 MB,,"only normalised values (FPKM/TPM/CPM), unusable by DESeq2 | sample-type flag in the file names: CELL_LINE",,Gene expression analysis of PJA1 knock down HepG2 cells or H,LIHC
GSE205332,SKIP,UNKNOWN,18,10.5 MB,,no file recognisable as a count matrix,,﻿Arsenic toxicity is regulated by queuine availability and o,LIHC
GSE199940,SKIP,LIHC,6,3.4 MB,,"only normalised values (FPKM/TPM/CPM), unusable by DESeq2",,RNA-seq data for Huh7 cells in spheroid culture and adherent,LIHC
GSE169223,SKIP,LIHC,4,16.0 MB,,"only a per-sample archive (<GSE>_RAW.tar), no count matrix",,The splicing factor HNRNPM promotes hepatocellular carcinoma,LIHC
GSE188289,SKIP,LIHC,10,2.2 GB,,"only a per-sample archive (<GSE>_RAW.tar), no count matrix",,Single-cell multi-omics dataset of hepatocellular carcinoma ,LIHC
GSE146499,SKIP,UNKNOWN,11,2.9 MB,,"only a per-sample archive (<GSE>_RAW.tar), no count matrix",,3D landscape of Hepatitis B virus interactions with human ch,LIHC
GSE200430,SKIP,LIHC,6,2.3 MB,,no file recognisable as a count matrix,,Sema3d restrained Hepatocellular carcinoma progression throu,LIHC
GSE185971,SKIP,LIHC,12,0.0 B,,no supplementary files: the data may only be in SRA,,Exploring the underlying mechanism of autophagy in liver can,LIHC
GSE190967,SKIP,LIHC,113,14.0 MB,,"only a per-sample archive (<GSE>_RAW.tar), no count matrix",,Multi-omics identifies the link between intratumor steatosis,LIHC
GSE165959,SKIP,UNKNOWN,208,6.8 GB,,"only a per-sample archive (<GSE>_RAW.tar), no count matrix",,H3K4 demethylase KDM5B regulates epigenetic plasticity and c,LIHC
GSE200424,SKIP,UNKNOWN,24,3.2 MB,,"only normalised values (FPKM/TPM/CPM), unusable by DESeq2",,Melanoma Addiction to GCDH is Mediated by NRF2,LIHC
GSE184762,SKIP,LIHC,10,365.0 KB,,no file recognisable as a count matrix | sample-type flag in the file names: CELL_LINE,,CRISPR/Cas9 screening targeting the deregulated metabolic ge,LIHC
GSE189376,SKIP,LIHC,24,3.6 MB,,"only a per-sample archive (<GSE>_RAW.tar), no count matrix",,Comprehensive transcriptome profiling of BET inhibitor-treat,LIHC
GSE201868,SKIP,LIHC,30,5.1 MB,,no file recognisable as a count matrix,,Molecular Characteristics and Biological Functions of Hypoxi,LIHC
GSE189372,SKIP,LIHC,3,3.1 MB,,"only a per-sample archive (<GSE>_RAW.tar), no count matrix",,An alternatively spliced variant of METTL3 mediates tumor su,LIHC
GSE174748,SKIP,LIHC,4,594.0 MB,,"only a per-sample archive (<GSE>_RAW.tar), no count matrix",,An imbalance of tumour-suppressing and tumour-promoting hepa,LIHC
GSE192771,SKIP,LIHC,16,1.5 GB,,"only a per-sample archive (<GSE>_RAW.tar), no count matrix",,Epigenetic regulation of the DNMT1/MT1G/KLF4/CA9 axis synerg,LIHC
GSE183127,SKIP,UNKNOWN,12,4.7 MB,,"only normalised values (FPKM/TPM/CPM), unusable by DESeq2",,p53-specific transcriptome under starvation,LIHC
GSE201697,SKIP,UNKNOWN,48,132.8 KB,,"only a per-sample archive (<GSE>_RAW.tar), no count matrix",,"miR-200c-3p, miR-222-5p and miR-512-3p are outcome circulati",LIHC
GSE199842,SKIP,LIHC,8,13.0 MB,,no file recognisable as a count matrix,,Expression data of tigecycline-treated liver cancer cells,LIHC
GSE184894,SKIP,LIHC,223,18.5 GB,,"only a per-sample archive (<GSE>_RAW.tar), no count matrix | sample-type flag in the file names: CELL_LINE, NOT_RNASEQ",,SMYD5 catalyzes histone H3 lysine 36 trimethylation at promo,LIHC
GSE182824,SKIP,LIHC,90,814.0 MB,,"only a per-sample archive (<GSE>_RAW.tar), no count matrix",,Plasma cell-free RNA profiling distinguishes cancer from pre,LIHC
GSE190761,SKIP,LIHC,10,1.1 GB,,"only a per-sample archive (<GSE>_RAW.tar), no count matrix",,The CpG Island-Binding Protein SAMD1 Contributes to an Unfav,LIHC
GSE161932,SKIP,LIHC,9,7.6 MB,,"only normalised values (FPKM/TPM/CPM), unusable by DESeq2",,Effects of fibrolamellar carcinoma-associated DNAJB1-PRKACA ,LIHC
GSE113617,SKIP,LIHC,78,171.0 MB,,"only a per-sample archive (<GSE>_RAW.tar), no count matrix",, RNA biotype-associated molecular classification  in hepatit,LIHC
GSE184151,SKIP,UNKNOWN,16,95.0 MB,,"only a per-sample archive (<GSE>_RAW.tar), no count matrix",,Activation of AhR promotes phosphorylation of ARNT isoform 1,LIHC
GSE199509,SKIP,LIHC,8,1.3 MB,,"only circRNA/isoform/miRNA counts, not gene level",,Next Generation Sequencing for Identification of Transcripto,LIHC
GSE186191,SKIP,LIHC,12,1.9 MB,,no file recognisable as a count matrix | sample-type flag in the file names: CELL_LINE,,RNA-seq data for parental and  lenvatinib-resistant HCC cell,LIHC
GSE182185,SKIP,LIHC,38,9.5 MB,,sample-type flag in the file names: CELL_LINE,,CRISPR screens uncover protective effect of PSTK to targeted,LIHC
GSE193660,SKIP,LIHC,9,3.2 MB,,no file recognisable as a count matrix,,Hepatic stellate cells mediates transcription of TNFSF14 in ,LIHC
GSE171857,SKIP,LIHC,4,3.9 MB,,no file recognisable as a count matrix,,Evaluation the targeted nanobubbles mediated LND against hep,LIHC
GSE185701,SKIP,LIHC,10,356.0 MB,,"only a per-sample archive (<GSE>_RAW.tar), no count matrix",,RNA helicase DHX37 facilitates liver cancer progression by c,LIHC
GSE147634,SKIP,LIHC,2,6.9 MB,,no file recognisable as a count matrix,,Dual functions of NEIL3 in DNA repair and the epithelial-mes,LIHC
GSE141202,SKIP,LIHC,206,0.0 B,,no supplementary files: the data may only be in SRA,,Gene expression profile of hepatocellular carcinomain in Tai,LIHC
GSE197179,SKIP,LIHC,2,175.0 KB,,"only normalised values (FPKM/TPM/CPM), unusable by DESeq2",,Overexpression of AIM2 inhibits metastasis and promotes apop,LIHC
GSE184065,SKIP,UNKNOWN,9,884.0 KB,,no file recognisable as a count matrix,,Transcripitional profiling of Huh7 cells after MAT2A inhibit,LIHC
GSE194181,SKIP,UNKNOWN,38,0.0 B,,no supplementary files: the data may only be in SRA,,HBV and HDV transcriptomic modulation,LIHC
GSE186280,SKIP,LIHC,10,2.9 MB,,no file recognisable as a count matrix | sample-type flag in the file names: CELL_LINE,,Broad transcriptomic impact of Sorafenib and its relation to,LIHC
GSE190487,SKIP,LIHC,1,94.0 MB,,"only a per-sample archive (<GSE>_RAW.tar), no count matrix",,Gastrointestinal B-cells license metabolic T-cell activation,LIHC
GSE168933,SKIP,LIHC,95,12.0 MB,,sample-type flag in the file names: SINGLE_CELL,,Liver Stromal Cells Restrict Macrophage Maturation and Strom,LIHC
GSE194425,SKIP,LIHC,6,29.0 MB,,"only a per-sample archive (<GSE>_RAW.tar), no count matrix",,Oncogenic mutation BRAF V600E changes phenotypic behavior of,LIHC
GSE194095,SKIP,LIHC,2,555.0 KB,,"only normalised values (FPKM/TPM/CPM), unusable by DESeq2",,Annorade mRNA Sequencing Qualified the Transcriptome Analysi,LIHC
GSE193897,SKIP,LIHC,26,3.6 MB,,"only normalised values (FPKM/TPM/CPM), unusable by DESeq2",,A survey of optimal strategy for signature-based drug reposi,LIHC
GSE178573,SKIP,LIHC,4,3.8 MB,,"only circRNA/isoform/miRNA counts, not gene level",,Next-generation sequencing is useful for quantitative analys,LIHC
GSE181406,SKIP,LIHC,4,7.0 MB,,"only normalised values (FPKM/TPM/CPM), unusable by DESeq2",,"AZD5153, a bivalent BRD4 inhibitor, inhibits hepatocellular ",LIHC
GSE179752,SKIP,LIHC,31,11.0 MB,,"only a per-sample archive (<GSE>_RAW.tar), no count matrix",,Yes tyrosine kinase signaling promotes liver cancer developm,LIHC
GSE179751,SKIP,LIHC,6,2.1 MB,,"only a per-sample archive (<GSE>_RAW.tar), no count matrix",,Yes tyrosine kinase signaling promotes liver cancer developm,LIHC
GSE179750,SKIP,LIHC,6,2.1 MB,,"only a per-sample archive (<GSE>_RAW.tar), no count matrix",,Yes tyrosine kinase signaling promotes liver cancer developm,LIHC
GSE179749,SKIP,LIHC,10,3.4 MB,,"only a per-sample archive (<GSE>_RAW.tar), no count matrix",,Yes tyrosine kinase signaling promotes liver cancer developm,LIHC
GSE179748,SKIP,LIHC,9,3.1 MB,,"only a per-sample archive (<GSE>_RAW.tar), no count matrix",,Yes tyrosine kinase signaling promotes liver cancer developm,LIHC
GSE176130,SKIP,UNKNOWN,43,2.7 MB,,"only normalised values (FPKM/TPM/CPM), unusable by DESeq2",,"Charged tRNA profiling of mcf10a, HCC1806 cells, polysome pr",LIHC
GSE192753,SKIP,UNKNOWN,40,789.5 MB,,"only normalised values (FPKM/TPM/CPM), unusable by DESeq2",,Sugar-induced gene expression changes in a Caco-2/HepG2 cocu,LIHC
GSE160343,SKIP,LIHC,8,1.8 MB,,"only normalised values (FPKM/TPM/CPM), unusable by DESeq2",,"Silencing of RNA binding protein, ZFP36L1, promotes epitheli",LIHC
GSE140530,SKIP,LIHC,2,170.0 KB,,"only normalised values (FPKM/TPM/CPM), unusable by DESeq2",,Conophylline effect on CAFs in HCC,LIHC
GSE181521,SKIP,LIHC,8,1.0 MB,,"only normalised values (FPKM/TPM/CPM), unusable by DESeq2",,Genome-wide CRISPR screen identifies synthetic lethality bet,LIHC
GSE175793,SKIP,LIHC,4,662.0 MB,,"only a per-sample archive (<GSE>_RAW.tar), no count matrix",,Fingerprints of Hepatocellular Carcinoma-Infiltrated  γδT Ce,LIHC
GSE125825,SKIP,LIHC,6,112.0 KB,,"only normalised values (FPKM/TPM/CPM), unusable by DESeq2",,Proinflammatory TIFA-NF-κB axis drives intrinsic survival si,LIHC
GSE182102,SKIP,LIHC,4,3.8 MB,,no file recognisable as a count matrix,,The aberrant upregulation of exon 10-inclusive SREK1 through,LIHC
GSE133424,SKIP,LIHC,4,19.5 MB,,no file recognisable as a count matrix,,Next Generation Sequencing Facilitates Quantitative Analysis,LIHC
GSE192617,SKIP,UNKNOWN,6,255.0 KB,,no file recognisable as a count matrix,,Transcriptomic alteration after miR-6126 tranfection into He,LIHC
GSE189899,SKIP,UNKNOWN,17,877.0 KB,,no file recognisable as a count matrix,,Comparative analysis of multiple human cell lines reveals di,LIHC
GSE190255,SKIP,UNKNOWN,6,14.0 MB,,no file recognisable as a count matrix,,hsa_circ_0098181-mRNA-seq,LIHC
GSE190174,SKIP,LIHC,10,29.5 MB,,"only circRNA/isoform/miRNA counts, not gene level",,Hsa_circ_0098181 suppresses hepatocellular carcinoma through,LIHC
GSE190076,SKIP,LIHC,6,2.8 MB,,no file recognisable as a count matrix,,Transcriptome Analysis of Liver cancer cell Huh-7 Treated wi,LIHC
GSE183915,SKIP,LIHC,17,14.0 MB,,"only a per-sample archive (<GSE>_RAW.tar), no count matrix",,Transcriptome-Wide Analysis of Human Liver Reveals Age-Relat,LIHC
GSE151895,SKIP,LIHC,8,5.9 MB,,"only normalised values (FPKM/TPM/CPM), unusable by DESeq2",,Group-2 Innate Lymphoid Cells Promote Hepatocellular Carcino,LIHC
GSE189175,SKIP,LIHC,6,166.9 MB,,sample-type flag in the file names: SINGLE_CELL,,Single-nucleus RNA-seq of NASH HCC liver tissue,LIHC
GSE188582,SKIP,LIHC,2,1.2 MB,,"only a per-sample archive (<GSE>_RAW.tar), no count matrix",,Growth Differentiation Factor 1-Induced Tumour Plasticity Pr,LIHC
GSE122482,SKIP,LIHC,20,15.0 MB,,"only a per-sample archive (<GSE>_RAW.tar), no count matrix",,The circular RNA profiling of 10 paired HCC and matched peri,LIHC
GSE187689,SKIP,UNKNOWN,2,1.6 GB,,"only a per-sample archive (<GSE>_RAW.tar), no count matrix",,BruUV-seq from HepG2 (ENCSR555WGR),LIHC
GSE181922,SKIP,LIHC,49,8.0 MB,,"only normalised values (FPKM/TPM/CPM), unusable by DESeq2",,Multi-omic analysis of microRNA-mediated regulation reveals ,LIHC
GSE173897,SKIP,LIHC,95,9.4 MB,,"only normalised values (FPKM/TPM/CPM), unusable by DESeq2",,Expression of genes associated with poor prognosis from hepa,LIHC
GSE140148,SKIP,UNKNOWN,6,1.3 MB,,"only normalised values (FPKM/TPM/CPM), unusable by DESeq2",,mRNA expression changes in miR-19a treated cells,LIHC
GSE185655,SKIP,LIHC,8,1.8 MB,,"only a per-sample archive (<GSE>_RAW.tar), no count matrix | sample-type flag in the file names: CELL_LINE",,Regulation of hepatocellular carcinoma growth by UPF1 varian,LIHC
GSE172053,SKIP,UNKNOWN,81,7.7 GB,,"only a per-sample archive (<GSE>_RAW.tar), no count matrix",,"IFNγ induces a dynamic and complex transcriptional, chromati",LIHC
GSE185417,SKIP,UNKNOWN,5,964.0 KB,,"only normalised values (FPKM/TPM/CPM), unusable by DESeq2",,RNA-Seq analysis of HCV long-term infection cells,LIHC
GSE182635,SKIP,UNKNOWN,3,15.0 MB,,no file recognisable as a count matrix,,WSB1 regulates c-Myc expression through β-Catenin signalling,LIHC
GSE167023,SKIP,LIHC,4,59.0 KB,,no file recognisable as a count matrix,,PHF5A coordinates p300 for epigenetic regulation of lipogene,LIHC
GSE176289,SKIP,LIHC,96,613.0 MB,,"only a per-sample archive (<GSE>_RAW.tar), no count matrix",,Integrative analysis of DNA methylation and microRNA express,LIHC
GSE176271,SKIP,LIHC,32,3.1 MB,,"only normalised values (FPKM/TPM/CPM), unusable by DESeq2",,Integrative analysis of DNA methylation and microRNA express,LIHC
GSE184729,SKIP,UNKNOWN,6,2.1 MB,,sample-type flag in the file names: CELL_LINE,,Transcriptome (RNA-seq) of Huh7 cells non-infected (NI) or i,LIHC
GSE184697,SKIP,UNKNOWN,6,2.1 MB,,sample-type flag in the file names: CELL_LINE,,Transcriptome (RNA-seq) of HepG2 cells non-infected (NI) or ,LIHC
GSE183406,SKIP,LIHC,29,11.0 MB,,"only normalised values (FPKM/TPM/CPM), unusable by DESeq2",,Human hepatocellular carcinoma RNAseq data,LIHC
GSE168186,SKIP,UNKNOWN,83,708.0 MB,,"only a per-sample archive (<GSE>_RAW.tar), no count matrix",,Hepatitis C virus scarring of the epigenome and creates targ,LIHC
GSE168178,SKIP,LIHC,52,113.0 MB,,"only a per-sample archive (<GSE>_RAW.tar), no count matrix",,Clearance of chronic hepatitis C virus infection leaves scar,LIHC
GSE183592,SKIP,COAD,21,5.0 MB,,"only a per-sample archive (<GSE>_RAW.tar), no count matrix",,A cell-based platform for the investigation of immunoproteas,LIHC
GSE153989,SKIP,UNKNOWN,2,2.0 MB,,"only a per-sample archive (<GSE>_RAW.tar), no count matrix",,ENO1 suppresses cancer cell ferroptosis by degrading the mRN,LIHC
GSE157636,SKIP,UNKNOWN,105,9.1 GB,,"only a per-sample archive (<GSE>_RAW.tar), no count matrix",,ZMYND8 is potential selective therapeutic target for modulat,LIHC
GSE157632,SKIP,UNKNOWN,36,6.5 MB,,"only a per-sample archive (<GSE>_RAW.tar), no count matrix",,Gene expression change after inactivation of ZMYND8 by CRISP,LIHC
GSE160913,SKIP,UNKNOWN,6,1.6 MB,,"only normalised values (FPKM/TPM/CPM), unusable by DESeq2",,RNA-Seq in Hep3B-shNC and Hep3B-shlnc-CTHCC cells,LIHC
GSE182142,SKIP,LIHC,4,1.3 MB,,"only a per-sample archive (<GSE>_RAW.tar), no count matrix",,RNA-seq analysis of Huh7 cells based on NME7 knockdown,LIHC
GSE181771,SKIP,LIHC,12,1.1 MB,,"only normalised values (FPKM/TPM/CPM), unusable by DESeq2",,YAP/TAZ and ATF4 collaboratively drive resistance to Sorafen,LIHC
GSE118820,SKIP,LIHC,6,435.0 KB,,no file recognisable as a count matrix,,VersicanV1 promotes proliferation and metastasis of hepatoce,LIHC
GSE179795,SKIP,LIHC,24,15.0 MB,,"only a per-sample archive (<GSE>_RAW.tar), no count matrix",,The Tumor Microenvironment Shapes Innate Lymphoid Cells in P,LIHC
GSE179746,SKIP,LIHC,58,7.3 MB,,"only normalised values (FPKM/TPM/CPM), unusable by DESeq2",,The Tumor Microenvironment Shapes Innate Lymphoid Cells in P,LIHC
GSE171294,SKIP,LIHC,8,1.2 MB,,"only normalised values (FPKM/TPM/CPM), unusable by DESeq2",,The next-generation sequencing was helpful for the quantitat,LIHC
GSE180666,SKIP,UNKNOWN,29,2.6 GB,,"only a per-sample archive (<GSE>_RAW.tar), no count matrix",,Modeling Hepatoblastoma,LIHC
GSE180664,SKIP,LIHC,22,5.6 MB,,"only a per-sample archive (<GSE>_RAW.tar), no count matrix",,Modeling Hepatoblastoma: Identification of Distinct Tumor Ce,LIHC
GSE158458,SKIP,LIHC,16,1.6 MB,,"only normalised values (FPKM/TPM/CPM), unusable by DESeq2",,USP29-mediated HIF1a stabilization promotes Sorafenib resist,LIHC
GSE178756,SKIP,LIHC,21,915.0 MB,,"only a per-sample archive (<GSE>_RAW.tar), no count matrix",,Single-cell transcriptomic analyses of T cells in chronic HC,LIHC
GSE169084,SKIP,LIHC,12,1.8 MB,,sample-type flag in the file names: CELL_LINE,,A human liver cell-based system modeling a clinical prognost,LIHC
GSE180243,SKIP,LIHC,6,900.5 KB,,"only a per-sample archive (<GSE>_RAW.tar), no count matrix",,A survey of optimal strategy for signature-based drug reposi,LIHC
GSE173576,SKIP,UNKNOWN,6,4.7 MB,,no file recognisable as a count matrix,,Next generation sequencing of transcriptomic change in NTCP-,LIHC
GSE169394,SKIP,LIHC,4,657.0 KB,,no file recognisable as a count matrix,,Gene expression profiles of  WDR4 knockdown in HCC cells,LIHC
GSE133858,SKIP,LIHC,4,546.0 KB,,no file recognisable as a count matrix,,RNA-sequencing data from PLC/PRF/5 cells with NC or USP22 kn,LIHC
GSE81040,SKIP,LIHC,40,1.5 MB,,no file recognisable as a count matrix,,High-throughput single-cell RNA-Seq profiling of DMSO-differ,LIHC
GSE168544,SKIP,LIHC,8,8.1 MB,,"only a per-sample archive (<GSE>_RAW.tar), no count matrix | sample-type flag in the file names: CELL_LINE",,Loss-of-function genetic screening identifies ALDOA as an es,LIHC
GSE66843,SKIP,UNKNOWN,265,26.0 MB,,"only a per-sample archive (<GSE>_RAW.tar), no count matrix",,A cell-based model unravels drivers for hepatocarcinogenesis,LIHC
GSE174492,SKIP,LIHC,26,973.0 KB,,"only normalised values (FPKM/TPM/CPM), unusable by DESeq2 | sample-type flag in the file names: CELL_LINE, NON_HUMAN",,METTL1 promotes hepatocarcinogenesis via m7G tRNA modificati,LIHC
GSE178067,SKIP,UNKNOWN,2,1.0 GB,,"only a per-sample archive (<GSE>_RAW.tar), no count matrix",,CRISPR RNA-seq from HepG2 (ENCSR999MAE),LIHC
GSE178063,SKIP,UNKNOWN,2,4.9 GB,,"only a per-sample archive (<GSE>_RAW.tar), no count matrix",,shRNA RNA-seq from HepG2 (ENCSR997HCQ),LIHC
GSE178049,SKIP,UNKNOWN,2,735.0 MB,,"only a per-sample archive (<GSE>_RAW.tar), no count matrix",,CRISPR RNA-seq from HepG2 (ENCSR989GNV),LIHC
GSE178024,SKIP,UNKNOWN,2,1.2 GB,,"only a per-sample archive (<GSE>_RAW.tar), no count matrix",,CRISPR RNA-seq from HepG2 (ENCSR884REL),LIHC
GSE178002,SKIP,UNKNOWN,2,719.0 MB,,"only a per-sample archive (<GSE>_RAW.tar), no count matrix",,CRISPR RNA-seq from HepG2 (ENCSR977NJB),LIHC
GSE178001,SKIP,UNKNOWN,2,1.1 GB,,"only a per-sample archive (<GSE>_RAW.tar), no count matrix",,CRISPR RNA-seq from HepG2 (ENCSR871XPX),LIHC
GSE177989,SKIP,UNKNOWN,2,1.2 GB,,"only a per-sample archive (<GSE>_RAW.tar), no count matrix",,CRISPR RNA-seq from HepG2 (ENCSR865WQR),LIHC
GSE177976,SKIP,UNKNOWN,2,601.0 MB,,"only a per-sample archive (<GSE>_RAW.tar), no count matrix",,CRISPR RNA-seq from HepG2 (ENCSR862BCF),LIHC
GSE177969,SKIP,UNKNOWN,2,805.0 MB,,"only a per-sample archive (<GSE>_RAW.tar), no count matrix",,CRISPR RNA-seq from HepG2 (ENCSR861BRA),LIHC
GSE177955,SKIP,UNKNOWN,2,3.6 GB,,"only a per-sample archive (<GSE>_RAW.tar), no count matrix",,CRISPR RNA-seq from HepG2 (ENCSR853AOV),LIHC
GSE177952,SKIP,UNKNOWN,2,937.0 MB,,"only a per-sample archive (<GSE>_RAW.tar), no count matrix",,CRISPR RNA-seq from HepG2 (ENCSR964HKT),LIHC
GSE177908,SKIP,UNKNOWN,2,1.0 GB,,"only a per-sample archive (<GSE>_RAW.tar), no count matrix",,CRISPR RNA-seq from HepG2 (ENCSR836XZH),LIHC
GSE177899,SKIP,UNKNOWN,2,1.0 GB,,"only a per-sample archive (<GSE>_RAW.tar), no count matrix",,CRISPR RNA-seq from HepG2 (ENCSR940FIN),LIHC
GSE177894,SKIP,UNKNOWN,2,446.0 MB,,"only a per-sample archive (<GSE>_RAW.tar), no count matrix",,CRISPR RNA-seq from HepG2 (ENCSR834IFU),LIHC
GSE177873,SKIP,UNKNOWN,2,1.2 GB,,"only a per-sample archive (<GSE>_RAW.tar), no count matrix",,CRISPR RNA-seq from HepG2 (ENCSR932GTJ),LIHC
GSE177868,SKIP,UNKNOWN,2,855.0 MB,,"only a per-sample archive (<GSE>_RAW.tar), no count matrix",,CRISPR RNA-seq from HepG2 (ENCSR929JKA),LIHC
GSE177867,SKIP,UNKNOWN,2,710.0 MB,,"only a per-sample archive (<GSE>_RAW.tar), no count matrix",,CRISPR RNA-seq from HepG2 (ENCSR929EIP),LIHC
GSE177865,SKIP,UNKNOWN,2,538.0 MB,,"only a per-sample archive (<GSE>_RAW.tar), no count matrix",,CRISPR RNA-seq from HepG2 (ENCSR827PII),LIHC
GSE177860,SKIP,UNKNOWN,2,908.0 MB,,"only a per-sample archive (<GSE>_RAW.tar), no count matrix",,CRISPR RNA-seq from HepG2 (ENCSR925OFV),LIHC
GSE177849,SKIP,UNKNOWN,2,1.1 GB,,"only a per-sample archive (<GSE>_RAW.tar), no count matrix",,CRISPR RNA-seq from HepG2 (ENCSR821GQN),LIHC
GSE177817,SKIP,UNKNOWN,2,973.0 MB,,"only a per-sample archive (<GSE>_RAW.tar), no count matrix",,CRISPR RNA-seq from HepG2 (ENCSR814JQP),LIHC
GSE177805,SKIP,UNKNOWN,2,889.0 MB,,"only a per-sample archive (<GSE>_RAW.tar), no count matrix",,CRISPR RNA-seq from HepG2 (ENCSR909TFJ),LIHC
GSE177794,SKIP,UNKNOWN,2,717.0 MB,,"only a per-sample archive (<GSE>_RAW.tar), no count matrix",,CRISPR RNA-seq from HepG2 (ENCSR805TIZ),LIHC
GSE177786,SKIP,UNKNOWN,2,575.0 MB,,"only a per-sample archive (<GSE>_RAW.tar), no count matrix",,shRNA RNA-seq from HepG2 (ENCSR902VPO),LIHC
GSE177776,SKIP,UNKNOWN,2,1.5 GB,,"only a per-sample archive (<GSE>_RAW.tar), no count matrix",,CRISPR RNA-seq from HepG2 (ENCSR695RQF),LIHC
GSE177769,SKIP,UNKNOWN,2,1.3 GB,,"only a per-sample archive (<GSE>_RAW.tar), no count matrix",,CRISPR RNA-seq from HepG2 (ENCSR687ITW),LIHC
GSE177747,SKIP,UNKNOWN,2,1.2 GB,,"only a per-sample archive (<GSE>_RAW.tar), no count matrix",,CRISPR RNA-seq from HepG2 (ENCSR796HOP),LIHC
GSE177743,SKIP,UNKNOWN,2,791.0 MB,,"only a per-sample archive (<GSE>_RAW.tar), no count matrix",,shRNA RNA-seq from HepG2 (ENCSR676SDU),LIHC
GSE177732,SKIP,UNKNOWN,2,1.1 GB,,"only a per-sample archive (<GSE>_RAW.tar), no count matrix",,CRISPR RNA-seq from HepG2 (ENCSR670KAS),LIHC
GSE177722,SKIP,UNKNOWN,2,1.1 GB,,"only a per-sample archive (<GSE>_RAW.tar), no count matrix",,CRISPR RNA-seq from HepG2 (ENCSR666QJU),LIHC
GSE177720,SKIP,UNKNOWN,2,1.1 GB,,"only a per-sample archive (<GSE>_RAW.tar), no count matrix",,CRISPR RNA-seq from HepG2 (ENCSR666FOS),LIHC
GSE177697,SKIP,UNKNOWN,2,601.0 MB,,"only a per-sample archive (<GSE>_RAW.tar), no count matrix",,CRISPR RNA-seq from HepG2 (ENCSR659DRE),LIHC
GSE177696,SKIP,UNKNOWN,2,944.0 MB,,"only a per-sample archive (<GSE>_RAW.tar), no count matrix",,CRISPR RNA-seq from HepG2 (ENCSR775ZWO),LIHC
GSE177644,SKIP,UNKNOWN,2,701.0 MB,,"only a per-sample archive (<GSE>_RAW.tar), no count matrix",,shRNA RNA-seq from HepG2 (ENCSR756VLW),LIHC
GSE177633,SKIP,UNKNOWN,2,930.0 MB,,"only a per-sample archive (<GSE>_RAW.tar), no count matrix",,CRISPR RNA-seq from HepG2 (ENCSR637CZY),LIHC
GSE177632,SKIP,UNKNOWN,2,1.1 GB,,"only a per-sample archive (<GSE>_RAW.tar), no count matrix",,CRISPR RNA-seq from HepG2 (ENCSR636PNL),LIHC
GSE177631,SKIP,UNKNOWN,2,897.0 MB,,"only a per-sample archive (<GSE>_RAW.tar), no count matrix",,CRISPR RNA-seq from HepG2 (ENCSR636DVA),LIHC
GSE177622,SKIP,UNKNOWN,2,947.0 MB,,"only a per-sample archive (<GSE>_RAW.tar), no count matrix",,CRISPR RNA-seq from HepG2 (ENCSR751TUX),LIHC
GSE177618,SKIP,UNKNOWN,2,730.0 MB,,"only a per-sample archive (<GSE>_RAW.tar), no count matrix",,CRISPR RNA-seq from HepG2 (ENCSR750CPT),LIHC
GSE177615,SKIP,UNKNOWN,2,801.0 MB,,"only a per-sample archive (<GSE>_RAW.tar), no count matrix",,CRISPR RNA-seq from HepG2 (ENCSR749QMU),LIHC
GSE177607,SKIP,UNKNOWN,2,660.0 MB,,"only a per-sample archive (<GSE>_RAW.tar), no count matrix",,CRISPR RNA-seq from HepG2 (ENCSR624YDI),LIHC
GSE177586,SKIP,UNKNOWN,2,776.0 MB,,"only a per-sample archive (<GSE>_RAW.tar), no count matrix",,shRNA RNA-seq from HepG2 (ENCSR736TAW),LIHC
GSE177583,SKIP,UNKNOWN,2,857.0 MB,,"only a per-sample archive (<GSE>_RAW.tar), no count matrix",,CRISPR RNA-seq from HepG2 (ENCSR733MVT),LIHC
GSE177561,SKIP,UNKNOWN,2,1.2 GB,,"only a per-sample archive (<GSE>_RAW.tar), no count matrix",,CRISPR RNA-seq from HepG2 (ENCSR723QPD),LIHC
GSE177540,SKIP,UNKNOWN,2,602.0 MB,,"only a per-sample archive (<GSE>_RAW.tar), no count matrix",,CRISPR RNA-seq from HepG2 (ENCSR718RBZ),LIHC
GSE177530,SKIP,UNKNOWN,2,835.0 MB,,"only a per-sample archive (<GSE>_RAW.tar), no count matrix",,CRISPR RNA-seq from HepG2 (ENCSR606QVN),LIHC
GSE177516,SKIP,UNKNOWN,2,1.0 GB,,"only a per-sample archive (<GSE>_RAW.tar), no count matrix",,CRISPR RNA-seq from HepG2 (ENCSR713OTF),LIHC
GSE177505,SKIP,UNKNOWN,2,1.0 GB,,"only a per-sample archive (<GSE>_RAW.tar), no count matrix",,CRISPR RNA-seq from HepG2 (ENCSR603TOC),LIHC
GSE177497,SKIP,UNKNOWN,2,1.1 GB,,"only a per-sample archive (<GSE>_RAW.tar), no count matrix",,CRISPR RNA-seq from HepG2 (ENCSR704VPL),LIHC
GSE177495,SKIP,UNKNOWN,2,931.0 MB,,"only a per-sample archive (<GSE>_RAW.tar), no count matrix",,CRISPR RNA-seq from HepG2 (ENCSR702LIH),LIHC
GSE177491,SKIP,UNKNOWN,2,1.2 GB,,"only a per-sample archive (<GSE>_RAW.tar), no count matrix",,CRISPR RNA-seq from HepG2 (ENCSR700FWD),LIHC
GSE177463,SKIP,UNKNOWN,2,771.0 MB,,"only a per-sample archive (<GSE>_RAW.tar), no count matrix",,CRISPR RNA-seq from HepG2 (ENCSR592AQT),LIHC
GSE177454,SKIP,UNKNOWN,2,1.1 GB,,"only a per-sample archive (<GSE>_RAW.tar), no count matrix",,CRISPR RNA-seq from HepG2 (ENCSR586YGD),LIHC
GSE177451,SKIP,UNKNOWN,2,3.3 GB,,"only a per-sample archive (<GSE>_RAW.tar), no count matrix",,shRNA RNA-seq from HepG2 (ENCSR584UYK),LIHC
GSE177432,SKIP,UNKNOWN,2,1.1 GB,,"only a per-sample archive (<GSE>_RAW.tar), no count matrix",,CRISPR RNA-seq from HepG2 (ENCSR580XTY),LIHC
GSE177409,SKIP,UNKNOWN,2,1.1 GB,,"only a per-sample archive (<GSE>_RAW.tar), no count matrix",,CRISPR RNA-seq from HepG2 (ENCSR383QYT),LIHC
GSE177398,SKIP,UNKNOWN,2,1.3 GB,,"only a per-sample archive (<GSE>_RAW.tar), no count matrix",,CRISPR RNA-seq from HepG2 (ENCSR484QEX),LIHC
GSE177394,SKIP,UNKNOWN,2,1.0 GB,,"only a per-sample archive (<GSE>_RAW.tar), no count matrix",,CRISPR RNA-seq from HepG2 (ENCSR380LKB),LIHC
GSE177388,SKIP,UNKNOWN,2,2.6 GB,,"only a per-sample archive (<GSE>_RAW.tar), no count matrix",,CRISPR RNA-seq from HepG2 (ENCSR481WJH),LIHC
GSE177383,SKIP,UNKNOWN,2,1.0 GB,,"only a per-sample archive (<GSE>_RAW.tar), no count matrix",,CRISPR RNA-seq from HepG2 (ENCSR481AIB),LIHC
GSE177373,SKIP,UNKNOWN,2,1.1 GB,,"only a per-sample archive (<GSE>_RAW.tar), no count matrix",,CRISPR RNA-seq from HepG2 (ENCSR474EJY),LIHC
GSE177367,SKIP,UNKNOWN,2,1.0 GB,,"only a per-sample archive (<GSE>_RAW.tar), no count matrix",,CRISPR RNA-seq from HepG2 (ENCSR565ZPZ),LIHC
GSE177349,SKIP,UNKNOWN,2,1.0 GB,,"only a per-sample archive (<GSE>_RAW.tar), no count matrix",,CRISPR RNA-seq from HepG2 (ENCSR561IMV),LIHC
GSE177346,SKIP,UNKNOWN,2,925.0 MB,,"only a per-sample archive (<GSE>_RAW.tar), no count matrix",,CRISPR RNA-seq from HepG2 (ENCSR468LEL),LIHC
GSE177345,SKIP,UNKNOWN,2,1.3 GB,,"only a per-sample archive (<GSE>_RAW.tar), no count matrix",,CRISPR RNA-seq from HepG2 (ENCSR556TJU),LIHC
GSE177334,SKIP,UNKNOWN,2,439.0 MB,,"only a per-sample archive (<GSE>_RAW.tar), no count matrix",,shRNA RNA-seq from HepG2 (ENCSR466NRW),LIHC
GSE177313,SKIP,UNKNOWN,2,1.4 GB,,"only a per-sample archive (<GSE>_RAW.tar), no count matrix",,CRISPR RNA-seq from HepG2 (ENCSR548OTL),LIHC
GSE177310,SKIP,UNKNOWN,2,1.0 GB,,"only a per-sample archive (<GSE>_RAW.tar), no count matrix",,CRISPR RNA-seq from HepG2 (ENCSR548ORV),LIHC
GSE177303,SKIP,UNKNOWN,2,1.2 GB,,"only a per-sample archive (<GSE>_RAW.tar), no count matrix",,CRISPR RNA-seq from HepG2 (ENCSR455KXW),LIHC
GSE177294,SKIP,UNKNOWN,2,1.1 GB,,"only a per-sample archive (<GSE>_RAW.tar), no count matrix",,CRISPR RNA-seq from HepG2 (ENCSR544LEZ),LIHC
GSE177291,SKIP,UNKNOWN,2,644.0 MB,,"only a per-sample archive (<GSE>_RAW.tar), no count matrix",,CRISPR RNA-seq from HepG2 (ENCSR367BWL),LIHC
GSE177254,SKIP,UNKNOWN,2,840.0 MB,,"only a per-sample archive (<GSE>_RAW.tar), no count matrix",,CRISPR RNA-seq from HepG2 (ENCSR444IOJ),LIHC
GSE177237,SKIP,UNKNOWN,2,878.0 MB,,"only a per-sample archive (<GSE>_RAW.tar), no count matrix",,CRISPR RNA-seq from HepG2 (ENCSR439TMT),LIHC
GSE177234,SKIP,UNKNOWN,2,603.0 MB,,"only a per-sample archive (<GSE>_RAW.tar), no count matrix",,shRNA RNA-seq from HepG2 (ENCSR438UOT),LIHC
GSE177219,SKIP,UNKNOWN,2,797.0 MB,,"only a per-sample archive (<GSE>_RAW.tar), no count matrix",,CRISPR RNA-seq from HepG2 (ENCSR532IHF),LIHC
GSE177214,SKIP,UNKNOWN,2,818.0 MB,,"only a per-sample archive (<GSE>_RAW.tar), no count matrix",,shRNA RNA-seq from HepG2 (ENCSR431SXF),LIHC
GSE177213,SKIP,UNKNOWN,2,902.0 MB,,"only a per-sample archive (<GSE>_RAW.tar), no count matrix",,CRISPR RNA-seq from HepG2 (ENCSR429OUR),LIHC
GSE177212,SKIP,UNKNOWN,2,1.0 GB,,"only a per-sample archive (<GSE>_RAW.tar), no count matrix",,CRISPR RNA-seq from HepG2 (ENCSR428WVZ),LIHC
GSE177209,SKIP,UNKNOWN,2,972.0 MB,,"only a per-sample archive (<GSE>_RAW.tar), no count matrix",,CRISPR RNA-seq from HepG2 (ENCSR426JCD),LIHC
GSE177187,SKIP,UNKNOWN,2,1.0 GB,,"only a per-sample archive (<GSE>_RAW.tar), no count matrix",,CRISPR RNA-seq from HepG2 (ENCSR528LDT),LIHC
GSE177178,SKIP,UNKNOWN,2,908.0 MB,,"only a per-sample archive (<GSE>_RAW.tar), no count matrix",,CRISPR RNA-seq from HepG2 (ENCSR416YFB),LIHC
GSE177171,SKIP,UNKNOWN,2,1.1 GB,,"only a per-sample archive (<GSE>_RAW.tar), no count matrix",,CRISPR RNA-seq from HepG2 (ENCSR333OGA),LIHC
GSE177167,SKIP,UNKNOWN,2,2.5 GB,,"only a per-sample archive (<GSE>_RAW.tar), no count matrix",,CRISPR RNA-seq from HepG2 (ENCSR521WAI),LIHC
GSE177140,SKIP,UNKNOWN,2,915.0 MB,,"only a per-sample archive (<GSE>_RAW.tar), no count matrix",,CRISPR RNA-seq from HepG2 (ENCSR324GSI),LIHC
GSE177138,SKIP,UNKNOWN,2,1.0 GB,,"only a per-sample archive (<GSE>_RAW.tar), no count matrix",,CRISPR RNA-seq from HepG2 (ENCSR323OPW),LIHC
GSE177121,SKIP,UNKNOWN,2,1.6 GB,,"only a per-sample archive (<GSE>_RAW.tar), no count matrix",,CRISPR RNA-seq from HepG2 (ENCSR312VLS),LIHC
GSE177119,SKIP,UNKNOWN,2,954.0 MB,,"only a per-sample archive (<GSE>_RAW.tar), no count matrix",,CRISPR RNA-seq from HepG2 (ENCSR312UYN),LIHC
GSE177115,SKIP,UNKNOWN,2,1.2 GB,,"only a per-sample archive (<GSE>_RAW.tar), no count matrix",,CRISPR RNA-seq from HepG2 (ENCSR511QFJ),LIHC
GSE177107,SKIP,UNKNOWN,2,1.4 GB,,"only a per-sample archive (<GSE>_RAW.tar), no count matrix",,CRISPR RNA-seq from HepG2 (ENCSR308EYT),LIHC
GSE177102,SKIP,UNKNOWN,2,820.0 MB,,"only a per-sample archive (<GSE>_RAW.tar), no count matrix",,CRISPR RNA-seq from HepG2 (ENCSR306EWE),LIHC
GSE177085,SKIP,UNKNOWN,2,592.0 MB,,"only a per-sample archive (<GSE>_RAW.tar), no count matrix",,CRISPR RNA-seq from HepG2 (ENCSR300RMY),LIHC
GSE177074,SKIP,UNKNOWN,2,970.0 MB,,"only a per-sample archive (<GSE>_RAW.tar), no count matrix",,CRISPR RNA-seq from HepG2 (ENCSR504CPZ),LIHC
GSE177072,SKIP,UNKNOWN,2,866.0 MB,,"only a per-sample archive (<GSE>_RAW.tar), no count matrix",,CRISPR RNA-seq from HepG2 (ENCSR400YKV),LIHC
GSE177070,SKIP,UNKNOWN,2,1.0 GB,,"only a per-sample archive (<GSE>_RAW.tar), no count matrix",,CRISPR RNA-seq from HepG2 (ENCSR400XYB),LIHC
GSE177067,SKIP,UNKNOWN,2,1.0 GB,,"only a per-sample archive (<GSE>_RAW.tar), no count matrix",,CRISPR RNA-seq from HepG2 (ENCSR400SCX),LIHC
GSE177065,SKIP,UNKNOWN,2,894.0 MB,,"only a per-sample archive (<GSE>_RAW.tar), no count matrix",,CRISPR RNA-seq from HepG2 (ENCSR300EBW),LIHC
GSE177017,SKIP,UNKNOWN,2,1.1 GB,,"only a per-sample archive (<GSE>_RAW.tar), no count matrix",,CRISPR RNA-seq from HepG2 (ENCSR298AQX),LIHC
GSE177010,SKIP,UNKNOWN,2,1.1 GB,,"only a per-sample archive (<GSE>_RAW.tar), no count matrix",,CRISPR RNA-seq from HepG2 (ENCSR294DOR),LIHC
GSE177003,SKIP,UNKNOWN,2,962.0 MB,,"only a per-sample archive (<GSE>_RAW.tar), no count matrix",,CRISPR RNA-seq from HepG2 (ENCSR290GUQ),LIHC
GSE177002,SKIP,UNKNOWN,2,517.0 MB,,"only a per-sample archive (<GSE>_RAW.tar), no count matrix",,shRNA RNA-seq from HepG2 (ENCSR289HOV),LIHC
GSE176986,SKIP,UNKNOWN,2,742.0 MB,,"only a per-sample archive (<GSE>_RAW.tar), no count matrix",,CRISPR RNA-seq from HepG2 (ENCSR094HEU),LIHC
GSE176985,SKIP,UNKNOWN,2,509.0 MB,,"only a per-sample archive (<GSE>_RAW.tar), no count matrix",,shRNA RNA-seq from HepG2 (ENCSR093FHC),LIHC
GSE176984,SKIP,UNKNOWN,2,1.0 GB,,"only a per-sample archive (<GSE>_RAW.tar), no count matrix",,CRISPR RNA-seq from HepG2 (ENCSR279MNU),LIHC
GSE176983,SKIP,UNKNOWN,2,421.0 MB,,"only a per-sample archive (<GSE>_RAW.tar), no count matrix",,shRNA RNA-seq from HepG2 (ENCSR093ERJ),LIHC
GSE176953,SKIP,UNKNOWN,2,524.0 MB,,"only a per-sample archive (<GSE>_RAW.tar), no count matrix",,CRISPR RNA-seq from HepG2 (ENCSR080NRY),LIHC
GSE176935,SKIP,UNKNOWN,2,1.1 GB,,"only a per-sample archive (<GSE>_RAW.tar), no count matrix",,CRISPR RNA-seq from HepG2 (ENCSR266XKN),LIHC
GSE176934,SKIP,UNKNOWN,2,1.2 GB,,"only a per-sample archive (<GSE>_RAW.tar), no count matrix",,CRISPR RNA-seq from HepG2 (ENCSR197XHV),LIHC
GSE176929,SKIP,UNKNOWN,2,730.0 MB,,"only a per-sample archive (<GSE>_RAW.tar), no count matrix",,CRISPR RNA-seq from HepG2 (ENCSR194SPW),LIHC
GSE176902,SKIP,UNKNOWN,2,519.0 MB,,"only a per-sample archive (<GSE>_RAW.tar), no count matrix",,shRNA RNA-seq from HepG2 (ENCSR184YDW),LIHC
GSE176879,SKIP,UNKNOWN,2,1.2 GB,,"only a per-sample archive (<GSE>_RAW.tar), no count matrix",,CRISPR RNA-seq from HepG2 (ENCSR175OSV),LIHC
GSE176826,SKIP,UNKNOWN,2,1.0 GB,,"only a per-sample archive (<GSE>_RAW.tar), no count matrix",,CRISPR RNA-seq from HepG2 (ENCSR242DBX),LIHC
GSE176779,SKIP,UNKNOWN,2,323.0 MB,,"only a per-sample archive (<GSE>_RAW.tar), no count matrix",,CRISPR RNA-seq from HepG2 (ENCSR147RTA),LIHC
GSE176771,SKIP,UNKNOWN,2,1.2 GB,,"only a per-sample archive (<GSE>_RAW.tar), no count matrix",,CRISPR RNA-seq from HepG2 (ENCSR144HCM),LIHC
GSE176759,SKIP,UNKNOWN,2,3.7 GB,,"only a per-sample archive (<GSE>_RAW.tar), no count matrix",,CRISPR RNA-seq from HepG2 (ENCSR231RKU),LIHC
GSE176746,SKIP,UNKNOWN,2,550.0 MB,,"only a per-sample archive (<GSE>_RAW.tar), no count matrix",,shRNA RNA-seq from HepG2 (ENCSR225PRV),LIHC
GSE176724,SKIP,UNKNOWN,2,1.0 GB,,"only a per-sample archive (<GSE>_RAW.tar), no count matrix",,CRISPR RNA-seq from HepG2 (ENCSR036ANR),LIHC
GSE176713,SKIP,UNKNOWN,2,1.1 GB,,"only a per-sample archive (<GSE>_RAW.tar), no count matrix",,CRISPR RNA-seq from HepG2 (ENCSR035LEO),LIHC
GSE176695,SKIP,UNKNOWN,2,1.2 GB,,"only a per-sample archive (<GSE>_RAW.tar), no count matrix",,CRISPR RNA-seq from HepG2 (ENCSR029VGU),LIHC
GSE176677,SKIP,UNKNOWN,2,1.1 GB,,"only a per-sample archive (<GSE>_RAW.tar), no count matrix",,CRISPR RNA-seq from HepG2 (ENCSR120WNJ),LIHC
GSE176673,SKIP,UNKNOWN,2,1.3 GB,,"only a per-sample archive (<GSE>_RAW.tar), no count matrix",,CRISPR RNA-seq from HepG2 (ENCSR020EBN),LIHC
GSE176650,SKIP,UNKNOWN,2,1.2 GB,,"only a per-sample archive (<GSE>_RAW.tar), no count matrix",,CRISPR RNA-seq from HepG2 (ENCSR013PBS),LIHC
GSE176643,SKIP,UNKNOWN,2,549.0 MB,,"only a per-sample archive (<GSE>_RAW.tar), no count matrix",,CRISPR RNA-seq from HepG2 (ENCSR010XIH),LIHC
GSE176628,SKIP,UNKNOWN,2,645.0 MB,,"only a per-sample archive (<GSE>_RAW.tar), no count matrix",,shRNA RNA-seq from HepG2 (ENCSR204QKA),LIHC
GSE176622,SKIP,UNKNOWN,2,3.9 GB,,"only a per-sample archive (<GSE>_RAW.tar), no count matrix",,CRISPR RNA-seq from HepG2 (ENCSR105NML),LIHC
GSE176619,SKIP,UNKNOWN,2,1.3 GB,,"only a per-sample archive (<GSE>_RAW.tar), no count matrix",,CRISPR RNA-seq from HepG2 (ENCSR005UDT),LIHC
GSE176618,SKIP,UNKNOWN,2,1.0 GB,,"only a per-sample archive (<GSE>_RAW.tar), no count matrix",,CRISPR RNA-seq from HepG2 (ENCSR005RUR),LIHC
GSE176611,SKIP,UNKNOWN,2,667.0 MB,,"only a per-sample archive (<GSE>_RAW.tar), no count matrix",,CRISPR RNA-seq from HepG2 (ENCSR202SRN),LIHC
GSE176593,SKIP,UNKNOWN,2,1.1 GB,,"only a per-sample archive (<GSE>_RAW.tar), no count matrix",,CRISPR RNA-seq from HepG2 (ENCSR002NQQ),LIHC
GSE166284,SKIP,LIHC,6,13.0 MB,,"only a per-sample archive (<GSE>_RAW.tar), no count matrix",, Long noncoding RNA TP53TG1 suppresses the growth and metast,LIHC
GSE166635,SKIP,LIHC,2,204.0 MB,,"only a per-sample archive (<GSE>_RAW.tar), no count matrix",,TNFR2 HnRNPK-YAP Signaling Axis Promotes Primary Liver Cance,LIHC
GSE158552,SKIP,LIHC,9,2.8 MB,,"only a per-sample archive (<GSE>_RAW.tar), no count matrix",,Transcriptome sequencing wide functional analysis of human h,LIHC
GSE136456,SKIP,UNKNOWN,66,405.0 MB,,"only a per-sample archive (<GSE>_RAW.tar), no count matrix",,Transcriptionally regulated energy metabolism drives early e,LIHC
GSE176270,SKIP,LIHC,4,810.3 KB,,"only a per-sample archive (<GSE>_RAW.tar), no count matrix",,Expression profile of hepatocellular carcinoma-matrix intera,LIHC
GSE158884,SKIP,LIHC,22,750.0 KB,,sample-type flag in the file names: CELL_LINE,,RNA-seq in HepG2 cells with YY1 knockdown,LIHC
GSE175827,SKIP,LIHC,4,591.0 KB,,no file recognisable as a count matrix,,Function and Mechanism of METTL5-mediated 18S rRNA m6A1832 m,LIHC
GSE148503,SKIP,LIHC,6,3.8 MB,,"only normalised values (FPKM/TPM/CPM), unusable by DESeq2",,Transcriptome RNA-Sequencing of regulated genes in Hep3B liv,LIHC
GSE175627,SKIP,UNKNOWN,2,3.1 MB,,no file recognisable as a count matrix,,Ectopic expression of Sox9 led to differential gene expressi,LIHC
GSE175393,SKIP,UNKNOWN,8,9.8 MB,,"only normalised values (FPKM/TPM/CPM), unusable by DESeq2 | sample-type flag in the file names: CELL_LINE",,mRNA expression profiling in MDA-MB-231 and HepG2 cells with,LIHC
GSE157893,SKIP,LIHC,18,1.0 MB,,no file recognisable as a count matrix,,An Engineered IL-15 Cytokine Mutein Fused to an Anti-PD1 Ant,LIHC
GSE175126,SKIP,UNKNOWN,1,464.0 MB,,"only a per-sample archive (<GSE>_RAW.tar), no count matrix",,total RNA-seq from HepG2 (ENCSR245ATJ),LIHC
GSE175006,SKIP,UNKNOWN,1,83.0 MB,,"only a per-sample archive (<GSE>_RAW.tar), no count matrix",,long read RNA-seq from HepG2 (ENCSR634AKC),LIHC
GSE169446,SKIP,LIHC,2,75.0 MB,,"only a per-sample archive (<GSE>_RAW.tar), no count matrix",,XCR1+ type 1 conventional dendritic cells drive liver pathol,LIHC
GSE162706,SKIP,LIHC,2,350.2 KB,,"only a per-sample archive (<GSE>_RAW.tar), no count matrix",,RNA-seq for HepG2 cell line with AUF1 knockdown.,LIHC
GSE173621,SKIP,LIHC,2,650.2 KB,,"only a per-sample archive (<GSE>_RAW.tar), no count matrix",,RNA-seq analysis of Huh7 cells based on PANK1 knockdown,LIHC
GSE172400,SKIP,LIHC,8,8.3 MB,,"only normalised values (FPKM/TPM/CPM), unusable by DESeq2",,Non-Terminally Exhausted Tumor-Resident Memory HBV-specific ,LIHC
GSE164444,SKIP,LIHC,37,18.0 GB,,"only a per-sample archive (<GSE>_RAW.tar), no count matrix",,A selective HDAC8 inhibitor potentiates antitumor immunity a,LIHC
GSE160826,SKIP,LIHC,12,4.5 MB,,"only normalised values (FPKM/TPM/CPM), unusable by DESeq2",,RNA Sequencing of human liver hepatocellular carcinoma cell ,LIHC
GSE159165,SKIP,UNKNOWN,8,6.1 MB,,"only a per-sample archive (<GSE>_RAW.tar), no count matrix",,shControl Huh7 and shARID1A Huh7 cells without or with rapam,LIHC
GSE159164,SKIP,LIHC,4,650.4 KB,,"only a per-sample archive (<GSE>_RAW.tar), no count matrix",,RNA-seq in shControl Huh7 and shARID1A Huh7 cells without or,LIHC
GSE161086,SKIP,UNKNOWN,12,4.7 MB,,no file recognisable as a count matrix | sample-type flag in the file names: CELL_LINE,,"IGF2BP1, a conserved regulator of RNA turnover in cancer [po",LIHC
GSE168922,SKIP,LIHC,3,4.5 MB,,"only a per-sample archive (<GSE>_RAW.tar), no count matrix",,RNA-seq of THP-1 cells and tumor-associated macrophages sort,LIHC
GSE168910,SKIP,UNKNOWN,3,1.4 MB,,no file recognisable as a count matrix,,Transcriptome analysis of Huh7 cells upon Chikungunya virus ,LIHC
GSE168745,SKIP,UNKNOWN,6,1.8 MB,,sample-type flag in the file names: CELL_LINE,,RNA-seq of Control and PRMT5-/- JHH-7 Cell Transcriptomes,LIHC
GSE123250,SKIP,LIHC,18,1.7 MB,,no file recognisable as a count matrix,,Multi-omics Characterization of WNT Pathway Reactivation to ,LIHC
GSE135860,SKIP,UNKNOWN,12,1.9 MB,,"only normalised values (FPKM/TPM/CPM), unusable by DESeq2",,Multi-omics analysis to study hepatitis B virus-host interac,LIHC
GSE166428,SKIP,UNKNOWN,57,115.1 MB,,no file recognisable as a count matrix | sample-type flag in the file names: CELL_LINE,,Initial HCV infection of adult hepatocytes triggers a tempor,LIHC
GSE147840,SKIP,LIHC,8,2.9 MB,,no file recognisable as a count matrix,,N1-methyladenosine methylations in tRNA drive liver tumorige,LIHC
GSE167432,SKIP,LIHC,3,1.6 MB,,no file recognisable as a count matrix,,RNA-seq in QGY-7703 cell line before and after PRMT7 knockdo,LIHC
GSE141880,SKIP,UNKNOWN,6,297.0 KB,,"only normalised values (FPKM/TPM/CPM), unusable by DESeq2 | sample-type flag in the file names: CELL_LINE",,RNA-seq data for EphA2 knockdown in Huh7 cells,LIHC
GSE165552,SKIP,UNKNOWN,34,285.0 MB,,"only a per-sample archive (<GSE>_RAW.tar), no count matrix",,RNA-seq analysis of uveal melanoma cells and biopsy samples ,LIHC
GSE166448,SKIP,LIHC,6,1.3 MB,,"only normalised values (FPKM/TPM/CPM), unusable by DESeq2",,SNHG17 Interacts with LRPPRC to Stabilize c-Myc and Promote ,LIHC
GSE166416,SKIP,LIHC,20,90.3 MB,,"only a per-sample archive (<GSE>_RAW.tar), no count matrix",,Cancer growth and metastasis gene pathways are regulated by ,LIHC
GSE166349,SKIP,LIHC,33,0.0 B,,no supplementary files: the data may only be in SRA,,Epigenetic silencing of miR-144/451a cluster contributes to ,LIHC
GSE166299,SKIP,UNKNOWN,4,3.5 MB,,"only a per-sample archive (<GSE>_RAW.tar), no count matrix",,Transcriptomes of 1b Con1cc-infected cells,LIHC
GSE165941,SKIP,LIHC,6,2.7 MB,,"only normalised values (FPKM/TPM/CPM), unusable by DESeq2",,Molecular mechanism of Atractylon in invasion and migration ,LIHC
GSE165842,SKIP,LIHC,6,1.3 MB,,"only normalised values (FPKM/TPM/CPM), unusable by DESeq2",,GDF11 rapidly increases lipid accumulation in liver cancer c,LIHC
GSE109915,SKIP,LIHC,4,3.2 MB,,"only a per-sample archive (<GSE>_RAW.tar), no count matrix",,Next Generation Sequencing Facilitates Quantitative Analysis,LIHC
GSE163601,SKIP,LIHC,2,1.2 MB,,no file recognisable as a count matrix,,RALYL increases hepatocellular carcinoma stemness by sustain,LIHC
GSE154906,SKIP,LIHC,405,2.0 MB,,no file recognisable as a count matrix,,Single-cell analysis reveals the landscape of tumor heteroge,LIHC
GSE144214,SKIP,LIHC,6,11.8 MB,,"only a per-sample archive (<GSE>_RAW.tar), no count matrix",,A hexokinase isoenzyme switch in human liver cancer cells pr,LIHC
GSE108796,SKIP,LIHC,9,881.0 KB,,no file recognisable as a count matrix | sample-type flag in the file names: CELL_LINE,,Analysis of gene expression in co-culture of PBMCs with Hepa,LIHC
GSE139190,SKIP,UNKNOWN,28,5.5 GB,,"only a per-sample archive (<GSE>_RAW.tar), no count matrix",,"Chromatin status and transcriptomics of HEK293, U2OS, HepG2 ",LIHC
GSE122151,SKIP,UNKNOWN,6,1.7 MB,,"only normalised values (FPKM/TPM/CPM), unusable by DESeq2",,Transcriptomic Analysis on Lipid Loaded HepaRG Model for Ste,LIHC
GSE114564,SKIP,LIHC,118,11.0 MB,,"only normalised values (FPKM/TPM/CPM), unusable by DESeq2",,Identification of novel serum biomarkers in early-stage HCC ,LIHC
GSE112363,SKIP,LIHC,2,700.2 KB,,"only a per-sample archive (<GSE>_RAW.tar), no count matrix",,Next Generation Sequencing Facilitates Quantitative Analysis,LIHC
GSE109788,SKIP,UNKNOWN,4,7.1 MB,,"only a per-sample archive (<GSE>_RAW.tar), no count matrix",,Expression profiling analysis to identify POH1-regulated gen,LIHC
GSE162720,SKIP,LIHC,22,1.3 MB,,"only normalised values (FPKM/TPM/CPM), unusable by DESeq2 | sample-type flag in the file names: CELL_LINE",,Optimized RNA-targeting CRISPR/Cas13d technology outperforms,LIHC
GSE154964,SKIP,LIHC,10,598.0 KB,,no file recognisable as a count matrix,,Transcriptome map of cancerous and para-cancerous tissues in,LIHC
GSE141323,SKIP,LIHC,9,1.2 MB,,"only a per-sample archive (<GSE>_RAW.tar), no count matrix",,A Tissue-Specific Tankyrase Inhibitor Drives Key Development,LIHC
GSE140591,SKIP,UNKNOWN,47,352.0 MB,,"only a per-sample archive (<GSE>_RAW.tar), no count matrix",,Cd302 and Cr1l restrict human hepatotropic virus cross-speci,LIHC
GSE140578,SKIP,LIHC,12,125.0 MB,,"only a per-sample archive (<GSE>_RAW.tar), no count matrix",,Cd302 and Cr1l restrict human hepatotropic virus cross-speci,LIHC
GSE140577,SKIP,LIHC,4,55.8 MB,,no file recognisable as a count matrix,,Cd302 and Cr1l restrict human hepatotropic virus cross-speci,LIHC
GSE107411,SKIP,LIHC,4,820.4 KB,,"only a per-sample archive (<GSE>_RAW.tar), no count matrix",,Functional Genomic Analyses of Hep-G2 Cell Line after FTO kn,LIHC
GSE161928,SKIP,UNKNOWN,15,38.4 MB,,no file recognisable as a count matrix | sample-type flag in the file names: NON_HUMAN,,RNA sequencing analysis of organoids and their parental tiss,LIHC
GSE152588,SKIP,UNKNOWN,9,771.0 MB,,"only a per-sample archive (<GSE>_RAW.tar), no count matrix",,YFV Capsid changes to mRNA transcriptome of Huh7 cells,LIHC
GSE146726,SKIP,UNKNOWN,36,5.5 MB,,"only normalised values (FPKM/TPM/CPM), unusable by DESeq2 | sample-type flag in the file names: CELL_LINE",,"RNA-Seq of circCDYL knockdown (KD) samples in HepG2, J82, an",LIHC
GSE145984,SKIP,UNKNOWN,8,51.0 KB,,"only circRNA/isoform/miRNA counts, not gene level",,Total RNA-Seq of KHSRP knockdown (KD) and control samples in,LIHC
GSE159536,SKIP,UNKNOWN,8,13.8 MB,,"only circRNA/isoform/miRNA counts, not gene level",,Long noncoding RNA glycoLINC assembles a lower glycolytic co,LIHC
GSE159977,SKIP,LIHC,10,1.4 GB,,"only a per-sample archive (<GSE>_RAW.tar), no count matrix | sample-type flag in the file names: SINGLE_CELL",,Immune-checkpoint blockade lacks anti-tumorgenicity in NASH-,LIHC
GSE159264,SKIP,LIHC,4,726.6 KB,,"only a per-sample archive (<GSE>_RAW.tar), no count matrix",,S100A9 from tumor-associated macrophage enhances cancer stem,LIHC
GSE139583,SKIP,LIHC,8,2.5 MB,,"only a per-sample archive (<GSE>_RAW.tar), no count matrix",,RNA sequencing results of dipyridamole treatment in SLC29A2-,LIHC
GSE105090,SKIP,LIHC,2,1.1 MB,,"only a per-sample archive (<GSE>_RAW.tar), no count matrix",,Detection of novel fusion transcriptVTI1A-CFAP46 in HHC by R,LIHC
GSE131257,SKIP,LIHC,19,1.1 GB,,"only a per-sample archive (<GSE>_RAW.tar), no count matrix | sample-type flag in the file names: CELL_LINE",,"RNA Helicase DDX5, a Negative Regulator of Wnt Activation an",LIHC
GSE156625,SKIP,LIHC,78,6.5 GB,,no file recognisable as a count matrix | sample-type flag in the file names: SINGLE_CELL,,Onco-fetal reprogramming of endothelial cells drives immunos,LIHC
GSE156337,SKIP,LIHC,186,45.0 KB,,no file recognisable as a count matrix,,Onco-fetal reprogramming of endothelial cells drives immunos,LIHC
GSE104226,SKIP,LIHC,8,1.9 MB,,"only a per-sample archive (<GSE>_RAW.tar), no count matrix",,Translated Long Non-Coding Ribonucleic Acid ZFAS1 Promotes C,LIHC
GSE123661,SKIP,LIHC,18,4.5 MB,,"only a per-sample archive (<GSE>_RAW.tar), no count matrix",,Transcriptomic analysis of Kupffer cells in patients with ci,LIHC
GSE105130,SKIP,LIHC,52,22.0 MB,,"only normalised values (FPKM/TPM/CPM), unusable by DESeq2",,Comprehensive analysis of Transcriptome Profiles in Hepatoce,LIHC
GSE155983,SKIP,UNKNOWN,10,1.0 MB,,"only normalised values (FPKM/TPM/CPM), unusable by DESeq2",,Quantitative analysis of the splice variants expressed by th,LIHC
GSE149510,SKIP,LIHC,8,103.0 MB,,"only a per-sample archive (<GSE>_RAW.tar), no count matrix",,ALKBH5 impacts malignancy of hepatocellular carcinoma via m6,LIHC
GSE138781,SKIP,LIHC,8,3.2 MB,,no file recognisable as a count matrix | sample-type flag in the file names: NOT_RNASEQ,,The role of TCF7L2 rs290487 variant in hepatic glucose metab,LIHC
GSE133659,SKIP,LIHC,18,178.0 MB,,no file recognisable as a count matrix,,FXR isoform selective effects on hepatoma cell line HepG2,LIHC
GSE134745,SKIP,UNKNOWN,126,108.0 GB,,"only a per-sample archive (<GSE>_RAW.tar), no count matrix",,Landscape of Cohesin-Mediated Chromatin Loops in the Human G,LIHC
GSE134743,SKIP,UNKNOWN,46,8.4 GB,,"only a per-sample archive (<GSE>_RAW.tar), no count matrix",,Landscape of Cohesin-Mediated Chromatin Loops in the Human G,LIHC
GSE154211,SKIP,LIHC,10,1.7 MB,,"only normalised values (FPKM/TPM/CPM), unusable by DESeq2",,RNA-Seq analysis of HCV-related HCC and NBNC-HCC tumor and n,LIHC
GSE148736,SKIP,UNKNOWN,15,0.0 B,,no supplementary files: the data may only be in SRA,,Synthetic circular miR-21 RNA decoys enhance tumor suppresso,LIHC
GSE125758,SKIP,LIHC,10,0.0 B,,no supplementary files: the data may only be in SRA,,p53-inducible long non-coding RNAs encode functional peptide,LIHC
GSE125756,SKIP,LIHC,8,6.6 MB,,"only normalised values (FPKM/TPM/CPM), unusable by DESeq2 | sample-type flag in the file names: CELL_LINE",,p53-inducible long non-coding RNAs encode functional peptide,LIHC
GSE154438,SKIP,LIHC,6,426.0 KB,,"only normalised values (FPKM/TPM/CPM), unusable by DESeq2",,Transcriptomic analysis of of hepatocellular carcinoma cells,LIHC
GSE154384,SKIP,LIHC,8,1.8 MB,,no file recognisable as a count matrix,,miR-552-3p modulates transcriptional activities of FXR and L,LIHC
GSE132548,SKIP,UNKNOWN,21,50.0 MB,,no file recognisable as a count matrix,,HCV infection of adult hepatocytes results in temporally str,LIHC
GSE150069,SKIP,LIHC,240,25.3 MB,,no file recognisable as a count matrix | sample-type flag in the file names: NON_HUMAN,,Development and Application of a Transcriptomic Signature of,LIHC
GSE146802,SKIP,UNKNOWN,6,2.5 MB,,no file recognisable as a count matrix | sample-type flag in the file names: CELL_LINE,,"IGF2BP1 is a druggable, post-transcriptional super-enhancer ",LIHC
GSE152108,SKIP,LIHC,2,355.0 KB,,no file recognisable as a count matrix,,Expression data from sgPPARD and sgCtrl of HCC cells,LIHC
GSE142871,SKIP,LIHC,4,1.2 MB,,"only a per-sample archive (<GSE>_RAW.tar), no count matrix",,PIM kinase inhibition in HCC xenograft,LIHC
GSE143717,SKIP,LIHC,32,2.3 MB,,"only normalised values (FPKM/TPM/CPM), unusable by DESeq2",,Low-Dose Silver Nanoparticle Surface Chemistry and Temporal ,LIHC
GSE101432,SKIP,LIHC,52,8.2 MB,,"only circRNA/isoform/miRNA counts, not gene level",,Comprehensive transcriptome analysis in human liver,LIHC
GSE151412,SKIP,LIHC,70,21.7 MB,,"only normalised values (FPKM/TPM/CPM), unusable by DESeq2",,In vivo screen identifies LXR agonism potentiates sorafenib ,LIHC
GSE140463,SKIP,LIHC,30,116.0 MB,,"only a per-sample archive (<GSE>_RAW.tar), no count matrix",,Multifaceted rewiring of the hepatic lipidome during prolife,LIHC
GSE140462,SKIP,LIHC,14,59.0 MB,,"only a per-sample archive (<GSE>_RAW.tar), no count matrix",,Multifaceted rewiring of the hepatic lipidome during prolife,LIHC
GSE151061,SKIP,LIHC,4,1.1 MB,,"only a per-sample archive (<GSE>_RAW.tar), no count matrix",,Genome-wide RNA-expression analysis after p53 activation in ,LIHC
GSE150226,SKIP,LIHC,30,91.0 MB,,"only a per-sample archive (<GSE>_RAW.tar), no count matrix",,Heterogeneity and chimerism of endothelial cells revealed by,LIHC
GSE145329,SKIP,LIHC,15,517.0 KB,,no file recognisable as a count matrix,,Transcriptomic prediction of pig Leg1s functions in HepG2 ce,LIHC
GSE132341,SKIP,LIHC,18,1.2 MB,,"only a per-sample archive (<GSE>_RAW.tar), no count matrix",,NF90 Modulates Processing of a Subset of Human Pri-miRNAs,LIHC
GSE132332,SKIP,UNKNOWN,6,4.4 MB,,"only a per-sample archive (<GSE>_RAW.tar), no count matrix",,Paired-end RNA-seq in HepG2 cells,LIHC
GSE138569,SKIP,UNKNOWN,18,216.0 MB,,"only a per-sample archive (<GSE>_RAW.tar), no count matrix",,HBV-infected Primary Human Hepatocytes and HBV-infected HepG,LIHC
GSE138567,SKIP,UNKNOWN,9,1.3 MB,,"only normalised values (FPKM/TPM/CPM), unusable by DESeq2 | sample-type flag in the file names: CELL_LINE",,RNA-seq analysis of HBV-infected HepG2-NTCP cells treated by,LIHC
GSE141711,SKIP,UNKNOWN,90,15.9 MB,,"only normalised values (FPKM/TPM/CPM), unusable by DESeq2",,Characterization of glyceollins as novel aryl hydrocarbon re,LIHC
GSE148551,SKIP,LIHC,2,2.6 MB,,"only a per-sample archive (<GSE>_RAW.tar), no count matrix",,RNA sequencing results of cell migration and adhesion induce,LIHC
GSE147093,SKIP,UNKNOWN,6,27.0 MB,,"only a per-sample archive (<GSE>_RAW.tar), no count matrix",,Genome-wide analysis of the transcriptional profile of Zika ,LIHC
GSE76344,SKIP,LIHC,7,127.0 MB,,"only a per-sample archive (<GSE>_RAW.tar), no count matrix",,Histone modification and nucleosome mapping in human liver c,LIHC
GSE143235,SKIP,LIHC,7,70.1 KB,,"only a per-sample archive (<GSE>_RAW.tar), no count matrix",,RNA m6A methylation regulates sorafenib-resistance in liver ,LIHC
GSE143233,SKIP,LIHC,6,698.0 KB,,"only normalised values (FPKM/TPM/CPM), unusable by DESeq2",,RNA m6A methylation regulates sorafenib-resistance in liver ,LIHC
GSE97413,SKIP,UNKNOWN,57,7.8 GB,,"only a per-sample archive (<GSE>_RAW.tar), no count matrix",,INO80 complex assembly is antagonized by PRC2.,LIHC
GSE97412,SKIP,LIHC,19,2.8 MB,,"only normalised values (FPKM/TPM/CPM), unusable by DESeq2",,Expression analysis of INO80 complex in HepG2 liver cancer c,LIHC
GSE146070,SKIP,UNKNOWN,6,216.0 KB,,"only normalised values (FPKM/TPM/CPM), unusable by DESeq2 | sample-type flag in the file names: CELL_LINE",,EDEM3 modulates plasma triglyceride level through its regula,LIHC
GSE133086,SKIP,LIHC,24,532.0 MB,,"only a per-sample archive (<GSE>_RAW.tar), no count matrix",,Dual RNA-Seq characterization of host and pathogen gene expr,LIHC
GSE140961,SKIP,LIHC,4,560.3 KB,,"only a per-sample archive (<GSE>_RAW.tar), no count matrix",,RNA sequencing analysis of ARV825 target genes in senescent ,LIHC
GSE132219,SKIP,UNKNOWN,206,5.9 GB,,"only a per-sample archive (<GSE>_RAW.tar), no count matrix",,Epigenetic footprint of hepatoblastoma defines a novel integ,LIHC
GSE120659,SKIP,LIHC,2,3.0 MB,,"only a per-sample archive (<GSE>_RAW.tar), no count matrix",,Next Generation Sequencing Facilitates Quantitative Analysis,LIHC
GSE120611,SKIP,LIHC,4,7.0 MB,,"only a per-sample archive (<GSE>_RAW.tar), no count matrix",,Next Generation Sequencing Facilitates Quantitative Analysis,LIHC
GSE146169,SKIP,UNKNOWN,2,1.8 MB,,"only circRNA/isoform/miRNA counts, not gene level",,Next Generation Sequencing Facilitates Quantitative Analysis,LIHC
GSE146075,SKIP,LIHC,2,5.5 MB,,"only a per-sample archive (<GSE>_RAW.tar), no count matrix",,C19orf66 is an interferon-induced inhibitor of HCV replicati,LIHC
GSE145731,SKIP,LIHC,35,767.0 KB,,"only normalised values (FPKM/TPM/CPM), unusable by DESeq2",,RNA-Seq Analysis Illuminates the Early Stages of Plasmodium ,LIHC
GSE145636,SKIP,LIHC,7,0.0 B,,no supplementary files: the data may only be in SRA,,RFX8-mediated Transcriptional Activation of DDX24 Promotes H,LIHC
GSE145635,SKIP,LIHC,3,25.0 MB,,no file recognisable as a count matrix | sample-type flag in the file names: CELL_LINE,,RFX8-mediated Transcriptional Activation of DDX24 Promotes H,LIHC
GSE145632,SKIP,LIHC,4,4.7 MB,,no file recognisable as a count matrix,,RFX8-mediated Transcriptional Activation of DDX24 Promotes H,LIHC
GSE126798,SKIP,LIHC,25,5.1 MB,,"only a per-sample archive (<GSE>_RAW.tar), no count matrix",,Human liver organoids; a patient-derived primary model for H,LIHC
GSE145389,SKIP,LIHC,4,500.3 KB,,"only a per-sample archive (<GSE>_RAW.tar), no count matrix",,Gene expression profiling of HepG2 cells after treatment of ,LIHC
GSE136009,SKIP,LIHC,39,4.2 MB,,no file recognisable as a count matrix,,Flow cytometric micronucleus assay and TGx-DDI transcriptomi,LIHC
GSE143626,SKIP,UNKNOWN,344,45.0 MB,,"only a per-sample archive (<GSE>_RAW.tar), no count matrix",,Deregulation of ribosomal protein expression and translation,LIHC
GSE140202,SKIP,LIHC,12,7.5 MB,,"only a per-sample archive (<GSE>_RAW.tar), no count matrix",,Identification and validation of potential key long noncodin,LIHC
GSE140520,SKIP,LIHC,43,6.7 MB,,"only normalised values (FPKM/TPM/CPM), unusable by DESeq2",,Amino acid levels determine metabolism and cyp450 function o,LIHC
GSE143941,SKIP,LIHC,6,4.3 MB,,"only a per-sample archive (<GSE>_RAW.tar), no count matrix",,Classification of Primary Liver Cancer with Immunosuppressio,LIHC
GSE112271,SKIP,LIHC,7,187.0 MB,,"only a per-sample archive (<GSE>_RAW.tar), no count matrix",,Single-cell RNA of multiregional sampling in hepatocellular ,LIHC
GSE143133,SKIP,UNKNOWN,2,92.0 MB,,"only a per-sample archive (<GSE>_RAW.tar), no count matrix",,long read RNA-seq from HepG2 (ENCSR834DQL),LIHC
GSE133759,SKIP,LIHC,3,4.3 MB,,"only a per-sample archive (<GSE>_RAW.tar), no count matrix",,DIS3L2 promotes progression of hepatocellular carcinoma via ,LIHC
GSE142588,SKIP,LIHC,16,4.2 MB,,"only a per-sample archive (<GSE>_RAW.tar), no count matrix",,RNA-seq in liver cancer cell and cinobufagin treatment cells,LIHC
GSE129261,SKIP,LIHC,2,452.1 KB,,"only a per-sample archive (<GSE>_RAW.tar), no count matrix",,Rip-seq of MTR4 in PLC/PRF5,LIHC
GSE129263,SKIP,LIHC,6,1.2 MB,,"only a per-sample archive (<GSE>_RAW.tar), no count matrix",,MTR4 drives tumorigenesis of hepatocellular carcinoma by con,LIHC
GSE115139,SKIP,LIHC,2,3.2 MB,,no file recognisable as a count matrix | sample-type flag in the file names: CELL_LINE,,"Myc/Max dependent long antisense noncoding RNA, EVA1A-AS, pa",LIHC
GSE76139,SKIP,LIHC,9,1.7 MB,,"only a per-sample archive (<GSE>_RAW.tar), no count matrix",,Next-gen sequencing for transcriptomic differences in HuH-7 ,LIHC
GSE140846,SKIP,LIHC,16,0.0 B,,no supplementary files: the data may only be in SRA,,Integrative analysis of microRNAs and mRNAs in liver tissue ,LIHC
GSE140845,SKIP,LIHC,10,5.7 MB,,"only normalised values (FPKM/TPM/CPM), unusable by DESeq2",,Integrative analysis of microRNAs and mRNAs in liver tissue ,LIHC
GSE128837,SKIP,UNKNOWN,179,85.0 GB,,"only a per-sample archive (<GSE>_RAW.tar), no count matrix",,The hematopoietic master transcription factor PU.1 requires ,LIHC
GSE140228,SKIP,LIHC,41,305.8 MB,,sample-type flag in the file names: SINGLE_CELL,,Landscape and Dynamics of Single Immune Cells in Hepatocellu,LIHC
GSE117116,SKIP,LIHC,9,1.1 MB,,"only a per-sample archive (<GSE>_RAW.tar), no count matrix",,The Hippo pathway kinase LATS1 scaffolds Beclin1 in autophag,LIHC
GSE88731,SKIP,UNKNOWN,8,6.2 MB,,no file recognisable as a count matrix,,Cellular response to hepatitis E virus (HEV) infection,LIHC
GSE114808,SKIP,LIHC,5,810.4 KB,,"only a per-sample archive (<GSE>_RAW.tar), no count matrix",,A high-throughput screen reveals SALL4-induced oxidative pho,LIHC
GSE135477,SKIP,UNKNOWN,4,1.0 MB,,"only a per-sample archive (<GSE>_RAW.tar), no count matrix",,PTENa/b paradoxically promote carcinogenesis through WDR5-H3,LIHC
GSE138485,SKIP,LIHC,64,114.0 MB,,"only a per-sample archive (<GSE>_RAW.tar), no count matrix",,Retrospective gene expression analysis of human RNA samples ,LIHC
GSE138367,SKIP,UNKNOWN,4,6.0 MB,,"only a per-sample archive (<GSE>_RAW.tar), no count matrix",,"In vitro and in vivo antitumor activity of cucurbitacin C, a",LIHC
GSE133553,SKIP,LIHC,2,12.0 MB,,no file recognisable as a count matrix,,TCF12 promotes the tumorigenesis and metastasis of hepatocel,LIHC
GSE125469,SKIP,LIHC,6,7.2 MB,,no file recognisable as a count matrix,,Effect of circPTPRM on the biological behaviors of hepatocel,LIHC
GSE136846,SKIP,LIHC,12,627.0 KB,,no file recognisable as a count matrix,,Discovery and verification of liver cancer marker genes and ,LIHC
GSE113005,SKIP,LIHC,6,1.0 MB,,"only a per-sample archive (<GSE>_RAW.tar), no count matrix",,Transcriptomics-based drug repurposing approach identifies n,LIHC
GSE119946,SKIP,LIHC,3,221.0 MB,,"only a per-sample archive (<GSE>_RAW.tar), no count matrix",,Profiling of EMT-associated mitochondrial RNAs in hepatocell,LIHC
GSE110059,SKIP,UNKNOWN,2,6.3 MB,,"only a per-sample archive (<GSE>_RAW.tar), no count matrix",,"BS008, an amiloride derivative, can regulate the alternative",LIHC
GSE135796,SKIP,LIHC,6,594.0 KB,,"only normalised values (FPKM/TPM/CPM), unusable by DESeq2",,Growth Differentiation Factor 11 exacerbates non-alcoholic f,LIHC
GSE135619,SKIP,UNKNOWN,24,32.0 MB,,"only a per-sample archive (<GSE>_RAW.tar), no count matrix",,Robust hepatitis E virus infection and transcriptional respo,LIHC
GSE135581,SKIP,LIHC,3,261.0 KB,,no file recognisable as a count matrix,,Regulation of TERT and HKR3 in Hep3B cell lines,LIHC
GSE135579,SKIP,UNKNOWN,2,4.5 MB,,no file recognisable as a count matrix | sample-type flag in the file names: CELL_LINE,,Next Generation Sequencing Facilitates Quantitative Analysis,LIHC
GSE134978,SKIP,LIHC,4,4.3 MB,,"only a per-sample archive (<GSE>_RAW.tar), no count matrix",,Genome-wide identification of transcripts associated with KI,LIHC
GSE134817,SKIP,UNKNOWN,180,1.4 GB,,"only a per-sample archive (<GSE>_RAW.tar), no count matrix",,Promoter activity profiling reveals on- and off-target trans,LIHC
GSE134776,SKIP,LIHC,4,11.9 MB,,"only a per-sample archive (<GSE>_RAW.tar), no count matrix",,Gene expression profiling for HCCLM3 cells with shCtrl or sh,LIHC
GSE133976,SKIP,LIHC,6,780.4 KB,,"only a per-sample archive (<GSE>_RAW.tar), no count matrix",,"GREB1, a novel target of Wnt signaling, promotes development",LIHC
GSE134197,SKIP,LIHC,12,2.9 MB,,sample-type flag in the file names: CELL_LINE,,The effects of U1 snRNA mutation in chronic lymphocytic leuk,LIHC
GSE125518,SKIP,LIHC,15,1.7 MB,,"only normalised values (FPKM/TPM/CPM), unusable by DESeq2",,Targeting HuH7 cells with JumonjiC Lysine Demethylase Inhibi,LIHC
GSE120110,SKIP,UNKNOWN,152,68.0 GB,,"only a per-sample archive (<GSE>_RAW.tar), no count matrix",,Pervasive Chromatin-RNA Binding Protein Interactions Enable ,LIHC
GSE120105,SKIP,UNKNOWN,38,2.0 GB,,"only a per-sample archive (<GSE>_RAW.tar), no count matrix",,Pervasive Chromatin-RNA Binding Protein Interactions Enable ,LIHC
GSE128274,SKIP,LIHC,16,297.0 KB,,"only circRNA/isoform/miRNA counts, not gene level",,Analyses of a panel of transcripts and construction of RNA n,LIHC
GSE97098,SKIP,LIHC,73,4.8 MB,,"only normalised values (FPKM/TPM/CPM), unusable by DESeq2",,RNAseq data of 81 liver cancer cell lines,LIHC
GSE132766,SKIP,UNKNOWN,8,24.9 MB,,no file recognisable as a count matrix | sample-type flag in the file names: CELL_LINE,,A technology-agnostic long-read analysis pipeline for transc,LIHC
GSE120160,SKIP,LIHC,22,5.8 GB,,"only a per-sample archive (<GSE>_RAW.tar), no count matrix",,MenSCs inhibit HCC growth through oncogenic pathway suppress,LIHC
GSE120158,SKIP,LIHC,6,857.0 KB,,no file recognisable as a count matrix,,MenSCs inhibit HCC growth through oncogenic pathway suppress,LIHC
GSE104462,SKIP,LIHC,9,689.0 KB,,no file recognisable as a count matrix,,Genome-wide analysis of ferroptosis related genes in liver c,LIHC
GSE124752,SKIP,LIHC,8,880.0 KB,,"only normalised values (FPKM/TPM/CPM), unusable by DESeq2",,Gene expression profile of hepatocellular carcinoma with mar,LIHC
GSE124751,SKIP,LIHC,206,24.0 MB,,"only normalised values (FPKM/TPM/CPM), unusable by DESeq2",,Gene expression profile of hepatocellular carcinoma with mar,LIHC
GSE121013,SKIP,LIHC,4,3.9 MB,,"only a per-sample archive (<GSE>_RAW.tar), no count matrix",,De novo assembled individual genome does not show advantage ,LIHC
GSE99680,SKIP,UNKNOWN,107,1.8 MB,,sample-type flag in the file names: CELL_LINE,,Estrogen signaling is reprogrammed in breast tumorigenesis,LIHC
GSE131680,SKIP,LIHC,9,886.0 KB,,"only normalised values (FPKM/TPM/CPM), unusable by DESeq2",,Loss of histone macroH2A1 in hepatocellular carcinoma cells ,LIHC
GSE114856,SKIP,UNKNOWN,10,9.0 MB,,"only a per-sample archive (<GSE>_RAW.tar), no count matrix",,RNA sequencing results of EMT and CSC phenotypes induced by ,LIHC
GSE111829,SKIP,LIHC,2,9.0 MB,,"only a per-sample archive (<GSE>_RAW.tar), no count matrix",,NCOA5 knockout suppresses epithelial-to-mesenchymal transiti,LIHC
GSE124527,SKIP,UNKNOWN,2,770.2 KB,,"only a per-sample archive (<GSE>_RAW.tar), no count matrix",,Global RNA expression profiles between shNC and shcircβ-cate,LIHC
GSE125525,SKIP,LIHC,3,510.3 KB,,"only a per-sample archive (<GSE>_RAW.tar), no count matrix",,"Next Generation Sequencing Quantitative Analysis of HepG2, h",LIHC
GSE126831,SKIP,LIHC,63,3.8 MB,,"only normalised values (FPKM/TPM/CPM), unusable by DESeq2",,A temporal proteogenomic atlas of HCV-host interactions unra,LIHC
GSE109194,SKIP,UNKNOWN,26,0.0 B,,no supplementary files: the data may only be in SRA,,An RNA-centric dissection of host complexes controlling flav,LIHC
GSE109191,SKIP,UNKNOWN,12,12.0 MB,,"only normalised values (FPKM/TPM/CPM), unusable by DESeq2 | sample-type flag in the file names: CELL_LINE",,An RNA-centric dissection of host complexes controlling flav,LIHC
GSE109190,SKIP,UNKNOWN,6,1.5 MB,,"only normalised values (FPKM/TPM/CPM), unusable by DESeq2 | sample-type flag in the file names: CELL_LINE",,An RNA-centric dissection of host complexes controlling flav,LIHC
GSE98372,SKIP,UNKNOWN,8,790.6 KB,,"only a per-sample archive (<GSE>_RAW.tar), no count matrix",,Next Generation Sequencing Facilitates Quantitative Analysis,LIHC
GSE125602,SKIP,LIHC,6,1.6 MB,,"only normalised values (FPKM/TPM/CPM), unusable by DESeq2",,RNA-sequencing of fibrolamellar carcinoma (FLC) cell line tr,LIHC
GSE124535,SKIP,LIHC,70,26.4 MB,,"only a per-sample archive (<GSE>_RAW.tar), no count matrix",,Gene expression profiles of 35 paired HCC and non-tumor tiss,LIHC
GSE127713,SKIP,LIHC,12,17.3 MB,,no file recognisable as a count matrix,,Cellular gene expression during Hepatitis C Virus replicatio,LIHC
GSE121952,SKIP,UNKNOWN,12,4.8 MB,,sample-type flag in the file names: CELL_LINE,,Active ribosome profiling in SETD2 or METTL14 knockdown HepG,LIHC
GSE121949,SKIP,UNKNOWN,24,4.4 MB,,"only normalised values (FPKM/TPM/CPM), unusable by DESeq2",,RNA stability profiling in SETD2 and METTL14 knockdown HepG2,LIHC
GSE121948,SKIP,UNKNOWN,2,76.0 KB,,no file recognisable as a count matrix | sample-type flag in the file names: CELL_LINE,,PAR-CLIP-seq of HA-METTL14 in HepG2 cells,LIHC
GSE110323,SKIP,UNKNOWN,119,0.0 B,,no supplementary files: the data may only be in SRA,,Histone H3 Trimethylation at Lysine 36 (H3K36me3) Guides m6A,LIHC
GSE119631,SKIP,UNKNOWN,8,13.0 MB,,"only a per-sample archive (<GSE>_RAW.tar), no count matrix",,Characterization of the dynamics of lamin A and lamin B LADs,LIHC
GSE110048,SKIP,LIHC,8,1.5 MB,,no file recognisable as a count matrix,,CircZKSCAN1 suppresses stemness in hepatocellular carcinoma ,LIHC
GSE118140,SKIP,LIHC,4,8.7 MB,,"only normalised values (FPKM/TPM/CPM), unusable by DESeq2",,Transcriptomic analysis of the RPS3-regulated genes in HCC c,LIHC
GSE123098,SKIP,LIHC,4,1.2 MB,,"only a per-sample archive (<GSE>_RAW.tar), no count matrix",,Aberrant enhancer reprogramming drives hepatic carcinogenesi,LIHC
GSE119001,SKIP,LIHC,6,27.0 MB,,"only a per-sample archive (<GSE>_RAW.tar), no count matrix",,Expression alterations induced by restoration of AXIN1 expre,LIHC
GSE113400,SKIP,LIHC,4,1.3 MB,,"only normalised values (FPKM/TPM/CPM), unusable by DESeq2",,Determine the role of TXNDC9 in hepatocellular carcinoma pro,LIHC
GSE92328,SKIP,LIHC,24,32.0 GB,,"only a per-sample archive (<GSE>_RAW.tar), no count matrix",,Next Generation Sequencing for Genome-wide Maps of DNA Methy,LIHC
GSE115193,SKIP,LIHC,9,1.4 MB,,"only normalised values (FPKM/TPM/CPM), unusable by DESeq2",,Evaluating pre-clinical models for studying NASH driven HCC.,LIHC
GSE112983,SKIP,UNKNOWN,8,3.0 MB,,"only a per-sample archive (<GSE>_RAW.tar), no count matrix",,RNA sequencing of HepG2 cells treated with estradiol or estr,LIHC
GSE123039,SKIP,LIHC,4,1.0 MB,,"only normalised values (FPKM/TPM/CPM), unusable by DESeq2",,mRNA expression profile in MHCC-97H-SH-NC And MHCC-97H-SH-UC,LIHC
GSE121468,SKIP,LIHC,2,5.4 MB,,"only a per-sample archive (<GSE>_RAW.tar), no count matrix",,Expression profiles in circRHOT1-deficient or control HCC ce,LIHC
GSE121072,SKIP,LIHC,4,2.6 MB,,no file recognisable as a count matrix | sample-type flag in the file names: CELL_LINE,,Stable knockdown of PLAGL2 in hepatocellular carcinoma cells,LIHC
GSE116136,SKIP,UNKNOWN,24,0.0 B,,no supplementary files: the data may only be in SRA,,IGF2BP1 promotes SRF-dependent transcription in cancer in a ,LIHC
GSE116133,SKIP,LIHC,7,2.2 MB,,no file recognisable as a count matrix | sample-type flag in the file names: CELL_LINE,,IGF2BP1 promotes SRF-dependent transcription in cancer in a ,LIHC
GSE112048,SKIP,UNKNOWN,18,510.2 MB,,"only a per-sample archive (<GSE>_RAW.tar), no count matrix",,"Bisulfite-free, nano-scale analysis of 5-hydroxymethylcytosi",LIHC
GSE112623,SKIP,UNKNOWN,3,1.3 MB,,"only a per-sample archive (<GSE>_RAW.tar), no count matrix",,Optimal settings of mass spectrometry open search strategy f,LIHC
GSE115423,SKIP,LIHC,9,7.8 MB,,"only a per-sample archive (<GSE>_RAW.tar), no count matrix",,Transcriptome analysis of the HepG2 cells expressing hepatic,LIHC
GSE87592,SKIP,UNKNOWN,53,6.5 MB,,no file recognisable as a count matrix,,Expression profiling by high throughput sequencing and trans,LIHC
GSE119088,SKIP,UNKNOWN,18,8.1 MB,,no file recognisable as a count matrix,,Transcriptomes change differerntly in differernt cancer cell,LIHC
GSE97469,SKIP,UNKNOWN,6,1.5 MB,,no file recognisable as a count matrix | sample-type flag in the file names: CELL_LINE,,Expression analysis of genes modulated after knock-down of l,LIHC
GSE120096,SKIP,UNKNOWN,14,29.0 MB,,"only a per-sample archive (<GSE>_RAW.tar), no count matrix",,Gene expression profiling of xenografts generated by lung me,LIHC
GSE103730,SKIP,LIHC,42,0.0 B,,no supplementary files: the data may only be in SRA,,High-resolution liver cancer genomic profiling links etiolog,LIHC
GSE103729,SKIP,LIHC,18,5.3 MB,,no file recognisable as a count matrix,,High-resolution liver cancer genomic profiling links etiolog,LIHC
GSE112221,SKIP,LIHC,55,89.5 MB,,"only a per-sample archive (<GSE>_RAW.tar), no count matrix",,Integrating the Epigenome to Identify Novel Drivers of Hepat,LIHC
GSE101061,SKIP,LIHC,12,5.5 MB,,"only normalised values (FPKM/TPM/CPM), unusable by DESeq2",,Oncogenic Serine-Threonine Kinase Receptor Associated Protei,LIHC
GSE107747,SKIP,LIHC,2,35.0 MB,,"only a per-sample archive (<GSE>_RAW.tar), no count matrix",,Single-cell RNA sequencing of circulating tumor cells in hep,LIHC
GSE116172,SKIP,UNKNOWN,12,1.2 MB,,no file recognisable as a count matrix,,An atlas of genetic variation for linking pathogen-induced c,LIHC
GSE117459,SKIP,LIHC,4,440.0 KB,,"only normalised values (FPKM/TPM/CPM), unusable by DESeq2",,Histone variant macroH2A1 rewires carbohydrate and lipid met,LIHC
GSE112729,SKIP,LIHC,7,1.3 GB,,"only a per-sample archive (<GSE>_RAW.tar), no count matrix",,SALL4 Crud ChIP sequencing-WT and RNA-seq of SNU398 cells tr,LIHC
GSE104761,SKIP,UNKNOWN,50,5.1 GB,,"only a per-sample archive (<GSE>_RAW.tar), no count matrix",,The interplay between SOX4 and SMAD3 in the context of breas,LIHC
GSE103867,SKIP,LIHC,3,29.3 MB,,no file recognisable as a count matrix | sample-type flag in the file names: SINGLE_CELL,,Single cell analysis reveals cancer cell heterogeneities in ,LIHC
GSE103866,SKIP,LIHC,138,8.8 MB,,no file recognisable as a count matrix,,Single cell analysis reveals cancer cell heterogeneities in ,LIHC
GSE103591,SKIP,UNKNOWN,141,0.0 B,,no supplementary files: the data may only be in SRA,,Single cell analysis reveals cancer cell heterogeneities in ,LIHC
GSE99697,SKIP,UNKNOWN,6,353.0 MB,,"only a per-sample archive (<GSE>_RAW.tar), no count matrix",,Iron response of HepG2 cells,LIHC
GSE113247,SKIP,LIHC,8,539.0 KB,,no file recognisable as a count matrix,,Sauchinone controls hepatic cholesterol homeostasis by the n,LIHC
GSE109605,SKIP,UNKNOWN,17,30.2 KB,,"only a per-sample archive (<GSE>_RAW.tar), no count matrix",,IGF2BP1 enhances an aggressive tumor cell phenotype by impai,LIHC
GSE90686,SKIP,UNKNOWN,44,0.0 B,,no supplementary files: the data may only be in SRA,,Recognition of RNA N6-methyadenosine by IGF2BP proteins Enha,LIHC
GSE90684,SKIP,UNKNOWN,30,12.9 MB,,"only normalised values (FPKM/TPM/CPM), unusable by DESeq2",,IGF2BP proteins Enhance mRNA stability,LIHC
GSE111655,SKIP,LIHC,6,665.0 KB,,"only normalised values (FPKM/TPM/CPM), unusable by DESeq2",,The LINC01138 Drives Malignancies via Activating Arginine Me,LIHC
GSE94660,SKIP,LIHC,42,6.5 MB,,"only normalised values (FPKM/TPM/CPM), unusable by DESeq2",,RNA sequencing (RNA-SEQ) of 21 HBV-HCC patients with non-neo,LIHC
GSE110496,SKIP,UNKNOWN,2260,376.2 MB,,"only a per-sample archive (<GSE>_RAW.tar), no count matrix",,Single cell transcriptional dynamics of flavivirus infection,LIHC
GSE100207,SKIP,LIHC,21,5.6 MB,,"only circRNA/isoform/miRNA counts, not gene level",,"RNA-seq reveals abundant circRNA, lncRNA and mRNA in blood e",LIHC
GSE103327,SKIP,LIHC,6,537.0 KB,,"only normalised values (FPKM/TPM/CPM), unusable by DESeq2",,Transcriptome profiling of HepG2 cells upon treatment of the,LIHC
GSE109955,SKIP,LIHC,50,0.0 B,,no supplementary files: the data may only be in SRA,,Generation of matched patient-derived xenograft in vitro-in ,LIHC
GSE109903,SKIP,LIHC,28,3.6 MB,,"only normalised values (FPKM/TPM/CPM), unusable by DESeq2 | sample-type flag in the file names: XENOGRAFT",,Generation of matched patient-derived xenograft in vitro-in ,LIHC
GSE109528,SKIP,LIHC,3,594.0 KB,,"only normalised values (FPKM/TPM/CPM), unusable by DESeq2",,"RNA-seq analysis of HuH-7, NCI-H1299 and HEK-293T cells",LIHC
GSE109490,SKIP,LIHC,2,93.0 KB,,no file recognisable as a count matrix,,Functional modulation of gene expression by TUC338 during gr,LIHC
GSE109463,SKIP,LIHC,15,25.0 MB,,"only a per-sample archive (<GSE>_RAW.tar), no count matrix",,A toxicogenomics approach to screen chlorinated flame retard,LIHC
GSE109072,SKIP,LIHC,9,12.0 MB,,"only a per-sample archive (<GSE>_RAW.tar), no count matrix",,Toxicogenomics of the flame retardant tris (2-butoxyethyl) p,LIHC
GSE98091,SKIP,LIHC,6,1.3 MB,,"only normalised values (FPKM/TPM/CPM), unusable by DESeq2",,Transcriptomic analysis of the HOTAIR-regulated genes,LIHC
GSE102910,SKIP,LIHC,8,3.7 MB,,"only normalised values (FPKM/TPM/CPM), unusable by DESeq2",,The hepatitis C viral protein NS5A stabilizes growth-regulat,LIHC
GSE79463,SKIP,LIHC,4,8.4 MB,,"only a per-sample archive (<GSE>_RAW.tar), no count matrix",,NR2E3 gene networks are associated with AHR signaling pathwa,LIHC
GSE104310,SKIP,LIHC,20,2.8 MB,,"only a per-sample archive (<GSE>_RAW.tar), no count matrix",,Gene Expression Profile of human hepatocellular carcinoma by,LIHC
GSE99315,SKIP,LIHC,18,3.0 GB,,"only a per-sample archive (<GSE>_RAW.tar), no count matrix",,Genome-wide analysis of YAP and TFCP2 occupancy and regulate,LIHC
GSE99313,SKIP,LIHC,9,7.2 MB,,"only a per-sample archive (<GSE>_RAW.tar), no count matrix",,Genome-wide analysis of YAP and TFCP2 down-regulated genes i,LIHC
GSE87476,SKIP,UNKNOWN,32,23.0 GB,,"only a per-sample archive (<GSE>_RAW.tar), no count matrix",,Mitotic Transcription and Waves of Gene Reactivation During ,LIHC
GSE86602,SKIP,UNKNOWN,4,460.3 KB,,"only a per-sample archive (<GSE>_RAW.tar), no count matrix",,Comparison of gene expression profiles between SCD1 knockdow,LIHC
GSE102561,SKIP,UNKNOWN,53,1.8 GB,,"only a per-sample archive (<GSE>_RAW.tar), no count matrix",,"Co-regulation of transcription by BRG1 and Brm, two mutually",LIHC
GSE79884,SKIP,LIHC,2,6.3 MB,,"only a per-sample archive (<GSE>_RAW.tar), no count matrix",,4β-Hydroxywithanolide E Modulates Alternative Splicing of Ap,LIHC
GSE63018,SKIP,LIHC,35,6.3 MB,,"only normalised values (FPKM/TPM/CPM), unusable by DESeq2",,Genome and transcriptome profiling of fibrolamellar carcinom,LIHC
GSE98985,SKIP,LIHC,12,190.0 MB,,"only a per-sample archive (<GSE>_RAW.tar), no count matrix",,Genes directly regulated by NF-κB in human hepatocellular ca,LIHC
GSE98984,SKIP,LIHC,6,190.0 MB,,"only a per-sample archive (<GSE>_RAW.tar), no count matrix",,Genes directly regulated by NF-κB in human hepatocellular ca,LIHC
GSE93832,SKIP,LIHC,16,32.0 MB,,"only a per-sample archive (<GSE>_RAW.tar), no count matrix",,Lipid Nanoparticle-Mediated Delivery of Anti-miR-17 Family O,LIHC
GSE93831,SKIP,LIHC,10,1.7 MB,,"only a per-sample archive (<GSE>_RAW.tar), no count matrix",,mRNA Profiling of miR-17 family inhibition using TuD lentivi,LIHC
GSE89309,SKIP,UNKNOWN,97,97.0 MB,,"only a per-sample archive (<GSE>_RAW.tar), no count matrix",,Chromatin states of tumor-specific T cells,LIHC
GSE83132,SKIP,UNKNOWN,41,4.9 MB,,"only normalised values (FPKM/TPM/CPM), unusable by DESeq2",,Genes that mediate leptomeningeal metastasis from breast and,LIHC
GSE97214,SKIP,LIHC,18,2.9 MB,,"only a per-sample archive (<GSE>_RAW.tar), no count matrix",,Transcriptome sequencing identify a recurrent CRYL1-IFT88 ch,LIHC
GSE97061,SKIP,LIHC,46,0.0 B,,no supplementary files: the data may only be in SRA,,Argonaute CLIP defines a deregulated miR-122 bound transcrip,LIHC
GSE95778,SKIP,LIHC,2,3.2 MB,,"only circRNA/isoform/miRNA counts, not gene level",,Transcriptome-wide identification of transcripts regulated b,LIHC
GSE77509,SKIP,LIHC,60,12.0 MB,,"only a per-sample archive (<GSE>_RAW.tar), no count matrix",,RNA-seq analysis of hepatocellular carcinoma with portal vei,LIHC
GSE77276,SKIP,LIHC,240,7.7 GB,,"only a per-sample archive (<GSE>_RAW.tar), no count matrix",,The molecular landscape of hepatocellular carcinoma with por,LIHC
GSE77992,SKIP,LIHC,4,950.4 KB,,"only a per-sample archive (<GSE>_RAW.tar), no count matrix",,Next Generation Sequencing Facilitates Quantitative Analysis,LIHC
GSE62905,SKIP,LIHC,4,1.6 MB,,"only a per-sample archive (<GSE>_RAW.tar), no count matrix",,Quantitative analysis of CD133+ liver cancer stem cells vs C,LIHC
GSE78705,SKIP,LIHC,2,4.1 MB,,"only normalised values (FPKM/TPM/CPM), unusable by DESeq2",,Next Generation Sequencing Analysis of control and SRSF2-/- ,LIHC
GSE80361,SKIP,LIHC,12,2.6 MB,,"only a per-sample archive (<GSE>_RAW.tar), no count matrix",,Transcriptome profile of HepG2-expressing ATP7B-H1069Q (live,LIHC
GSE73268,SKIP,LIHC,4,950.4 KB,,"only a per-sample archive (<GSE>_RAW.tar), no count matrix",,Next Generation Sequencing Facilitates Quantitative Analysis,LIHC
GSE64520,SKIP,LIHC,298,5.9 MB,,"only a per-sample archive (<GSE>_RAW.tar), no count matrix",,Molecular liver cancer prevention in cirrhosis by organ tran,LIHC
GSE90322,SKIP,UNKNOWN,2,555.0 MB,,"only a per-sample archive (<GSE>_RAW.tar), no count matrix",,polyA mRNA RNA-seq from HepG2 (ENCSR329MHM),LIHC
GSE90229,SKIP,UNKNOWN,2,2.9 GB,,"only a per-sample archive (<GSE>_RAW.tar), no count matrix",,polyA depleted RNA-seq from HepG2 (ENCSR000CPD),LIHC
GSE74791,SKIP,LIHC,3,259.0 KB,,no file recognisable as a count matrix,,Functional Genomic Analyses of Hep-G2 Cell Line after FTO kn,LIHC
GSE81550,SKIP,LIHC,6,8.9 MB,,"only a per-sample archive (<GSE>_RAW.tar), no count matrix",,RNA-Seq expression profiling of hepatocellular carcinoma and,LIHC
GSE88696,SKIP,UNKNOWN,2,2.9 GB,,"only a per-sample archive (<GSE>_RAW.tar), no count matrix",,shRNA RNA-seq from HepG2 (ENCSR998MZP),LIHC
GSE88693,SKIP,UNKNOWN,2,3.5 GB,,"only a per-sample archive (<GSE>_RAW.tar), no count matrix",,shRNA RNA-seq from HepG2 (ENCSR995RPB),LIHC
GSE88692,SKIP,UNKNOWN,2,2.7 GB,,"only a per-sample archive (<GSE>_RAW.tar), no count matrix",,shRNA RNA-seq from HepG2 (ENCSR995JMS),LIHC
GSE88691,SKIP,UNKNOWN,2,2.6 GB,,"only a per-sample archive (<GSE>_RAW.tar), no count matrix",,shRNA RNA-seq from HepG2 (ENCSR992JGE),LIHC
GSE88681,SKIP,UNKNOWN,2,2.8 GB,,"only a per-sample archive (<GSE>_RAW.tar), no count matrix",,shRNA RNA-seq from HepG2 (ENCSR968YWY),LIHC
GSE88678,SKIP,UNKNOWN,2,3.5 GB,,"only a per-sample archive (<GSE>_RAW.tar), no count matrix",,shRNA RNA-seq from HepG2 (ENCSR968BBQ),LIHC
GSE88675,SKIP,UNKNOWN,2,3.2 GB,,"only a per-sample archive (<GSE>_RAW.tar), no count matrix",,shRNA RNA-seq from HepG2 (ENCSR964YTW),LIHC
GSE88672,SKIP,UNKNOWN,2,3.0 GB,,"only a per-sample archive (<GSE>_RAW.tar), no count matrix",,shRNA RNA-seq from HepG2 (ENCSR960MSV),LIHC
GSE88670,SKIP,UNKNOWN,2,3.2 GB,,"only a per-sample archive (<GSE>_RAW.tar), no count matrix",,shRNA RNA-seq from HepG2 (ENCSR958KSY),LIHC
GSE88665,SKIP,UNKNOWN,2,2.0 GB,,"only a per-sample archive (<GSE>_RAW.tar), no count matrix",,shRNA RNA-seq from HepG2 (ENCSR946OFN),LIHC
GSE88664,SKIP,UNKNOWN,2,3.3 GB,,"only a per-sample archive (<GSE>_RAW.tar), no count matrix",,shRNA RNA-seq from HepG2 (ENCSR945XKW),LIHC
GSE88659,SKIP,UNKNOWN,2,3.2 GB,,"only a per-sample archive (<GSE>_RAW.tar), no count matrix",,shRNA RNA-seq from HepG2 (ENCSR942MBU),LIHC
GSE88654,SKIP,UNKNOWN,2,579.0 MB,,"only a per-sample archive (<GSE>_RAW.tar), no count matrix",,polyA mRNA RNA-seq from HepG2 (ENCSR931WGT),LIHC
GSE88651,SKIP,UNKNOWN,2,2.8 GB,,"only a per-sample archive (<GSE>_RAW.tar), no count matrix",,shRNA RNA-seq from HepG2 (ENCSR929PXS),LIHC
GSE88648,SKIP,UNKNOWN,2,3.0 GB,,"only a per-sample archive (<GSE>_RAW.tar), no count matrix",,shRNA RNA-seq from HepG2 (ENCSR927SLP),LIHC
GSE88647,SKIP,UNKNOWN,2,2.7 GB,,"only a per-sample archive (<GSE>_RAW.tar), no count matrix",,shRNA RNA-seq from HepG2 (ENCSR925SYZ),LIHC
GSE88642,SKIP,UNKNOWN,2,2.8 GB,,"only a per-sample archive (<GSE>_RAW.tar), no count matrix",,shRNA RNA-seq from HepG2 (ENCSR913ZWR),LIHC
GSE88641,SKIP,UNKNOWN,2,3.3 GB,,"only a per-sample archive (<GSE>_RAW.tar), no count matrix",,shRNA RNA-seq from HepG2 (ENCSR912EHP),LIHC
GSE88639,SKIP,UNKNOWN,2,3.1 GB,,"only a per-sample archive (<GSE>_RAW.tar), no count matrix",,shRNA RNA-seq from HepG2 (ENCSR910YNJ),LIHC
GSE88638,SKIP,UNKNOWN,2,3.1 GB,,"only a per-sample archive (<GSE>_RAW.tar), no count matrix",,shRNA RNA-seq from HepG2 (ENCSR910ECL),LIHC
GSE88636,SKIP,UNKNOWN,2,2.8 GB,,"only a per-sample archive (<GSE>_RAW.tar), no count matrix",,shRNA RNA-seq from HepG2 (ENCSR905HID),LIHC
GSE88631,SKIP,UNKNOWN,2,3.3 GB,,"only a per-sample archive (<GSE>_RAW.tar), no count matrix",,shRNA RNA-seq from HepG2 (ENCSR896MMU),LIHC
GSE88630,SKIP,UNKNOWN,2,2.7 GB,,"only a per-sample archive (<GSE>_RAW.tar), no count matrix",,shRNA RNA-seq from HepG2 (ENCSR896CFV),LIHC
GSE88626,SKIP,UNKNOWN,2,1.3 GB,,"only a per-sample archive (<GSE>_RAW.tar), no count matrix",,total RNA-seq from HepG2 (ENCSR887ZSY),LIHC
GSE88620,SKIP,UNKNOWN,2,2.9 GB,,"only a per-sample archive (<GSE>_RAW.tar), no count matrix",,shRNA RNA-seq from HepG2 (ENCSR883BXR),LIHC
GSE88617,SKIP,UNKNOWN,2,3.0 GB,,"only a per-sample archive (<GSE>_RAW.tar), no count matrix",,shRNA RNA-seq from HepG2 (ENCSR880DEH),LIHC
GSE88609,SKIP,UNKNOWN,2,2.7 GB,,"only a per-sample archive (<GSE>_RAW.tar), no count matrix",,shRNA RNA-seq from HepG2 (ENCSR871BXO),LIHC
GSE88604,SKIP,UNKNOWN,2,800.0 MB,,"only a per-sample archive (<GSE>_RAW.tar), no count matrix",,total RNA-seq from HepG2 (ENCSR862HPO),LIHC
GSE88598,SKIP,UNKNOWN,2,2.5 GB,,"only a per-sample archive (<GSE>_RAW.tar), no count matrix",,shRNA RNA-seq from HepG2 (ENCSR856ZRV),LIHC
GSE88593,SKIP,UNKNOWN,2,2.6 GB,,"only a per-sample archive (<GSE>_RAW.tar), no count matrix",,shRNA RNA-seq from HepG2 (ENCSR853PBF),LIHC
GSE88590,SKIP,UNKNOWN,2,2.4 GB,,"only a per-sample archive (<GSE>_RAW.tar), no count matrix",,shRNA RNA-seq from HepG2 (ENCSR851KEX),LIHC
GSE88587,SKIP,UNKNOWN,2,2.7 GB,,"only a per-sample archive (<GSE>_RAW.tar), no count matrix",,shRNA RNA-seq from HepG2 (ENCSR850FEH),LIHC
GSE88578,SKIP,UNKNOWN,2,3.1 GB,,"only a per-sample archive (<GSE>_RAW.tar), no count matrix",,shRNA RNA-seq from HepG2 (ENCSR838SMC),LIHC
GSE88576,SKIP,UNKNOWN,2,3.6 GB,,"only a per-sample archive (<GSE>_RAW.tar), no count matrix",,shRNA RNA-seq from HepG2 (ENCSR837QDN),LIHC
GSE88570,SKIP,UNKNOWN,2,2.7 GB,,"only a per-sample archive (<GSE>_RAW.tar), no count matrix",,shRNA RNA-seq from HepG2 (ENCSR825QXH),LIHC
GSE88566,SKIP,UNKNOWN,2,2.7 GB,,"only a per-sample archive (<GSE>_RAW.tar), no count matrix",,shRNA RNA-seq from HepG2 (ENCSR820ROH),LIHC
GSE88564,SKIP,UNKNOWN,2,2.0 GB,,"only a per-sample archive (<GSE>_RAW.tar), no count matrix",,shRNA RNA-seq from HepG2 (ENCSR815JDY),LIHC
GSE88561,SKIP,UNKNOWN,2,2.1 GB,,"only a per-sample archive (<GSE>_RAW.tar), no count matrix",,total RNA-seq from HepG2 (ENCSR813BDU),LIHC
GSE88556,SKIP,UNKNOWN,2,3.4 GB,,"only a per-sample archive (<GSE>_RAW.tar), no count matrix",,shRNA RNA-seq from HepG2 (ENCSR810JYX),LIHC
GSE88552,SKIP,UNKNOWN,2,3.0 GB,,"only a per-sample archive (<GSE>_RAW.tar), no count matrix",,shRNA RNA-seq from HepG2 (ENCSR808FBR),LIHC
GSE88551,SKIP,UNKNOWN,2,3.4 GB,,"only a per-sample archive (<GSE>_RAW.tar), no count matrix",,shRNA RNA-seq from HepG2 (ENCSR807ODB),LIHC
GSE88540,SKIP,UNKNOWN,2,2.7 GB,,"only a per-sample archive (<GSE>_RAW.tar), no count matrix",,shRNA RNA-seq from HepG2 (ENCSR788HVK),LIHC
GSE88538,SKIP,UNKNOWN,2,3.0 GB,,"only a per-sample archive (<GSE>_RAW.tar), no count matrix",,shRNA RNA-seq from HepG2 (ENCSR784FTX),LIHC
GSE88535,SKIP,UNKNOWN,2,2.8 GB,,"only a per-sample archive (<GSE>_RAW.tar), no count matrix",,shRNA RNA-seq from HepG2 (ENCSR782MXN),LIHC
GSE88533,SKIP,UNKNOWN,2,3.1 GB,,"only a per-sample archive (<GSE>_RAW.tar), no count matrix",,shRNA RNA-seq from HepG2 (ENCSR781YNI),LIHC
GSE88528,SKIP,UNKNOWN,2,2.7 GB,,"only a per-sample archive (<GSE>_RAW.tar), no count matrix",,shRNA RNA-seq from HepG2 (ENCSR778RWJ),LIHC
GSE88526,SKIP,UNKNOWN,2,3.0 GB,,"only a per-sample archive (<GSE>_RAW.tar), no count matrix",,shRNA RNA-seq from HepG2 (ENCSR776SXA),LIHC
GSE88523,SKIP,UNKNOWN,2,2.3 GB,,"only a per-sample archive (<GSE>_RAW.tar), no count matrix",,shRNA RNA-seq from HepG2 (ENCSR771QMJ),LIHC
GSE88520,SKIP,UNKNOWN,2,2.9 GB,,"only a per-sample archive (<GSE>_RAW.tar), no count matrix",,shRNA RNA-seq from HepG2 (ENCSR769GES),LIHC
GSE88519,SKIP,UNKNOWN,2,2.8 GB,,"only a per-sample archive (<GSE>_RAW.tar), no count matrix",,shRNA RNA-seq from HepG2 (ENCSR767LLP),LIHC
GSE88515,SKIP,UNKNOWN,2,2.6 GB,,"only a per-sample archive (<GSE>_RAW.tar), no count matrix",,shRNA RNA-seq from HepG2 (ENCSR760EGM),LIHC
GSE88513,SKIP,UNKNOWN,2,2.9 GB,,"only a per-sample archive (<GSE>_RAW.tar), no count matrix",,shRNA RNA-seq from HepG2 (ENCSR755KOM),LIHC
GSE88505,SKIP,UNKNOWN,2,3.2 GB,,"only a per-sample archive (<GSE>_RAW.tar), no count matrix",,shRNA RNA-seq from HepG2 (ENCSR744YVR),LIHC
GSE88504,SKIP,UNKNOWN,2,3.8 GB,,"only a per-sample archive (<GSE>_RAW.tar), no count matrix",,shRNA RNA-seq from HepG2 (ENCSR744PAQ),LIHC
GSE88502,SKIP,UNKNOWN,2,3.4 GB,,"only a per-sample archive (<GSE>_RAW.tar), no count matrix",,shRNA RNA-seq from HepG2 (ENCSR741YCA),LIHC
GSE88496,SKIP,UNKNOWN,2,2.8 GB,,"only a per-sample archive (<GSE>_RAW.tar), no count matrix",,shRNA RNA-seq from HepG2 (ENCSR728BOL),LIHC
GSE88492,SKIP,UNKNOWN,2,2.6 GB,,"only a per-sample archive (<GSE>_RAW.tar), no count matrix",,shRNA RNA-seq from HepG2 (ENCSR720BPO),LIHC
GSE88487,SKIP,UNKNOWN,2,3.6 GB,,"only a per-sample archive (<GSE>_RAW.tar), no count matrix",,shRNA RNA-seq from HepG2 (ENCSR713OLV),LIHC
GSE88485,SKIP,UNKNOWN,2,3.3 GB,,"only a per-sample archive (<GSE>_RAW.tar), no count matrix",,shRNA RNA-seq from HepG2 (ENCSR711ZJQ),LIHC
GSE88484,SKIP,UNKNOWN,2,3.0 GB,,"only a per-sample archive (<GSE>_RAW.tar), no count matrix",,shRNA RNA-seq from HepG2 (ENCSR710NWE),LIHC
GSE88480,SKIP,UNKNOWN,2,2.9 GB,,"only a per-sample archive (<GSE>_RAW.tar), no count matrix",,shRNA RNA-seq from HepG2 (ENCSR706SXN),LIHC
GSE88478,SKIP,UNKNOWN,2,2.8 GB,,"only a per-sample archive (<GSE>_RAW.tar), no count matrix",,shRNA RNA-seq from HepG2 (ENCSR701GSV),LIHC
GSE88472,SKIP,UNKNOWN,2,2.6 GB,,"only a per-sample archive (<GSE>_RAW.tar), no count matrix",,shRNA RNA-seq from HepG2 (ENCSR696LLZ),LIHC
GSE88471,SKIP,UNKNOWN,2,2.9 GB,,"only a per-sample archive (<GSE>_RAW.tar), no count matrix",,shRNA RNA-seq from HepG2 (ENCSR695XOD),LIHC
GSE88470,SKIP,UNKNOWN,2,2.9 GB,,"only a per-sample archive (<GSE>_RAW.tar), no count matrix",,shRNA RNA-seq from HepG2 (ENCSR693MZJ),LIHC
GSE88469,SKIP,UNKNOWN,2,3.5 GB,,"only a per-sample archive (<GSE>_RAW.tar), no count matrix",,shRNA RNA-seq from HepG2 (ENCSR691IVR),LIHC
GSE88468,SKIP,UNKNOWN,2,2.7 GB,,"only a per-sample archive (<GSE>_RAW.tar), no count matrix",,shRNA RNA-seq from HepG2 (ENCSR689ZJC),LIHC
GSE88467,SKIP,UNKNOWN,2,2.1 GB,,"only a per-sample archive (<GSE>_RAW.tar), no count matrix",,shRNA RNA-seq from HepG2 (ENCSR689PHN),LIHC
GSE88466,SKIP,UNKNOWN,2,3.3 GB,,"only a per-sample archive (<GSE>_RAW.tar), no count matrix",,shRNA RNA-seq from HepG2 (ENCSR689MIY),LIHC
GSE88463,SKIP,UNKNOWN,2,2.6 GB,,"only a per-sample archive (<GSE>_RAW.tar), no count matrix",,shRNA RNA-seq from HepG2 (ENCSR685JXU),LIHC
GSE88462,SKIP,UNKNOWN,2,1.9 GB,,"only a per-sample archive (<GSE>_RAW.tar), no count matrix",,shRNA RNA-seq from HepG2 (ENCSR684HTV),LIHC
GSE88461,SKIP,UNKNOWN,2,2.8 GB,,"only a per-sample archive (<GSE>_RAW.tar), no count matrix",,shRNA RNA-seq from HepG2 (ENCSR681SMT),LIHC
GSE88456,SKIP,UNKNOWN,2,2.5 GB,,"only a per-sample archive (<GSE>_RAW.tar), no count matrix",,shRNA RNA-seq from HepG2 (ENCSR676EKU),LIHC
GSE88453,SKIP,UNKNOWN,2,2.7 GB,,"only a per-sample archive (<GSE>_RAW.tar), no count matrix",,shRNA RNA-seq from HepG2 (ENCSR674KEK),LIHC
GSE88452,SKIP,UNKNOWN,2,3.1 GB,,"only a per-sample archive (<GSE>_RAW.tar), no count matrix",,shRNA RNA-seq from HepG2 (ENCSR674KDQ),LIHC
GSE88447,SKIP,UNKNOWN,2,3.3 GB,,"only a per-sample archive (<GSE>_RAW.tar), no count matrix",,shRNA RNA-seq from HepG2 (ENCSR667RIA),LIHC
GSE88442,SKIP,UNKNOWN,2,2.7 GB,,"only a per-sample archive (<GSE>_RAW.tar), no count matrix",,shRNA RNA-seq from HepG2 (ENCSR660MZN),LIHC
GSE88439,SKIP,UNKNOWN,2,2.1 GB,,"only a per-sample archive (<GSE>_RAW.tar), no count matrix",,shRNA RNA-seq from HepG2 (ENCSR656DQV),LIHC
GSE88434,SKIP,UNKNOWN,2,3.0 GB,,"only a per-sample archive (<GSE>_RAW.tar), no count matrix",,shRNA RNA-seq from HepG2 (ENCSR648BSC),LIHC
GSE88433,SKIP,UNKNOWN,2,3.2 GB,,"only a per-sample archive (<GSE>_RAW.tar), no count matrix",,shRNA RNA-seq from HepG2 (ENCSR647NYX),LIHC
GSE88430,SKIP,UNKNOWN,2,3.0 GB,,"only a per-sample archive (<GSE>_RAW.tar), no count matrix",,shRNA RNA-seq from HepG2 (ENCSR644AIM),LIHC
GSE88429,SKIP,UNKNOWN,2,3.2 GB,,"only a per-sample archive (<GSE>_RAW.tar), no count matrix",,shRNA RNA-seq from HepG2 (ENCSR643UFV),LIHC
GSE88427,SKIP,UNKNOWN,2,2.8 GB,,"only a per-sample archive (<GSE>_RAW.tar), no count matrix",,shRNA RNA-seq from HepG2 (ENCSR639LKS),LIHC
GSE88425,SKIP,UNKNOWN,2,2.9 GB,,"only a per-sample archive (<GSE>_RAW.tar), no count matrix",,shRNA RNA-seq from HepG2 (ENCSR635BOO),LIHC
GSE88423,SKIP,UNKNOWN,2,3.1 GB,,"only a per-sample archive (<GSE>_RAW.tar), no count matrix",,shRNA RNA-seq from HepG2 (ENCSR634KHL),LIHC
GSE88417,SKIP,UNKNOWN,2,2.4 GB,,"only a per-sample archive (<GSE>_RAW.tar), no count matrix",,shRNA RNA-seq from HepG2 (ENCSR629RUG),LIHC
GSE88412,SKIP,UNKNOWN,2,2.8 GB,,"only a per-sample archive (<GSE>_RAW.tar), no count matrix",,shRNA RNA-seq from HepG2 (ENCSR624FBY),LIHC
GSE88410,SKIP,UNKNOWN,2,2.9 GB,,"only a per-sample archive (<GSE>_RAW.tar), no count matrix",,shRNA RNA-seq from HepG2 (ENCSR620OKS),LIHC
GSE88408,SKIP,UNKNOWN,2,3.4 GB,,"only a per-sample archive (<GSE>_RAW.tar), no count matrix",,shRNA RNA-seq from HepG2 (ENCSR620HAA),LIHC
GSE88400,SKIP,UNKNOWN,2,4.2 GB,,"only a per-sample archive (<GSE>_RAW.tar), no count matrix",,shRNA RNA-seq from HepG2 (ENCSR610VTA),LIHC
GSE88388,SKIP,UNKNOWN,2,3.9 GB,,"only a per-sample archive (<GSE>_RAW.tar), no count matrix",,shRNA RNA-seq from HepG2 (ENCSR599PXD),LIHC
GSE88385,SKIP,UNKNOWN,2,2.9 GB,,"only a per-sample archive (<GSE>_RAW.tar), no count matrix",,shRNA RNA-seq from HepG2 (ENCSR598GKQ),LIHC
GSE88382,SKIP,UNKNOWN,2,3.4 GB,,"only a per-sample archive (<GSE>_RAW.tar), no count matrix",,shRNA RNA-seq from HepG2 (ENCSR594DNW),LIHC
GSE88376,SKIP,UNKNOWN,2,3.2 GB,,"only a per-sample archive (<GSE>_RAW.tar), no count matrix",,shRNA RNA-seq from HepG2 (ENCSR585KOJ),LIHC
GSE88374,SKIP,UNKNOWN,2,3.1 GB,,"only a per-sample archive (<GSE>_RAW.tar), no count matrix",,shRNA RNA-seq from HepG2 (ENCSR584JRB),LIHC
GSE88370,SKIP,UNKNOWN,2,2.2 GB,,"only a per-sample archive (<GSE>_RAW.tar), no count matrix",,shRNA RNA-seq from HepG2 (ENCSR573UBF),LIHC
GSE88366,SKIP,UNKNOWN,2,3.2 GB,,"only a per-sample archive (<GSE>_RAW.tar), no count matrix",,shRNA RNA-seq from HepG2 (ENCSR570CWH),LIHC
GSE88362,SKIP,UNKNOWN,2,1.0 GB,,"only a per-sample archive (<GSE>_RAW.tar), no count matrix",,polyA mRNA RNA-seq from HepG2 (ENCSR561FEE),LIHC
GSE88352,SKIP,UNKNOWN,2,3.5 GB,,"only a per-sample archive (<GSE>_RAW.tar), no count matrix",,shRNA RNA-seq from HepG2 (ENCSR547NWD),LIHC
GSE88348,SKIP,UNKNOWN,2,3.7 GB,,"only a per-sample archive (<GSE>_RAW.tar), no count matrix",,shRNA RNA-seq from HepG2 (ENCSR542ESY),LIHC
GSE88347,SKIP,UNKNOWN,2,635.0 MB,,"only a per-sample archive (<GSE>_RAW.tar), no count matrix",,polyA mRNA RNA-seq from HepG2 (ENCSR541TIG),LIHC
GSE88343,SKIP,UNKNOWN,2,3.1 GB,,"only a per-sample archive (<GSE>_RAW.tar), no count matrix",,shRNA RNA-seq from HepG2 (ENCSR538QOG),LIHC
GSE88341,SKIP,UNKNOWN,2,3.2 GB,,"only a per-sample archive (<GSE>_RAW.tar), no count matrix",,shRNA RNA-seq from HepG2 (ENCSR532ZPP),LIHC
GSE88334,SKIP,UNKNOWN,2,2.6 GB,,"only a per-sample archive (<GSE>_RAW.tar), no count matrix",,shRNA RNA-seq from HepG2 (ENCSR527QNC),LIHC
GSE88331,SKIP,UNKNOWN,2,3.0 GB,,"only a per-sample archive (<GSE>_RAW.tar), no count matrix",,shRNA RNA-seq from HepG2 (ENCSR519KXM),LIHC
GSE88330,SKIP,UNKNOWN,2,3.6 GB,,"only a per-sample archive (<GSE>_RAW.tar), no count matrix",,shRNA RNA-seq from HepG2 (ENCSR518JXY),LIHC
GSE88328,SKIP,UNKNOWN,2,3.4 GB,,"only a per-sample archive (<GSE>_RAW.tar), no count matrix",,shRNA RNA-seq from HepG2 (ENCSR517JDK),LIHC
GSE88326,SKIP,UNKNOWN,2,3.4 GB,,"only a per-sample archive (<GSE>_RAW.tar), no count matrix",,shRNA RNA-seq from HepG2 (ENCSR511SYK),LIHC
GSE88321,SKIP,UNKNOWN,2,3.2 GB,,"only a per-sample archive (<GSE>_RAW.tar), no count matrix",,shRNA RNA-seq from HepG2 (ENCSR509LIV),LIHC
GSE88313,SKIP,UNKNOWN,2,3.0 GB,,"only a per-sample archive (<GSE>_RAW.tar), no count matrix",,shRNA RNA-seq from HepG2 (ENCSR496ETJ),LIHC
GSE88310,SKIP,UNKNOWN,2,2.6 GB,,"only a per-sample archive (<GSE>_RAW.tar), no count matrix",,shRNA RNA-seq from HepG2 (ENCSR494VSD),LIHC
GSE88305,SKIP,UNKNOWN,2,2.7 GB,,"only a per-sample archive (<GSE>_RAW.tar), no count matrix",,shRNA RNA-seq from HepG2 (ENCSR490DYI),LIHC
GSE88304,SKIP,UNKNOWN,2,2.6 GB,,"only a per-sample archive (<GSE>_RAW.tar), no count matrix",,shRNA RNA-seq from HepG2 (ENCSR486AIO),LIHC
GSE88301,SKIP,UNKNOWN,2,3.2 GB,,"only a per-sample archive (<GSE>_RAW.tar), no count matrix",,shRNA RNA-seq from HepG2 (ENCSR481AYC),LIHC
GSE88298,SKIP,UNKNOWN,2,3.4 GB,,"only a per-sample archive (<GSE>_RAW.tar), no count matrix",,shRNA RNA-seq from HepG2 (ENCSR477TRX),LIHC
GSE88292,SKIP,UNKNOWN,2,2.7 GB,,"only a per-sample archive (<GSE>_RAW.tar), no count matrix",,shRNA RNA-seq from HepG2 (ENCSR471GIS),LIHC
GSE88287,SKIP,UNKNOWN,2,3.0 GB,,"only a per-sample archive (<GSE>_RAW.tar), no count matrix",,shRNA RNA-seq from HepG2 (ENCSR459EMR),LIHC
GSE88285,SKIP,UNKNOWN,2,3.5 GB,,"only a per-sample archive (<GSE>_RAW.tar), no count matrix",,shRNA RNA-seq from HepG2 (ENCSR457WBK),LIHC
GSE88279,SKIP,UNKNOWN,2,3.0 GB,,"only a per-sample archive (<GSE>_RAW.tar), no count matrix",,shRNA RNA-seq from HepG2 (ENCSR450VQO),LIHC
GSE88276,SKIP,UNKNOWN,2,2.9 GB,,"only a per-sample archive (<GSE>_RAW.tar), no count matrix",,shRNA RNA-seq from HepG2 (ENCSR447UCG),LIHC
GSE88268,SKIP,UNKNOWN,2,3.5 GB,,"only a per-sample archive (<GSE>_RAW.tar), no count matrix",,shRNA RNA-seq from HepG2 (ENCSR426UUG),LIHC
GSE88265,SKIP,UNKNOWN,2,2.9 GB,,"only a per-sample archive (<GSE>_RAW.tar), no count matrix",,shRNA RNA-seq from HepG2 (ENCSR424JSU),LIHC
GSE88264,SKIP,UNKNOWN,2,3.6 GB,,"only a per-sample archive (<GSE>_RAW.tar), no count matrix",,shRNA RNA-seq from HepG2 (ENCSR422JMS),LIHC
GSE88245,SKIP,UNKNOWN,2,2.3 GB,,"only a per-sample archive (<GSE>_RAW.tar), no count matrix",,shRNA RNA-seq from HepG2 (ENCSR389HFU),LIHC
GSE88243,SKIP,UNKNOWN,2,3.5 GB,,"only a per-sample archive (<GSE>_RAW.tar), no count matrix",,shRNA RNA-seq from HepG2 (ENCSR388CNS),LIHC
GSE88240,SKIP,UNKNOWN,2,3.0 GB,,"only a per-sample archive (<GSE>_RAW.tar), no count matrix",,shRNA RNA-seq from HepG2 (ENCSR385TMY),LIHC
GSE88239,SKIP,UNKNOWN,2,2.4 GB,,"only a per-sample archive (<GSE>_RAW.tar), no count matrix",,shRNA RNA-seq from HepG2 (ENCSR385KOY),LIHC
GSE88235,SKIP,UNKNOWN,2,3.0 GB,,"only a per-sample archive (<GSE>_RAW.tar), no count matrix",,shRNA RNA-seq from HepG2 (ENCSR382QKD),LIHC
GSE88231,SKIP,UNKNOWN,2,2.1 GB,,"only a per-sample archive (<GSE>_RAW.tar), no count matrix",,shRNA RNA-seq from HepG2 (ENCSR376RJN),LIHC
GSE88229,SKIP,UNKNOWN,2,3.0 GB,,"only a per-sample archive (<GSE>_RAW.tar), no count matrix",,shRNA RNA-seq from HepG2 (ENCSR376FGR),LIHC
GSE88228,SKIP,UNKNOWN,2,4.0 GB,,"only a per-sample archive (<GSE>_RAW.tar), no count matrix",,shRNA RNA-seq from HepG2 (ENCSR374NMJ),LIHC
GSE88226,SKIP,UNKNOWN,2,3.9 GB,,"only a per-sample archive (<GSE>_RAW.tar), no count matrix",,shRNA RNA-seq from HepG2 (ENCSR372UWV),LIHC
GSE88223,SKIP,UNKNOWN,2,2.9 GB,,"only a per-sample archive (<GSE>_RAW.tar), no count matrix",,shRNA RNA-seq from HepG2 (ENCSR366FFV),LIHC
GSE88221,SKIP,UNKNOWN,2,3.0 GB,,"only a per-sample archive (<GSE>_RAW.tar), no count matrix",,shRNA RNA-seq from HepG2 (ENCSR364GRM),LIHC
GSE88216,SKIP,UNKNOWN,2,2.8 GB,,"only a per-sample archive (<GSE>_RAW.tar), no count matrix",,shRNA RNA-seq from HepG2 (ENCSR355OQC),LIHC
GSE88215,SKIP,UNKNOWN,2,2.6 GB,,"only a per-sample archive (<GSE>_RAW.tar), no count matrix",,shRNA RNA-seq from HepG2 (ENCSR354XQY),LIHC
GSE88209,SKIP,UNKNOWN,2,3.1 GB,,"only a per-sample archive (<GSE>_RAW.tar), no count matrix",,shRNA RNA-seq from HepG2 (ENCSR347ZHQ),LIHC
GSE88205,SKIP,UNKNOWN,2,3.0 GB,,"only a per-sample archive (<GSE>_RAW.tar), no count matrix",,shRNA RNA-seq from HepG2 (ENCSR343DHN),LIHC
GSE88189,SKIP,UNKNOWN,2,2.9 GB,,"only a per-sample archive (<GSE>_RAW.tar), no count matrix",,shRNA RNA-seq from HepG2 (ENCSR318OXM),LIHC
GSE88184,SKIP,UNKNOWN,2,3.1 GB,,"only a per-sample archive (<GSE>_RAW.tar), no count matrix",,shRNA RNA-seq from HepG2 (ENCSR312SFA),LIHC
GSE88179,SKIP,UNKNOWN,2,2.7 GB,,"only a per-sample archive (<GSE>_RAW.tar), no count matrix",,shRNA RNA-seq from HepG2 (ENCSR309HXK),LIHC
GSE88178,SKIP,UNKNOWN,2,2.8 GB,,"only a per-sample archive (<GSE>_RAW.tar), no count matrix",,shRNA RNA-seq from HepG2 (ENCSR308IKH),LIHC
GSE88174,SKIP,UNKNOWN,2,2.8 GB,,"only a per-sample archive (<GSE>_RAW.tar), no count matrix",,shRNA RNA-seq from HepG2 (ENCSR305XWT),LIHC
GSE88170,SKIP,UNKNOWN,2,3.4 GB,,"only a per-sample archive (<GSE>_RAW.tar), no count matrix",,shRNA RNA-seq from HepG2 (ENCSR296ERI),LIHC
GSE88160,SKIP,UNKNOWN,2,2.6 GB,,"only a per-sample archive (<GSE>_RAW.tar), no count matrix",,shRNA RNA-seq from HepG2 (ENCSR281KCL),LIHC
GSE88158,SKIP,UNKNOWN,2,2.9 GB,,"only a per-sample archive (<GSE>_RAW.tar), no count matrix",,shRNA RNA-seq from HepG2 (ENCSR279HMU),LIHC
GSE88156,SKIP,UNKNOWN,2,3.3 GB,,"only a per-sample archive (<GSE>_RAW.tar), no count matrix",,shRNA RNA-seq from HepG2 (ENCSR274KWA),LIHC
GSE88154,SKIP,UNKNOWN,2,3.3 GB,,"only a per-sample archive (<GSE>_RAW.tar), no count matrix",,shRNA RNA-seq from HepG2 (ENCSR269ZAO),LIHC
GSE88152,SKIP,UNKNOWN,2,3.6 GB,,"only a per-sample archive (<GSE>_RAW.tar), no count matrix",,shRNA RNA-seq from HepG2 (ENCSR269SJB),LIHC
GSE88148,SKIP,UNKNOWN,2,2.8 GB,,"only a per-sample archive (<GSE>_RAW.tar), no count matrix",,shRNA RNA-seq from HepG2 (ENCSR264TUE),LIHC
GSE88139,SKIP,UNKNOWN,2,3.2 GB,,"only a per-sample archive (<GSE>_RAW.tar), no count matrix",,shRNA RNA-seq from HepG2 (ENCSR246RRQ),LIHC
GSE88137,SKIP,UNKNOWN,2,3.7 GB,,"only a per-sample archive (<GSE>_RAW.tar), no count matrix",,shRNA RNA-seq from HepG2 (ENCSR243IGA),LIHC
GSE88132,SKIP,UNKNOWN,2,2.5 GB,,"only a per-sample archive (<GSE>_RAW.tar), no count matrix",,shRNA RNA-seq from HepG2 (ENCSR237IWZ),LIHC
GSE88119,SKIP,UNKNOWN,2,3.6 GB,,"only a per-sample archive (<GSE>_RAW.tar), no count matrix",,shRNA RNA-seq from HepG2 (ENCSR222SMI),LIHC
GSE88117,SKIP,UNKNOWN,2,2.6 GB,,"only a per-sample archive (<GSE>_RAW.tar), no count matrix",,shRNA RNA-seq from HepG2 (ENCSR222CSF),LIHC
GSE88114,SKIP,UNKNOWN,2,3.1 GB,,"only a per-sample archive (<GSE>_RAW.tar), no count matrix",,shRNA RNA-seq from HepG2 (ENCSR220TBR),LIHC
GSE88110,SKIP,UNKNOWN,2,2.9 GB,,"only a per-sample archive (<GSE>_RAW.tar), no count matrix",,shRNA RNA-seq from HepG2 (ENCSR210RWL),LIHC
GSE88108,SKIP,UNKNOWN,2,3.2 GB,,"only a per-sample archive (<GSE>_RAW.tar), no count matrix",,shRNA RNA-seq from HepG2 (ENCSR210DML),LIHC
GSE88092,SKIP,UNKNOWN,2,3.0 GB,,"only a per-sample archive (<GSE>_RAW.tar), no count matrix",,shRNA RNA-seq from HepG2 (ENCSR182GKG),LIHC
GSE88091,SKIP,UNKNOWN,2,2.5 GB,,"only a per-sample archive (<GSE>_RAW.tar), no count matrix",,shRNA RNA-seq from HepG2 (ENCSR182DAW),LIHC
GSE88089,SKIP,UNKNOWN,2,2.2 GB,,"only a per-sample archive (<GSE>_RAW.tar), no count matrix",,total RNA-seq from HepG2 (ENCSR181ZGR),LIHC
GSE88086,SKIP,UNKNOWN,2,2.8 GB,,"only a per-sample archive (<GSE>_RAW.tar), no count matrix",,shRNA RNA-seq from HepG2 (ENCSR180XTP),LIHC
GSE88078,SKIP,UNKNOWN,2,3.3 GB,,"only a per-sample archive (<GSE>_RAW.tar), no count matrix",,shRNA RNA-seq from HepG2 (ENCSR167JPY),LIHC
GSE88069,SKIP,UNKNOWN,2,3.0 GB,,"only a per-sample archive (<GSE>_RAW.tar), no count matrix",,shRNA RNA-seq from HepG2 (ENCSR155BMF),LIHC
GSE88067,SKIP,UNKNOWN,2,2.9 GB,,"only a per-sample archive (<GSE>_RAW.tar), no count matrix",,shRNA RNA-seq from HepG2 (ENCSR152MON),LIHC
GSE88058,SKIP,UNKNOWN,2,3.1 GB,,"only a per-sample archive (<GSE>_RAW.tar), no count matrix",,shRNA RNA-seq from HepG2 (ENCSR135LXL),LIHC
GSE88052,SKIP,UNKNOWN,2,2.8 GB,,"only a per-sample archive (<GSE>_RAW.tar), no count matrix",,shRNA RNA-seq from HepG2 (ENCSR124KCF),LIHC
GSE88050,SKIP,UNKNOWN,2,3.2 GB,,"only a per-sample archive (<GSE>_RAW.tar), no count matrix",,shRNA RNA-seq from HepG2 (ENCSR118VQR),LIHC
GSE88048,SKIP,UNKNOWN,2,3.0 GB,,"only a per-sample archive (<GSE>_RAW.tar), no count matrix",,shRNA RNA-seq from HepG2 (ENCSR118KUN),LIHC
GSE88045,SKIP,UNKNOWN,2,2.9 GB,,"only a per-sample archive (<GSE>_RAW.tar), no count matrix",,shRNA RNA-seq from HepG2 (ENCSR116YMU),LIHC
GSE88044,SKIP,UNKNOWN,2,4.2 GB,,"only a per-sample archive (<GSE>_RAW.tar), no count matrix",,shRNA RNA-seq from HepG2 (ENCSR116QBU),LIHC
GSE88040,SKIP,UNKNOWN,2,2.4 GB,,"only a per-sample archive (<GSE>_RAW.tar), no count matrix",,shRNA RNA-seq from HepG2 (ENCSR110ZYD),LIHC
GSE88039,SKIP,UNKNOWN,2,3.0 GB,,"only a per-sample archive (<GSE>_RAW.tar), no count matrix",,shRNA RNA-seq from HepG2 (ENCSR110HAA),LIHC
GSE88034,SKIP,UNKNOWN,2,2.3 GB,,"only a per-sample archive (<GSE>_RAW.tar), no count matrix",,shRNA RNA-seq from HepG2 (ENCSR105OXX),LIHC
GSE88032,SKIP,UNKNOWN,2,2.6 GB,,"only a per-sample archive (<GSE>_RAW.tar), no count matrix",,shRNA RNA-seq from HepG2 (ENCSR104OLN),LIHC
GSE88031,SKIP,UNKNOWN,2,2.2 GB,,"only a per-sample archive (<GSE>_RAW.tar), no count matrix",,shRNA RNA-seq from HepG2 (ENCSR104ABF),LIHC
GSE88018,SKIP,UNKNOWN,2,2.8 GB,,"only a per-sample archive (<GSE>_RAW.tar), no count matrix",,shRNA RNA-seq from HepG2 (ENCSR090UMI),LIHC
GSE88015,SKIP,UNKNOWN,2,3.0 GB,,"only a per-sample archive (<GSE>_RAW.tar), no count matrix",,shRNA RNA-seq from HepG2 (ENCSR082YGI),LIHC
GSE88013,SKIP,UNKNOWN,2,3.8 GB,,"only a per-sample archive (<GSE>_RAW.tar), no count matrix",,shRNA RNA-seq from HepG2 (ENCSR081IAO),LIHC
GSE88004,SKIP,UNKNOWN,2,2.5 GB,,"only a per-sample archive (<GSE>_RAW.tar), no count matrix",,shRNA RNA-seq from HepG2 (ENCSR070LJO),LIHC
GSE88002,SKIP,UNKNOWN,2,2.6 GB,,"only a per-sample archive (<GSE>_RAW.tar), no count matrix",,shRNA RNA-seq from HepG2 (ENCSR067GHD),LIHC
GSE88000,SKIP,UNKNOWN,2,2.4 GB,,"only a per-sample archive (<GSE>_RAW.tar), no count matrix",,shRNA RNA-seq from HepG2 (ENCSR067AUG),LIHC
GSE87999,SKIP,UNKNOWN,2,3.0 GB,,"only a per-sample archive (<GSE>_RAW.tar), no count matrix",,total RNA-seq from HepG2 (ENCSR061SFU),LIHC
GSE87997,SKIP,UNKNOWN,2,3.6 GB,,"only a per-sample archive (<GSE>_RAW.tar), no count matrix",,shRNA RNA-seq from HepG2 (ENCSR060IWW),LIHC
GSE87996,SKIP,UNKNOWN,2,1.4 GB,,"only a per-sample archive (<GSE>_RAW.tar), no count matrix",,polyA mRNA RNA-seq from HepG2 (ENCSR058OSL),LIHC
GSE87993,SKIP,UNKNOWN,2,3.1 GB,,"only a per-sample archive (<GSE>_RAW.tar), no count matrix",,shRNA RNA-seq from HepG2 (ENCSR052IYH),LIHC
GSE87989,SKIP,UNKNOWN,2,2.4 GB,,"only a per-sample archive (<GSE>_RAW.tar), no count matrix",,shRNA RNA-seq from HepG2 (ENCSR047VPW),LIHC
GSE87985,SKIP,UNKNOWN,2,3.5 GB,,"only a per-sample archive (<GSE>_RAW.tar), no count matrix",,shRNA RNA-seq from HepG2 (ENCSR042QTH),LIHC
GSE87981,SKIP,UNKNOWN,2,2.6 GB,,"only a per-sample archive (<GSE>_RAW.tar), no count matrix",,shRNA RNA-seq from HepG2 (ENCSR040WAK),LIHC
GSE87969,SKIP,UNKNOWN,2,1.9 GB,,"only a per-sample archive (<GSE>_RAW.tar), no count matrix",,shRNA RNA-seq from HepG2 (ENCSR028YAQ),LIHC
GSE87958,SKIP,UNKNOWN,2,938.0 MB,,"only a per-sample archive (<GSE>_RAW.tar), no count matrix",,polyA mRNA RNA-seq from HepG2 (ENCSR019MXZ),LIHC
GSE87957,SKIP,UNKNOWN,2,3.0 GB,,"only a per-sample archive (<GSE>_RAW.tar), no count matrix",,shRNA RNA-seq from HepG2 (ENCSR016XPB),LIHC
GSE87955,SKIP,UNKNOWN,2,2.9 GB,,"only a per-sample archive (<GSE>_RAW.tar), no count matrix",,shRNA RNA-seq from HepG2 (ENCSR012DAF),LIHC
GSE87954,SKIP,UNKNOWN,2,3.0 GB,,"only a per-sample archive (<GSE>_RAW.tar), no count matrix",,shRNA RNA-seq from HepG2 (ENCSR011BBS),LIHC
GSE87950,SKIP,UNKNOWN,2,2.5 GB,,"only a per-sample archive (<GSE>_RAW.tar), no count matrix",,shRNA RNA-seq from HepG2 (ENCSR004OSI),LIHC
GSE87948,SKIP,UNKNOWN,2,2.7 GB,,"only a per-sample archive (<GSE>_RAW.tar), no count matrix",,shRNA RNA-seq from HepG2 (ENCSR003LSA),LIHC
GSE70091,SKIP,LIHC,40,3.5 GB,,"only a per-sample archive (<GSE>_RAW.tar), no count matrix",,Whole genome analysis of the methylome and hydroxymethylome ,LIHC
GSE87242,SKIP,LIHC,12,0.0 B,,no supplementary files: the data may only be in SRA,,S-adenosyl-methionine treatment selectively block liver canc,LIHC
GSE87240,SKIP,LIHC,6,5.6 MB,,no file recognisable as a count matrix,,S-adenosyl-methionine treatment selectively block liver canc,LIHC
GSE84186,SKIP,UNKNOWN,11,1.0 KB,,"only normalised values (FPKM/TPM/CPM), unusable by DESeq2",,Single-nucleotide-resolution mapping of HBV promoters using ,LIHC
GSE76173,SKIP,UNKNOWN,12,15.0 MB,,"only circRNA/isoform/miRNA counts, not gene level | sample-type flag in the file names: CELL_LINE, NON_HUMAN",,Comparative transcriptomic analysis of human and Drosophila ,LIHC
GSE78236,SKIP,LIHC,24,1.4 MB,,"only normalised values (FPKM/TPM/CPM), unusable by DESeq2",,Comparison of HCC cell lines and primary HCCs-RNAseq data,LIHC
GSE80952,SKIP,UNKNOWN,2,3.4 GB,,"only a per-sample archive (<GSE>_RAW.tar), no count matrix",,shRNA RNA-seq from HepG2 (ENCSR998RZI),LIHC
GSE80951,SKIP,UNKNOWN,2,2.6 GB,,"only a per-sample archive (<GSE>_RAW.tar), no count matrix",,shRNA RNA-seq from HepG2 (ENCSR997FOT),LIHC
GSE80950,SKIP,UNKNOWN,2,2.8 GB,,"only a per-sample archive (<GSE>_RAW.tar), no count matrix",,shRNA RNA-seq from HepG2 (ENCSR995ZGJ),LIHC
GSE80947,SKIP,UNKNOWN,2,3.6 GB,,"only a per-sample archive (<GSE>_RAW.tar), no count matrix",,shRNA RNA-seq from HepG2 (ENCSR957EEG),LIHC
GSE80944,SKIP,UNKNOWN,2,3.6 GB,,"only a per-sample archive (<GSE>_RAW.tar), no count matrix",,shRNA RNA-seq from HepG2 (ENCSR945UYL),LIHC
GSE80943,SKIP,UNKNOWN,2,3.5 GB,,"only a per-sample archive (<GSE>_RAW.tar), no count matrix",,shRNA RNA-seq from HepG2 (ENCSR939ZRA),LIHC
GSE80942,SKIP,UNKNOWN,2,3.2 GB,,"only a per-sample archive (<GSE>_RAW.tar), no count matrix",,shRNA RNA-seq from HepG2 (ENCSR927JXU),LIHC
GSE80940,SKIP,UNKNOWN,2,2.9 GB,,"only a per-sample archive (<GSE>_RAW.tar), no count matrix",,shRNA RNA-seq from HepG2 (ENCSR914WQV),LIHC
GSE80938,SKIP,UNKNOWN,2,3.2 GB,,"only a per-sample archive (<GSE>_RAW.tar), no count matrix",,shRNA RNA-seq from HepG2 (ENCSR906WTM),LIHC
GSE80933,SKIP,UNKNOWN,2,3.3 GB,,"only a per-sample archive (<GSE>_RAW.tar), no count matrix",,shRNA RNA-seq from HepG2 (ENCSR861ENA),LIHC
GSE80932,SKIP,UNKNOWN,2,3.4 GB,,"only a per-sample archive (<GSE>_RAW.tar), no count matrix",,shRNA RNA-seq from HepG2 (ENCSR853ZJS),LIHC
GSE80931,SKIP,UNKNOWN,2,3.5 GB,,"only a per-sample archive (<GSE>_RAW.tar), no count matrix",,shRNA RNA-seq from HepG2 (ENCSR850CKU),LIHC
GSE80929,SKIP,UNKNOWN,2,2.7 GB,,"only a per-sample archive (<GSE>_RAW.tar), no count matrix",,shRNA RNA-seq from HepG2 (ENCSR840QFR),LIHC
GSE80924,SKIP,UNKNOWN,2,2.8 GB,,"only a per-sample archive (<GSE>_RAW.tar), no count matrix",,shRNA RNA-seq from HepG2 (ENCSR778AJO),LIHC
GSE80922,SKIP,UNKNOWN,2,3.7 GB,,"only a per-sample archive (<GSE>_RAW.tar), no count matrix",,shRNA RNA-seq from HepG2 (ENCSR746EKS),LIHC
GSE80921,SKIP,UNKNOWN,2,2.8 GB,,"only a per-sample archive (<GSE>_RAW.tar), no count matrix",,shRNA RNA-seq from HepG2 (ENCSR732IYM),LIHC
GSE80920,SKIP,UNKNOWN,2,2.9 GB,,"only a per-sample archive (<GSE>_RAW.tar), no count matrix",,shRNA RNA-seq from HepG2 (ENCSR716WZH),LIHC
GSE80919,SKIP,UNKNOWN,2,3.2 GB,,"only a per-sample archive (<GSE>_RAW.tar), no count matrix",,shRNA RNA-seq from HepG2 (ENCSR708GKW),LIHC
GSE80916,SKIP,UNKNOWN,2,3.2 GB,,"only a per-sample archive (<GSE>_RAW.tar), no count matrix",,shRNA RNA-seq from HepG2 (ENCSR637JLM),LIHC
GSE80915,SKIP,UNKNOWN,2,3.1 GB,,"only a per-sample archive (<GSE>_RAW.tar), no count matrix",,shRNA RNA-seq from HepG2 (ENCSR635FRH),LIHC
GSE80912,SKIP,UNKNOWN,2,3.2 GB,,"only a per-sample archive (<GSE>_RAW.tar), no count matrix",,shRNA RNA-seq from HepG2 (ENCSR622MCX),LIHC
GSE80909,SKIP,UNKNOWN,2,3.4 GB,,"only a per-sample archive (<GSE>_RAW.tar), no count matrix",,shRNA RNA-seq from HepG2 (ENCSR610AEI),LIHC
GSE80908,SKIP,UNKNOWN,2,2.8 GB,,"only a per-sample archive (<GSE>_RAW.tar), no count matrix",,shRNA RNA-seq from HepG2 (ENCSR603TCV),LIHC
GSE80907,SKIP,UNKNOWN,2,3.0 GB,,"only a per-sample archive (<GSE>_RAW.tar), no count matrix",,shRNA RNA-seq from HepG2 (ENCSR597XHH),LIHC
GSE80906,SKIP,UNKNOWN,2,2.8 GB,,"only a per-sample archive (<GSE>_RAW.tar), no count matrix",,shRNA RNA-seq from HepG2 (ENCSR597IYB),LIHC
GSE80904,SKIP,UNKNOWN,2,3.2 GB,,"only a per-sample archive (<GSE>_RAW.tar), no count matrix",,shRNA RNA-seq from HepG2 (ENCSR576GOW),LIHC
GSE80903,SKIP,UNKNOWN,2,3.4 GB,,"only a per-sample archive (<GSE>_RAW.tar), no count matrix",,shRNA RNA-seq from HepG2 (ENCSR572AMC),LIHC
GSE80898,SKIP,UNKNOWN,2,2.9 GB,,"only a per-sample archive (<GSE>_RAW.tar), no count matrix",,shRNA RNA-seq from HepG2 (ENCSR533HXS),LIHC
GSE80897,SKIP,UNKNOWN,2,3.1 GB,,"only a per-sample archive (<GSE>_RAW.tar), no count matrix",,shRNA RNA-seq from HepG2 (ENCSR529QEZ),LIHC
GSE80894,SKIP,UNKNOWN,2,2.9 GB,,"only a per-sample archive (<GSE>_RAW.tar), no count matrix",,shRNA RNA-seq from HepG2 (ENCSR500WHE),LIHC
GSE80893,SKIP,UNKNOWN,2,3.6 GB,,"only a per-sample archive (<GSE>_RAW.tar), no count matrix",,shRNA RNA-seq from HepG2 (ENCSR492UFS),LIHC
GSE80892,SKIP,UNKNOWN,2,3.1 GB,,"only a per-sample archive (<GSE>_RAW.tar), no count matrix",,shRNA RNA-seq from HepG2 (ENCSR491FOC),LIHC
GSE80891,SKIP,UNKNOWN,2,3.1 GB,,"only a per-sample archive (<GSE>_RAW.tar), no count matrix",,shRNA RNA-seq from HepG2 (ENCSR485ZTC),LIHC
GSE80890,SKIP,UNKNOWN,2,3.1 GB,,"only a per-sample archive (<GSE>_RAW.tar), no count matrix",,shRNA RNA-seq from HepG2 (ENCSR478FJK),LIHC
GSE80888,SKIP,UNKNOWN,2,3.3 GB,,"only a per-sample archive (<GSE>_RAW.tar), no count matrix",,shRNA RNA-seq from HepG2 (ENCSR455VZH),LIHC
GSE80886,SKIP,UNKNOWN,2,2.8 GB,,"only a per-sample archive (<GSE>_RAW.tar), no count matrix",,shRNA RNA-seq from HepG2 (ENCSR424YSV),LIHC
GSE80885,SKIP,UNKNOWN,2,2.8 GB,,"only a per-sample archive (<GSE>_RAW.tar), no count matrix",,shRNA RNA-seq from HepG2 (ENCSR410UHJ),LIHC
GSE80884,SKIP,UNKNOWN,2,2.7 GB,,"only a per-sample archive (<GSE>_RAW.tar), no count matrix",,shRNA RNA-seq from HepG2 (ENCSR398LZW),LIHC
GSE80878,SKIP,UNKNOWN,2,3.9 GB,,"only a per-sample archive (<GSE>_RAW.tar), no count matrix",,shRNA RNA-seq from HepG2 (ENCSR330YOU),LIHC
GSE80876,SKIP,UNKNOWN,2,2.9 GB,,"only a per-sample archive (<GSE>_RAW.tar), no count matrix",,shRNA RNA-seq from HepG2 (ENCSR318HAT),LIHC
GSE80875,SKIP,UNKNOWN,2,3.7 GB,,"only a per-sample archive (<GSE>_RAW.tar), no count matrix",,shRNA RNA-seq from HepG2 (ENCSR313CHR),LIHC
GSE80872,SKIP,UNKNOWN,2,3.0 GB,,"only a per-sample archive (<GSE>_RAW.tar), no count matrix",,shRNA RNA-seq from HepG2 (ENCSR300IEW),LIHC
GSE80871,SKIP,UNKNOWN,2,2.9 GB,,"only a per-sample archive (<GSE>_RAW.tar), no count matrix",,shRNA RNA-seq from HepG2 (ENCSR295XKC),LIHC
GSE80867,SKIP,UNKNOWN,2,2.8 GB,,"only a per-sample archive (<GSE>_RAW.tar), no count matrix",,shRNA RNA-seq from HepG2 (ENCSR237YZT),LIHC
GSE80866,SKIP,UNKNOWN,2,2.7 GB,,"only a per-sample archive (<GSE>_RAW.tar), no count matrix",,shRNA RNA-seq from HepG2 (ENCSR230ORC),LIHC
GSE80864,SKIP,UNKNOWN,2,2.7 GB,,"only a per-sample archive (<GSE>_RAW.tar), no count matrix",,shRNA RNA-seq from HepG2 (ENCSR193FFA),LIHC
GSE80863,SKIP,UNKNOWN,2,2.9 GB,,"only a per-sample archive (<GSE>_RAW.tar), no count matrix",,shRNA RNA-seq from HepG2 (ENCSR185JGT),LIHC
GSE80861,SKIP,UNKNOWN,2,3.9 GB,,"only a per-sample archive (<GSE>_RAW.tar), no count matrix",,shRNA RNA-seq from HepG2 (ENCSR148MQK),LIHC
GSE80860,SKIP,UNKNOWN,2,3.0 GB,,"only a per-sample archive (<GSE>_RAW.tar), no count matrix",,shRNA RNA-seq from HepG2 (ENCSR147ZBD),LIHC
GSE80855,SKIP,UNKNOWN,2,3.5 GB,,"only a per-sample archive (<GSE>_RAW.tar), no count matrix",,shRNA RNA-seq from HepG2 (ENCSR094KBY),LIHC
GSE80853,SKIP,UNKNOWN,2,2.8 GB,,"only a per-sample archive (<GSE>_RAW.tar), no count matrix",,shRNA RNA-seq from HepG2 (ENCSR081QQH),LIHC
GSE80851,SKIP,UNKNOWN,2,3.4 GB,,"only a per-sample archive (<GSE>_RAW.tar), no count matrix",,shRNA RNA-seq from HepG2 (ENCSR074UZM),LIHC
GSE80847,SKIP,UNKNOWN,2,3.3 GB,,"only a per-sample archive (<GSE>_RAW.tar), no count matrix",,shRNA RNA-seq from HepG2 (ENCSR064DXG),LIHC
GSE80846,SKIP,UNKNOWN,2,3.1 GB,,"only a per-sample archive (<GSE>_RAW.tar), no count matrix",,shRNA RNA-seq from HepG2 (ENCSR057GCF),LIHC
GSE80843,SKIP,UNKNOWN,2,2.8 GB,,"only a per-sample archive (<GSE>_RAW.tar), no count matrix",,shRNA RNA-seq from HepG2 (ENCSR030GZQ),LIHC
GSE80842,SKIP,UNKNOWN,2,3.8 GB,,"only a per-sample archive (<GSE>_RAW.tar), no count matrix",,shRNA RNA-seq from HepG2 (ENCSR030ARO),LIHC
GSE80841,SKIP,UNKNOWN,2,3.1 GB,,"only a per-sample archive (<GSE>_RAW.tar), no count matrix",,shRNA RNA-seq from HepG2 (ENCSR028ITN),LIHC
GSE80840,SKIP,UNKNOWN,2,3.2 GB,,"only a per-sample archive (<GSE>_RAW.tar), no count matrix",,shRNA RNA-seq from HepG2 (ENCSR017PRS),LIHC
GSE80839,SKIP,UNKNOWN,2,3.0 GB,,"only a per-sample archive (<GSE>_RAW.tar), no count matrix",,shRNA RNA-seq from HepG2 (ENCSR016IDR),LIHC
GSE80838,SKIP,UNKNOWN,2,3.1 GB,,"only a per-sample archive (<GSE>_RAW.tar), no count matrix",,shRNA RNA-seq from HepG2 (ENCSR010ZMZ),LIHC
GSE80837,SKIP,UNKNOWN,2,3.4 GB,,"only a per-sample archive (<GSE>_RAW.tar), no count matrix",,shRNA RNA-seq from HepG2 (ENCSR009PPI),LIHC
GSE80836,SKIP,UNKNOWN,2,2.5 GB,,"only a per-sample archive (<GSE>_RAW.tar), no count matrix",,shRNA RNA-seq from HepG2 (ENCSR003EKR),LIHC
GSE68005,SKIP,UNKNOWN,2,770.2 KB,,"only a per-sample archive (<GSE>_RAW.tar), no count matrix",,Comparison of gene expression profiles between FRA1 knockdow,LIHC
GSE77314,SKIP,LIHC,100,29.9 MB,,no file recognisable as a count matrix,,RNA-seq of 50 paired hepatocellular carcinoma,LIHC
GSE68249,SKIP,UNKNOWN,30,30.0 MB,,"only a per-sample archive (<GSE>_RAW.tar), no count matrix",,Proteasome machinery is instrumental in a common gain-of-fun,LIHC
GSE78686,SKIP,UNKNOWN,2,3.0 GB,,"only a per-sample archive (<GSE>_RAW.tar), no count matrix",,polyA mRNA RNA-seq from HepG2 (ENCSR985KAT) [superseded by G,LIHC
GSE78650,SKIP,UNKNOWN,2,5.2 GB,,"only a per-sample archive (<GSE>_RAW.tar), no count matrix",,total RNA-seq from HepG2 (ENCSR468ION),LIHC
GSE65364,SKIP,LIHC,95,289.0 MB,,"only a per-sample archive (<GSE>_RAW.tar), no count matrix",,Single Cell triple omics sequencing reveals genetic and epig,LIHC
GSE56545,SKIP,LIHC,42,8.9 MB,,"only normalised values (FPKM/TPM/CPM), unusable by DESeq2",,mRNA profiling  of Hepatocellular carcinoma (HCC),LIHC
GSE69568,SKIP,UNKNOWN,28,0.0 B,,no supplementary files: the data may only be in SRA,,Genome-Wide Transcriptional Regulation Mediated By Biochemic,LIHC
GSE73114,SKIP,CHOL,16,2.1 MB,,"only normalised values (FPKM/TPM/CPM), unusable by DESeq2",,RNA-sequencing analysis of human fibrolamellar hepatocellula,LIHC
GSE71446,SKIP,LIHC,12,6.4 MB,,"only normalised values (FPKM/TPM/CPM), unusable by DESeq2 | sample-type flag in the file names: CELL_LINE",,Genome-wide Analysis of Human Constitutive Androstane Recept,LIHC
GSE71262,SKIP,UNKNOWN,5,105.0 MB,,"only a per-sample archive (<GSE>_RAW.tar), no count matrix",,Genome-wide maps of PBX3-binding sites and Quantitative Anal,LIHC
GSE71261,SKIP,UNKNOWN,4,770.4 KB,,"only a per-sample archive (<GSE>_RAW.tar), no count matrix",,Next Generation Sequencing Facilitates Quantitative Analysis,LIHC
GSE72082,SKIP,LIHC,29,663.0 MB,,"only a per-sample archive (<GSE>_RAW.tar), no count matrix",,CETCh-Seq  of Mammalian Transcription Factors,LIHC
GSE70537,SKIP,LIHC,4,3.5 MB,,"only a per-sample archive (<GSE>_RAW.tar), no count matrix",,Identification of differentially expressed mRNAs in HCSC cel,LIHC
GSE40069,SKIP,UNKNOWN,8,4.0 MB,,"only a per-sample archive (<GSE>_RAW.tar), no count matrix",,The Small Molecule Genistein Increases Hepcidin Expression i,LIHC
GSE69164,SKIP,LIHC,33,6.8 MB,,"only normalised values (FPKM/TPM/CPM), unusable by DESeq2",,Comparative transcriptome analysis reveals that ECM-Receptor,LIHC
GSE65485,SKIP,LIHC,55,3.1 MB,,"only normalised values (FPKM/TPM/CPM), unusable by DESeq2",,Next Generation Sequencing Identification of HBV-MLL4 integr,LIHC
GSE65486,SKIP,LIHC,64,4.1 GB,,"only a per-sample archive (<GSE>_RAW.tar), no count matrix",,aCGH and RNA-Seq expression profiling of Chinese hepatocellu,LIHC
GSE63863,SKIP,LIHC,24,1.7 MB,,"only normalised values (FPKM/TPM/CPM), unusable by DESeq2",,Promoter hypermethylation of TERT is associated with hepatoc,LIHC
GSE49417,SKIP,UNKNOWN,64,93.0 GB,,"only a per-sample archive (<GSE>_RAW.tar), no count matrix",,The conserved organization of the human and mouse transcript,LIHC
GSE55048,SKIP,LIHC,8,665.0 KB,,"only normalised values (FPKM/TPM/CPM), unusable by DESeq2",,Transcriptomic characterization of Hepatocellular Carcinoma ,LIHC
GSE55759,SKIP,UNKNOWN,32,9.5 GB,,"only a per-sample archive (<GSE>_RAW.tar), no count matrix",,Promoter methylome and integrative transcriptome profiling i,LIHC
GSE55758,SKIP,LIHC,16,7.1 MB,,no file recognisable as a count matrix,,Promoter methylome and integrative transcriptome profiling i,LIHC
GSE39053,SKIP,LIHC,6,590.5 KB,,"only a per-sample archive (<GSE>_RAW.tar), no count matrix",,Expression of three hepatocellular carcinoma cell lines with,LIHC
GSE38945,SKIP,LIHC,3,570.3 KB,,"only a per-sample archive (<GSE>_RAW.tar), no count matrix",,Gene expression of three hepatocellular carcinoma cell lines,LIHC
GSE58135,SKIP,UNKNOWN,168,258.0 MB,,"only a per-sample archive (<GSE>_RAW.tar), no count matrix",,Breast Cancer RNA-seq,LIHC
GSE48327,SKIP,UNKNOWN,16,232.3 KB,,"only circRNA/isoform/miRNA counts, not gene level",,Global assessment of Antrodia cinnamomea induced microRNA an,LIHC
GSE54066,SKIP,UNKNOWN,8,900.0 KB,,no file recognisable as a count matrix,,Human Hepatocytes with Drug Metabolic Function Induced from ,LIHC
GSE49994,SKIP,LIHC,6,2.5 MB,,"only normalised values (FPKM/TPM/CPM), unusable by DESeq2",,mRNA and RNC-mRNA deep sequencing of three hepatocellular ca,LIHC
GSE25599,SKIP,LIHC,20,39.7 MB,,"only circRNA/isoform/miRNA counts, not gene level",,RNA-seq analysis generated a comprehensive landscape of tran,LIHC
GSE47997,SKIP,UNKNOWN,4,8.9 MB,,no file recognisable as a count matrix | sample-type flag in the file names: CELL_LINE,,Global regulation of alternative splicing by adenosine deami,LIHC
GSE41081,SKIP,UNKNOWN,17,16.0 MB,,"only a per-sample archive (<GSE>_RAW.tar), no count matrix",,Argonaute 2,LIHC
GSE41074,SKIP,LIHC,6,575.0 KB,,no file recognisable as a count matrix | sample-type flag in the file names: CELL_LINE,,Next Generation Sequencing Facilitates Quantitative Analysis,LIHC
GSE33294,SKIP,LIHC,6,3.6 MB,,"only a per-sample archive (<GSE>_RAW.tar), no count matrix",,Transcriptome sequencing of human hepatocellular carcinoma,LIHC
GSE36244,SKIP,UNKNOWN,16,90.0 MB,,"only a per-sample archive (<GSE>_RAW.tar), no count matrix",,Transcriptomic response to benzo[a]pyrene treatment in HepG2,LIHC
GSE36242,SKIP,UNKNOWN,8,51.0 MB,,"only a per-sample archive (<GSE>_RAW.tar), no count matrix",,Transcriptomic response to benzo[a]pyrene treatment in HepG2,LIHC
GSE35465,SKIP,UNKNOWN,6,551.0 MB,,"only a per-sample archive (<GSE>_RAW.tar), no count matrix",,Genome-wide analysis of histone methylation reveals chromati,LIHC
GSE35464,SKIP,LIHC,2,1.5 MB,,"only a per-sample archive (<GSE>_RAW.tar), no count matrix",,Genome-wide analysis of histone methylation reveals chromati,LIHC
GSE38886,SKIP,UNKNOWN,3,5.0 GB,,"only a per-sample archive (<GSE>_RAW.tar), no count matrix",,Targeted RT-PCR assays spanning unannotated splice junctions,LIHC
GSE37005,SKIP,UNKNOWN,32,7.3 MB,,"only a per-sample archive (<GSE>_RAW.tar), no count matrix",,Topology of the human and mouse m6A RNA methylomes revealed ,LIHC
GSE37003,SKIP,UNKNOWN,7,1.1 MB,,no file recognisable as a count matrix | sample-type flag in the file names: CELL_LINE,,m6A mapping in human RNA (untreated),LIHC
GSE37002,SKIP,UNKNOWN,8,1.8 MB,,no file recognisable as a count matrix | sample-type flag in the file names: CELL_LINE,,m6A mapping in human RNA (with treatments),LIHC
GSE37001,SKIP,UNKNOWN,4,464.0 KB,,no file recognisable as a count matrix,,METTL3 KD in HepG2 cells,LIHC
GSE34448,SKIP,UNKNOWN,78,6.0 GB,,"only a per-sample archive (<GSE>_RAW.tar), no count matrix",,RNA Subcellular CAGE Localization from ENCODE/RIKEN,LIHC
GSE33600,SKIP,UNKNOWN,31,1.8 GB,,"only a per-sample archive (<GSE>_RAW.tar), no count matrix",,RNA Subcellular Localization by Paired End diTag Sequencing ,LIHC
GSE30567,SKIP,UNKNOWN,99,210.0 GB,,"only a per-sample archive (<GSE>_RAW.tar), no count matrix",,ENCODE Cold Spring Harbor Labs Long RNA-seq (hg19),LIHC
GSE26284,SKIP,UNKNOWN,84,183.0 GB,,"only a per-sample archive (<GSE>_RAW.tar), no count matrix",,ENCODE Cold Spring Harbor Labs Long RNA-seq,LIHC
GSE23316,SKIP,UNKNOWN,36,43.0 GB,,"only a per-sample archive (<GSE>_RAW.tar), no count matrix",,ENCODE Caltech RNA-seq,LIHC
