accession,search_cancer,n_samples,date,title,url
GSE319466,LIHC,18,2026/10/02,"Comparative RNA-sequencing analysis of commercially sourced primary hepatocytes, immortalized hepatocytes, and established hepatocyte cell l",https://www.ncbi.nlm.nih.gov/geo/query/acc.cgi?acc=GSE319466
GSE335399,LIHC,12,2026/10/01,Dimethyl Fumarate Reprograms Liver Cancer Immunity via NF-κB/PD-L1 Suppression and Cuproptosis Induction: A Novel Therapeutic Strategy,https://www.ncbi.nlm.nih.gov/geo/query/acc.cgi?acc=GSE335399
GSE328985,LIHC,30,2026/10/01,CASP10-mediated suppression of GSDME-dependent pyroptosis shapes the tumor immune microenvironment in hepatocellular carcinoma,https://www.ncbi.nlm.nih.gov/geo/query/acc.cgi?acc=GSE328985
GSE280457,LIHC,20,2026/10/01,Proliferative and Metabolic Reprogramming by the Lysine-Specific Demethylase 1 in Hepatocellular Carcinoma [RNA-seq],https://www.ncbi.nlm.nih.gov/geo/query/acc.cgi?acc=GSE280457
GSE293566,LIHC,6,2026/09/30,SENP3 Drives HCC Redox Adaptation via THRAP3/NRF1 Axis [RNA-Seq],https://www.ncbi.nlm.nih.gov/geo/query/acc.cgi?acc=GSE293566
GSE312629,LIHC,13,2026/09/28,A versatile fluorescent reporter for Usutu virus drug screening and infection tracking [viralRNAseq],https://www.ncbi.nlm.nih.gov/geo/query/acc.cgi?acc=GSE312629
GSE348104,LIHC,27,2026/09/26,Age-dependent differences in SARS-CoV-2 entry-factor expression and innate immune responses between pediatric and adult liver organoids,https://www.ncbi.nlm.nih.gov/geo/query/acc.cgi?acc=GSE348104
GSE348087,LIHC,10,2026/09/26,Detecting Fusion Transcripts in Huh7 cells with Long-Read RNA-seq,https://www.ncbi.nlm.nih.gov/geo/query/acc.cgi?acc=GSE348087
GSE309098,LIHC,684,2026/09/25,A case study using benzoic acid demonstrating how integration of in silico analogue selection tools with mechanistic in vitro NAM and toxico,https://www.ncbi.nlm.nih.gov/geo/query/acc.cgi?acc=GSE309098
GSE346879,LIHC,6,2026/09/24,RNA-sequencing analysis of BMP8B-overexpressing Hep 3B2.1-7 liver cancer cells,https://www.ncbi.nlm.nih.gov/geo/query/acc.cgi?acc=GSE346879
GSE347432,LIHC,20,2026/09/22,Genetic variants within silencer elements contribute to human blood cell traits,https://www.ncbi.nlm.nih.gov/geo/query/acc.cgi?acc=GSE347432
GSE237514,LIHC,6,2026/09/22,Effect of overexpression of SUV39H1 on gene expression of HepG2 cell line,https://www.ncbi.nlm.nih.gov/geo/query/acc.cgi?acc=GSE237514
GSE284351,LIHC,4,2026/09/21,RBM25 drives hepatocellular carcinoma progression by regulating oncogenic splicing of MYPT1 and translation of YAP,https://www.ncbi.nlm.nih.gov/geo/query/acc.cgi?acc=GSE284351
GSE314964,LIHC,12,2026/09/19,Prolonged methionine restriction induces liver cancer persistence,https://www.ncbi.nlm.nih.gov/geo/query/acc.cgi?acc=GSE314964
GSE332774,LIHC,36,2026/09/14,"BET bromodomain 2 inhibition couples chromatin displacement to SPOP-mediated BRD4/BRD4-NUT degradation, defining a therapeutic vulnerability",https://www.ncbi.nlm.nih.gov/geo/query/acc.cgi?acc=GSE332774
GSE343831,LIHC,9,2026/09/12,Epigenetic regulation of DOT1L activity remodels lipid metabolism to alleviate ferroptosis-induced liver injury,https://www.ncbi.nlm.nih.gov/geo/query/acc.cgi?acc=GSE343831
GSE346671,LIHC,24,2026/09/11,The NF-κB isoform p65 iso5 is associated with distinct transcriptional programs and signaling pathways.,https://www.ncbi.nlm.nih.gov/geo/query/acc.cgi?acc=GSE346671
GSE312634,LIHC,65,2026/09/09,A versatile fluorescent reporter for Usutu virus drug screening and infection tracking,https://www.ncbi.nlm.nih.gov/geo/query/acc.cgi?acc=GSE312634
GSE307458,LIHC,298,2026/09/09,mTRACE: Modification-enabled Tracking of RNA-associated Cellular Events,https://www.ncbi.nlm.nih.gov/geo/query/acc.cgi?acc=GSE307458
GSE306284,LIHC,6,2026/09/09,TAF3 Promotes Tumor Progression of Hepatocellular Carcinoma via SREBP2-mediated Cholesterol Synthesis Pathway Activation,https://www.ncbi.nlm.nih.gov/geo/query/acc.cgi?acc=GSE306284
GSE325037,LIHC,6,2026/09/03,Development of Oligo-PROTACs that target C/EBPα,https://www.ncbi.nlm.nih.gov/geo/query/acc.cgi?acc=GSE325037
GSE330217,LIHC,8,2026/09/02,Targeting the Disulfidptosis Key Gene SLC5A6 Inhibits HCC Proliferation and Improves the Immune Microenvironment,https://www.ncbi.nlm.nih.gov/geo/query/acc.cgi?acc=GSE330217
GSE305862,LIHC,2,2026/09/02,Bulk RNA seq analysis of WT and ITPR2 knockout HepG2 cells,https://www.ncbi.nlm.nih.gov/geo/query/acc.cgi?acc=GSE305862
GSE305861,LIHC,2,2026/09/02,Bulk RNA seq analysis of HepG2 expressing mRFP or the InsP3 buffer in the nucleus,https://www.ncbi.nlm.nih.gov/geo/query/acc.cgi?acc=GSE305861
GSE344683,LIHC,8,2026/09/01,Characterization of patient-derived liver organoids,https://www.ncbi.nlm.nih.gov/geo/query/acc.cgi?acc=GSE344683
GSE304188,LIHC,2,2026/09/01,Linoleic Acid Metabolic Reprogramming Enhances Immune Response in Hepatocellular Carcinoma,https://www.ncbi.nlm.nih.gov/geo/query/acc.cgi?acc=GSE304188
GSE286291,LIHC,6,2026/09/01,RNA sequencing of vector and HNRNPC-overexpression hepatocellular carcinoma Hep3B cells,https://www.ncbi.nlm.nih.gov/geo/query/acc.cgi?acc=GSE286291
GSE315394,LIHC,6,2026/08/31,Effects of OLFM2B knockout on malignant phenotypes and underlying mechanisms in Hepatocellular Carcinoma,https://www.ncbi.nlm.nih.gov/geo/query/acc.cgi?acc=GSE315394
GSE344966,LIHC,6,2026/08/30,Comparative transcriptomic profiling of human hepatocellular carcinoma cell lines Hep3B and HUH7 by RNA sequencing,https://www.ncbi.nlm.nih.gov/geo/query/acc.cgi?acc=GSE344966
GSE343712,LIHC,6,2026/08/27,Study on the effects of inflammatory cytokine IL‑1β stimulation on hepatocellular carcinoma cells,https://www.ncbi.nlm.nih.gov/geo/query/acc.cgi?acc=GSE343712
GSE313412,LIHC,6,2026/08/26,Effect of ZNF217 gene knockdown on gene expression in MHCC97H cells,https://www.ncbi.nlm.nih.gov/geo/query/acc.cgi?acc=GSE313412
GSE302549,LIHC,6,2026/08/26,12-HETE suppresses CD8+ T cell effector function via p38 MAPK signaling in MASH-HCC,https://www.ncbi.nlm.nih.gov/geo/query/acc.cgi?acc=GSE302549
GSE339353,LIHC,75,2026/08/25,Gene expression of adjacent normal liver tissue in China Medical University Hospital (CMUH) cohort of Taiwanese patients,https://www.ncbi.nlm.nih.gov/geo/query/acc.cgi?acc=GSE339353
GSE312827,LIHC,15,2026/08/20,"RNA-sequencing of cells responding to transfected RNA in unmodified, 5methoxyuracil and N1 methylpsuedouridine modified RNA.",https://www.ncbi.nlm.nih.gov/geo/query/acc.cgi?acc=GSE312827
GSE344335,LIHC,4,2026/08/19,Comparative transcriptomic analysis of GPC3 wild-type and knock-out HepG2 and Hep3B hepatocellular carcinoma cells 6 hours post-radiation,https://www.ncbi.nlm.nih.gov/geo/query/acc.cgi?acc=GSE344335
GSE343846,LIHC,6,2026/08/19,HIF-1 Signaling Contributes to Lenvatinib Resistance in Patient-Derived HCC Organoids,https://www.ncbi.nlm.nih.gov/geo/query/acc.cgi?acc=GSE343846
GSE298398,LIHC,43,2026/08/19,The microRNA (miRNA) signatures in different phases of the natural history of chronic hepatitis B virus infection,https://www.ncbi.nlm.nih.gov/geo/query/acc.cgi?acc=GSE298398
GSE252998,LIHC,9,2026/08/19,"Cytokine gene combination on iPS cell-derived T cells synergistically improves migration, proliferation, and memory formation in solid tumor",https://www.ncbi.nlm.nih.gov/geo/query/acc.cgi?acc=GSE252998
GSE338648,LIHC,46,2026/08/16,Hepatocyte MLKL Drives Obesity-Driven Hepatocellular Carcinoma Progression via Mitochondrial Dysfunction Independent of Necroptosis in MASLD,https://www.ncbi.nlm.nih.gov/geo/query/acc.cgi?acc=GSE338648
GSE333723,LIHC,18,2026/08/16,The GNMT N-terminus Couples Folate Feedback to Methyl-donor Homeostasis,https://www.ncbi.nlm.nih.gov/geo/query/acc.cgi?acc=GSE333723
GSE304303,LIHC,2,2026/08/15,Effect of  homochlorcyclizine dihydrochloride treatment on gene expression in Huh7 hepatocellular carcinoma cells,https://www.ncbi.nlm.nih.gov/geo/query/acc.cgi?acc=GSE304303
GSE303245,LIHC,2,2026/08/13,Transcriptome-Wide M5C Methylation Profiling in NSUN6-Knockdown HepG2 Cells,https://www.ncbi.nlm.nih.gov/geo/query/acc.cgi?acc=GSE303245
GSE342934,LIHC,12,2026/08/11,RNA sequencing upon CD146 knockdown/overexpression,https://www.ncbi.nlm.nih.gov/geo/query/acc.cgi?acc=GSE342934
GSE343226,LIHC,5,2026/08/10,scRNA-seq analysis of patient-derived organoids treated with JTE-607,https://www.ncbi.nlm.nih.gov/geo/query/acc.cgi?acc=GSE343226
GSE319021,LIHC,60,2026/08/07,Viral entry defines the hepatitis E virus species barrier in murine hepatocytes,https://www.ncbi.nlm.nih.gov/geo/query/acc.cgi?acc=GSE319021
GSE331143,LIHC,30,2026/08/05,A Versatile Distance-Based Approach for Gene Expression Selection Across Diverse Biological Systems,https://www.ncbi.nlm.nih.gov/geo/query/acc.cgi?acc=GSE331143
GSE326385,LIHC,18,2026/08/05,Fucoxanthin ameliorates metabolic dysfunction-associated steatohepatitis via suppression of CD36-driven fatty acid uptake,https://www.ncbi.nlm.nih.gov/geo/query/acc.cgi?acc=GSE326385
GSE342302,LIHC,477,2026/08/04,A Transcriptomic Biomarker to Classify Chemical-Induced Histone Deacetylase Inhibition in Human HepaRG Cells,https://www.ncbi.nlm.nih.gov/geo/query/acc.cgi?acc=GSE342302
GSE342040,LIHC,9,2026/08/04,Eliglustat-Induced Remodeling of Sulfo-Glycosphingolipid Metabolism and Gene Expression in hepatocellular carcinoma cells,https://www.ncbi.nlm.nih.gov/geo/query/acc.cgi?acc=GSE342040
GSE328880,LIHC,4,2026/08/03,Methylation-mediated regulation of tumor-suppressor function of the miR-379/656 (C14MC) cluster and its clinical utility in hepatocellular c,https://www.ncbi.nlm.nih.gov/geo/query/acc.cgi?acc=GSE328880
GSE287355,LIHC,79,2026/08/02,An EZH2—SREBP2 axis promotes cholesterol biosynthesis and represents a noncanonical vulnerability in tumorigenesis,https://www.ncbi.nlm.nih.gov/geo/query/acc.cgi?acc=GSE287355
GSE305099,LIHC,8,2026/08/01,Small activating RNA AW1-51 (CEBPA-51) elicits targeted DNA demethylation to promote gene activation [RNA-seq],https://www.ncbi.nlm.nih.gov/geo/query/acc.cgi?acc=GSE305099
GSE303422,LIHC,6,2026/08/01,Copy Number Gains of VPS72 Drive De Novo Lipogenesis and Hepatocarcinogenesis via ATF3/mTORC1/SREBP1 Axis [RNA-seq],https://www.ncbi.nlm.nih.gov/geo/query/acc.cgi?acc=GSE303422
GSE300717,LIHC,17,2026/08/01,RNA-seq and ATAC-seq analysis of 5-azacytidine-treated HepG2 cells reveals epigenetic reactivation of BFL-1 and SQOR in hepatocellular carci,https://www.ncbi.nlm.nih.gov/geo/query/acc.cgi?acc=GSE300717
GSE274182,LIHC,6,2026/08/01,MAD2L1 supports MYC-driven liver carcinogenesis in mice and predicts poor prognosis in human hepatocarcinoma,https://www.ncbi.nlm.nih.gov/geo/query/acc.cgi?acc=GSE274182
GSE341780,LIHC,6,2026/07/29,ERα/miR-26a/ANKRD52 axis regulates progression of MASH- associated HCC in HDTVi HCC models,https://www.ncbi.nlm.nih.gov/geo/query/acc.cgi?acc=GSE341780
GSE320365,LIHC,15,2026/07/29,An Integrated Multi-omic Analysis Reveals Novel Gene-Metabolite Relationships in Human Steatohepatitic Hepatocellular Carcinoma,https://www.ncbi.nlm.nih.gov/geo/query/acc.cgi?acc=GSE320365
GSE308918,LIHC,6,2026/07/29,Structure-guided discovery and engineering of miniature CRISPR-Cas12m for epigenome editing,https://www.ncbi.nlm.nih.gov/geo/query/acc.cgi?acc=GSE308918
GSE324107,LIHC,20,2026/07/21,Comparable Transcriptomic Profiles of HepaRG and HuH7 Cells Cultured in Chemically Defined and Serum-Based Media Using Primary Human Hepatoc,https://www.ncbi.nlm.nih.gov/geo/query/acc.cgi?acc=GSE324107
GSE319902,LIHC,20,2026/07/16,FOXA2 potently represses NF-κB–dependent transcription from viral promoters in liver cells,https://www.ncbi.nlm.nih.gov/geo/query/acc.cgi?acc=GSE319902
GSE337589,LIHC,2,2026/07/15,MicroRNA-34a Promotes Hepatic Lipid Accumulation through RXRα Suppression and Is Reversed by 9-cis-Retinoic Acid in Steatotic Hepatocytes,https://www.ncbi.nlm.nih.gov/geo/query/acc.cgi?acc=GSE337589
GSE269963,LIHC,8,2026/07/15,D-lactate derived from bacteria drives lysine D-lactylation to modulate transcription in liver cells,https://www.ncbi.nlm.nih.gov/geo/query/acc.cgi?acc=GSE269963
GSE337438,LIHC,15,2026/07/07,Tumor-selective protein translation of mRNA drugs for targeted tumor therapy,https://www.ncbi.nlm.nih.gov/geo/query/acc.cgi?acc=GSE337438
GSE236736,LIHC,8,2026/07/04,Transcriptome sequencing of wild-type and circpTK2-silenced HCCLM3 cell lines,https://www.ncbi.nlm.nih.gov/geo/query/acc.cgi?acc=GSE236736
GSE313027,LIHC,6,2026/07/01,Transcriptomics Identifies Mild Hyperthermia-Conditioned Tumor Supernatant as an Inducer of HepG2 Maturation,https://www.ncbi.nlm.nih.gov/geo/query/acc.cgi?acc=GSE313027
GSE270897,LIHC,87,2026/07/01,A -catenin-related transcriptional signature predicts survival outcomes in hepatocellular carcinoma patients.,https://www.ncbi.nlm.nih.gov/geo/query/acc.cgi?acc=GSE270897
GSE332629,LIHC,6,2026/06/30,Serial Monitoring of Circulating Tumor Cells Reflects Treatment Response Across Systemic Therapies in Unresectable Hepatocellular Carcinoma,https://www.ncbi.nlm.nih.gov/geo/query/acc.cgi?acc=GSE332629
GSE319886,LIHC,6,2026/06/30,ICAM1 expression and associated clinical parameters as predictive biomarkers for acute celluar rejection,https://www.ncbi.nlm.nih.gov/geo/query/acc.cgi?acc=GSE319886
GSE316222,LIHC,10,2026/06/30,Hsa_circ_0000818 targets miR-484/HIPK1 axis to ameliorate liver fibrosis by inhibiting Wnt/β-catenin pathway,https://www.ncbi.nlm.nih.gov/geo/query/acc.cgi?acc=GSE316222
GSE332655,LIHC,6,2026/06/27,SF3A3 regulates the proliferation and migration capabilities of hepatocellular carcinoma cells via the Notch signaling pathway,https://www.ncbi.nlm.nih.gov/geo/query/acc.cgi?acc=GSE332655
GSE336019,LIHC,8,2026/06/25,Gene expression profiling of NAT10 knockdown in HepG2 hepatocellular carcinoma cells by QuantSeq 3' mRNA-seq,https://www.ncbi.nlm.nih.gov/geo/query/acc.cgi?acc=GSE336019
GSE300872,LIHC,328,2026/06/25,Investigations into the biological activity of avobenzone as part of a Next Generation Risk Assessment,https://www.ncbi.nlm.nih.gov/geo/query/acc.cgi?acc=GSE300872
GSE335757,LIHC,6,2026/06/22,FBX-DMEP suppresses hepatocellular carcinoma through tubulin-associated mitotic dysregulation,https://www.ncbi.nlm.nih.gov/geo/query/acc.cgi?acc=GSE335757
GSE335769,LIHC,12,2026/06/19,ARID1B loss drives sorafenib resistance through transcriptional reprogramming in hepatocellular carcinoma,https://www.ncbi.nlm.nih.gov/geo/query/acc.cgi?acc=GSE335769
GSE270357,LIHC,9,2026/06/19,Transcriptome sequencing of palmitic acid-treated HepG2 cells upon intervention of curcumin or curcumin-copper complex,https://www.ncbi.nlm.nih.gov/geo/query/acc.cgi?acc=GSE270357
GSE335579,LIHC,16,2026/06/17,Alternative splicing generates a constitutively active Fn14 isoform that signals independently of TWEAK,https://www.ncbi.nlm.nih.gov/geo/query/acc.cgi?acc=GSE335579
GSE318009,LIHC,24,2026/06/14,XPO1inhibition induces NCOR1-Dependent  oxidative stress to suppress hepatocellular  carcinoma,https://www.ncbi.nlm.nih.gov/geo/query/acc.cgi?acc=GSE318009
GSE334651,LIHC,120,2026/06/10,Alternative splicing- and gene fusion-derived neoepitopes in MASLD-associated hepatocellular carcinoma,https://www.ncbi.nlm.nih.gov/geo/query/acc.cgi?acc=GSE334651
GSE322742,LIHC,8,2026/06/10,Transcriptional profiling of sorafenib-resistant and parental sensitive HepG2 and Huh7 hepatocellular carcinoma cells,https://www.ncbi.nlm.nih.gov/geo/query/acc.cgi?acc=GSE322742
GSE333851,LIHC,32,2026/06/04,Spatial Glyco-Codes Define Human Liver Pathology and Progression,https://www.ncbi.nlm.nih.gov/geo/query/acc.cgi?acc=GSE333851
GSE334086,LIHC,6,2026/06/03,Arginine methylationof BAF155 regualtes interactions with RNA processing machinery [RNA-seq],https://www.ncbi.nlm.nih.gov/geo/query/acc.cgi?acc=GSE334086
GSE295159,LIHC,2,2026/06/01,Transcriptome profiling of SKHEP1 cells and differentiated SKHEP1 cells induced by knockdown of SETDB1 using RNA-sequencing,https://www.ncbi.nlm.nih.gov/geo/query/acc.cgi?acc=GSE295159
GSE295158,LIHC,2,2026/06/01,Transcriptome profiling of SKHEP1 cells and differentiated SKHEP1 cells induced by forced expresssion of PPARG using RNA-sequencing.,https://www.ncbi.nlm.nih.gov/geo/query/acc.cgi?acc=GSE295158
GSE295157,LIHC,2,2026/06/01,Transcriptome profiling of SKHEP1 cells and differentiated SKHEP1 cells induced by forced expresssion of MYOD1 using RNA-sequencing.,https://www.ncbi.nlm.nih.gov/geo/query/acc.cgi?acc=GSE295157
GSE310304,LIHC,9,2026/05/31,The effect of UXS1 or MRPL42 on the mRNA expression in hepatocellular carcinoma cell line HCCLM3,https://www.ncbi.nlm.nih.gov/geo/query/acc.cgi?acc=GSE310304
GSE291757,LIHC,4,2026/05/28,Multiplexed transcriptomics to screen drug combination and define therapeutic mechanism of action at single-cell resolution,https://www.ncbi.nlm.nih.gov/geo/query/acc.cgi?acc=GSE291757
GSE326201,LIHC,18,2026/05/27,Single-cell RNA sequencing of human hepatocellular carcinoma and adjacent non-tumour liver tissues reveals etiology-associated and etiology-,https://www.ncbi.nlm.nih.gov/geo/query/acc.cgi?acc=GSE326201
GSE298582,LIHC,6,2026/05/27,"Nitroxoline Upregulates LDLR Expression, Enhances Lipid Metabolism, and Reduces Hepatic Steatosis and Atherosclerosis in Apoe-/- Mice",https://www.ncbi.nlm.nih.gov/geo/query/acc.cgi?acc=GSE298582
GSE332899,LIHC,2,2026/05/26,polyA plus RNA-seq from HepG2 (ENCSR985KAT),https://www.ncbi.nlm.nih.gov/geo/query/acc.cgi?acc=GSE332899
GSE332556,LIHC,2,2026/05/25,Tumor-associated Macrophage GnT-V Enhances Sensitivity to Antitumor Immunotherapy through Branched N-Glycosylation to Promote M1 Polarizatio,https://www.ncbi.nlm.nih.gov/geo/query/acc.cgi?acc=GSE332556
GSE331257,LIHC,24,2026/05/22,Histone succinylation directly inhibits Jumonji domain demethylases and stabilizes repressive chromatin states [RNA-Seq],https://www.ncbi.nlm.nih.gov/geo/query/acc.cgi?acc=GSE331257
GSE323364,LIHC,42,2026/05/21,Coordinating catalytic and non-canonical functions of EZH2 sensitizes tumors to CAR-T cell therapy,https://www.ncbi.nlm.nih.gov/geo/query/acc.cgi?acc=GSE323364
GSE306326,LIHC,12,2026/05/21,Chimeric Antigen Receptor-Macrophage Extracellular Vesicles Reprogram Immune Microenvironment for Cancer Therapy.,https://www.ncbi.nlm.nih.gov/geo/query/acc.cgi?acc=GSE306326
GSE331137,LIHC,54,2026/05/18,Methylation Mesa define functional regulatory elements for targeted gene activation,https://www.ncbi.nlm.nih.gov/geo/query/acc.cgi?acc=GSE331137
GSE297856,LIHC,8,2026/05/18,Targeting NAT10 inhibits hepatocarcinogenesis via ac4C-mediated.,https://www.ncbi.nlm.nih.gov/geo/query/acc.cgi?acc=GSE297856
GSE319107,LIHC,6,2026/05/15,The APC/C subunit APC7 promotes hepatocellular carcinoma progression by mediating ubiquitination and degradation of LATS1/2 to activate YAP/,https://www.ncbi.nlm.nih.gov/geo/query/acc.cgi?acc=GSE319107
GSE312448,LIHC,12,2026/05/15,CS2164 combined with radiation impaired tumor growth by interfering with DNA damage repair and modifying tumor environment,https://www.ncbi.nlm.nih.gov/geo/query/acc.cgi?acc=GSE312448
GSE281076,LIHC,30,2026/05/14,Digital transformation of herbal medicine: Conversion to biological entity data using Qi related decoction and constituent herbal medicine-i,https://www.ncbi.nlm.nih.gov/geo/query/acc.cgi?acc=GSE281076
GSE281075,LIHC,60,2026/05/14,Digital transformation of herbal medicine: Conversion to biological entity data using Qi related decoction and constituent herbal medicine-i,https://www.ncbi.nlm.nih.gov/geo/query/acc.cgi?acc=GSE281075
GSE281074,LIHC,60,2026/05/14,Digital transformation of herbal medicine: Conversion to biological entity data using Qi related decoction and constituent herbal medicine-i,https://www.ncbi.nlm.nih.gov/geo/query/acc.cgi?acc=GSE281074
GSE281073,LIHC,60,2026/05/14,Digital transformation of herbal medicine: Conversion to biological entity data using Qi related decoction and constituent herbal medicine-i,https://www.ncbi.nlm.nih.gov/geo/query/acc.cgi?acc=GSE281073
GSE281072,LIHC,60,2026/05/14,Digital transformation of herbal medicine: Conversion to biological entity data using Qi related decoction and constituent herbal medicine-i,https://www.ncbi.nlm.nih.gov/geo/query/acc.cgi?acc=GSE281072
GSE330850,LIHC,1,2026/05/13,Lineage tracing of soma-to-primordial germ cell-like conversion in human tumor cell line,https://www.ncbi.nlm.nih.gov/geo/query/acc.cgi?acc=GSE330850
GSE312184,LIHC,8,2026/05/12,Transcriptomic profiling of HepG2 cells upon EZH2 knockdown,https://www.ncbi.nlm.nih.gov/geo/query/acc.cgi?acc=GSE312184
GSE312183,LIHC,12,2026/05/12,Transcriptome profiling of human normal liver and hepatocellular carcinoma tissues stratified by EZH2 expression level,https://www.ncbi.nlm.nih.gov/geo/query/acc.cgi?acc=GSE312183
GSE283054,LIHC,270,2026/05/12,Digital transformation of herbal medicine: Conversion to biological entity data using Qi related decoction and constituent herbal medicine-i,https://www.ncbi.nlm.nih.gov/geo/query/acc.cgi?acc=GSE283054
GSE327198,LIHC,6,2026/05/11,Tamarixetin induces ferroptotic stress through the SLC7A11–GPX4 axis and triggers a compensatory NRF2 response,https://www.ncbi.nlm.nih.gov/geo/query/acc.cgi?acc=GSE327198
GSE329526,LIHC,10,2026/05/06,Clonal lineage tracing reveals distinct invasive subpopulations in triple-negative breast cancer,https://www.ncbi.nlm.nih.gov/geo/query/acc.cgi?acc=GSE329526
GSE329449,LIHC,6,2026/05/04,Tumor cells with cholangiocytic phenotype form oncogenic niches with fibroblasts in hepatocellular carcinoma,https://www.ncbi.nlm.nih.gov/geo/query/acc.cgi?acc=GSE329449
GSE318324,LIHC,16,2026/04/30,Targeted RNA sequencing of resected hepatocellular carcinoma specimens to characterize immune gene expression associated with spatial PD-L1(,https://www.ncbi.nlm.nih.gov/geo/query/acc.cgi?acc=GSE318324
GSE231854,LIHC,81,2026/04/30,The heterogeneity analysis of hepatocellular carcinoma and combined hepatocellular cholangiocarcinoma,https://www.ncbi.nlm.nih.gov/geo/query/acc.cgi?acc=GSE231854
GSE231338,LIHC,12,2026/04/30,Transcriptional analysis of the bifocal HCCs,https://www.ncbi.nlm.nih.gov/geo/query/acc.cgi?acc=GSE231338
GSE291286,LIHC,98,2026/04/29,Clinical cure of chronic hepatitis B is associated with priming and perpetuation of hepatic CD4+ T cell responses,https://www.ncbi.nlm.nih.gov/geo/query/acc.cgi?acc=GSE291286
GSE319518,LIHC,2,2026/04/23,Gene expression profiling of HepG2 cells with or without SAMD4B overexpression,https://www.ncbi.nlm.nih.gov/geo/query/acc.cgi?acc=GSE319518
GSE314771,LIHC,12,2026/04/22,Positive Feedback Regulation of Glycolysis by H4K5 Lactylation Promotes Malignant Progression of Hepatocellular Carcinoma [RNA-seq],https://www.ncbi.nlm.nih.gov/geo/query/acc.cgi?acc=GSE314771
GSE298810,LIHC,12,2026/04/22,Transcriptomic profiles of Huh7 and HLF hepatocellular carcinoma cells under 2D and 3D culture conditions,https://www.ncbi.nlm.nih.gov/geo/query/acc.cgi?acc=GSE298810
GSE255617,LIHC,40,2026/04/22,"Development of novel Hepatocellular Carcinoma drugs, JNK-IN-5A derivatives simultaneously induce Apoptosis and Necrosis",https://www.ncbi.nlm.nih.gov/geo/query/acc.cgi?acc=GSE255617
GSE326845,LIHC,6,2026/04/17,ASCL2 drives sorafenib resistance through FSAN-mediated MDR1 palmitoylation,https://www.ncbi.nlm.nih.gov/geo/query/acc.cgi?acc=GSE326845
GSE294355,LIHC,36,2026/04/16,Dual function of DOT1L suppresses tumor intrinsic immunogenicity in Hepatocellular carcinoma [RNA-seq],https://www.ncbi.nlm.nih.gov/geo/query/acc.cgi?acc=GSE294355
GSE327600,LIHC,4,2026/04/15,Evaluation of clofazimine treatment on functional gene transcription in hepatocellular carcinoma cells,https://www.ncbi.nlm.nih.gov/geo/query/acc.cgi?acc=GSE327600
GSE327595,LIHC,6,2026/04/15,The homeostasis of endoplasmic reticulum stress and autophagy regulates functional gene transcription in hepatocellular carcinoma cells,https://www.ncbi.nlm.nih.gov/geo/query/acc.cgi?acc=GSE327595
GSE319803,LIHC,12,2026/04/15,CENPF overexpression facilitates the G1/S cell cycle transition of hepatocellular carcinoma cells via MYC pathway,https://www.ncbi.nlm.nih.gov/geo/query/acc.cgi?acc=GSE319803
GSE311232,LIHC,12,2026/04/15,Gene expression analysis using RNAseq upon SBNO1 knockdown in the HCC cell line Hep3B,https://www.ncbi.nlm.nih.gov/geo/query/acc.cgi?acc=GSE311232
GSE291554,LIHC,6,2026/04/15,N6-Methyladenosine-Modified circPICALM Encodes a Protein That Promotes Intrahepatic Cholangiocarcinoma Metastasis,https://www.ncbi.nlm.nih.gov/geo/query/acc.cgi?acc=GSE291554
GSE287988,LIHC,4,2026/04/15,Identified gene changes through RNA-sequencing following the knockdown of the COP1 gene in liver cancer,https://www.ncbi.nlm.nih.gov/geo/query/acc.cgi?acc=GSE287988
GSE277271,LIHC,9,2026/04/15,SBNO1 knockdown in the iCCA cell lines SNU1079,https://www.ncbi.nlm.nih.gov/geo/query/acc.cgi?acc=GSE277271
GSE229606,LIHC,6,2026/04/13,Effect of overexpression of PPFIA1 on gene expression in HepG2 cells,https://www.ncbi.nlm.nih.gov/geo/query/acc.cgi?acc=GSE229606
GSE318083,LIHC,43,2026/04/10,BAF complexes maintain accessibility at stimulus-responsive chromatin and are required for transcriptional stimulus responses [RNA-seq],https://www.ncbi.nlm.nih.gov/geo/query/acc.cgi?acc=GSE318083
GSE282603,LIHC,6,2026/04/08,A new insight into Glutamine promoting tumor proliferation: The mitochondrial metabolic pathway - Gln/GGCT/GSH/ROS axis,https://www.ncbi.nlm.nih.gov/geo/query/acc.cgi?acc=GSE282603
GSE326605,LIHC,4,2026/04/05,Bile acid uptake activates STAT signaling and impairs natural killer cells in metabolic dysfunction–associated steatohepatitis,https://www.ncbi.nlm.nih.gov/geo/query/acc.cgi?acc=GSE326605
GSE320398,LIHC,28,2026/04/01,Pan-Cancer Analysis Reveals Mutation-Driven TE Dysregulation as a Contributor to Immune Suppression,https://www.ncbi.nlm.nih.gov/geo/query/acc.cgi?acc=GSE320398
GSE320255,LIHC,14,2026/04/01,Pan-Cancer Analysis Reveals Mutation-Driven TE Dysregulation as a Contributor to Immune Suppression [RNA-seq],https://www.ncbi.nlm.nih.gov/geo/query/acc.cgi?acc=GSE320255
GSE318290,LIHC,2,2026/04/01,Identification of conserved mecciRNAs,https://www.ncbi.nlm.nih.gov/geo/query/acc.cgi?acc=GSE318290
GSE317008,LIHC,6,2026/04/01,Ginkgolic Acid Targets HSPA8 to Trigger Ferroptosis in Hepatocellular Carcinoma via Chaperone-Mediated Autophagy-Dependent GPX4 Degradation,https://www.ncbi.nlm.nih.gov/geo/query/acc.cgi?acc=GSE317008
GSE287319,LIHC,12,2026/04/01,MVI-targeted carbon-ion radiotherapy combined with immunotherapy for advanced hepatocellular carcinoma: Phase Ib DEPARTURE trial,https://www.ncbi.nlm.nih.gov/geo/query/acc.cgi?acc=GSE287319
GSE325921,LIHC,6,2026/03/31,"Lidocaine inhibits hepatocellular carcinoma cell proliferation, migration, and invasion through the downregulation of SLC6A3",https://www.ncbi.nlm.nih.gov/geo/query/acc.cgi?acc=GSE325921
GSE293320,LIHC,24,2026/03/31,Transcriptome data of Huh7 cells treated with glucose or fructose,https://www.ncbi.nlm.nih.gov/geo/query/acc.cgi?acc=GSE293320
GSE228973,LIHC,12,2026/03/31,Transcriptome m5C MeRIP-seq of human Huh7 cells,https://www.ncbi.nlm.nih.gov/geo/query/acc.cgi?acc=GSE228973
GSE326150,LIHC,1,2026/03/27,Single-cell profiles delineate immune cell remodeling and enhanced tumor-fibroblast interaction of hepatoblastoma after chemotherapy,https://www.ncbi.nlm.nih.gov/geo/query/acc.cgi?acc=GSE326150
GSE292970,LIHC,54,2026/03/27,Spatially organizing million callus cells identify the core-network enable tomato shoot regeneration [RNA-Seq],https://www.ncbi.nlm.nih.gov/geo/query/acc.cgi?acc=GSE292970
GSE316961,LIHC,12,2026/03/26,Transcriptomic profile of Chronic Hepatitis B patients positive for pregenomic RNA.,https://www.ncbi.nlm.nih.gov/geo/query/acc.cgi?acc=GSE316961
GSE325422,LIHC,15,2026/03/24,RNA-seq analysis of sodium butyrate effects on palmitate-induced insulin resistance in HepG2 cells,https://www.ncbi.nlm.nih.gov/geo/query/acc.cgi?acc=GSE325422
GSE305835,LIHC,11,2026/03/23,NAE1/UBA3-UBE2M are E1 and E2 Enzymes for the Urm1 Modification in Human Cells,https://www.ncbi.nlm.nih.gov/geo/query/acc.cgi?acc=GSE305835
GSE300628,LIHC,60,2026/03/20,HER2 heterogeneous breast cancer models reveal novel therapeutic targets and subclonal dynamics during evolution to resistance to HER2-targe,https://www.ncbi.nlm.nih.gov/geo/query/acc.cgi?acc=GSE300628
GSE261882,LIHC,4,2026/03/19,MAGED2 mediates AKT pathway regulates the biological function of glioblastoma,https://www.ncbi.nlm.nih.gov/geo/query/acc.cgi?acc=GSE261882
GSE297965,LIHC,6,2026/03/18,Effect of overepression of HK1 in hepatocellular carcinoma cells,https://www.ncbi.nlm.nih.gov/geo/query/acc.cgi?acc=GSE297965
GSE324401,LIHC,48,2026/03/15,Evaluation of the immortalized primary human hepatocyte cell line Fa2N-4 as a model for MASLD,https://www.ncbi.nlm.nih.gov/geo/query/acc.cgi?acc=GSE324401
GSE324785,LIHC,27,2026/03/13,Comparative analysis of gene expression in HDV-infected dHepaRG cells upon treatment with IFN-α-2a or IFN-λ1,https://www.ncbi.nlm.nih.gov/geo/query/acc.cgi?acc=GSE324785
GSE324183,LIHC,12,2026/03/13,Lactylation Converts ABHD6 into a Mitochondrial Regulator that Drives Lenvatinib Resistance in Hepatocellular Carcinoma,https://www.ncbi.nlm.nih.gov/geo/query/acc.cgi?acc=GSE324183
GSE307271,LIHC,9,2026/03/13,Glutamine Deprivation Triggers TRIB3-Dependent G4-DNA Resolution to Maintain DNA Repair and Tumor Survival  [TRIB3],https://www.ncbi.nlm.nih.gov/geo/query/acc.cgi?acc=GSE307271
GSE307270,LIHC,9,2026/03/13,Glutamine Deprivation Triggers TRIB3-Dependent G4-DNA Resolution to Maintain DNA Repair and Tumor Survival [Glutamin deprivation],https://www.ncbi.nlm.nih.gov/geo/query/acc.cgi?acc=GSE307270
GSE290501,LIHC,4,2026/03/11,Tumor-secreted SPP1 activates CD44-Hedgehog signaling in hepatic stellate cells to promote fibrosis,https://www.ncbi.nlm.nih.gov/geo/query/acc.cgi?acc=GSE290501
GSE311354,LIHC,18,2026/03/10,A personalized therapeutic approach for cancer containing the African-centric P47S variant of TP53,https://www.ncbi.nlm.nih.gov/geo/query/acc.cgi?acc=GSE311354
GSE300754,LIHC,47,2026/03/10,CDK16 and CDK18 inhibition suppresses nuclear pore-mediated DNA repair and hepatocellular carcinoma,https://www.ncbi.nlm.nih.gov/geo/query/acc.cgi?acc=GSE300754
GSE227083,LIHC,33,2026/03/10,CDK16 and CDK18 inhibition suppresses nuclear pore-mediated DNA repair and hepatocellular carcinoma [Huh7],https://www.ncbi.nlm.nih.gov/geo/query/acc.cgi?acc=GSE227083
GSE322668,LIHC,6,2026/03/07,A Positive Feedback Loop Between TKT and c-Myc Drives TACE Resistance In Hepatocellular Carcinoma,https://www.ncbi.nlm.nih.gov/geo/query/acc.cgi?acc=GSE322668
GSE314155,LIHC,17,2026/03/05,BRD9 Reads Lactate-Induced H3K18 Lactylation to Drive Oncogenic Chromatin Remodeling in Hepatocellular Carcinoma,https://www.ncbi.nlm.nih.gov/geo/query/acc.cgi?acc=GSE314155
GSE277540,LIHC,8,2026/03/05,"GSK3β-Mediated Phosphorylation of SOX4 and Its Interaction with STAT6 to Regulate MTHFD2 Expression, NADPH Production, Cancer Stemness, and ",https://www.ncbi.nlm.nih.gov/geo/query/acc.cgi?acc=GSE277540
GSE306340,LIHC,17,2026/03/04,Oncogenic Role of Aberrant EZH2 in Hepatoblastoma Development,https://www.ncbi.nlm.nih.gov/geo/query/acc.cgi?acc=GSE306340
GSE312804,LIHC,2,2026/03/02,scRNAseq analysis of hepatocytes from liver cirrhosis patient,https://www.ncbi.nlm.nih.gov/geo/query/acc.cgi?acc=GSE312804
GSE309947,LIHC,19,2026/03/02,Knockdown of RNA editing proteins reshapes the HepaRG transcriptome and pharmacogene expression,https://www.ncbi.nlm.nih.gov/geo/query/acc.cgi?acc=GSE309947
GSE320155,LIHC,60,2026/02/25,scRNA‑seq of human intra‑hepatic CD4⁺ T cells reveals unique Treg transcriptional identities and two steady‑state tissue‑adaptation programs,https://www.ncbi.nlm.nih.gov/geo/query/acc.cgi?acc=GSE320155
GSE234724,LIHC,4,2026/02/25,Transcriptomic differences in cabozantinib-resisant AML cells.,https://www.ncbi.nlm.nih.gov/geo/query/acc.cgi?acc=GSE234724
GSE319709,LIHC,18,2026/02/20,Single-cell transcriptomics reveals etiology-specific T-cell heterogeneity in hepatocellular carcinoma and implicates regulatory,https://www.ncbi.nlm.nih.gov/geo/query/acc.cgi?acc=GSE319709
GSE319935,LIHC,6,2026/02/18,"Defining molecular signatures of the solid/pseudopapillary and pseudoglandular patterns in so-called ""solid-tubulocystic intrahepatic cholan",https://www.ncbi.nlm.nih.gov/geo/query/acc.cgi?acc=GSE319935
GSE319486,LIHC,18,2026/02/16,Histone methyl-transferase G9a inhibition boosts the efficacy of immune checkpoint inhibitors in experimental hepatocellular carcinoma,https://www.ncbi.nlm.nih.gov/geo/query/acc.cgi?acc=GSE319486
GSE317207,LIHC,33,2026/02/12,Transcriptomic profiling of human hepatocellular carcinoma biopsy samples using bulk RNA-seq,https://www.ncbi.nlm.nih.gov/geo/query/acc.cgi?acc=GSE317207
GSE318429,LIHC,6,2026/02/11,The Role and Therapeutic Potential of Splicing Factor SF3B6 in Hepatocellular Carcinoma,https://www.ncbi.nlm.nih.gov/geo/query/acc.cgi?acc=GSE318429
GSE318418,LIHC,16,2026/02/09,Immunosuppressive monocytes are enriched in hepatocellular carcinoma patients with liver dysfunction in a phase II trial of combination sora,https://www.ncbi.nlm.nih.gov/geo/query/acc.cgi?acc=GSE318418
GSE318243,LIHC,6,2026/02/05,The role and mechanism of hypoxia-induced lncRNA in regulating ferroptosis in hepatocellular carcinoma,https://www.ncbi.nlm.nih.gov/geo/query/acc.cgi?acc=GSE318243
GSE313961,LIHC,8,2026/02/05,Endotrophin and CD44-Mediated Heterotypic Signaling Mediates Tumor-Stroma Crosstalk and Facilitates Malignant Progression in Hepatocellular ,https://www.ncbi.nlm.nih.gov/geo/query/acc.cgi?acc=GSE313961
GSE288874,LIHC,26,2026/02/05,THE INTEGRATIVE GENOMIC AND FUNCTIONAL IMMUNOLOGICAL ANALYSES OF COLORECTAL CANCER INITIATING CELLS TO MODULATE STEMNESS PROPERTIES AND THE ,https://www.ncbi.nlm.nih.gov/geo/query/acc.cgi?acc=GSE288874
GSE318420,LIHC,210,2026/02/04,Immunosuppressive monocytes are enriched in hepatocellular carcinoma patients with liver dysfunction in a phase II trial of combination sora,https://www.ncbi.nlm.nih.gov/geo/query/acc.cgi?acc=GSE318420
GSE312289,LIHC,12,2026/02/02,Gene silencing of ANGPTL3 suppresses α1-antitrypsin and lectin mannose-binding 1 expression in the hepatoma Huh7 cell line,https://www.ncbi.nlm.nih.gov/geo/query/acc.cgi?acc=GSE312289
GSE289433,LIHC,8,2026/01/30,Transcription factor REST regulates activation and growth of human Hepatic Stellate Cells,https://www.ncbi.nlm.nih.gov/geo/query/acc.cgi?acc=GSE289433
GSE317443,LIHC,20,2026/01/28,Multi-Omics SMR and Experimental supportive analyses Decipher Causal Drivers Hepatocellular Carcinoma,https://www.ncbi.nlm.nih.gov/geo/query/acc.cgi?acc=GSE317443
GSE304512,LIHC,38,2026/01/28,Developing precision medicine for remote liver cancer patients,https://www.ncbi.nlm.nih.gov/geo/query/acc.cgi?acc=GSE304512
GSE295911,LIHC,12,2026/01/28,The two-step purification method ViREn identifies a single NSUN6-mediated 5-methylcytosine modification promoting dengue virus RNA genome tu,https://www.ncbi.nlm.nih.gov/geo/query/acc.cgi?acc=GSE295911
GSE316568,LIHC,12,2026/01/21,MiR-424-5p Acts as an Oncogene in Hep3B Cells by Activating the PI3K/AKT Signaling Pathway,https://www.ncbi.nlm.nih.gov/geo/query/acc.cgi?acc=GSE316568
GSE316455,LIHC,4,2026/01/21,Hypoxia-induced CD147-enriched migrasomes promote sorafenib resistance in HCC by inducing vasculogenic mimicry via PI3K/AKT/TWIST1 signaling,https://www.ncbi.nlm.nih.gov/geo/query/acc.cgi?acc=GSE316455
GSE299060,LIHC,6,2026/01/21,Elucidating the mechanisms underlying KRT19 contributes to NSCLC progression [PC-9 cells_RNA-Seq],https://www.ncbi.nlm.nih.gov/geo/query/acc.cgi?acc=GSE299060
GSE298926,LIHC,8,2026/01/21,Elucidating the mechanisms underlying KRT19 contributes to NSCLC progression,https://www.ncbi.nlm.nih.gov/geo/query/acc.cgi?acc=GSE298926
GSE316557,LIHC,9,2026/01/20,Lactate-mediated cholesterol uptake promotes liver cancer progression through the SCARB1-autophagy axis,https://www.ncbi.nlm.nih.gov/geo/query/acc.cgi?acc=GSE316557
GSE287386,LIHC,6,2026/01/18,Locoregional delivery of autologous PD-1 knockout T cell in patients with failed first-line therapy in advanced hepatocellular carcinoma,https://www.ncbi.nlm.nih.gov/geo/query/acc.cgi?acc=GSE287386
GSE299840,LIHC,16,2026/01/14,Proteoglycan 4 and regorafenib synergistically reduce HCC progression in an orthotopic model,https://www.ncbi.nlm.nih.gov/geo/query/acc.cgi?acc=GSE299840
GSE315939,LIHC,5,2026/01/12,Scalable single-cell total RNA sequencing unifies coding and non-coding transcriptomics,https://www.ncbi.nlm.nih.gov/geo/query/acc.cgi?acc=GSE315939
GSE315789,LIHC,6,2026/01/12,An α-specific PI3K inhibitor improves chemotherapy efficacy by inhibiting hepatic stellate cell activation in liver cancer,https://www.ncbi.nlm.nih.gov/geo/query/acc.cgi?acc=GSE315789
GSE304375,LIHC,6,2026/01/12,Transcriptomic analysis reveals the potential role of TOE1 in hepatocellular carcinoma,https://www.ncbi.nlm.nih.gov/geo/query/acc.cgi?acc=GSE304375
GSE234454,LIHC,6,2026/01/12,LINC00862 Inhibits Hepatocellular Carcinoma via a RBM47-mediated Positive Feedback Loop,https://www.ncbi.nlm.nih.gov/geo/query/acc.cgi?acc=GSE234454
GSE315518,LIHC,6,2026/01/08,Daphnetin sensitizes hepatocellular carcinoma cells to chemotherapeutics and suppresses malignant phenotypes through modulating DDIT3-associ,https://www.ncbi.nlm.nih.gov/geo/query/acc.cgi?acc=GSE315518
GSE315229,LIHC,2,2026/01/04,RNA-seq analysis of QRICH1 knockdown in Huh7 cells,https://www.ncbi.nlm.nih.gov/geo/query/acc.cgi?acc=GSE315229
GSE233770,LIHC,8,2026/01/01,Dual inhibition of CDK4/6 and XPO1 induced senescence with acquired vulnerability to CRBN-based PROTAC drugs.,https://www.ncbi.nlm.nih.gov/geo/query/acc.cgi?acc=GSE233770
GSE233531,LIHC,10,2026/01/01,Dual inhibition of CDK4/6 and XPO1 induced senescence with acquired vulnerability to CRBN-based PROTAC drugs,https://www.ncbi.nlm.nih.gov/geo/query/acc.cgi?acc=GSE233531
GSE311083,LIHC,6,2025/12/31,Umbilical cord mesenchymal stem cell spheroids loaded decellularized liver hydrogel rescues liver fibrosis by inhibiting hepatic stellate ce,https://www.ncbi.nlm.nih.gov/geo/query/acc.cgi?acc=GSE311083
GSE306575,LIHC,13,2025/12/31,Spatial and single-nucleus transcriptomic profiling of CHB liver biopsies,https://www.ncbi.nlm.nih.gov/geo/query/acc.cgi?acc=GSE306575
GSE286295,LIHC,18,2025/12/31,Unravelling the tumorigenesis mechanisms of oncocytic cell tumors: discoveries from a comparative omics studies,https://www.ncbi.nlm.nih.gov/geo/query/acc.cgi?acc=GSE286295
GSE285625,LIHC,33,2025/12/31,Finding Sorafenib-Responding Signature in Hepatocellular Carcinoma (HCC),https://www.ncbi.nlm.nih.gov/geo/query/acc.cgi?acc=GSE285625
GSE280148,LIHC,24,2025/12/31,SOAT1 knockout enhances sensitivity of liver cancer cells to T cell-based immunotherapy [RNA-seq],https://www.ncbi.nlm.nih.gov/geo/query/acc.cgi?acc=GSE280148
GSE173592,LIHC,12,2025/12/31,Transcriptomic profiling of senescent human blood vessel cells upon medicinal intervention with ginkgo boliba extract or rattan tea extract,https://www.ncbi.nlm.nih.gov/geo/query/acc.cgi?acc=GSE173592
GSE156448,LIHC,12,2025/12/31,Transcriptomic profiling of human senescent cells upon medicinal intervention with ginkgo boliba extract or rattan tea extract,https://www.ncbi.nlm.nih.gov/geo/query/acc.cgi?acc=GSE156448
GSE281717,LIHC,35,2025/12/30,GRHL2 derepression triggers pathophysiological hepatocyte to cholangiocyte trans-differentiation,https://www.ncbi.nlm.nih.gov/geo/query/acc.cgi?acc=GSE281717
GSE281713,LIHC,8,2025/12/30,Transcriptomic analysis of GRHL2 regulated genes in HepG2 cells,https://www.ncbi.nlm.nih.gov/geo/query/acc.cgi?acc=GSE281713
GSE281712,LIHC,8,2025/12/30,GRHL2 derepression triggers pathophysiological hepatocyte to cholangiocyte transdifferentiation [RNAseq_HepG2_EZHi],https://www.ncbi.nlm.nih.gov/geo/query/acc.cgi?acc=GSE281712
GSE301049,LIHC,12,2025/12/29,"Fructose-1,6-Bisphosphate Aldolase B (ALDOB) Regulates Hepatoblastoma Progression through ALDOB-AKT1/2-PPP1CC Complex Formation",https://www.ncbi.nlm.nih.gov/geo/query/acc.cgi?acc=GSE301049
GSE314956,LIHC,6,2025/12/27,Targeting mTORC2-Dependent AKT/FOXO1/RNF125 Signaling Exploits a Therapeutic Vulnerability in c-MET-Activated and β-catenin-Mutated Hepatoce,https://www.ncbi.nlm.nih.gov/geo/query/acc.cgi?acc=GSE314956
GSE314632,LIHC,4,2025/12/25,Transcriptional profiling of HLCZ01 cells with or without HBV infection.,https://www.ncbi.nlm.nih.gov/geo/query/acc.cgi?acc=GSE314632
GSE313791,LIHC,6,2025/12/25,Multi-Omics Integration Identifies a Prognostic Signature Guiding Precision Survival in Advanced HCC,https://www.ncbi.nlm.nih.gov/geo/query/acc.cgi?acc=GSE313791
GSE314652,LIHC,6,2025/12/23,Targeting mTORC2-Dependent AKT/FOXO1/RNF125 Signaling Exploits a Therapeutic Vulnerability in c-MET-Activated and β-catenin-Mutated Hepatoce,https://www.ncbi.nlm.nih.gov/geo/query/acc.cgi?acc=GSE314652
GSE314110,LIHC,18,2025/12/18,Transcriptional control of hepatocellular carcinoma cells aggressiveness by AAV2/8-mediated delivery of human centenarian-associated SIRT6 N,https://www.ncbi.nlm.nih.gov/geo/query/acc.cgi?acc=GSE314110
GSE300565,LIHC,4,2025/12/17,MRPL37 promotes hepatocellular carcinoma progression through modulating mitochondrial energy metabolism,https://www.ncbi.nlm.nih.gov/geo/query/acc.cgi?acc=GSE300565
GSE295052,LIHC,6,2025/12/17,Paeonol Affects Hepatocellular Carcinoma Cell Proliferation and Apoptosis via the CLGN/NF-κB Pathway Under Endoplasmic Reticulum Stress,https://www.ncbi.nlm.nih.gov/geo/query/acc.cgi?acc=GSE295052
GSE291867,LIHC,27,2025/12/16,Gene expression profile Predictor on chemical Structures (GPS): Deep Learning-based platform to screen and design novel therapeutics,https://www.ncbi.nlm.nih.gov/geo/query/acc.cgi?acc=GSE291867
GSE291833,LIHC,15,2025/12/16,Transcriptomics-based Screening and Novel compound for Hepatocellular Carcinoma ,https://www.ncbi.nlm.nih.gov/geo/query/acc.cgi?acc=GSE291833
GSE290623,LIHC,142,2025/12/15,Opposing functions of distinct regulatory T cell subsets in colorectal cancer,https://www.ncbi.nlm.nih.gov/geo/query/acc.cgi?acc=GSE290623
GSE237332,LIHC,106,2025/12/15,Transcriptional profiling of liver biopsies of precancerous viral hepatitis patients,https://www.ncbi.nlm.nih.gov/geo/query/acc.cgi?acc=GSE237332
GSE221083,LIHC,11,2025/12/13,Integrative proteomics and transcriptomics identify novel fibrosis-related biomarkers of patients with post-HBV hepatitis cirrhosis,https://www.ncbi.nlm.nih.gov/geo/query/acc.cgi?acc=GSE221083
GSE313642,LIHC,194,2025/12/12,Immunosuppressive monocytes are enriched in hepatocellular carcinoma patients with liver dysfunction in a phase II trial of combination sora,https://www.ncbi.nlm.nih.gov/geo/query/acc.cgi?acc=GSE313642
GSE312144,LIHC,51,2025/12/12,Molecular indicators of hepatocellular carcinoma resistance to Y-90 microspheres revealed through high-throughput screening of cell lines an,https://www.ncbi.nlm.nih.gov/geo/query/acc.cgi?acc=GSE312144
GSE287510,LIHC,6,2025/12/12,Gene expression analysis of HepG2 cells overexpressing TAF2,https://www.ncbi.nlm.nih.gov/geo/query/acc.cgi?acc=GSE287510
GSE302752,LIHC,76,2025/12/10,"Safety, feasibility and pharmacodynamic activity of intratumoral injections of the agonist anti-CD137 (4-1BB) mAb urelumab in combination wi",https://www.ncbi.nlm.nih.gov/geo/query/acc.cgi?acc=GSE302752
GSE296996,LIHC,10,2025/12/10,Gene expression profiling of tunicamycin-induced ER stress in HepG2 hepatoma cells,https://www.ncbi.nlm.nih.gov/geo/query/acc.cgi?acc=GSE296996
GSE312078,LIHC,6,2025/12/09,The effect of ALKBH5 overexpression on gene expression in the Huh-7 cell line,https://www.ncbi.nlm.nih.gov/geo/query/acc.cgi?acc=GSE312078
GSE289122,LIHC,13,2025/12/09,FKBP9 Enhances IGF2BP1 Mediated m6A Recognition and Promotes Hepatocellular Carcinoma Progression,https://www.ncbi.nlm.nih.gov/geo/query/acc.cgi?acc=GSE289122
GSE284669,LIHC,6,2025/12/09,Therapeutic Perturbation of Liver and Bile Duct Cancer through Targeted Inhibition of FSP1 and GCS Induced Ferroptosis,https://www.ncbi.nlm.nih.gov/geo/query/acc.cgi?acc=GSE284669
GSE312291,LIHC,10,2025/12/07,A Novel Function of the Branched-Chain Fatty Acid iso15:0 in Suppressing HCC Malignant Progression through GPCR/PI3K/AKT Pathway Inhibition,https://www.ncbi.nlm.nih.gov/geo/query/acc.cgi?acc=GSE312291
GSE220145,LIHC,6,2025/12/05,RNA seq DATA （miR-361-3p mimics transfected Huh7 cells    VS.    mimics-NC  transfected Huh7 cells ）,https://www.ncbi.nlm.nih.gov/geo/query/acc.cgi?acc=GSE220145
GSE304385,LIHC,6,2025/12/04,KAT2A-driven succinylation of SRSF11 enforces spliceosome-mediated RAD52 splicing to promote homologous recombination and radioresistance in,https://www.ncbi.nlm.nih.gov/geo/query/acc.cgi?acc=GSE304385
GSE293853,LIHC,4,2025/12/04,The different genes expression of PLC8024 cell after drug treatment,https://www.ncbi.nlm.nih.gov/geo/query/acc.cgi?acc=GSE293853
GSE290907,LIHC,30,2025/12/03,ZDHHC12 palmitoylates HDAC8 and promotes the development of hepatocellular carcinoma associated with a diet high in saturated fatty acids,https://www.ncbi.nlm.nih.gov/geo/query/acc.cgi?acc=GSE290907
GSE278119,LIHC,44,2025/12/03,Clonally expanded effector CD4+ cytotoxic T lymphocytes are associated with severe neurological adverse events after immune checkpoint inhib,https://www.ncbi.nlm.nih.gov/geo/query/acc.cgi?acc=GSE278119
GSE228185,LIHC,6,2025/12/03,CSNK1A1 phosphorylates ITGB5 to decrease the sensitivity of hepatocellular carcinoma to the multi-target tyrosine kinase inhibitor by disrup,https://www.ncbi.nlm.nih.gov/geo/query/acc.cgi?acc=GSE228185
GSE298873,LIHC,6,2025/12/02,Long non-coding RNA RAB30-DT promotes the progression of hepatocellular carcinoma by enhancing cancer cell stemness,https://www.ncbi.nlm.nih.gov/geo/query/acc.cgi?acc=GSE298873
GSE290298,LIHC,10,2025/12/02,Integrative profiling of liver cancer reveals lysine metabolic reprogramming and patient stratification with distinct immune microenvironmen,https://www.ncbi.nlm.nih.gov/geo/query/acc.cgi?acc=GSE290298
GSE274579,LIHC,12,2025/12/02,RPL6 interacts with HMGCS1 to stabilize HIF-1α by activating cholesterol biosynthesis in hepatocellular carcinoma II,https://www.ncbi.nlm.nih.gov/geo/query/acc.cgi?acc=GSE274579
GSE274574,LIHC,9,2025/12/02,RPL6 interacts with HMGCS1 to stabilize HIF-1α by activating cholesterol biosynthesis in hepatocellular carcinoma,https://www.ncbi.nlm.nih.gov/geo/query/acc.cgi?acc=GSE274574
GSE272510,LIHC,6,2025/12/02,Lysine metabolism reprogramming reshapes the immune microenvironment and induces immunotherapy tolerance in liver cancer,https://www.ncbi.nlm.nih.gov/geo/query/acc.cgi?acc=GSE272510
GSE237331,LIHC,50,2025/12/02,Transcriptional profiling of liver biopsies of precancerous viral hepatitis patients: Validation cohort,https://www.ncbi.nlm.nih.gov/geo/query/acc.cgi?acc=GSE237331
GSE237330,LIHC,56,2025/12/02,Transcriptional profiling of liver biopsies of precancerous viral hepatitis patients: Training cohort,https://www.ncbi.nlm.nih.gov/geo/query/acc.cgi?acc=GSE237330
GSE310735,LIHC,8,2025/12/01,YBX1 regulates cellular homeostasis to prevent inflammation,https://www.ncbi.nlm.nih.gov/geo/query/acc.cgi?acc=GSE310735
GSE285575,LIHC,12,2025/12/01,Syntaxin-6 mediated autophagy confers lenvatinib resistance in hepatocellular carcinoma,https://www.ncbi.nlm.nih.gov/geo/query/acc.cgi?acc=GSE285575
GSE282171,LIHC,28,2025/12/01,Depression and Anxiety-Induced Metabolic Reprogramming Promotes Hepatocellular Carcinoma Progression through CBX5 Lactylation: Involvement o,https://www.ncbi.nlm.nih.gov/geo/query/acc.cgi?acc=GSE282171
GSE311074,LIHC,6,2025/11/27,COPG1 Is a Selectively Essential Regulator  of Cancer Progression and Chemoresistance: A Comprehensive Pan-Cancer Study,https://www.ncbi.nlm.nih.gov/geo/query/acc.cgi?acc=GSE311074
GSE275342,LIHC,16,2025/11/26,Coordinated gene expression within persistent STAT3-associated chromatin conformations contributes to hepatocellular carcinoma progression [,https://www.ncbi.nlm.nih.gov/geo/query/acc.cgi?acc=GSE275342
GSE195997,LIHC,9,2025/11/25,HIF Inhibitor 32-134D Combined with Anti-PD1 Therapy Blocks Murine Hepatocellular Carcinoma Growth and Eradicates Tumors,https://www.ncbi.nlm.nih.gov/geo/query/acc.cgi?acc=GSE195997
GSE289702,LIHC,6,2025/11/20,PABPN1-C5 Axis Promotes Hepatocellular Carcinoma Progression via NF-kB Activation,https://www.ncbi.nlm.nih.gov/geo/query/acc.cgi?acc=GSE289702
GSE309813,LIHC,6,2025/11/18,Deoxyguanosine Kinase Deficiency Couples Purine Metabolism to Innate Immune Activation and Lipid Accumulation in Hepatocytes,https://www.ncbi.nlm.nih.gov/geo/query/acc.cgi?acc=GSE309813
GSE208308,LIHC,6,2025/11/14,Achieving CD8+ T cell-dependent lethality by targeting cancer USP14 in HCC,https://www.ncbi.nlm.nih.gov/geo/query/acc.cgi?acc=GSE208308
GSE208307,LIHC,2,2025/11/14,Achieving CD8+ T cell-dependent lethality by targeting cancer USP14 in HCC [scRNA-seq],https://www.ncbi.nlm.nih.gov/geo/query/acc.cgi?acc=GSE208307
GSE248974,LIHC,30,2025/11/13,Digital transformation of herbal medicine: Conversion to biological entity data using digestive herbal medicine-induced transcriptome sequen,https://www.ncbi.nlm.nih.gov/geo/query/acc.cgi?acc=GSE248974
GSE248973,LIHC,60,2025/11/13,Digital transformation of herbal medicine: Conversion to biological entity data using digestive herbal medicine-induced transcriptome sequen,https://www.ncbi.nlm.nih.gov/geo/query/acc.cgi?acc=GSE248973
GSE248972,LIHC,58,2025/11/13,Digital transformation of herbal medicine: Conversion to biological entity data using digestive herbal medicine-induced transcriptome sequen,https://www.ncbi.nlm.nih.gov/geo/query/acc.cgi?acc=GSE248972
GSE248970,LIHC,60,2025/11/13,Digital transformation of herbal medicine: Conversion to biological entity data using digestive herbal medicine-induced transcriptome sequen,https://www.ncbi.nlm.nih.gov/geo/query/acc.cgi?acc=GSE248970
GSE248969,LIHC,59,2025/11/13,Digital transformation of herbal medicine: Conversion to biological entity data using digestive herbal medicine-induced transcriptome sequen,https://www.ncbi.nlm.nih.gov/geo/query/acc.cgi?acc=GSE248969
GSE217588,LIHC,6,2025/11/05,Role of Solute carrier family 37 member 3 in hepatocellular carcinoma,https://www.ncbi.nlm.nih.gov/geo/query/acc.cgi?acc=GSE217588
GSE303623,LIHC,5,2025/11/01,MAP2-mediated integrin dysregulation reprograms cancer cell plasticity to drive liver cancer cell transition to a mesenchymal and stemness s,https://www.ncbi.nlm.nih.gov/geo/query/acc.cgi?acc=GSE303623
GSE281511,LIHC,44,2025/11/01,"RNA seq of liver cancer cells treated with different concentration gradients of Thapsigargin (TG), Tunicamycin (TM), and FCCP",https://www.ncbi.nlm.nih.gov/geo/query/acc.cgi?acc=GSE281511
GSE281360,LIHC,2,2025/10/31,LINC01419 role as HCV induced HCC,https://www.ncbi.nlm.nih.gov/geo/query/acc.cgi?acc=GSE281360
GSE248976,LIHC,267,2025/10/28,Digital transformation of herbal medicine: Conversion to biological entity data using digestive herbal medicine-induced transcriptome sequen,https://www.ncbi.nlm.nih.gov/geo/query/acc.cgi?acc=GSE248976
GSE301521,LIHC,72,2025/10/21,FOCAS: Transcriptome-wide screening of individual m6A sites functionally dissects epitranscriptomic control of gene expression in cancer [FO,https://www.ncbi.nlm.nih.gov/geo/query/acc.cgi?acc=GSE301521
GSE273719,LIHC,28,2025/10/21,FOCAS: Transcriptome-wide screening of individual m6A sites functionally dissects epitranscriptomic control of gene expression in cancer [RN,https://www.ncbi.nlm.nih.gov/geo/query/acc.cgi?acc=GSE273719
GSE216001,LIHC,6,2025/10/18,TRIM15 forms a regulatory loop with the AKT/FOXO1 axis and LASP1 to modulate the sensitivity of HCC cells to TKIs,https://www.ncbi.nlm.nih.gov/geo/query/acc.cgi?acc=GSE216001
GSE296904,LIHC,16,2025/10/17,"PAGE4, upregulated in a novel iPSC-derived hepatoblastoma model, promotes hepatoblastoma progression",https://www.ncbi.nlm.nih.gov/geo/query/acc.cgi?acc=GSE296904
GSE302990,LIHC,24,2025/10/16,Characteristics of Extracellular Vesicle-Derived lncRNAs during the Progression of HBV-Related Hepatocellular Carcinoma,https://www.ncbi.nlm.nih.gov/geo/query/acc.cgi?acc=GSE302990
GSE279929,LIHC,6,2025/10/16,Mitochondrial dicarboxylate carrier SLC25A10 promotes HCC cell resistance to apoptosis by upregulating BCL2A1 expression [RNA-seq],https://www.ncbi.nlm.nih.gov/geo/query/acc.cgi?acc=GSE279929
GSE249843,LIHC,17,2025/10/07,S100A6 drives lymphatic metastasis of liver cancer via activation of the RAGE/NF-kb/VEGF-D pathway,https://www.ncbi.nlm.nih.gov/geo/query/acc.cgi?acc=GSE249843
GSE309428,LIHC,36,2025/10/03,Tanshinone IIA inhibits heat-induced growth of p53-mutant Huh-7 hepatocellular carcinoma by modulating osmotic homeostasis and glycolysis th,https://www.ncbi.nlm.nih.gov/geo/query/acc.cgi?acc=GSE309428
GSE308145,LIHC,1,2025/10/03,Systematic benchmarking of imaging spatial transcriptomics platforms in FFPE tissues - scRNA-seq Data,https://www.ncbi.nlm.nih.gov/geo/query/acc.cgi?acc=GSE308145
GSE309625,LIHC,9,2025/10/02,Antigen reactivity defines tissue-resident memory and exhausted T cells in tumours.,https://www.ncbi.nlm.nih.gov/geo/query/acc.cgi?acc=GSE309625
GSE292914,LIHC,2,2025/10/02,Adipocyte-derived FABP4 promotes MASLD-induced hepatocellular carcinoma by driving ITGB1-mediated β-catenin activation [rhFABP4],https://www.ncbi.nlm.nih.gov/geo/query/acc.cgi?acc=GSE292914
GSE285963,LIHC,84,2025/10/02,Transcriptome profile of hepatocellular carcinoma in patients with atezolizumab plus bevacizumab therapy.,https://www.ncbi.nlm.nih.gov/geo/query/acc.cgi?acc=GSE285963
GSE278277,LIHC,6,2025/10/01,Effect of knockdown of ACSS2 on H3K27ac in the HepAD38 [RNA-Seq],https://www.ncbi.nlm.nih.gov/geo/query/acc.cgi?acc=GSE278277
GSE213673,LIHC,6,2025/09/30,"CircFTO, a c-Myc induced circRNA, sustains cell growth under Serine and Glycine deprivation",https://www.ncbi.nlm.nih.gov/geo/query/acc.cgi?acc=GSE213673
GSE278324,LIHC,6,2025/09/26,Gene regulatory network analysis on snRNAseq revealed key regulators for hepatocellular carcinoma progression,https://www.ncbi.nlm.nih.gov/geo/query/acc.cgi?acc=GSE278324
GSE308994,LIHC,6,2025/09/24,RNA-sequencing profiles of HepG2 cells overexpressing human constitutive androstane receptor (CAR),https://www.ncbi.nlm.nih.gov/geo/query/acc.cgi?acc=GSE308994
GSE308098,LIHC,16,2025/09/20,Dual edged mechanisms of a tomatine in hepatocellular carcinoma by suppression of Wnt/b Catenin signaling versus RelB driven resistance in t,https://www.ncbi.nlm.nih.gov/geo/query/acc.cgi?acc=GSE308098
GSE302495,LIHC,70,2025/09/20,Nivolumab plus ipilimumab for potentially resectable hepatocellular carcinoma: long-term efficacy and biomarker exploration,https://www.ncbi.nlm.nih.gov/geo/query/acc.cgi?acc=GSE302495
GSE276333,LIHC,6,2025/09/20,Novel function of NUP153 in HNF4α transcriptional upregulation contributes to promoting HBV replication,https://www.ncbi.nlm.nih.gov/geo/query/acc.cgi?acc=GSE276333
GSE308360,LIHC,3,2025/09/18,Lactate promotes cholesterol uptake by facilitating SCARB1 expression through histone H3K18 lactylation,https://www.ncbi.nlm.nih.gov/geo/query/acc.cgi?acc=GSE308360
GSE306477,LIHC,21,2025/09/18,Mechanistic models position ceritinib as a nuclear integrity disrupting therapy in pediatric liver tumors,https://www.ncbi.nlm.nih.gov/geo/query/acc.cgi?acc=GSE306477
GSE269312,LIHC,12,2025/09/17,Effect of miR-628-3p overexpression on gene expression in HCC cells,https://www.ncbi.nlm.nih.gov/geo/query/acc.cgi?acc=GSE269312
GSE307831,LIHC,33,2025/09/16,Human peripheral and tissue Foxp3-high regulatory T cells in patients with hepatocellular carcinoma [CITE-seq],https://www.ncbi.nlm.nih.gov/geo/query/acc.cgi?acc=GSE307831
GSE298154,LIHC,13,2025/09/15,HCC-derived SNU cell lines as model systems to study HBV life cycle,https://www.ncbi.nlm.nih.gov/geo/query/acc.cgi?acc=GSE298154
GSE277232,LIHC,18,2025/09/12,Total RNA Sequencing in HCC Patients,https://www.ncbi.nlm.nih.gov/geo/query/acc.cgi?acc=GSE277232
GSE290065,LIHC,6,2025/09/11,MicroRNA-372-3p impairs fatty acid metabolism in hepatocellular carcinoma cells by targeting CPT1A and ACSL4,https://www.ncbi.nlm.nih.gov/geo/query/acc.cgi?acc=GSE290065
GSE288400,LIHC,5,2025/09/04,The hepatitis E virus capsid protein ORF2 counteracts cell-intrinsic antiviral responses to enable persistence in hepatocytes,https://www.ncbi.nlm.nih.gov/geo/query/acc.cgi?acc=GSE288400
GSE306436,LIHC,11,2025/09/02,Overcoming CXCR4-mediated T cell exclusion potentiates antitumor cytotoxicity in fibrolamellar carcinoma,https://www.ncbi.nlm.nih.gov/geo/query/acc.cgi?acc=GSE306436
GSE300304,LIHC,30,2025/09/02,A platform for multisite immune profiling of premetastatic pancreatic cancer at single cell resolution,https://www.ncbi.nlm.nih.gov/geo/query/acc.cgi?acc=GSE300304
GSE242315,LIHC,71,2025/08/29,Gene expression of hepatocellular carcinoma tissue in China Medical University Hospital (CMUH) cohort of Taiwanese patients,https://www.ncbi.nlm.nih.gov/geo/query/acc.cgi?acc=GSE242315
GSE306330,LIHC,36,2025/08/27,RNA-seq of RB1-biallelic inactivation mice and HCC cell lines treated with drug,https://www.ncbi.nlm.nih.gov/geo/query/acc.cgi?acc=GSE306330
GSE282022,LIHC,9,2025/08/27,IGFBP3-mediated effects of an effective combination therapy on HCC,https://www.ncbi.nlm.nih.gov/geo/query/acc.cgi?acc=GSE282022
GSE278334,LIHC,6,2025/08/26,GFAT1 promotes the progression of hepatocellular carcinoma via enhancing the O-GlcNAcylation of VEZF1 [RNA-seq],https://www.ncbi.nlm.nih.gov/geo/query/acc.cgi?acc=GSE278334
GSE275885,LIHC,12,2025/08/26,Effect of Toosendanin on mRNA m6A Modification and Expression in Human hepatoma cell line HepG2,https://www.ncbi.nlm.nih.gov/geo/query/acc.cgi?acc=GSE275885
GSE294293,LIHC,12,2025/08/22,Gene expression profiling of triple-negative breast cancer cells and liver cancer cells perturbed by BET inhibitor JQ1,https://www.ncbi.nlm.nih.gov/geo/query/acc.cgi?acc=GSE294293
GSE299215,LIHC,44,2025/08/21,E7386 enhances lenvatinib’s antitumor activity in preclinical models and human hepatocellular carcinoma.,https://www.ncbi.nlm.nih.gov/geo/query/acc.cgi?acc=GSE299215
GSE278593,LIHC,6,2025/08/20,IGFBP-7 transforms hepatic stellate cells into an HCC-promoting phenotype in MASLD.,https://www.ncbi.nlm.nih.gov/geo/query/acc.cgi?acc=GSE278593
GSE293802,LIHC,18,2025/08/19,Integrative analysis of RNA binding proteins identifies DDX55 as a novel regulator of 3’UTR isoform diversity,https://www.ncbi.nlm.nih.gov/geo/query/acc.cgi?acc=GSE293802
GSE288021,LIHC,6,2025/08/13,RNA-seq for TFPI2 overexpressing tumor pericytes,https://www.ncbi.nlm.nih.gov/geo/query/acc.cgi?acc=GSE288021
GSE273802,LIHC,6,2025/08/10,Differential expression profiles of RNAs in Hep3B cells after silencing LINC01547,https://www.ncbi.nlm.nih.gov/geo/query/acc.cgi?acc=GSE273802
GSE273801,LIHC,12,2025/08/10,Differential expression profiles of RNAs in Hep3B cells treated with Bufotalin,https://www.ncbi.nlm.nih.gov/geo/query/acc.cgi?acc=GSE273801
GSE274520,LIHC,15,2025/08/09,PKM splice-switching ASOs induce upregulation of dual-specificity phosphatases and dephosphorylation of ERK1/2 in hepatocellular carcinoma,https://www.ncbi.nlm.nih.gov/geo/query/acc.cgi?acc=GSE274520
GSE276534,LIHC,9,2025/08/07,Effect of deplation of vtRNA1-1 and vtRNA1-2 on gene expression in  Huh7 hepatocellular carcinoma cells,https://www.ncbi.nlm.nih.gov/geo/query/acc.cgi?acc=GSE276534
GSE299340,LIHC,10,2025/08/06,Single-cell RNA sequencing reveals B cell-related immunosuppressive landscape and a potential suppressor in hepatocellular carcinoma,https://www.ncbi.nlm.nih.gov/geo/query/acc.cgi?acc=GSE299340
GSE293591,LIHC,365,2025/08/06,Integrative Assessment of RNA-seq and IHC: Linking Tumor Biomarkers and Microenvironment,https://www.ncbi.nlm.nih.gov/geo/query/acc.cgi?acc=GSE293591
GSE290891,LIHC,11,2025/08/05,Isolation of mitochondrial mutation-specific T-cell receptors,https://www.ncbi.nlm.nih.gov/geo/query/acc.cgi?acc=GSE290891
GSE301304,LIHC,12,2025/08/02,The Acetyltransferase ARD1 Induces Glutathione Synthesis to Facilitate Ferroptosis Evasion in Hepatocellular Carcinoma,https://www.ncbi.nlm.nih.gov/geo/query/acc.cgi?acc=GSE301304
GSE279888,LIHC,6,2025/08/02,ARD1 facilitates ferroptosis evasion via the induction of glutathione synthesis through catalysis of PABPC1 acetylation in HCC,https://www.ncbi.nlm.nih.gov/geo/query/acc.cgi?acc=GSE279888
GSE285415,LIHC,6,2025/08/01,Intracellular Interleukin-1α in Peritumoral Monocytes Induces IL8 Production and Inhibits Mitophagy to Promote Stemness and Metastasis of He,https://www.ncbi.nlm.nih.gov/geo/query/acc.cgi?acc=GSE285415
GSE274917,LIHC,4,2025/08/01,Next-generation sequencing is useful for quantitative analysis of the transcriptome of HMME-RGD@C3F8 NBs under  low-frequency ultrasound irr,https://www.ncbi.nlm.nih.gov/geo/query/acc.cgi?acc=GSE274917
GSE250410,LIHC,24,2025/07/30,"Transcriptome Analysis of Herbs Pulsatilla chinensis, Bupleurum chinense, and Polyporus umbellatus in the Treatment of Lung and Liver Cancer",https://www.ncbi.nlm.nih.gov/geo/query/acc.cgi?acc=GSE250410
GSE200098,LIHC,9,2025/07/30,RNA sequencing of sorafenib-sensitive Huh-7 cells versus  sorafenib resistant Huh-7/SR1 and Huh-7/SR2 cells,https://www.ncbi.nlm.nih.gov/geo/query/acc.cgi?acc=GSE200098
GSE273253,LIHC,9,2025/07/29,Long non-coding RNA TUG1 regulates multiple glycolytic enzymes in hepatocellular carcinoma cells via sponging microRNA-122-5p,https://www.ncbi.nlm.nih.gov/geo/query/acc.cgi?acc=GSE273253
GSE302217,LIHC,16,2025/07/26,L-2-hydroxyglutarate modulates ferroptosis through Nrf2/Slc7a11 and Atf4/Chac1 axes in hepatocellular carcinoma,https://www.ncbi.nlm.nih.gov/geo/query/acc.cgi?acc=GSE302217
GSE289804,LIHC,12,2025/07/23,The role and mechanism of hypoxia-induced SLC6A8 up-regulation in HCC progression,https://www.ncbi.nlm.nih.gov/geo/query/acc.cgi?acc=GSE289804
GSE289258,LIHC,4,2025/07/23,The role and mechanism of hypoxia in regulating parthanatos in hepatocellular carcinoma,https://www.ncbi.nlm.nih.gov/geo/query/acc.cgi?acc=GSE289258
GSE269949,LIHC,9,2025/07/23,Human hepatoma Huh-7 cell culture models deficient in apolipoprotein B secretion,https://www.ncbi.nlm.nih.gov/geo/query/acc.cgi?acc=GSE269949
GSE284796,LIHC,8,2025/07/22,Beneficial infections of the enterovirus genus in patients with liver cancer,https://www.ncbi.nlm.nih.gov/geo/query/acc.cgi?acc=GSE284796
GSE268858,LIHC,6,2025/07/22,Analysis of gene expression profiling in HCC treated with secreted lumican,https://www.ncbi.nlm.nih.gov/geo/query/acc.cgi?acc=GSE268858
GSE210156,LIHC,9,2025/07/20,Gut microbial metabolite butyrate improves anticancer therapy by regulating intracellular calcium homeostasis,https://www.ncbi.nlm.nih.gov/geo/query/acc.cgi?acc=GSE210156
GSE302338,LIHC,38,2025/07/16,Transcriptional landscape of MYCN-driven liver tumors,https://www.ncbi.nlm.nih.gov/geo/query/acc.cgi?acc=GSE302338
GSE294409,LIHC,6,2025/07/16,LncRNA ASH1L-AS1 Encodes the Microprotein APPLE to Drive HCC Tumorigenesis,https://www.ncbi.nlm.nih.gov/geo/query/acc.cgi?acc=GSE294409
GSE208148,LIHC,2,2025/07/12,RNA-seq: screening key metastasis-related RBP genes of hepatocellular carcinoma,https://www.ncbi.nlm.nih.gov/geo/query/acc.cgi?acc=GSE208148
GSE208038,LIHC,10,2025/07/11,To identify the differential expression of aGalcer/IL-2 treated T cells (iNKT) from human peripheral blood mononuclear cells  of healthy don,https://www.ncbi.nlm.nih.gov/geo/query/acc.cgi?acc=GSE208038
GSE279021,LIHC,160,2025/07/10,Transcriptional programs of cell identity and p53-induced stress responses are associated with distinctive features of spatial genome organi,https://www.ncbi.nlm.nih.gov/geo/query/acc.cgi?acc=GSE279021
GSE278979,LIHC,40,2025/07/10,Transcriptional programs of cell identity and p53-induced stress responses are associated with distinctive features of spatial genome organi,https://www.ncbi.nlm.nih.gov/geo/query/acc.cgi?acc=GSE278979
GSE272035,LIHC,71,2025/07/10,Gene community-regulated pathway analysis successfully deciphers pathogenesis and biomarkers of viral versus metabolic hepatocellular carcin,https://www.ncbi.nlm.nih.gov/geo/query/acc.cgi?acc=GSE272035
GSE276530,LIHC,6,2025/07/02,RNA-seq profiles of HepG2 control cells and HepG2-HBx cells,https://www.ncbi.nlm.nih.gov/geo/query/acc.cgi?acc=GSE276530
GSE282326,LIHC,25,2025/07/01,CRISPR screening reveals that RNA helicase DDX41 triggers ribosome biogenesis and cancer progression through R-loop-mediated RPL/RPS transcr,https://www.ncbi.nlm.nih.gov/geo/query/acc.cgi?acc=GSE282326
GSE300612,LIHC,16,2025/06/27,PANAD/C7orf25 interacts with NXF1 to promote CDK6 mRNA nuclear export and G1/S transition,https://www.ncbi.nlm.nih.gov/geo/query/acc.cgi?acc=GSE300612
GSE300860,LIHC,6,2025/06/26,Mechanistic Insights into 16'-DEC-Induced Autophagy and Its Implications for Hepatocellular Carcinoma Treatment,https://www.ncbi.nlm.nih.gov/geo/query/acc.cgi?acc=GSE300860
GSE300290,LIHC,6,2025/06/25,RRM2-targeted nanocarrier enhances radiofrequency ablation efficacy in hepatocellular carcinoma through ferroptosis amplification and immune,https://www.ncbi.nlm.nih.gov/geo/query/acc.cgi?acc=GSE300290
GSE292540,LIHC,12,2025/06/25,Geniposide suppressed tumor progression through DUOX1-mediated ferroptosis in hepatocellular carcinoma,https://www.ncbi.nlm.nih.gov/geo/query/acc.cgi?acc=GSE292540
GSE292298,LIHC,6,2025/06/24,Multi-omics Identifies Tumor-Intrinsic SREBP1 Driving Immune Exclusion in Hepatocellular Carcinoma,https://www.ncbi.nlm.nih.gov/geo/query/acc.cgi?acc=GSE292298
GSE292032,LIHC,96,2025/06/24,Receptor transport protein 4 (RTP4)-mediated repression of hepatitis C virus replication in mouse cells,https://www.ncbi.nlm.nih.gov/geo/query/acc.cgi?acc=GSE292032
GSE206907,LIHC,12,2025/06/24,CRISPR screens uncover CRTC3 as a regulator of IFN-γ induced ferroptosis in hepato-cellular carcinoma,https://www.ncbi.nlm.nih.gov/geo/query/acc.cgi?acc=GSE206907
GSE206906,LIHC,6,2025/06/24,CRISPR screens uncover CRTC3 as a regulator of IFN-γ induced ferroptosis in hepato-cellular carcinoma [RNA-seq],https://www.ncbi.nlm.nih.gov/geo/query/acc.cgi?acc=GSE206906
GSE290378,LIHC,6,2025/06/23,MicroRNA-885-5p regulates cell cycle progression in hepatocellular carcinoma cells,https://www.ncbi.nlm.nih.gov/geo/query/acc.cgi?acc=GSE290378
GSE271217,LIHC,6,2025/06/22,The liver-specific long noncoding RNA FAM99B inhibits ribosome biogenesis and cancer progression through cleavage of dead-box Helicase 21,https://www.ncbi.nlm.nih.gov/geo/query/acc.cgi?acc=GSE271217
GSE299345,LIHC,18,2025/06/17,Exon Skipping of Ste20-Like Kinase Enhances Glycolysis and Tumor Progression by Activating Enolase 1 mediated Phosphoenolpyruvate Production,https://www.ncbi.nlm.nih.gov/geo/query/acc.cgi?acc=GSE299345
GSE283896,LIHC,96,2025/06/16,A single-cell multiomics approach for simultaneous analysis of replication timing and gene expression,https://www.ncbi.nlm.nih.gov/geo/query/acc.cgi?acc=GSE283896
GSE273369,LIHC,8,2025/06/16,The oncogenic microRNA miR-222 promotes human LINE-1 retrotransposition,https://www.ncbi.nlm.nih.gov/geo/query/acc.cgi?acc=GSE273369
GSE272351,LIHC,6,2025/06/13,Mechanism of OGT-mediated FASN glycosylation regulating JNK/ICAM1 pathway in Liver cancer stem cell metastasis [ICAM1],https://www.ncbi.nlm.nih.gov/geo/query/acc.cgi?acc=GSE272351
GSE282343,LIHC,8,2025/06/11,Viral-Track integrated single-cell RNA-sequencing reveals HBV lymphotropism and immunosuppressive microenvironment in HBV-associated hepatoc,https://www.ncbi.nlm.nih.gov/geo/query/acc.cgi?acc=GSE282343
GSE292002,LIHC,6,2025/06/07,Endoplasmic reticulum stress sensor protein PERK in hepatic stellate cells promotes the progression of hepatocellular carcinoma via p38δ MAP,https://www.ncbi.nlm.nih.gov/geo/query/acc.cgi?acc=GSE292002
GSE278054,LIHC,9,2025/06/03,Dynamic properties of enhancer and promoter during DNA damage in hepatocellular carcinoma [RNA-Seq],https://www.ncbi.nlm.nih.gov/geo/query/acc.cgi?acc=GSE278054
GSE273023,LIHC,5,2025/06/01,RNA-seq of vertebral metastatic tumor samples from pan-cancer primary tumors,https://www.ncbi.nlm.nih.gov/geo/query/acc.cgi?acc=GSE273023
GSE274847,LIHC,63,2025/05/30,Common cell lysis procedures distort ribosome profiling analyses of gene expression,https://www.ncbi.nlm.nih.gov/geo/query/acc.cgi?acc=GSE274847
GSE256378,LIHC,20,2025/05/30,Exploring the roles of Notch inhibitors and STAT3 inhibitors in the regulation of liver cancer proliferation,https://www.ncbi.nlm.nih.gov/geo/query/acc.cgi?acc=GSE256378
GSE256376,LIHC,8,2025/05/30,"Improvement of hepatocellular carcinoma  using hepatocyte-derived liver progenitor-like cells (HepLPCs): therapeutic, proliferation arrest, ",https://www.ncbi.nlm.nih.gov/geo/query/acc.cgi?acc=GSE256376
GSE251942,LIHC,25,2025/05/29,Hight througput RNA sequencing in a cohort of HBV related HCC and healty liver samples,https://www.ncbi.nlm.nih.gov/geo/query/acc.cgi?acc=GSE251942
GSE252529,LIHC,15,2025/05/28,Establishment of interpretable cytotoxicity prediction models using machine learning analysis of transcriptome features,https://www.ncbi.nlm.nih.gov/geo/query/acc.cgi?acc=GSE252529
GSE132043,LIHC,6,2025/05/27,Influence of three-dimensional culture in an interwoven hollow fiber bioreactor on the gene expression profile of hepatic HepG2 cells,https://www.ncbi.nlm.nih.gov/geo/query/acc.cgi?acc=GSE132043
GSE298054,LIHC,6,2025/05/26,Non-viral CISH locus-specific integrated IL-15-armored CAR-NK cells achieve potent anti-tumor efficacy via adaptive NK cell differentiation,https://www.ncbi.nlm.nih.gov/geo/query/acc.cgi?acc=GSE298054
GSE297369,LIHC,12,2025/05/23,The effect of knockdown FAM111B on mRNA expression in human hepatocellular carcinoma cells,https://www.ncbi.nlm.nih.gov/geo/query/acc.cgi?acc=GSE297369
GSE203625,LIHC,12,2025/05/23,Effect of knockdown of CENPU on gene expression of Huh-7 and MHCC-97H hepatoma cells,https://www.ncbi.nlm.nih.gov/geo/query/acc.cgi?acc=GSE203625
GSE290638,LIHC,2,2025/05/22,"A novel rexinoid agonist, UAB116, decreases metastatic phenotype in hepatoblastoma by inhibiting the Wnt/β-catenin pathway via upregulation ",https://www.ncbi.nlm.nih.gov/geo/query/acc.cgi?acc=GSE290638
GSE277990,LIHC,6,2025/05/22,Targeting VRK2 Enhances the Efficacy of Anti-PD-1 Therapy in Hepatocellular Carcinoma by Reducing Direct Phosphorylation and Stability of MY,https://www.ncbi.nlm.nih.gov/geo/query/acc.cgi?acc=GSE277990
GSE275508,LIHC,35,2025/05/13,The molecular basis for the attenuation of the yellow fever 17D vaccine [chimerasYFVs_RNAseq],https://www.ncbi.nlm.nih.gov/geo/query/acc.cgi?acc=GSE275508
GSE275507,LIHC,24,2025/05/13,The molecular basis for the attenuation of the yellow fever 17D vaccine [wtYFV_RNAseq],https://www.ncbi.nlm.nih.gov/geo/query/acc.cgi?acc=GSE275507
GSE275594,LIHC,71,2025/05/12,Amino acid changes in two viral proteins drive attenuation of the yellow fever 17D vaccine,https://www.ncbi.nlm.nih.gov/geo/query/acc.cgi?acc=GSE275594
GSE296307,LIHC,2,2025/05/10,Effect of knockdown of PPIL1 on gene expression in Huh7 hepatocellular carcinoma cells,https://www.ncbi.nlm.nih.gov/geo/query/acc.cgi?acc=GSE296307
GSE252464,LIHC,4,2025/05/06,Fibrosis Like Phenotype in TP53KO Hepatic Organoids within a Pro Carcinogenic Tumor Microenvironment (pc-TME),https://www.ncbi.nlm.nih.gov/geo/query/acc.cgi?acc=GSE252464
GSE263674,LIHC,21,2025/05/05,Time-course characterization of whole-transcriptome dynamics of HepG2/C3A spheroid and its toxicological implications,https://www.ncbi.nlm.nih.gov/geo/query/acc.cgi?acc=GSE263674
GSE291263,LIHC,6,2025/05/01,Targeting p85β condensates by RNA therapy inhibits liver cancer progression,https://www.ncbi.nlm.nih.gov/geo/query/acc.cgi?acc=GSE291263
GSE231741,LIHC,3,2025/05/01,Hypoxia-induced LncRNA SLC1A5-AS Enhances Glutamine Uptake by Increasing the Protein Level of ASCT2 in Hepatocellular Carcinoma Cells [ctb],https://www.ncbi.nlm.nih.gov/geo/query/acc.cgi?acc=GSE231741
GSE231740,LIHC,9,2025/05/01,Hypoxia-induced LncRNA SLC1A5-AS Enhances Glutamine Uptake by Increasing the Protein Level of ASCT2 in Hepatocellular Carcinoma Cells [mito],https://www.ncbi.nlm.nih.gov/geo/query/acc.cgi?acc=GSE231740
GSE293066,LIHC,54,2025/04/30,MAVS Orchestrates a Potent IFN-independent Antiviral Immunity by 2 Preserving Mitochondrial Integrity,https://www.ncbi.nlm.nih.gov/geo/query/acc.cgi?acc=GSE293066
GSE289000,LIHC,2,2025/04/30,Analysis of gene expression change between HCC827 SC and HCC827 shCEACAM6,https://www.ncbi.nlm.nih.gov/geo/query/acc.cgi?acc=GSE289000
GSE279597,LIHC,12,2025/04/30,Mutant IDH disables p53 tumor suppression [RNA-seq],https://www.ncbi.nlm.nih.gov/geo/query/acc.cgi?acc=GSE279597
GSE250316,LIHC,6,2025/04/30,Splicing factor PTBP1 promotes hepatocarcinogenesis via oncogenic splice-switching of MAPT,https://www.ncbi.nlm.nih.gov/geo/query/acc.cgi?acc=GSE250316
GSE245139,LIHC,45,2025/04/30,Long circulating RNAs identified as biomarker candidates for risk stratification in childhood acute lymphoblastic leukemia,https://www.ncbi.nlm.nih.gov/geo/query/acc.cgi?acc=GSE245139
GSE230250,LIHC,2,2025/04/30,Effect of knockdown of BAP18 on gene expression of PLC/PRF/5 cells,https://www.ncbi.nlm.nih.gov/geo/query/acc.cgi?acc=GSE230250
GSE266041,LIHC,12,2025/04/27,Sequencing of human hepatocellular carcinoma huh7 cell line under the effect of disulfiram [transcriptome],https://www.ncbi.nlm.nih.gov/geo/query/acc.cgi?acc=GSE266041
GSE288204,LIHC,12,2025/04/23,Comparative analysis of gene expression upon DMSO-induced differentiation of hepatoma cell lines [Dif],https://www.ncbi.nlm.nih.gov/geo/query/acc.cgi?acc=GSE288204
GSE288203,LIHC,12,2025/04/23,Comparative analysis of gene expression upon IFNα stimulation in hepatocyte-like cells [IFN],https://www.ncbi.nlm.nih.gov/geo/query/acc.cgi?acc=GSE288203
GSE294818,LIHC,8,2025/04/20,Transcriptomic Profiling of HepG2 Cells under PCCB Depletion Reveals Kpm-Mediated Metabolic Gene Regulation,https://www.ncbi.nlm.nih.gov/geo/query/acc.cgi?acc=GSE294818
GSE292071,LIHC,151,2025/04/17,A Single-cell Atlas of Schwannoma Across Genetic Backgrounds and Anatomic Locations,https://www.ncbi.nlm.nih.gov/geo/query/acc.cgi?acc=GSE292071
GSE271612,LIHC,6,2025/04/17,Effect of hypoxia on gene expression in Hep3B cells,https://www.ncbi.nlm.nih.gov/geo/query/acc.cgi?acc=GSE271612
GSE286021,LIHC,6,2025/04/16,"Isolation, Phylogenetics, and Characterization of a New PDCoV Strain that Affects Cellular Gene Expression in Human Cells",https://www.ncbi.nlm.nih.gov/geo/query/acc.cgi?acc=GSE286021
GSE294091,LIHC,4,2025/04/14,ATF7IP inhibits Sorafenib-induced ferroptosis in hepatocellular carcinoma cells by inhibiting CYB5R2 transcription and stabilizing PARK7 pro,https://www.ncbi.nlm.nih.gov/geo/query/acc.cgi?acc=GSE294091
GSE278602,LIHC,12,2025/04/11,Effects of dexamethasone and KLA on HepG2 gene expression,https://www.ncbi.nlm.nih.gov/geo/query/acc.cgi?acc=GSE278602
GSE291188,LIHC,24,2025/04/09,Unravelling the antitumor mechanism of Ocoxin through cancer cell genomics,https://www.ncbi.nlm.nih.gov/geo/query/acc.cgi?acc=GSE291188
GSE293693,LIHC,24,2025/04/07,Menin-MLL complex cooperates with NF-Y to promote HCC survival [RNA-seq],https://www.ncbi.nlm.nih.gov/geo/query/acc.cgi?acc=GSE293693
GSE285028,LIHC,12,2025/04/01,Redox disruption using electroactive liposome coated gold nanoparticles for cancer therapy,https://www.ncbi.nlm.nih.gov/geo/query/acc.cgi?acc=GSE285028
GSE291417,LIHC,6,2025/03/31,The Impact of HYOU1 Knockdown on Gene Expression in Hep3B Liver Cancer Cells,https://www.ncbi.nlm.nih.gov/geo/query/acc.cgi?acc=GSE291417
GSE231717,LIHC,14,2025/03/31,Adaptation to Volumetric Compression Drives an Apoptosis-Resistant and Invasive Phenotype in Liver Cancer,https://www.ncbi.nlm.nih.gov/geo/query/acc.cgi?acc=GSE231717
GSE273947,LIHC,6,2025/03/26,Integrated analysis of the anoikis-related signature identifies RAC3 as a novel therapeutic target in hepatocellular carcinoma,https://www.ncbi.nlm.nih.gov/geo/query/acc.cgi?acc=GSE273947
GSE292868,LIHC,21,2025/03/25,"Transcriptomic implications of low herbicide concentrations in hepatic cells: Insights into the individual and combined effects of 2,4-D, gl",https://www.ncbi.nlm.nih.gov/geo/query/acc.cgi?acc=GSE292868
GSE289187,LIHC,6,2025/03/25,miR-183-5p-enriched extracellular vesicles promote the crosstalk between hepatocellular carcinoma cell and endothelial cell via SIK1/PI3K/AK,https://www.ncbi.nlm.nih.gov/geo/query/acc.cgi?acc=GSE289187
GSE291883,LIHC,18,2025/03/19,Self-regulating gene therapy ameliorates phenotypes and overcomes gene dosage sensitivity in a mouse model of Rett syndrome,https://www.ncbi.nlm.nih.gov/geo/query/acc.cgi?acc=GSE291883
GSE290015,LIHC,21,2025/03/17,Amniotic Fluid Reduces Liver Fibrosis By Attenuating Hepatic Stellate Cell Activation,https://www.ncbi.nlm.nih.gov/geo/query/acc.cgi?acc=GSE290015
GSE261099,LIHC,9,2025/03/17,Escape from TGF-β-induced senescence promotes aggressive hallmarks in epithelial hepatocellular carcinoma cells,https://www.ncbi.nlm.nih.gov/geo/query/acc.cgi?acc=GSE261099
GSE284205,LIHC,7,2025/03/16,Anti-VEGF treatment potentiates ICB responses through a BAFF and IL-12-dependent reprogramming of the TME,https://www.ncbi.nlm.nih.gov/geo/query/acc.cgi?acc=GSE284205
GSE249974,LIHC,14,2025/03/14,Anti-VEGF treatment enhances antitumor responses by targeting regulatory T cells,https://www.ncbi.nlm.nih.gov/geo/query/acc.cgi?acc=GSE249974
GSE279569,LIHC,20,2025/03/12,Histone lactylation drives liver cancer metastasis by facilitating NSF1 mediated ferroptosis resistance after microwave ablation,https://www.ncbi.nlm.nih.gov/geo/query/acc.cgi?acc=GSE279569
GSE270323,LIHC,6,2025/03/12,Mitochondrial DNA promotes M2 polarization of tumor associated macrophages and HCC resistance to sorafenib,https://www.ncbi.nlm.nih.gov/geo/query/acc.cgi?acc=GSE270323
GSE290614,LIHC,18,2025/03/04,Comprehensive Molecular Profiling of Combined Hepatocellular Carcinoma and Cholangiocarcinoma reveals Distinct Notch Signaling Subgroups wit,https://www.ncbi.nlm.nih.gov/geo/query/acc.cgi?acc=GSE290614
GSE290925,LIHC,12,2025/03/03,Single-Cell Transcriptomic Profiling of the Tumor Microenvironment in Treatment-Naive Hepatocellular Carcinoma Patients,https://www.ncbi.nlm.nih.gov/geo/query/acc.cgi?acc=GSE290925
GSE275347,LIHC,16,2025/03/03,RBM39 promotes hepatocarcinogenesis by regulating RFX1's alternative splicing and subsequent activation of integrin signaling pathway,https://www.ncbi.nlm.nih.gov/geo/query/acc.cgi?acc=GSE275347
GSE282234,LIHC,6,2025/03/02,Endogenous protein S100A14 stabilizes glutaminase to render hepatocellular carcinoma resistant to sorafenib,https://www.ncbi.nlm.nih.gov/geo/query/acc.cgi?acc=GSE282234
GSE244826,LIHC,69,2025/03/02,Multi-omics analysis of liver molecular dysregulation leading to non-viral related hepatocellular carcinoma development,https://www.ncbi.nlm.nih.gov/geo/query/acc.cgi?acc=GSE244826
GSE277810,LIHC,49,2025/03/01,Altered polyadenylation site usage in SERPINA1 3’UTR in response to cellular stress affects A1AT protein expression,https://www.ncbi.nlm.nih.gov/geo/query/acc.cgi?acc=GSE277810
GSE261886,LIHC,6,2025/03/01,HSF1 promotes the repopulation of post-senescent fatty hepatocellular carcinoma cell via modulating HSP90α/P53 complex stability.,https://www.ncbi.nlm.nih.gov/geo/query/acc.cgi?acc=GSE261886
GSE276133,LIHC,10,2025/02/28,Integrative epigenomic profiling of hepatocellular carcinoma uncovers aberrant cis-regulatory changes and potential prognostic indicators [R,https://www.ncbi.nlm.nih.gov/geo/query/acc.cgi?acc=GSE276133
GSE193872,LIHC,12,2025/02/26,Transcriptomic analysis of ZHX3-depleted HepG2 cells,https://www.ncbi.nlm.nih.gov/geo/query/acc.cgi?acc=GSE193872
GSE288949,LIHC,6,2025/02/22,Effect of fiin2 on gene expression of Hep3B cells,https://www.ncbi.nlm.nih.gov/geo/query/acc.cgi?acc=GSE288949
GSE221372,LIHC,12,2025/02/19,Chromatin regulator SMARCAL1 modulates cellular lipid metabolism,https://www.ncbi.nlm.nih.gov/geo/query/acc.cgi?acc=GSE221372
GSE221371,LIHC,12,2025/02/19,ANGPTL3 regulates the peroxisomal translocation of SmarcAL1 in response to cell growth states,https://www.ncbi.nlm.nih.gov/geo/query/acc.cgi?acc=GSE221371
GSE255122,LIHC,13,2025/02/14,Cancer-associated fibroblasts reveal aberrant DNA methylation across different types of cancer [RNA-seq],https://www.ncbi.nlm.nih.gov/geo/query/acc.cgi?acc=GSE255122
GSE280778,LIHC,6,2025/02/12,Effects of CREB5 overexpression on gene expression in Hepatocellular Carcinoma HepG2 cells,https://www.ncbi.nlm.nih.gov/geo/query/acc.cgi?acc=GSE280778
GSE269768,LIHC,15,2025/02/12,3D Bioprinting Lobule-like Hepatorganoids with Induced Vascularization for Orthotopic Implantation,https://www.ncbi.nlm.nih.gov/geo/query/acc.cgi?acc=GSE269768
GSE208391,LIHC,6,2025/02/12,RNA sequencing of HCC cells after endoplasmic reticulum stress induced by tunicamycin,https://www.ncbi.nlm.nih.gov/geo/query/acc.cgi?acc=GSE208391
GSE289166,LIHC,3,2025/02/10,CRTC2 Forms Co-condensates with YTHDF2 that Enhance Translational Efficiency of m6A-Modified mRNAs to Drive Hepatocarcinogenesis and Lenvati,https://www.ncbi.nlm.nih.gov/geo/query/acc.cgi?acc=GSE289166
GSE283205,LIHC,5,2025/02/07,Multiomic analysis uncovers a continuous spectrum of differentiation and Wnt-MDK-driven immune evasion in hepatoblastoma [snRNA-seq],https://www.ncbi.nlm.nih.gov/geo/query/acc.cgi?acc=GSE283205
GSE261958,LIHC,22,2025/02/07,Multiomic analysis uncovers a continuous spectrum of differentiation and Wnt-MDK-driven immune evasion in hepatoblastoma [Spatial Transcript,https://www.ncbi.nlm.nih.gov/geo/query/acc.cgi?acc=GSE261958
GSE261957,LIHC,10,2025/02/07,Multiomic analysis uncovers a continuous spectrum of differentiation and Wnt-MDK-driven immune evasion in hepatoblastoma [scRNA-seq],https://www.ncbi.nlm.nih.gov/geo/query/acc.cgi?acc=GSE261957
GSE261956,LIHC,52,2025/02/07,Multiomic analysis uncovers a continuous spectrum of differentiation and Wnt-MDK-driven immune evasion in hepatoblastoma [RNA-seq],https://www.ncbi.nlm.nih.gov/geo/query/acc.cgi?acc=GSE261956
GSE282660,LIHC,36,2025/02/01,Salsalate improves the anti-tumor efficacy of Lenvatinib in MASH-driven hepatocellular carcinoma.,https://www.ncbi.nlm.nih.gov/geo/query/acc.cgi?acc=GSE282660
GSE255384,LIHC,24,2025/02/01,RNA-sequencing of alpha beta hydrolase domain 6 (ABHD6) wild type (WT) versus knockout (KO) Huh7 hepatoma cells with or without palmitic aci,https://www.ncbi.nlm.nih.gov/geo/query/acc.cgi?acc=GSE255384
GSE283995,LIHC,17,2025/01/31,Identifying Compounds that Alleviate Acute Hypoxic Stress by Fast-tracking Cellular Adaptation,https://www.ncbi.nlm.nih.gov/geo/query/acc.cgi?acc=GSE283995
GSE282081,LIHC,15,2025/01/31,Deciphering CRC-Hepatocyte Interactions: A Multiomic Platform for Interrogation of Metabolic Crosstalk in the Liver-Tumor Microenvironment,https://www.ncbi.nlm.nih.gov/geo/query/acc.cgi?acc=GSE282081
GSE287896,LIHC,80,2025/01/29,G-quadruplex DNA suppresses transcription during DNA replication ,https://www.ncbi.nlm.nih.gov/geo/query/acc.cgi?acc=GSE287896
GSE271574,LIHC,10,2025/01/29,Circle-seq reveals that eccDNA may be a key blood biomarker for HBV-associated liver cancer (4),https://www.ncbi.nlm.nih.gov/geo/query/acc.cgi?acc=GSE271574
GSE271570,LIHC,10,2025/01/29,Circle-seq reveals that eccDNA may be a key blood biomarker for HBV-associated liver cancer (2),https://www.ncbi.nlm.nih.gov/geo/query/acc.cgi?acc=GSE271570
GSE263110,LIHC,3,2025/01/29,Exploring the Protective Role of Caffeine against Taraxacum-Induced Ribotoxic Stress: Insights into Autophagy and Mitochondrial Depolarizati,https://www.ncbi.nlm.nih.gov/geo/query/acc.cgi?acc=GSE263110
GSE196393,LIHC,33,2025/01/29,Targeting non-junctional Claudin-1 with monoclonal antibodies to treat hepatocellular carcinoma,https://www.ncbi.nlm.nih.gov/geo/query/acc.cgi?acc=GSE196393
GSE196392,LIHC,2,2025/01/29,Targeting non-junctional Claudin-1 with monoclonal antibodies to treat hepatocellular carcinoma [scRNA-seq],https://www.ncbi.nlm.nih.gov/geo/query/acc.cgi?acc=GSE196392
GSE196390,LIHC,31,2025/01/29,Targeting non-junctional Claudin-1 with monoclonal antibodies to treat hepatocellular carcinoma [RNA-seq],https://www.ncbi.nlm.nih.gov/geo/query/acc.cgi?acc=GSE196390
GSE281110,LIHC,7,2025/01/22,Molecular landscape of tumor-associated tissue-resident memory T cells in tumor microenvironment of hepatocellular carcinoma [HCC_scRNA],https://www.ncbi.nlm.nih.gov/geo/query/acc.cgi?acc=GSE281110
GSE287348,LIHC,25,2025/01/20,Cellular and Immune Landscape of Chronic Liver Diseases: Insights from Immunophenotyping,https://www.ncbi.nlm.nih.gov/geo/query/acc.cgi?acc=GSE287348
GSE276114,LIHC,177,2025/01/19,Integrative proteo-transcriptomic characterization of advanced fibrosis in chronic liver disease across etiologies,https://www.ncbi.nlm.nih.gov/geo/query/acc.cgi?acc=GSE276114
GSE273733,LIHC,6,2025/01/15,Proteolethargy is a pathogenic mechanism in chronic disease,https://www.ncbi.nlm.nih.gov/geo/query/acc.cgi?acc=GSE273733
GSE275644,LIHC,3,2025/01/12,Nuclear-localized HKDC1 promotes hepatocellular carcinoma through phosphorylating RBBP5 to activate H3K4me3 [RNA-Seq],https://www.ncbi.nlm.nih.gov/geo/query/acc.cgi?acc=GSE275644
GSE286106,LIHC,12,2025/01/09,Regulation of Mammalian Cellular Metabolism by Endogenous Cyanide Production [TST_RNA-Seq],https://www.ncbi.nlm.nih.gov/geo/query/acc.cgi?acc=GSE286106
GSE286105,LIHC,6,2025/01/09,Regulation of Mammalian Cellular Metabolism by Endogenous Cyanide Production [Glycine_RNA-Seq],https://www.ncbi.nlm.nih.gov/geo/query/acc.cgi?acc=GSE286105
GSE269744,LIHC,4,2025/01/08,PDHX Acetylation Facilitates Tumor Progression by Disrupting PDC  Assembly and Activating Lactylation Mediated Gene Expression,https://www.ncbi.nlm.nih.gov/geo/query/acc.cgi?acc=GSE269744
GSE225322,LIHC,4,2025/01/08,NEDD4-binding protein 1 suppresses HBV replication by regulating HBV RNAs,https://www.ncbi.nlm.nih.gov/geo/query/acc.cgi?acc=GSE225322
GSE268326,LIHC,6,2025/01/03,Targeting FTO suppresses hepatocellular carcinoma by inhibiting ERBB3 and TUBB4A expression [RNA-seq],https://www.ncbi.nlm.nih.gov/geo/query/acc.cgi?acc=GSE268326
GSE282701,LIHC,12,2025/01/01,scRNAseq profile of hepatocellular carcinoma (HCC) tumors and adjacent tissues with or without hepatitis-B virus (HBV) infection,https://www.ncbi.nlm.nih.gov/geo/query/acc.cgi?acc=GSE282701
GSE282472,LIHC,6,2025/01/01,Expression of tsRNAs in early stage hepatocellular carcinoma,https://www.ncbi.nlm.nih.gov/geo/query/acc.cgi?acc=GSE282472
GSE244522,LIHC,1,2025/01/01,Long-read RNA-seq(Iso-seq) analysis of HBV-KMT2B integrated HPCs in which HBV genome is integrated into KMT2B region.,https://www.ncbi.nlm.nih.gov/geo/query/acc.cgi?acc=GSE244522
GSE218332,LIHC,2,2025/01/01,"Analysis of hepatocellular carcinoma (HCC), in which HBV-KMT2B integration was identified",https://www.ncbi.nlm.nih.gov/geo/query/acc.cgi?acc=GSE218332
GSE218329,LIHC,1,2025/01/01,"Iso-seq analysis of hepatocellular carcinoma (HCC), in which HBV-KMT2B integration was identified. The tumor region and nontumorous region w",https://www.ncbi.nlm.nih.gov/geo/query/acc.cgi?acc=GSE218329
GSE218317,LIHC,1,2025/01/01,"RNA-seq analysis of hepatocellular carcinoma (HCC), in which HBV-KMT2B integration was identified. The tumor region and nontumorous region w",https://www.ncbi.nlm.nih.gov/geo/query/acc.cgi?acc=GSE218317
GSE205881,LIHC,66,2025/01/01,"RNA Sequencing Facilitates Quantitative Analysis of Humanized Normal Livers, NASH Livers, and HCC Transcriptomes",https://www.ncbi.nlm.nih.gov/geo/query/acc.cgi?acc=GSE205881
GSE285497,LIHC,79,2024/12/31,Transcriptomics Unveil Canonical and Non-Canonical Heat Shock-Induced Pathways in Human Cell Lines,https://www.ncbi.nlm.nih.gov/geo/query/acc.cgi?acc=GSE285497
GSE280121,LIHC,4,2024/12/31,SIRT4 controls acetyl-CoA synthesis to promote stemness and invasiveness of hepatocellular carcinoma through deacetylating MCCC2 [RNA-seq],https://www.ncbi.nlm.nih.gov/geo/query/acc.cgi?acc=GSE280121
GSE278008,LIHC,6,2024/12/31,Transcriptomic analysis of NAFLD model cells with the co-administration of pseudo-natural flavonol and copper,https://www.ncbi.nlm.nih.gov/geo/query/acc.cgi?acc=GSE278008
GSE244591,LIHC,136,2024/12/31,mRNA sequencing data of liver tumor tissues,https://www.ncbi.nlm.nih.gov/geo/query/acc.cgi?acc=GSE244591
GSE227207,LIHC,18,2024/12/31,Piezoeletric Cold Atmospheric Plasma Induces Cancer Cell Death and Disrupts Cancer Cell Survival in Hepatocellular Carcinoma through Multi-p,https://www.ncbi.nlm.nih.gov/geo/query/acc.cgi?acc=GSE227207
GSE265770,LIHC,3,2024/12/28,"Gene expression profile at single cell level of CD56+ natural killer cells and CD8+ T cells from blood, spleen and HCC-PDX in humanized mice",https://www.ncbi.nlm.nih.gov/geo/query/acc.cgi?acc=GSE265770
GSE265769,LIHC,12,2024/12/28,Effect of anti-PD-1 and/or anti-TIGIT antibodies on hepatocellular carcinoma-patient derived xenografts in humanized mice,https://www.ncbi.nlm.nih.gov/geo/query/acc.cgi?acc=GSE265769
GSE284633,LIHC,5,2024/12/23,Cancer SLC3A2-mediated lysine uptake restricts T cell immunity against hepatocellular carcinoma,https://www.ncbi.nlm.nih.gov/geo/query/acc.cgi?acc=GSE284633
GSE284401,LIHC,8,2024/12/23,Transcriptomic analysis of HepG2 cells overexpressing DNMT3A,https://www.ncbi.nlm.nih.gov/geo/query/acc.cgi?acc=GSE284401
GSE284506,LIHC,6,2024/12/22,RNA sequencing of wild-type and FBXO32-knockout hepatocellular carcinoma Huh7 cells,https://www.ncbi.nlm.nih.gov/geo/query/acc.cgi?acc=GSE284506
GSE279581,LIHC,12,2024/12/19,Very Low-Calorie Ketogenic Diet (VLCKD) and molecular liver cells modification mediated by Small Extracellular Vesicles (sEVs),https://www.ncbi.nlm.nih.gov/geo/query/acc.cgi?acc=GSE279581
GSE284649,LIHC,6,2024/12/18,Active repression of cell fate plasticity by PROX1 safeguards hepatocyte identity and prevents liver tumorigenesis [PROX1 OE Hep3B RNA-seq],https://www.ncbi.nlm.nih.gov/geo/query/acc.cgi?acc=GSE284649
GSE284346,LIHC,6,2024/12/18,Carfilzomib inhibits the progression of hepatocellular cancer via upregulating GADD45a expression,https://www.ncbi.nlm.nih.gov/geo/query/acc.cgi?acc=GSE284346
GSE260862,LIHC,6,2024/12/18,Cell-permeated peptide P-T3H2 inhibits malignancy on hepatocarcinoma through stabilizing HNF4α protein,https://www.ncbi.nlm.nih.gov/geo/query/acc.cgi?acc=GSE260862
GSE224832,LIHC,104,2024/12/18,Active repression of cell fate plasticity by PROX1 safeguards hepatocyte identity and prevents liver tumorigenesis.,https://www.ncbi.nlm.nih.gov/geo/query/acc.cgi?acc=GSE224832
GSE235863,LIHC,69,2024/12/17,T cell populations correlate with response and resistance to anti-PD-1 plus lenvatinib combination therapy in hepatocellular carcinoma,https://www.ncbi.nlm.nih.gov/geo/query/acc.cgi?acc=GSE235863
GSE283279,LIHC,6,2024/12/16,TGM2-mediated histone serotonylation promotes HCC progression via MYC signalling pathway [RNA-Seq],https://www.ncbi.nlm.nih.gov/geo/query/acc.cgi?acc=GSE283279
GSE268518,LIHC,39,2024/12/13,Duodenal-derived organoids from MASH patients exhibit altered digestive homeostasis.,https://www.ncbi.nlm.nih.gov/geo/query/acc.cgi?acc=GSE268518
GSE190736,LIHC,69,2024/12/10,Transcriptomic sterol response in the HepG2 human hepatoma cell line,https://www.ncbi.nlm.nih.gov/geo/query/acc.cgi?acc=GSE190736
GSE221340,LIHC,4,2024/12/04,Amentoflavone induces cell autophagy through promoting phosphorylation of ULK1 in hepatocellular carcinoma,https://www.ncbi.nlm.nih.gov/geo/query/acc.cgi?acc=GSE221340
GSE190488,LIHC,18,2024/12/03,RNA-Seq analysis of b-catenin over expression in Human liver cancer cells,https://www.ncbi.nlm.nih.gov/geo/query/acc.cgi?acc=GSE190488
GSE278241,LIHC,48,2024/12/02,"Discovery, Validation and Mechanistic study of XPO1 inhibition in the Treatment of Triple Negative Breast Cancer",https://www.ncbi.nlm.nih.gov/geo/query/acc.cgi?acc=GSE278241
GSE270107,LIHC,6,2024/12/01,KAT7-acetylated YBX1 promotes HCC proliferation and sorafenib resistance by reprogramming nucleotide metabolism,https://www.ncbi.nlm.nih.gov/geo/query/acc.cgi?acc=GSE270107
GSE217291,LIHC,2,2024/12/01,Effect of A4368 compound on global gene expression in Hep3B cells,https://www.ncbi.nlm.nih.gov/geo/query/acc.cgi?acc=GSE217291
GSE208036,LIHC,15,2024/11/30,Next Generation Sequencing facilitates to identify the differential expression genes between tumor (T1-8) and non-tumor tissue (NT1-8) from ,https://www.ncbi.nlm.nih.gov/geo/query/acc.cgi?acc=GSE208036
GSE282451,LIHC,5,2024/11/28,"Gene expression profiling (total RNA-Seq) of HCV susceptibility Cells, Huh7.5 cell lines and primary human hepatocyte cells",https://www.ncbi.nlm.nih.gov/geo/query/acc.cgi?acc=GSE282451
GSE268508,LIHC,3,2024/11/27,Next Generation Sequencing Facilitates Quantitative Analysis of HCC Cell Line HepG2 Cells with Inhibited P2X7 Receptor Signaling by Antagoni,https://www.ncbi.nlm.nih.gov/geo/query/acc.cgi?acc=GSE268508
GSE282568,LIHC,6,2024/11/25,The effects of traditional Chinese medicine Yinqi Sanhuang Jiedu Decoction on gene expression in HepG2.2.15 cells,https://www.ncbi.nlm.nih.gov/geo/query/acc.cgi?acc=GSE282568
GSE234898,LIHC,4,2024/11/24,Differential gene expression in HCC cell lines Huh7 and PLC under high and low glucose culturement,https://www.ncbi.nlm.nih.gov/geo/query/acc.cgi?acc=GSE234898
GSE277311,LIHC,6,2024/11/23,The de novo synthesis of GABA and its gene regulatory function are indispensable for HCC metastasis,https://www.ncbi.nlm.nih.gov/geo/query/acc.cgi?acc=GSE277311
GSE254939,LIHC,24,2024/11/23,DYRK1A Is a Novel Regulator of TGFβ Signalling and Determines Sensitivity to OXPHOS Inhibition,https://www.ncbi.nlm.nih.gov/geo/query/acc.cgi?acc=GSE254939
GSE268376,LIHC,7,2024/11/22,Genomic and transcriptomic profile of HNF1A-mutated adenomas: molecular signature and potential therapeutic implications,https://www.ncbi.nlm.nih.gov/geo/query/acc.cgi?acc=GSE268376
GSE276400,LIHC,6,2024/11/20,Nuclear compartmentalization of PD-L1 suppresses tumorigenesis and overcomes immunocheckpoint therapy resistance via histone macroH2A1 phosp,https://www.ncbi.nlm.nih.gov/geo/query/acc.cgi?acc=GSE276400
GSE245588,LIHC,12,2024/11/16,Nobelitin and Sorafenib Combination Therapy,https://www.ncbi.nlm.nih.gov/geo/query/acc.cgi?acc=GSE245588
GSE279274,LIHC,16,2024/11/14,Alternative splicing is an FXRα loss-of-function mechanism and impacts energy metabolism in hepatocarcinoma cells.,https://www.ncbi.nlm.nih.gov/geo/query/acc.cgi?acc=GSE279274
GSE281641,LIHC,161,2024/11/13,In vitro to in vivo extrapolation modeling to facilitate the integration of transcriptomics data into genotoxicity assessment,https://www.ncbi.nlm.nih.gov/geo/query/acc.cgi?acc=GSE281641
GSE267607,LIHC,6,2024/11/13,Effects of UBE2S knockout on Huh7 cells,https://www.ncbi.nlm.nih.gov/geo/query/acc.cgi?acc=GSE267607
GSE272352,LIHC,6,2024/11/11,Mechanism of OGT-mediated FASN glycosylation regulating JNK/ICAM1 pathway in Liver cancer stem cell metastasis [Transwell],https://www.ncbi.nlm.nih.gov/geo/query/acc.cgi?acc=GSE272352
GSE269783,LIHC,6,2024/11/11,Mechanism of OGT-mediated FASN glycosylation regulating JNK/ICAM1 pathway in Liver cancer stem cell metastasis,https://www.ncbi.nlm.nih.gov/geo/query/acc.cgi?acc=GSE269783
GSE247383,LIHC,4,2024/11/08,Effects of UBXN1 knockdown on gene expression in MHCC97H cell lines,https://www.ncbi.nlm.nih.gov/geo/query/acc.cgi?acc=GSE247383
GSE205335,LIHC,33,2024/11/05,Single-cell transcriptome profiles of tumor tissues from lung cancer patients receiving immune checkpoint inhibitors.,https://www.ncbi.nlm.nih.gov/geo/query/acc.cgi?acc=GSE205335
GSE276062,LIHC,4,2024/10/30,Targeting CD93 on Monocytes revitalizes Anti-Tumor Immunity by Enhancing the Function and Infiltration of CD8+ T Cells,https://www.ncbi.nlm.nih.gov/geo/query/acc.cgi?acc=GSE276062
GSE219194,LIHC,6,2024/10/30,SND1 is a novel regulator of endothelial function,https://www.ncbi.nlm.nih.gov/geo/query/acc.cgi?acc=GSE219194
GSE265867,LIHC,1,2024/10/28,m6ATM: a deep learning framework for demystifying m6A epitranscriptome via Nanopore long read RNA-seq data [HepG2 ],https://www.ncbi.nlm.nih.gov/geo/query/acc.cgi?acc=GSE265867
GSE280238,LIHC,9,2024/10/25,Discovery and analysis of NFE2L1's non-transcriptional activity by transcriptome sequencing in hepatocellular carcinoma HepG2 cells,https://www.ncbi.nlm.nih.gov/geo/query/acc.cgi?acc=GSE280238
GSE237951,LIHC,8,2024/10/25,Inhibition of EZH2 restores normal expression of genes associated with cysteine metabolism and ferroptosis in hepatocellular carcinoma [RNA-,https://www.ncbi.nlm.nih.gov/geo/query/acc.cgi?acc=GSE237951
GSE237952,LIHC,24,2024/10/24,Integration of epigenomic and transcriptomic profiling uncovers EZH2 target genes linked to cysteine metabolism in hepatocellular carcinoma,https://www.ncbi.nlm.nih.gov/geo/query/acc.cgi?acc=GSE237952
GSE279750,LIHC,10,2024/10/22,"ACE2 Enhances Sensitivity to PD-L1 Blockade by Inhibiting Macrophage-Induced Immunosuppression and Angiogenesis [RNA-seq, anti-PD-L1 therapy",https://www.ncbi.nlm.nih.gov/geo/query/acc.cgi?acc=GSE279750
GSE245351,LIHC,18,2024/10/21,Charting the transcriptomic landscape of primary and metastatic cancers in relation to their origin and target normal tissues,https://www.ncbi.nlm.nih.gov/geo/query/acc.cgi?acc=GSE245351
GSE254860,LIHC,6,2024/10/16,The therapeutic potential and significance of the PELP1 signaling pathway in hepatocellular carcinoma,https://www.ncbi.nlm.nih.gov/geo/query/acc.cgi?acc=GSE254860
GSE279109,LIHC,6,2024/10/14,ACE2 Enhances Sensitivity to PD-L1 Blockade by Inhibiting Macrophage-Induced Immunosuppression and Angiogenesis [RNA-seq],https://www.ncbi.nlm.nih.gov/geo/query/acc.cgi?acc=GSE279109
GSE279328,LIHC,7,2024/10/11,Effect of EphrinB2 on gene expression in cultured lymphatic endothelial cells (LECs) under hypoxia,https://www.ncbi.nlm.nih.gov/geo/query/acc.cgi?acc=GSE279328
GSE272556,LIHC,6,2024/10/11,Targeted Ubiquitination and Degradation of GOLM1 by CC-885 Suppresses Hepatocellular Carcinoma Growth and Metastasis,https://www.ncbi.nlm.nih.gov/geo/query/acc.cgi?acc=GSE272556
GSE254867,LIHC,27,2024/10/09,Deciphering the novel regulatory mechanisms and biological implications of ARID1A C-terminal missense mutations in cancer [RNA-seq],https://www.ncbi.nlm.nih.gov/geo/query/acc.cgi?acc=GSE254867
GSE264006,LIHC,48,2024/10/05,Engineered extrachromosomal oncogene amplifications promote tumorigenesis ,https://www.ncbi.nlm.nih.gov/geo/query/acc.cgi?acc=GSE264006
GSE278684,LIHC,4,2024/10/03,USP22 promotes the proliferation and inhibits Sorafenib-induced ferroptosis of hepatocellular carcinoma cells through its deubiquitinase act,https://www.ncbi.nlm.nih.gov/geo/query/acc.cgi?acc=GSE278684
GSE278074,LIHC,12,2024/10/02,HKDC1 promotes liver cancer stemness under hypoxia via stabilizing β-catenin,https://www.ncbi.nlm.nih.gov/geo/query/acc.cgi?acc=GSE278074
GSE262922,LIHC,6,2024/10/01,Effect of overexpssion Kallistatin(SERPINA4) in HGC-27 cell line,https://www.ncbi.nlm.nih.gov/geo/query/acc.cgi?acc=GSE262922
GSE262490,LIHC,28,2024/10/01,Liver cancer in ovo models,https://www.ncbi.nlm.nih.gov/geo/query/acc.cgi?acc=GSE262490
GSE274780,LIHC,12,2024/09/30,The glutamate receptor antagonist ifenprodil inhibits hepatitis E virus infection,https://www.ncbi.nlm.nih.gov/geo/query/acc.cgi?acc=GSE274780
GSE241588,LIHC,24,2024/09/30,Ribosome profiling sequencing (Ribo-seq) in Huh7 control and SMYD5 KO cells upon normal condition or Torin1 treatment,https://www.ncbi.nlm.nih.gov/geo/query/acc.cgi?acc=GSE241588
GSE199332,LIHC,6,2024/09/30,"Integrating CRISPR knockout, interference, and activation to dissect the functional role and underlying signaling of microRNA-23a-27a-24-2 c",https://www.ncbi.nlm.nih.gov/geo/query/acc.cgi?acc=GSE199332
GSE278116,LIHC,6,2024/09/28,RABIF promotes hepatocellular carcinoma progression through regulation of mitophagy and glycolysis,https://www.ncbi.nlm.nih.gov/geo/query/acc.cgi?acc=GSE278116
GSE260725,LIHC,26,2024/09/25,"Individual RNA-seq for different prostate cancer cells and Lucap35CR PDX treated by SR8278,JQ1,AZD5153,ENZ or by FOXA1 and NR1D1 gene knockd",https://www.ncbi.nlm.nih.gov/geo/query/acc.cgi?acc=GSE260725
GSE233421,LIHC,6,2024/09/25,Transcriptome analysis of hepatocellular carcinoma and adjacent non-tumor liver tissues [II],https://www.ncbi.nlm.nih.gov/geo/query/acc.cgi?acc=GSE233421
GSE246219,LIHC,80,2024/09/19,Cross-tissue human fibroblast atlas reveals myofibroblast subtypes with distinct roles in immune modulation,https://www.ncbi.nlm.nih.gov/geo/query/acc.cgi?acc=GSE246219
GSE246215,LIHC,38,2024/09/19,Cross-tissue human fibroblast atlas reveals myofibroblast subtypes with distinct roles in immune modulation [scRNA-seq],https://www.ncbi.nlm.nih.gov/geo/query/acc.cgi?acc=GSE246215
GSE277328,LIHC,6,2024/09/17,"Silmitasertib in combination with cabozantinib impairs liver cancer cell cycle progression, induces apoptosis and delays tumor growth in a p",https://www.ncbi.nlm.nih.gov/geo/query/acc.cgi?acc=GSE277328
GSE272348,LIHC,31,2024/09/13,Late-stage tertiary lymphoid structures in hepatocellular carcinoma treated with neoadjuvant immune checkpoint blockade,https://www.ncbi.nlm.nih.gov/geo/query/acc.cgi?acc=GSE272348
GSE272347,LIHC,17,2024/09/13,Late-stage tertiary lymphoid structures in hepatocellular carcinoma treated with neoadjuvant immune checkpoint blockade [scRNA-seq],https://www.ncbi.nlm.nih.gov/geo/query/acc.cgi?acc=GSE272347
GSE272346,LIHC,14,2024/09/13,Late-stage tertiary lymphoid structures in hepatocellular carcinoma treated with neoadjuvant immune checkpoint blockade [bulk RNA-seq],https://www.ncbi.nlm.nih.gov/geo/query/acc.cgi?acc=GSE272346
GSE268462,LIHC,1,2024/09/13,Where Does the Heme Go? Unraveling Heme and Porphyrin Metabolism in Healthy and Oncogenic Human Livers,https://www.ncbi.nlm.nih.gov/geo/query/acc.cgi?acc=GSE268462
GSE266253,LIHC,12,2024/09/08,DNAJB1-PRKACA fusion drives fibrolamellar liver cancer through impaired SIK signaling and CRTC2/p300-mediated transcriptional reprogramming,https://www.ncbi.nlm.nih.gov/geo/query/acc.cgi?acc=GSE266253
GSE255208,LIHC,40,2024/09/05,Dynamics of RNA localization to nuclear speckles are connected to splicing efficiency,https://www.ncbi.nlm.nih.gov/geo/query/acc.cgi?acc=GSE255208
GSE255207,LIHC,16,2024/09/05,Dynamics of RNA localization to nuclear speckles are connected to splicing efficiency [RNA-Seq],https://www.ncbi.nlm.nih.gov/geo/query/acc.cgi?acc=GSE255207
GSE255206,LIHC,24,2024/09/05,Dynamics of RNA localization to nuclear speckles are connected to splicing efficiency [ARTR-seq],https://www.ncbi.nlm.nih.gov/geo/query/acc.cgi?acc=GSE255206
GSE276192,LIHC,2,2024/09/04,Correlation with Apoptosis Process through RNA-Seq Data Analysis of Hep3B Hepatocellular Carcinoma Cells Treated with Glehnia littoralis Ext,https://www.ncbi.nlm.nih.gov/geo/query/acc.cgi?acc=GSE276192
GSE274408,LIHC,12,2024/09/04,Heat Shock Transcription Factor 1 Facilitates Liver Cancer Progression by Driving Super-Enhancer-Mediated Transcription of MYCN,https://www.ncbi.nlm.nih.gov/geo/query/acc.cgi?acc=GSE274408
GSE262272,LIHC,12,2024/09/04,Elevated choline drives KLF5-dominated transcriptional reprogramming to facilitate liver cancer progression,https://www.ncbi.nlm.nih.gov/geo/query/acc.cgi?acc=GSE262272
GSE276099,LIHC,6,2024/09/03,β-caryophyllene sensitizes hepatocellular carcinoma cells to chemotherapeutics and inhibits cell malignancy through targeting MAPK signaling,https://www.ncbi.nlm.nih.gov/geo/query/acc.cgi?acc=GSE276099
GSE242130,LIHC,4,2024/09/01,Gene expression profiling of CD8+ T cells in the Norathyriol versus PBS-treated co-culture system,https://www.ncbi.nlm.nih.gov/geo/query/acc.cgi?acc=GSE242130
GSE210739,LIHC,6,2024/08/31,Identification of formononetin as the active compound of CR-SR in hepatocellular carcinoma treatment: An integrated approach combining netwo,https://www.ncbi.nlm.nih.gov/geo/query/acc.cgi?acc=GSE210739
GSE183250,LIHC,36,2024/08/31,DDX17-regulated alternative splicing that produced a novel oncogenic isoform of PXN-AS1 to promote HCC metastasis [tissues],https://www.ncbi.nlm.nih.gov/geo/query/acc.cgi?acc=GSE183250
GSE242016,LIHC,12,2024/08/29,Gene expression profiling for circPETH overexpression and knockout,https://www.ncbi.nlm.nih.gov/geo/query/acc.cgi?acc=GSE242016
GSE243020,LIHC,8,2024/08/26, The loss of an orphan nuclear receptor NR2E3 augments Wnt/β-Catenin signaling via epigenetic dysregulation that promotes the Sp1-β catenin-,https://www.ncbi.nlm.nih.gov/geo/query/acc.cgi?acc=GSE243020
GSE275241,LIHC,18,2024/08/25,Genome engineering of primary and pluripotent stem cell-derived hepatocytes for modeling liver tumor formation,https://www.ncbi.nlm.nih.gov/geo/query/acc.cgi?acc=GSE275241
GSE182787,LIHC,6,2024/08/24,DDX17-regulated alternative splicing that produced a novel oncogenic isoform of PXN-AS1 to promote HCC metastasis [Cells],https://www.ncbi.nlm.nih.gov/geo/query/acc.cgi?acc=GSE182787
GSE241802,LIHC,2,2024/08/23,METTL3 Confers Oxaliplatin Resistance Through the Activation of G6PD-enhanced Pentose Phosphate Pathway in Hepatocellular Carcinoma,https://www.ncbi.nlm.nih.gov/geo/query/acc.cgi?acc=GSE241802
GSE274830,LIHC,9,2024/08/21,Isolation and identification of patient-derived liver cancer stem cells and development of personalized treatment strategies,https://www.ncbi.nlm.nih.gov/geo/query/acc.cgi?acc=GSE274830
GSE246237,LIHC,6,2024/08/14,SLU7 downregulation results in an aberrant expression of mRNA transcripts,https://www.ncbi.nlm.nih.gov/geo/query/acc.cgi?acc=GSE246237
GSE241466,LIHC,25,2024/08/14,Transcriptomic profiling of the intermediate cell carcinoma of the primary liver cancer,https://www.ncbi.nlm.nih.gov/geo/query/acc.cgi?acc=GSE241466
GSE274758,LIHC,5,2024/08/13,Effects of mirror-image nucleosides on DNA replication and transcription in human cells,https://www.ncbi.nlm.nih.gov/geo/query/acc.cgi?acc=GSE274758
GSE273819,LIHC,6,2024/08/07,GOLM1 dictates acquired Lenvatinib resistance by a GOLM1-CSN5 positive feedback loop upon EGFR signaling activation in hepatocellular carcin,https://www.ncbi.nlm.nih.gov/geo/query/acc.cgi?acc=GSE273819
GSE181755,LIHC,10,2024/08/07,Landscape of super-enhancer-associated lncRNAs in hepatocellular carcinoma,https://www.ncbi.nlm.nih.gov/geo/query/acc.cgi?acc=GSE181755
GSE181754,LIHC,8,2024/08/07,Landscape of super-enhancer-associated lncRNAs in hepatocellular carcinoma [lncRNA-seq],https://www.ncbi.nlm.nih.gov/geo/query/acc.cgi?acc=GSE181754
GSE181947,LIHC,6,2024/08/04,The PKCα/ZFP64/CSF1 Axis restricts Tumor Response to Anti-PD1 by driving Macrophage M2 Polarization in Hepatocellular Carcinoma [RNA-seq 2],https://www.ncbi.nlm.nih.gov/geo/query/acc.cgi?acc=GSE181947
GSE181946,LIHC,17,2024/08/04,The PKCα/ZFP64/CSF1 Axis restricts Tumor Response to Anti-PD1 by driving Macrophage M2 Polarization in Hepatocellular Carcinoma [RNA-seq 1],https://www.ncbi.nlm.nih.gov/geo/query/acc.cgi?acc=GSE181946
GSE240768,LIHC,4,2024/08/02,ACSL6-activated IL18R1-NF-κB promotes IL18-mediated tumor immune evasion and tumor progression,https://www.ncbi.nlm.nih.gov/geo/query/acc.cgi?acc=GSE240768
GSE236831,LIHC,62,2024/08/02,Rapid CRISPR/Cas12a-based dual-crRNA library screening in high fidelity reveals novel genetic interactions during hepatocarcinogenesis,https://www.ncbi.nlm.nih.gov/geo/query/acc.cgi?acc=GSE236831
GSE236829,LIHC,3,2024/08/02,Rapid CRISPR/Cas12a-based dual-crRNA library screening in high fidelity reveals novel genetic interactions during hepatocarcinogenesis [targ,https://www.ncbi.nlm.nih.gov/geo/query/acc.cgi?acc=GSE236829
GSE200809,LIHC,6,2024/08/02,The human liver circadian transcriptome and its carcinogenic perturbation by hepatitis C virus infection (RNA-Seq I),https://www.ncbi.nlm.nih.gov/geo/query/acc.cgi?acc=GSE200809
GSE232374,LIHC,18,2024/08/01,CDK7 is a novel therapeutic vulnerability in Fibrolamellar cancer,https://www.ncbi.nlm.nih.gov/geo/query/acc.cgi?acc=GSE232374
GSE273158,LIHC,24,2024/07/31,Effect of overexpressing a dominant negative LXRalpha mutant in HepG2 cells,https://www.ncbi.nlm.nih.gov/geo/query/acc.cgi?acc=GSE273158
GSE243371,LIHC,6,2024/07/31,Integrate multi-omics analysis of LINC01767 in HCC,https://www.ncbi.nlm.nih.gov/geo/query/acc.cgi?acc=GSE243371
GSE239630,LIHC,14,2024/07/31,Exosomes packaged chromatin with dynamic H3R26me2s modification prevents cellular inflammation by blocking the cGAS-STING pathway.,https://www.ncbi.nlm.nih.gov/geo/query/acc.cgi?acc=GSE239630
GSE239629,LIHC,2,2024/07/31,Exosomes packaged chromatin with dynamic H3R26me2s modification prevents cellular inflammation by blocking the cGAS-STING pathway [RNA-seq],https://www.ncbi.nlm.nih.gov/geo/query/acc.cgi?acc=GSE239629
GSE263786,LIHC,243,2024/07/30,Epigenetic heterogeneity hotspots in human liver disease progression [RNA-seq],https://www.ncbi.nlm.nih.gov/geo/query/acc.cgi?acc=GSE263786
GSE237427,LIHC,11,2024/07/27,Single-cell transcriptomics reveals distinct molecular alterations of human renal cell carcinoma-derived endothelial cells that are stable i,https://www.ncbi.nlm.nih.gov/geo/query/acc.cgi?acc=GSE237427
GSE237425,LIHC,8,2024/07/27,Single-cell transcriptomics reveals distinct molecular alterations of human renal cell carcinoma-derived endothelial cells that are stable i,https://www.ncbi.nlm.nih.gov/geo/query/acc.cgi?acc=GSE237425
GSE262484,LIHC,35,2024/07/26,Implicating type 2 diabetes effector genes in relevant metabolic cellular models using promoter-focused Capture-C,https://www.ncbi.nlm.nih.gov/geo/query/acc.cgi?acc=GSE262484
GSE262480,LIHC,10,2024/07/26,Implicating type 2 diabetes effector genes in relevant metabolic cellular models using promoter-focused Capture-C [RNA-Seq],https://www.ncbi.nlm.nih.gov/geo/query/acc.cgi?acc=GSE262480
GSE239465,LIHC,6,2024/07/25,Epigenome editing durability varies widely across cardiovascular disease target genes,https://www.ncbi.nlm.nih.gov/geo/query/acc.cgi?acc=GSE239465
GSE272109,LIHC,8,2024/07/24,Drug-induced cis-regulatory elements in human hepatocytes affect molecular phenotypes associated with drug efficacy and adverse reactions,https://www.ncbi.nlm.nih.gov/geo/query/acc.cgi?acc=GSE272109
GSE230874,LIHC,16,2024/07/24,The DNA-repair protein APE1 contributes with hnRNPA2B1 to motif-enriched miRNA secretion,https://www.ncbi.nlm.nih.gov/geo/query/acc.cgi?acc=GSE230874
GSE251817,LIHC,6,2024/07/22,Apigenin inhibits tumor angiogenesis by suppressing microvesicle biogenesis,https://www.ncbi.nlm.nih.gov/geo/query/acc.cgi?acc=GSE251817
GSE272166,LIHC,6,2024/07/21,The regulation of transcriptome in HCC cells by SRSF10 [Huh7_shSRSF10_RNAseq],https://www.ncbi.nlm.nih.gov/geo/query/acc.cgi?acc=GSE272166
GSE261186,LIHC,20,2024/07/17,Serial Changes of Circulating Tumor Cells in Patients with Hepatocellular Carcinoma Treated with Atezolizumab Plus Bevacizumab,https://www.ncbi.nlm.nih.gov/geo/query/acc.cgi?acc=GSE261186
GSE244762,LIHC,6,2024/07/17,LncRNA SLC7A11-AS1 suppresses ferroptosis in hepatocellular carcinoma to promote tumorigenesis,https://www.ncbi.nlm.nih.gov/geo/query/acc.cgi?acc=GSE244762
GSE267834,LIHC,28,2024/07/11,Hepatitis C Virus-induced Differential Transcriptional Traits in Host Cells After Persistent Infection Elimination by Direct-Acting Antivira,https://www.ncbi.nlm.nih.gov/geo/query/acc.cgi?acc=GSE267834
GSE268894,LIHC,6,2024/07/10,Semaphorin 3C (Sema3C) reshapes stromal microenvironment to promote hepatocellular carcinoma progression,https://www.ncbi.nlm.nih.gov/geo/query/acc.cgi?acc=GSE268894
GSE263501,LIHC,9,2024/07/09,ZMAT2 condensates regulate the alternative splicing of TRIM28 to promote the proliferation of hepatocellular carcinoma cells,https://www.ncbi.nlm.nih.gov/geo/query/acc.cgi?acc=GSE263501
GSE268479,LIHC,6,2024/07/04,Effect of ZFP740 knockdown on HepG2 cells,https://www.ncbi.nlm.nih.gov/geo/query/acc.cgi?acc=GSE268479
GSE242340,LIHC,12,2024/07/01,Effect of Molidustat treatment on hepatocellular carcinoma cells Huh7,https://www.ncbi.nlm.nih.gov/geo/query/acc.cgi?acc=GSE242340
GSE237876,LIHC,66,2024/07/01,Deciphering metastatic route-specific signals and their microenvironment interactions in peritoneal metastasis of gastric cancer,https://www.ncbi.nlm.nih.gov/geo/query/acc.cgi?acc=GSE237876
GSE236392,LIHC,8,2024/06/30,Specific silencing of pathogenic mRNA by a novel compact RNA-targeting tool TaqTth-hpRNA,https://www.ncbi.nlm.nih.gov/geo/query/acc.cgi?acc=GSE236392
GSE235968,LIHC,178,2024/06/30,A non-canonical repressor function of JUN restrains YAP activity and suppresses YAP-dependent liver cancer growth,https://www.ncbi.nlm.nih.gov/geo/query/acc.cgi?acc=GSE235968
GSE235616,LIHC,9,2024/06/30,A non-canonical repressor function of JUN restrains YAP activity and suppresses YAP-dependent liver cancer growth [SLAM_Seq],https://www.ncbi.nlm.nih.gov/geo/query/acc.cgi?acc=GSE235616
GSE235615,LIHC,12,2024/06/30,A non-canonical repressor function of JUN restrains YAP activity and suppresses YAP-dependent liver cancer growth [TruSeq],https://www.ncbi.nlm.nih.gov/geo/query/acc.cgi?acc=GSE235615
GSE235614,LIHC,6,2024/06/30,A non-canonical repressor function of JUN restrains YAP activity and suppresses YAP-dependent liver cancer growth [3primeSeq_siY],https://www.ncbi.nlm.nih.gov/geo/query/acc.cgi?acc=GSE235614
GSE235613,LIHC,5,2024/06/30,A non-canonical repressor function of JUN restrains YAP activity and suppresses YAP-dependent liver cancer growth [3prime_Seq_JUNoe],https://www.ncbi.nlm.nih.gov/geo/query/acc.cgi?acc=GSE235613
GSE250169,LIHC,2,2024/06/29,EPDR1 promotes PD-L1 expression and antitumor immune evasion by inhibiting TRIM21-dependent ubiquitylation if IKBKB.,https://www.ncbi.nlm.nih.gov/geo/query/acc.cgi?acc=GSE250169
GSE252127,LIHC,9,2024/06/27,25-Hydroxycholesterol inhibits hantavirus infection through reprogramming cholesterol metabolism and suggest statins as candidate hantavirus,https://www.ncbi.nlm.nih.gov/geo/query/acc.cgi?acc=GSE252127
GSE232386,LIHC,8,2024/06/24,"Transcriptomic analysis of tumor self-seeded cells, primary tumor cells, and circulating tumor cells in liver cancer",https://www.ncbi.nlm.nih.gov/geo/query/acc.cgi?acc=GSE232386
GSE236369,LIHC,14,2024/06/23,The tRNA Gm18 Methyltransferase TARBP1 Promotes Hepatocellular Carcinoma Progression via Metabolic Reprogramming of Glutamine,https://www.ncbi.nlm.nih.gov/geo/query/acc.cgi?acc=GSE236369
GSE236366,LIHC,10,2024/06/23,The tRNA Gm18 Methyltransferase TARBP1 Promotes Hepatocellular Carcinoma Progression via Metabolic Reprogramming of Glutamine [Ribo-seq],https://www.ncbi.nlm.nih.gov/geo/query/acc.cgi?acc=GSE236366
GSE244707,LIHC,270,2024/06/21,Digital transformation of herbal medicine: Conversion to biological entity data using tonifying herbal medicine-induced transcriptome sequen,https://www.ncbi.nlm.nih.gov/geo/query/acc.cgi?acc=GSE244707
GSE244706,LIHC,30,2024/06/21,Digital transformation of herbal medicine: Conversion to biological entity data using tonifying herbal medicine-induced transcriptome sequen,https://www.ncbi.nlm.nih.gov/geo/query/acc.cgi?acc=GSE244706
GSE244705,LIHC,60,2024/06/21,Digital transformation of herbal medicine: Conversion to biological entity data using tonifying herbal medicine-induced transcriptome sequen,https://www.ncbi.nlm.nih.gov/geo/query/acc.cgi?acc=GSE244705
GSE244704,LIHC,60,2024/06/21,Digital transformation of herbal medicine: Conversion to biological entity data using tonifying herbal medicine-induced transcriptome sequen,https://www.ncbi.nlm.nih.gov/geo/query/acc.cgi?acc=GSE244704
GSE244703,LIHC,60,2024/06/21,Digital transformation of herbal medicine: Conversion to biological entity data using tonifying herbal medicine-induced transcriptome sequen,https://www.ncbi.nlm.nih.gov/geo/query/acc.cgi?acc=GSE244703
GSE244702,LIHC,60,2024/06/21,Digital transformation of herbal medicine: Conversion to biological entity data using tonifying herbal medicine-induced transcriptome sequen,https://www.ncbi.nlm.nih.gov/geo/query/acc.cgi?acc=GSE244702
GSE186178,LIHC,12,2024/06/20,A role for histone lysine demethylase 4 in regulating HBV replication,https://www.ncbi.nlm.nih.gov/geo/query/acc.cgi?acc=GSE186178
GSE246332,LIHC,10,2024/06/17,A novel MYC-ZNF706-SLC7A11 regulatory circuitry contributes to cancer progression and redox balance in human hepatocarcinoma,https://www.ncbi.nlm.nih.gov/geo/query/acc.cgi?acc=GSE246332
GSE246330,LIHC,6,2024/06/17,A novel MYC-ZNF706-SLC7A11 regulatory circuitry contributes to cancer progression and redox balance in human hepatocarcinoma (RNA-Seq),https://www.ncbi.nlm.nih.gov/geo/query/acc.cgi?acc=GSE246330
GSE246221,LIHC,148,2024/06/17,A Mouse Model for Metabolic Dysfunction-associated Steatotic Liver Disease and Hepatocellular Carcinoma [RNA-seq],https://www.ncbi.nlm.nih.gov/geo/query/acc.cgi?acc=GSE246221
GSE152927,LIHC,2,2024/06/17,Glucose deprivation effect on Hepatocellular carcinoma cell line: Huh-7,https://www.ncbi.nlm.nih.gov/geo/query/acc.cgi?acc=GSE152927
GSE246223,LIHC,160,2024/06/16,A Mouse Model for Metabolic Dysfunction-associated Steatotic Liver Disease and Hepatocellular Carcinoma,https://www.ncbi.nlm.nih.gov/geo/query/acc.cgi?acc=GSE246223
GSE248907,LIHC,6,2024/06/12,Macrophages Coated Tumor Cluster (MCTC) Aggravated Hepatoma Invasion and Immunotherapy Resistance via Entrapping Cytotoxic T Cells to Genera,https://www.ncbi.nlm.nih.gov/geo/query/acc.cgi?acc=GSE248907
GSE268875,LIHC,9,2024/06/10,Interaction of solute carrier family 39 member 1 and dynamin related protein 1 to facilitate development of hepatocellular carcinoma by impa,https://www.ncbi.nlm.nih.gov/geo/query/acc.cgi?acc=GSE268875
GSE263915,LIHC,6,2024/06/10,Effect of knock-down of circular RNA circUCK2 on gene expression in PLC/PRF/5 cell,https://www.ncbi.nlm.nih.gov/geo/query/acc.cgi?acc=GSE263915
GSE176548,LIHC,2,2024/06/10,CircPTEN-MT derived from PTEN regulates mitochondrial energy metabolism,https://www.ncbi.nlm.nih.gov/geo/query/acc.cgi?acc=GSE176548
GSE233712,LIHC,14,2024/06/01,Aberrant induction of the rare RNA binding protein PABPC4 in MYC-driven hepatocellular carcinoma,https://www.ncbi.nlm.nih.gov/geo/query/acc.cgi?acc=GSE233712
GSE233708,LIHC,8,2024/06/01,Aberrant induction of the rare RNA binding protein PABPC4 in MYC-driven hepatocellular carcinoma [RNA-seq],https://www.ncbi.nlm.nih.gov/geo/query/acc.cgi?acc=GSE233708
GSE228075,LIHC,3,2024/05/31,The regulation of transcriptome in HCC cells by KDM1A [HepG2_shKDM1A_RNAseq],https://www.ncbi.nlm.nih.gov/geo/query/acc.cgi?acc=GSE228075
GSE268347,LIHC,2,2024/05/30,Identifying CSTF2-bound RNA Sequences in HUH7 Cells using RIP-seq,https://www.ncbi.nlm.nih.gov/geo/query/acc.cgi?acc=GSE268347
GSE228072,LIHC,2,2024/05/30,The regulation of transcriptome in HCC cells by KDM1A inhibition [HepG2_SP2509_RNAseq],https://www.ncbi.nlm.nih.gov/geo/query/acc.cgi?acc=GSE228072
GSE263126,LIHC,4,2024/05/28,Identification of hypoxia-induced isoforms and novel genes with nanopore long reads sequencing,https://www.ncbi.nlm.nih.gov/geo/query/acc.cgi?acc=GSE263126
GSE233772,LIHC,9,2024/05/28,Citrullination modulation maintains HIF-1A stabilization to drive tumor progression,https://www.ncbi.nlm.nih.gov/geo/query/acc.cgi?acc=GSE233772
GSE223204,LIHC,2,2024/05/28,Hepatocyte-macrophage crosstalk via the PGRN-EGFR axis modulates ADAR1-mediated immunity in the liver -HCC scRNAseq,https://www.ncbi.nlm.nih.gov/geo/query/acc.cgi?acc=GSE223204
GSE267969,LIHC,14,2024/05/26,Optimized reporters for multiplexed detection of transcription factor activity,https://www.ncbi.nlm.nih.gov/geo/query/acc.cgi?acc=GSE267969
GSE255830,LIHC,8,2024/05/17,Gene expression and T cell repertoire profile at single cell level of peripheral blood T cells after treatment with a personalized neoantige,https://www.ncbi.nlm.nih.gov/geo/query/acc.cgi?acc=GSE255830
GSE237697,LIHC,15,2024/05/17,"Increased activity of protein kinase A, even without DNAJB1, is sufficient to cause Fibrolamellar hepatocellular carcinoma",https://www.ncbi.nlm.nih.gov/geo/query/acc.cgi?acc=GSE237697
GSE266229,LIHC,18,2024/05/15,Atosiban harness hepatocellular carcinoma progression in human organoid model,https://www.ncbi.nlm.nih.gov/geo/query/acc.cgi?acc=GSE266229
GSE266634,LIHC,21,2024/05/12,Gene expression of HCT-116 cell lines treated with EVs isolated using GlyExo-Capture method,https://www.ncbi.nlm.nih.gov/geo/query/acc.cgi?acc=GSE266634
GSE200538,LIHC,9,2024/05/01,Transcriptome sequencing of HepG2 cells upon treatment of Butyrolactone I (PQY09) or derivatives (PQY23_1) butenolide compounds for explorin,https://www.ncbi.nlm.nih.gov/geo/query/acc.cgi?acc=GSE200538
GSE115409,LIHC,6,2024/05/01,"NACER, a liver-specific lncRNA, functions as Nrf2-activating competing endogenous RNA for Plk2 and p21cip1",https://www.ncbi.nlm.nih.gov/geo/query/acc.cgi?acc=GSE115409
GSE265834,LIHC,10,2024/04/30,RNA-seq of murine 4-1BB- and 4-1BB+ CD8+ tumor-infiltrating T cells in HCC patients,https://www.ncbi.nlm.nih.gov/geo/query/acc.cgi?acc=GSE265834
GSE264010,LIHC,6,2024/04/30,The effects of knock-out PARP1 on HepG2.,https://www.ncbi.nlm.nih.gov/geo/query/acc.cgi?acc=GSE264010
GSE263748,LIHC,23,2024/04/29,Genetic dependencies associated with transcription factor activities in human cancer cell lines,https://www.ncbi.nlm.nih.gov/geo/query/acc.cgi?acc=GSE263748
GSE178211,LIHC,18,2024/04/29,ALK inhibitors suppress HCC and synergize with anti-PD-1 therapy and ABT-263 in preclinical models,https://www.ncbi.nlm.nih.gov/geo/query/acc.cgi?acc=GSE178211
GSE173632,LIHC,9,2024/04/28,RNA-seq analysis of the gene expression profile of Huh7 cells upon incubation with different TGF-β-treated hepatic stellate cells (HSCs)-der,https://www.ncbi.nlm.nih.gov/geo/query/acc.cgi?acc=GSE173632
GSE261297,LIHC,60,2024/04/09,The fatty liver disease-causing protein PNPLA3-I148M alters lipid droplet-Golgi dynamics,https://www.ncbi.nlm.nih.gov/geo/query/acc.cgi?acc=GSE261297
GSE263459,LIHC,12,2024/04/08,Disruption of TGF-β signaling pathway is required to mediate effective killing of hepatocellular carcinoma by human iPSC-derived NK cells,https://www.ncbi.nlm.nih.gov/geo/query/acc.cgi?acc=GSE263459
GSE229281,LIHC,3,2024/04/07,Effect of depletion of CPSF6 on gene expression of Hep3B hepatocellular carcinoma cells,https://www.ncbi.nlm.nih.gov/geo/query/acc.cgi?acc=GSE229281
GSE262667,LIHC,19,2024/04/02,SRSF7-mediated Alternative Splicing of USO1 Promotes Hepatocellular Carcinoma by Activating the MAPK/ERK1-ELK1 Pathway,https://www.ncbi.nlm.nih.gov/geo/query/acc.cgi?acc=GSE262667
GSE262515,LIHC,21,2024/04/02,Optimized RNA Interference Therapeutics Combined with Interleukin-2 mRNA for Treating Hepatitis B Virus Infection,https://www.ncbi.nlm.nih.gov/geo/query/acc.cgi?acc=GSE262515
GSE244233,LIHC,6,2024/04/01,Pentamethylquercetin induces Hep3B liver cancer cell apoptosis and cell cycle arrest via the ERK/NF-κB signaling pathway,https://www.ncbi.nlm.nih.gov/geo/query/acc.cgi?acc=GSE244233
GSE262469,LIHC,15,2024/03/31,AMPK activation in response to hepatitis E virus infection inhibited viral replication by attenuating autophagosome and promoting innate imm,https://www.ncbi.nlm.nih.gov/geo/query/acc.cgi?acc=GSE262469
GSE244529,LIHC,26,2024/03/31,Wnt/β-catenin signaling regulates amino acid metabolism through the suppression of CEBPA and FOXA1 in liver cancer cells,https://www.ncbi.nlm.nih.gov/geo/query/acc.cgi?acc=GSE244529
GSE244526,LIHC,15,2024/03/31,Wnt/β-catenin signaling regulates amino acid metabolism through the suppression of CEBPA and FOXA1 in liver cancer cells [RNA-seq],https://www.ncbi.nlm.nih.gov/geo/query/acc.cgi?acc=GSE244526
GSE244525,LIHC,3,2024/03/31,Wnt/β-catenin signaling regulates amino acid metabolism through the suppression of CEBPA and FOXA1 in liver cancer cells [ChIP-seq],https://www.ncbi.nlm.nih.gov/geo/query/acc.cgi?acc=GSE244525
GSE262447,LIHC,15,2024/03/27,Selective refueling of CAR T cells using ADA1 and CD26 boosts antitumor immunity,https://www.ncbi.nlm.nih.gov/geo/query/acc.cgi?acc=GSE262447
GSE242333,LIHC,12,2024/03/23,Transcriptomic changes induced by regorafenib in sorafenib-resistant hepatocellular carcinoma cells: role of TGF-beta signaling and lncRNAs,https://www.ncbi.nlm.nih.gov/geo/query/acc.cgi?acc=GSE242333
GSE217406,LIHC,8,2024/03/23,IFRD1 promotes tumor cells “low-cost” survival under glutamine starvation via inhibiting histone H1.0 nucleophagy,https://www.ncbi.nlm.nih.gov/geo/query/acc.cgi?acc=GSE217406
GSE228416,LIHC,6,2024/03/20,Knockdown of ribosome RNA processing protein 15 (RRP15) suppresses metastasis of hepatocellular carcinoma via LAMC2/FAK pathway,https://www.ncbi.nlm.nih.gov/geo/query/acc.cgi?acc=GSE228416
GSE237756,LIHC,6,2024/03/18,Next Generation Sequencing Analysis of human hepatocellular cercinoma cells HLF single cultured and  HLF co-cultured with CD4+ T cells isola,https://www.ncbi.nlm.nih.gov/geo/query/acc.cgi?acc=GSE237756
GSE227751,LIHC,12,2024/03/17,Effect of Romidepsin treatment on patient-derived liver cancer cells,https://www.ncbi.nlm.nih.gov/geo/query/acc.cgi?acc=GSE227751
GSE261205,LIHC,12,2024/03/13,A network-based framework to discover treatment-response-predicting biomarkers for complex diseases,https://www.ncbi.nlm.nih.gov/geo/query/acc.cgi?acc=GSE261205
GSE235017,LIHC,6,2024/03/13,Inhibition of UBA52 induces autophagy via EMC6 to suppress hepatocellular carcinoma tumorigenesis and progression,https://www.ncbi.nlm.nih.gov/geo/query/acc.cgi?acc=GSE235017
GSE229079,LIHC,6,2024/03/13,Transcriptomic screening the novel targets of sericin in human hepatocellular carcinoma cells,https://www.ncbi.nlm.nih.gov/geo/query/acc.cgi?acc=GSE229079
GSE240747,LIHC,6,2024/03/01,SPARC boost cholesterol-dependent aggressive phenotype and sorafenib resistance in hepatocellular carcinoma,https://www.ncbi.nlm.nih.gov/geo/query/acc.cgi?acc=GSE240747
GSE229394,LIHC,56,2024/03/01,Molecular and immune profiles linked to androgen response categories in metastatic castration-resistant prostate cancers (mCRPC),https://www.ncbi.nlm.nih.gov/geo/query/acc.cgi?acc=GSE229394
GSE256235,LIHC,23,2024/02/21,Integrated analysis of miRNA-mRNA regulatory networks in pediatric hepatocellular carcinoma.,https://www.ncbi.nlm.nih.gov/geo/query/acc.cgi?acc=GSE256235
GSE228168,LIHC,26,2024/02/19,Full-length Sequencing of Non-capped RNAs Reveals the Heterogeneity of RNA Processing and Novel Classes of Noncoding RNAs,https://www.ncbi.nlm.nih.gov/geo/query/acc.cgi?acc=GSE228168
GSE197798,LIHC,12,2024/02/19,Human antigen R (HuR) SUMOylation controls senescence response in liver cancer,https://www.ncbi.nlm.nih.gov/geo/query/acc.cgi?acc=GSE197798
GSE192632,LIHC,32,2024/02/19,NAP-seq Reveals Novel Classes of Structured Noncoding RNAs with Regulatory Functions,https://www.ncbi.nlm.nih.gov/geo/query/acc.cgi?acc=GSE192632
GSE228430,LIHC,12,2024/02/17,Effect of FABP5 silencing or inhibition on gene expression of Huh7 human hepatoma cells after 48 hours,https://www.ncbi.nlm.nih.gov/geo/query/acc.cgi?acc=GSE228430
GSE202397,LIHC,4,2024/02/12,PC4 is a post-transcriptional manipulator of D-type cyclins and centromere proteins (RNA-Seq).,https://www.ncbi.nlm.nih.gov/geo/query/acc.cgi?acc=GSE202397
GSE202401,LIHC,10,2024/02/11,PC4 is a post-transcriptional manipulator of D-type cyclins and centromere proteins,https://www.ncbi.nlm.nih.gov/geo/query/acc.cgi?acc=GSE202401
GSE254649,LIHC,12,2024/02/10,CSTF2 is correlated with prognosis and progression in hepatocellular carcinoma,https://www.ncbi.nlm.nih.gov/geo/query/acc.cgi?acc=GSE254649
GSE238116,LIHC,12,2024/02/07,"Effect of depletion or overexpression of EGR1 on gene expression in HCC cells (deletion in MHCC97H cells, overexpression in PLC/PRF5 cells)",https://www.ncbi.nlm.nih.gov/geo/query/acc.cgi?acc=GSE238116
GSE255163,LIHC,30,2024/02/06,Th17 cells secrete TWEAK to trigger epithelial-mesenchymal transition and promote colorectal cancer liver metastasis (RNA-seq),https://www.ncbi.nlm.nih.gov/geo/query/acc.cgi?acc=GSE255163
GSE245909,LIHC,31,2024/02/04,Identification of TREM1+CD163+ myeloid cells as a deleterious immune subset in HCC,https://www.ncbi.nlm.nih.gov/geo/query/acc.cgi?acc=GSE245909
GSE245908,LIHC,2,2024/02/04,Identification of TREM1+CD163+ myeloid cells as a deleterious immune subset in HCC [Spatial Transcriptomics],https://www.ncbi.nlm.nih.gov/geo/query/acc.cgi?acc=GSE245908
GSE245906,LIHC,20,2024/02/04,Identification of TREM1+CD163+ myeloid cells as a deleterious immune subset in HCC [scRNA-seq],https://www.ncbi.nlm.nih.gov/geo/query/acc.cgi?acc=GSE245906
GSE245905,LIHC,9,2024/02/04,Identification of TREM1+CD163+ myeloid cells as a deleterious immune subset in HCC [bulk_RNA-seq],https://www.ncbi.nlm.nih.gov/geo/query/acc.cgi?acc=GSE245905
GSE254461,LIHC,57,2024/02/03,"Machine-learning model based on glycosyltransferase expression predicts multiple cancer types, subtypes and survival probability",https://www.ncbi.nlm.nih.gov/geo/query/acc.cgi?acc=GSE254461
GSE250086,LIHC,2,2024/02/03,Differential expressed genes in WT and SCRN1 KO HepG2 cells.,https://www.ncbi.nlm.nih.gov/geo/query/acc.cgi?acc=GSE250086
GSE248764,LIHC,2,2024/02/03,RNA seq data of sorafenib resistant HepG2 cells,https://www.ncbi.nlm.nih.gov/geo/query/acc.cgi?acc=GSE248764
GSE216667,LIHC,7,2024/02/01,Role of UPF1 in lncRNA-HEIH regulation for hepatocellular carcinoma therapy ,https://www.ncbi.nlm.nih.gov/geo/query/acc.cgi?acc=GSE216667
GSE249404,LIHC,6,2024/01/31,The function of  Oxytocin Receptor in the Tumorigenesis of Hepatocarcinoma,https://www.ncbi.nlm.nih.gov/geo/query/acc.cgi?acc=GSE249404
GSE186279,LIHC,9,2024/01/31,Understanding the impact of KDM4 inhibition on host cell processes,https://www.ncbi.nlm.nih.gov/geo/query/acc.cgi?acc=GSE186279
GSE224008,LIHC,4,2024/01/30,Effect of depletion of METTL16 on gene expression of Huh7 liver cancer cells [RNA-seq],https://www.ncbi.nlm.nih.gov/geo/query/acc.cgi?acc=GSE224008
GSE243936,LIHC,8,2024/01/26,P53-P21-RB pathway promotes BRD4 degradation in liver cancer through decreasing USP1 transcription,https://www.ncbi.nlm.nih.gov/geo/query/acc.cgi?acc=GSE243936
GSE234660,LIHC,2,2024/01/24,RORγ modulates the extracellular matrix to facilitate hepatocellular carcinoma growth and metastasis,https://www.ncbi.nlm.nih.gov/geo/query/acc.cgi?acc=GSE234660
GSE253741,LIHC,12,2024/01/23,Transcription factor ZNF263 enhances EGFR-targeted therapeutic response and reduces residual disease in lung adenocarcinoma [RNAseq],https://www.ncbi.nlm.nih.gov/geo/query/acc.cgi?acc=GSE253741
GSE249361,LIHC,22,2024/01/23,Single-cell transcriptomics reveals the role of antigen presentation in liver metastatic breast cancer,https://www.ncbi.nlm.nih.gov/geo/query/acc.cgi?acc=GSE249361
GSE253465,LIHC,8,2024/01/19,DNAJB1-PRKACA fusion protein-regulated LINC00473 promotes tumor growth and alters mitochondrial fitness in fibrolamellar carcinoma,https://www.ncbi.nlm.nih.gov/geo/query/acc.cgi?acc=GSE253465
GSE246981,LIHC,18,2024/01/19,Unraveling the dynamics of hepatitis C virus adaptive mutations and their impact on antiviral responses in primary human hepatocytes,https://www.ncbi.nlm.nih.gov/geo/query/acc.cgi?acc=GSE246981
GSE252988,LIHC,6,2024/01/17,Lefamulin targets ILF3 to overcome targeted therapy resistance in hepatocellular carcinoma,https://www.ncbi.nlm.nih.gov/geo/query/acc.cgi?acc=GSE252988
GSE221589,LIHC,27,2024/01/12,Human hepatocytes can give rise to intrahepatic cholangiocarcinomas,https://www.ncbi.nlm.nih.gov/geo/query/acc.cgi?acc=GSE221589
GSE252752,LIHC,22,2024/01/11,N6-methyladenosine reader YTHDF1 promotes stemness and therapeutic resistance in hepatocellular carcinoma by enhancing NOTCH1 expression,https://www.ncbi.nlm.nih.gov/geo/query/acc.cgi?acc=GSE252752
GSE222791,LIHC,10,2024/01/08,Synergistic immunochemotherapy exerts efficiently anti-hepatocellular carcinoma effect to induce SAMD4B-APOA2 axis for inhibition of tumor i,https://www.ncbi.nlm.nih.gov/geo/query/acc.cgi?acc=GSE222791
GSE223743,LIHC,12,2024/01/04,Ultra-low error synthetic long-read single-cell sequencing reveals expressions of hypermutation clusters of isoforms in human liver cancer c,https://www.ncbi.nlm.nih.gov/geo/query/acc.cgi?acc=GSE223743
GSE224425,LIHC,6,2024/01/03,Transcriptome analysis of FAK inhibitor in liver cancer cell lines,https://www.ncbi.nlm.nih.gov/geo/query/acc.cgi?acc=GSE224425
GSE240600,LIHC,8,2024/01/01,Identification and characterization of pathogenic ZNF687 variant in acute myeloid leukemia,https://www.ncbi.nlm.nih.gov/geo/query/acc.cgi?acc=GSE240600
GSE197831,LIHC,12,2024/01/01,TFAM loss induces nuclear actin assembly upon mDia2 malonylation to promote liver cancer metastasis,https://www.ncbi.nlm.nih.gov/geo/query/acc.cgi?acc=GSE197831
GSE197597,LIHC,6,2024/01/01,TFAM loss induces nuclear actin assembly upon mDia2 malonylation to promote liver cancer metastasis [RNA-Seq],https://www.ncbi.nlm.nih.gov/geo/query/acc.cgi?acc=GSE197597
GSE185169,LIHC,8,2024/01/01,Transcriptomic profiling of HepaRG cells with or without fat-loading,https://www.ncbi.nlm.nih.gov/geo/query/acc.cgi?acc=GSE185169
GSE243572,LIHC,53,2023/12/31,Differential T-cell and monocyte responses in hepatocellular carcinoma treated with regorafenib plus nivolumab: an integrated clinical and b,https://www.ncbi.nlm.nih.gov/geo/query/acc.cgi?acc=GSE243572
GSE229339,LIHC,8,2023/12/31,UBR7 an E3 ligase targets Sp110 via modulating IFN beta signalling in HBV-induced hepatic carcinoma,https://www.ncbi.nlm.nih.gov/geo/query/acc.cgi?acc=GSE229339
GSE216870,LIHC,6,2023/12/31,Effect of Saikosaponin A on hepatocellular carcinoma cells,https://www.ncbi.nlm.nih.gov/geo/query/acc.cgi?acc=GSE216870
GSE189935,LIHC,28,2023/12/31,The fibroblast-centered cellular crosstalk in HBV-positive liver cancer revealed by single cell sequencing,https://www.ncbi.nlm.nih.gov/geo/query/acc.cgi?acc=GSE189935
GSE220320,LIHC,36,2023/12/27,Chromosome 8p-engineering and CRISPR-Cas9 viability screening reveal increased  metastatic capacity of liver cancer cells targetable by pati,https://www.ncbi.nlm.nih.gov/geo/query/acc.cgi?acc=GSE220320
GSE220319,LIHC,24,2023/12/27,Chromosome 8p-engineering and CRISPR-Cas9 viability screening reveal increased  metastatic capacity of liver cancer cells targetable by pati,https://www.ncbi.nlm.nih.gov/geo/query/acc.cgi?acc=GSE220319
GSE220312,LIHC,12,2023/12/27,Chromosome 8p-engineering and CRISPR-Cas9 viability screening reveal increased  metastatic capacity of liver cancer cells targetable by pati,https://www.ncbi.nlm.nih.gov/geo/query/acc.cgi?acc=GSE220312
GSE251899,LIHC,6,2023/12/25,Comprehensive analysis of bioinformatics and system biology reveals the association between Girdin and hepatocellular carcinoma,https://www.ncbi.nlm.nih.gov/geo/query/acc.cgi?acc=GSE251899
GSE225919,LIHC,2,2023/12/25,RNA-seq of Snu-449 cells treated with Ezetimibe or control,https://www.ncbi.nlm.nih.gov/geo/query/acc.cgi?acc=GSE225919
GSE227106,LIHC,12,2023/12/24,Arginine reprograms metabolism in liver cancer via RBM39 [AA_overexpression/RBM39depletion],https://www.ncbi.nlm.nih.gov/geo/query/acc.cgi?acc=GSE227106
GSE231368,LIHC,6,2023/12/23,To investigate the effect of TMAO intervention on fatty liver cells in vitro and potential genetic changes,https://www.ncbi.nlm.nih.gov/geo/query/acc.cgi?acc=GSE231368
GSE229772,LIHC,31,2023/12/22,Lineage and ecology define liver tumor evolution in response to treatment,https://www.ncbi.nlm.nih.gov/geo/query/acc.cgi?acc=GSE229772
GSE248064,LIHC,8,2023/12/20,RFX6 facilitates aerobic glycolysis-mediated growth and metastasis of hepatocellular carcinoma through targeting PGAM1,https://www.ncbi.nlm.nih.gov/geo/query/acc.cgi?acc=GSE248064
GSE248062,LIHC,6,2023/12/20,RFX6 facilitates aerobic glycolysis-mediated growth and metastasis of hepatocellular carcinoma through targeting PGAM1 [RNA-Seq],https://www.ncbi.nlm.nih.gov/geo/query/acc.cgi?acc=GSE248062
GSE250059,LIHC,23,2023/12/19,Centrosomal Localization of DNAJ-PKAc Fusion Heightens PLK1 Inhibitor Sensitivity in Fibrolamellar Cancer,https://www.ncbi.nlm.nih.gov/geo/query/acc.cgi?acc=GSE250059
GSE163180,LIHC,6,2023/12/14,Transcriptomes Sequencing  of si-EIF4G2 and si-NC groups in Hep3B cells,https://www.ncbi.nlm.nih.gov/geo/query/acc.cgi?acc=GSE163180
GSE240109,LIHC,6,2023/12/11,cDCBLD2 mediates sorafenib resistance in hepatocellular carcinoma by sponging miR-345-5p binding to the TOP2A coding sequence,https://www.ncbi.nlm.nih.gov/geo/query/acc.cgi?acc=GSE240109
GSE248770,LIHC,6,2023/12/09,Genetic changes of Hep3B cells with acquired resistance to sorafenib after STIM1 knockout,https://www.ncbi.nlm.nih.gov/geo/query/acc.cgi?acc=GSE248770
GSE248769,LIHC,6,2023/12/09,Genetic changes of Hep3B cells after acquired resistance to sorafenib,https://www.ncbi.nlm.nih.gov/geo/query/acc.cgi?acc=GSE248769
GSE241526,LIHC,23,2023/12/08,Mitochondrial GpC and CpG DNA hypermethylation cause metabolic stress induced mitophagy and cholestophagy [RNA-seq],https://www.ncbi.nlm.nih.gov/geo/query/acc.cgi?acc=GSE241526
GSE240197,LIHC,14,2023/12/06,Effect of TP53 on gene expressions in human hepatocellular carcinoma cell lines,https://www.ncbi.nlm.nih.gov/geo/query/acc.cgi?acc=GSE240197
GSE215013,LIHC,18,2023/12/06,Tumor samples from HCC patients receiving Nivolumab; THP-1 cells under different stimulas.,https://www.ncbi.nlm.nih.gov/geo/query/acc.cgi?acc=GSE215013
GSE215011,LIHC,10,2023/12/06,Next Generation Sequencing Facilitates Quantitative Analysis of tumor samples from HCC patients receiving Nivolumab.,https://www.ncbi.nlm.nih.gov/geo/query/acc.cgi?acc=GSE215011
GSE248903,LIHC,9,2023/12/05,Sesamin alleviates lipid accumulation induced by oleic acid in HepG2 cells,https://www.ncbi.nlm.nih.gov/geo/query/acc.cgi?acc=GSE248903
GSE249240,LIHC,10,2023/12/04,Hepatitis D infection induces IFN-β-mediated NK cell activation and TRAIL-dependent cytotoxicity,https://www.ncbi.nlm.nih.gov/geo/query/acc.cgi?acc=GSE249240
GSE228711,LIHC,52,2023/12/01,Osmolar modulation drives reversible cell cycle exit and human pluripotent cell differentiation via NF-κВ and WNT signaling,https://www.ncbi.nlm.nih.gov/geo/query/acc.cgi?acc=GSE228711
GSE225537,LIHC,8,2023/12/01,Total RNAseq of HepG2 cells treated with Sorafenib,https://www.ncbi.nlm.nih.gov/geo/query/acc.cgi?acc=GSE225537
GSE220307,LIHC,4,2023/12/01,Tubuloside B (Tub B) inhibits migration of HCC cells by inhibiting Hippo-YAP pathway,https://www.ncbi.nlm.nih.gov/geo/query/acc.cgi?acc=GSE220307
GSE199092,LIHC,12,2023/12/01,RNA helicase DDX5 mediates adaptive response to multi-kinase inhibitors in liver cancer,https://www.ncbi.nlm.nih.gov/geo/query/acc.cgi?acc=GSE199092
GSE190631,LIHC,15,2023/12/01,RNA-Sequencing of HepG2 cells and rats treated with Chinese herbal medicine Pulsatilla Chinensis,https://www.ncbi.nlm.nih.gov/geo/query/acc.cgi?acc=GSE190631
GSE190628,LIHC,6,2023/12/01,RNA-Sequencing of HepG2 cells treated with Chinese herbal medicine Pulsatilla Chinensis,https://www.ncbi.nlm.nih.gov/geo/query/acc.cgi?acc=GSE190628
GSE248562,LIHC,25,2023/11/30,Environmental monobutyl phthalate exposure promotes liver cancer via reprogramming cholesterol metabolism and activation of the IRE1α-XBP1s ,https://www.ncbi.nlm.nih.gov/geo/query/acc.cgi?acc=GSE248562
GSE198946,LIHC,48,2023/11/30,Gene expression profile of HBV-positive hepatocellular carcinoma.,https://www.ncbi.nlm.nih.gov/geo/query/acc.cgi?acc=GSE198946
GSE245505,LIHC,9,2023/11/29,DNA methylation activated full-length EMX1 facilitates metastasis through EMX1-EGFR-ERK axis in hepatocellular carcinoma,https://www.ncbi.nlm.nih.gov/geo/query/acc.cgi?acc=GSE245505
GSE222477,LIHC,12,2023/11/29,N -acetyltransferase 10 Regulates Alphavirus Replication via the N4-acetylcytidine (ac4C) modiﬁcation of lymphocyte antigen six family membe,https://www.ncbi.nlm.nih.gov/geo/query/acc.cgi?acc=GSE222477
GSE242009,LIHC,2,2023/11/23,High-throughout sequencing of liver cancer cells treated Flavokawain C,https://www.ncbi.nlm.nih.gov/geo/query/acc.cgi?acc=GSE242009
GSE233441,LIHC,6,2023/11/21,Hepatitis B/C viruses manipulate TNNT1 expression to induce epithelial-mesenchymal transition and hepatocellular carcinogenesis,https://www.ncbi.nlm.nih.gov/geo/query/acc.cgi?acc=GSE233441
GSE236125,LIHC,24,2023/11/16,Smad4 sequestered in SFPQ condensates prevents TGF-β tumor-suppressive signaling ,https://www.ncbi.nlm.nih.gov/geo/query/acc.cgi?acc=GSE236125
GSE247728,LIHC,132,2023/11/15,ISGF3 and STAT2/IRF9 direct basal and IFN-induced transcription through genome-wide binding of phosphorylated and unphosphorylated complexes,https://www.ncbi.nlm.nih.gov/geo/query/acc.cgi?acc=GSE247728
GSE235202,LIHC,7,2023/11/15,EZH2 is a key component of Hepatoblastoma tumor cell growth,https://www.ncbi.nlm.nih.gov/geo/query/acc.cgi?acc=GSE235202
GSE202090,LIHC,39,2023/11/15,Mixed hepatocellular – cholangiocarcinoma derives from liver progenitor cells and depends on senescence and IL6 trans-signaling.,https://www.ncbi.nlm.nih.gov/geo/query/acc.cgi?acc=GSE202090
GSE201995,LIHC,36,2023/11/15,"Mixed hepatocellular – cholangiocarcinoma derives from liver progenitor cells and depends on senescence and IL6 trans-signaling, bulk RNA se",https://www.ncbi.nlm.nih.gov/geo/query/acc.cgi?acc=GSE201995
GSE228870,LIHC,42,2023/11/13,Effectors enabling adaptation to mitochondrial complex I loss in Hürthle cell carcinoma,https://www.ncbi.nlm.nih.gov/geo/query/acc.cgi?acc=GSE228870
GSE192760,LIHC,6,2023/11/06,Oncometabolite succinylacetone activates HIF-1α signaling and promotes angiogenesis in GSTZ1-deficient HCC,https://www.ncbi.nlm.nih.gov/geo/query/acc.cgi?acc=GSE192760
GSE226161,LIHC,89,2023/11/05,Profiling of RNA-binding protein binding sites by in-situ reverse transcription-based sequencing,https://www.ncbi.nlm.nih.gov/geo/query/acc.cgi?acc=GSE226161
GSE160939,LIHC,6,2023/11/01,LIM homeobox-2 suppresses hallmarks of adult and pediatric liver cancers by controlling MAPK/ERK and Wnt/beta-catenin pathways,https://www.ncbi.nlm.nih.gov/geo/query/acc.cgi?acc=GSE160939
GSE246378,LIHC,6,2023/10/30,Exhausted CD8+ T cells overexpress CCL5 during combination therapy to mediate resistance of hepatoma cells to lenvatinib: one situation may ,https://www.ncbi.nlm.nih.gov/geo/query/acc.cgi?acc=GSE246378
GSE245210,LIHC,12,2023/10/25,Subcellular refinement of RNA binding protein target interactions with colocalization CLIP [RNA-seq],https://www.ncbi.nlm.nih.gov/geo/query/acc.cgi?acc=GSE245210
GSE236919,LIHC,8,2023/10/24,Impact of the physical cellular microenvironment on the structure and function of a hepatocytes for drug toxicity applications,https://www.ncbi.nlm.nih.gov/geo/query/acc.cgi?acc=GSE236919
GSE228257,LIHC,4,2023/10/22,Effect of PF-429242 on gene expression in liver cancer cells,https://www.ncbi.nlm.nih.gov/geo/query/acc.cgi?acc=GSE228257
GSE236281,LIHC,12,2023/10/01,Comparative Transcriptome Analysis of Peripheral Blood Mononuclear Cells Across Clinical Cohorts of Hepatitis B Virus Induced Hepatocellular,https://www.ncbi.nlm.nih.gov/geo/query/acc.cgi?acc=GSE236281
GSE213892,LIHC,5,2023/09/30,Effect of Usp28 knockout and re-consitution of wildtype or monomeric Usp28 on gene expression in hepatocellular carcinoma cells,https://www.ncbi.nlm.nih.gov/geo/query/acc.cgi?acc=GSE213892
GSE174179,LIHC,6,2023/09/30,Differential expression profile and diagnostic value of plasma exosomal circular RNA in hepatocellular carcinoma,https://www.ncbi.nlm.nih.gov/geo/query/acc.cgi?acc=GSE174179
GSE214140,LIHC,3,2023/09/29,"The Second Generation of CAR-iMACs with Enhanced Polarization, CAR-mediated Efferocytosis and Superior Potency against Solid Tumors",https://www.ncbi.nlm.nih.gov/geo/query/acc.cgi?acc=GSE214140
GSE232263,LIHC,10,2023/09/28,USF1 modulates transcription and cellular functions by regulating multiple transcription factors in Huh7 cells.,https://www.ncbi.nlm.nih.gov/geo/query/acc.cgi?acc=GSE232263
GSE232261,LIHC,6,2023/09/28,USF1 modulates transcription and cellular functions by regulating multiple transcription factors in Huh7 cells [RNA-seq],https://www.ncbi.nlm.nih.gov/geo/query/acc.cgi?acc=GSE232261
GSE231559,LIHC,26,2023/09/25,Gene expression profile at single cell level from the colorectal cancer (CRC),https://www.ncbi.nlm.nih.gov/geo/query/acc.cgi?acc=GSE231559
GSE222853,LIHC,14,2023/09/21,Clinical significance of apurinic/apyrimidinic endodeoxyribonuclease 1 and microRNAs axis in hepatocellular carcinoma,https://www.ncbi.nlm.nih.gov/geo/query/acc.cgi?acc=GSE222853
GSE222852,LIHC,8,2023/09/21,Clinical significance of apurinic/apyrimidinic endodeoxyribonuclease 1 and microRNAs axis in hepatocellular carcinoma [RNA-Seq],https://www.ncbi.nlm.nih.gov/geo/query/acc.cgi?acc=GSE222852
GSE242151,LIHC,15,2023/09/18,Discovery of a long half-life AURKA inhibitor to treat MYC-amplified solid tumors as a monotherapy and in combination with everolimus,https://www.ncbi.nlm.nih.gov/geo/query/acc.cgi?acc=GSE242151
GSE243245,LIHC,123,2023/09/17,Crosstalk between myeloid and B cells shapes the distinct microenvironments of primary and secondary liver cancer,https://www.ncbi.nlm.nih.gov/geo/query/acc.cgi?acc=GSE243245
GSE223795,LIHC,32,2023/09/15,Molecular Dysregulation Underlying Racial Disparity in Hepatocellular Carcinoma (HCC),https://www.ncbi.nlm.nih.gov/geo/query/acc.cgi?acc=GSE223795
GSE234513,LIHC,12,2023/09/14,LIN28B promotes cell invasion and colorectal cancer metastasis via CLDN1 and NOTCH3,https://www.ncbi.nlm.nih.gov/geo/query/acc.cgi?acc=GSE234513
GSE214432,LIHC,45,2023/09/14,Transcriptome profile of hepatocellular carcinoma from non-alcoholic fatty liver.,https://www.ncbi.nlm.nih.gov/geo/query/acc.cgi?acc=GSE214432
GSE222207,LIHC,4,2023/09/13,G4-dependent DNA loops regulate gene expression [RNA-seq],https://www.ncbi.nlm.nih.gov/geo/query/acc.cgi?acc=GSE222207
GSE210803,LIHC,9,2023/09/13,NFE2L3 Drives Hepatocellular Carcinoma Proliferation via Regulating the Proteasome-Dependent Degradation of ISGylation p53 through interacti,https://www.ncbi.nlm.nih.gov/geo/query/acc.cgi?acc=GSE210803
GSE242889,LIHC,10,2023/09/12,Single-cell dissection of the multicellular ecosystem and molecular feature sunderlying microvascular invasion in hepatocellular carcinoma,https://www.ncbi.nlm.nih.gov/geo/query/acc.cgi?acc=GSE242889
GSE234647,LIHC,12,2023/09/01,Analysis of differential gene expression in Regorafenib resistant human HCC cells either expressing or lacking Axl,https://www.ncbi.nlm.nih.gov/geo/query/acc.cgi?acc=GSE234647
GSE226544,LIHC,6,2023/09/01,Transcriptome sequencing of the hnRNPA2B1 knockout Huh7 cell line,https://www.ncbi.nlm.nih.gov/geo/query/acc.cgi?acc=GSE226544
GSE220313,LIHC,16,2023/09/01,Gene expression profile and TCR sequencing data of CD45+ cells sorted from single cell suspensions of tumors after in vitro anti-CD3 stimula,https://www.ncbi.nlm.nih.gov/geo/query/acc.cgi?acc=GSE220313
GSE197092,LIHC,6,2023/09/01,RNAseq analysis of genes differentially expressed in SMMC7721 cells with SNRPE knockdown,https://www.ncbi.nlm.nih.gov/geo/query/acc.cgi?acc=GSE197092
GSE224980,LIHC,9,2023/08/30,Characterization of an in vitro steatosis model for modelling the activated de novo lipogenesis,https://www.ncbi.nlm.nih.gov/geo/query/acc.cgi?acc=GSE224980
GSE205301,LIHC,120,2023/08/30,Selective enrichment of plasma cell-free messenger RNA in cancer-associated extracellular vesicles,https://www.ncbi.nlm.nih.gov/geo/query/acc.cgi?acc=GSE205301
GSE237138,LIHC,6,2023/08/23,Sophoridine derivative 6j inhibits liver cancer cell proliferation via ATF3 mediated ferroptosis,https://www.ncbi.nlm.nih.gov/geo/query/acc.cgi?acc=GSE237138
GSE233808,LIHC,12,2023/08/23,RNA N6-methyladenosine methyltransferase METTL3 drives NAFLD-HCC and is a therapeutic target for boosting immunotherapy,https://www.ncbi.nlm.nih.gov/geo/query/acc.cgi?acc=GSE233808
GSE233806,LIHC,4,2023/08/23,RNA N6-methyladenosine methyltransferase METTL3 drives NAFLD-HCC and is a therapeutic target for boosting immunotherapy [RNA-Seq],https://www.ncbi.nlm.nih.gov/geo/query/acc.cgi?acc=GSE233806
GSE228282,LIHC,16,2023/08/21,The m6A reader YTHDF1 attenuates fulminant hepatitis via MFG-E8 translation in an m6A dependent manner,https://www.ncbi.nlm.nih.gov/geo/query/acc.cgi?acc=GSE228282
GSE228280,LIHC,4,2023/08/21,The m6A reader YTHDF1 attenuates fulminant hepatitis via MFG-E8 translation in an m6A dependent manner [RIP-seq],https://www.ncbi.nlm.nih.gov/geo/query/acc.cgi?acc=GSE228280
GSE228274,LIHC,4,2023/08/21,The m6A reader YTHDF1 attenuates fulminant hepatitis via MFG-E8 translation in an m6A dependent manner [RNA-seq],https://www.ncbi.nlm.nih.gov/geo/query/acc.cgi?acc=GSE228274
GSE241204,LIHC,6,2023/08/19,mRNA sequencing of ADH4 overexpression in HBV-associated hepatoma cell line HepG2.2.15,https://www.ncbi.nlm.nih.gov/geo/query/acc.cgi?acc=GSE241204
GSE240760,LIHC,4,2023/08/19,Upregulation of CYR61 by TGF-β and YAP signaling exerts a counter-suppression of hepatocellular carcinoma,https://www.ncbi.nlm.nih.gov/geo/query/acc.cgi?acc=GSE240760
GSE239394,LIHC,2,2023/08/16,Effects of Transcription factor IIB (TFIIB)‑related factor 2 (BRF2) on mRNA expression in hepatocellular carcinoma,https://www.ncbi.nlm.nih.gov/geo/query/acc.cgi?acc=GSE239394
GSE221053,LIHC,30,2023/08/11,Transposable elements as lineage-specific enhancers in endodermal-lineage cancers,https://www.ncbi.nlm.nih.gov/geo/query/acc.cgi?acc=GSE221053
GSE221050,LIHC,15,2023/08/11,Transposable elements as lineage-specific enhancers in endodermal-lineage cancers (RNA-Seq),https://www.ncbi.nlm.nih.gov/geo/query/acc.cgi?acc=GSE221050
GSE185844,LIHC,13,2023/08/11,Scavenger Receptor SCARB2 Drives Hepatic Carcinoma Initiation by Enhancing MYC Transcriptional Activity and Supporting Cancer Stem Cell Trai,https://www.ncbi.nlm.nih.gov/geo/query/acc.cgi?acc=GSE185844
GSE185839,LIHC,1,2023/08/11,Single-Cell RNA-Sequencing reveals cellular heterogeneity and traiectories of lineage specification of human primary HCC tumorspheres,https://www.ncbi.nlm.nih.gov/geo/query/acc.cgi?acc=GSE185839
GSE240451,LIHC,12,2023/08/09,Hepatitis B virus X protein contributes to hepatocellular carcinoma via upregulation of KIAA1429 methyltransferase and mRNA m6A hypermethyla,https://www.ncbi.nlm.nih.gov/geo/query/acc.cgi?acc=GSE240451
GSE240394,LIHC,8,2023/08/09,Hepatitis B virus X protein contributes to hepatocellular carcinoma via upregulation of KIAA1429 methyltransferase and mRNA m6A hypermethyla,https://www.ncbi.nlm.nih.gov/geo/query/acc.cgi?acc=GSE240394
GSE228578,LIHC,12,2023/08/09,Transcriptomics and proteomics analyses reveal the anti-cancer properties of extract from Hypnea musciformis macroalgea in liver and intesti,https://www.ncbi.nlm.nih.gov/geo/query/acc.cgi?acc=GSE228578
GSE223201,LIHC,15,2023/08/08,Lenvatinib recruits cytotoxic GZMK+CD8 T cells in hepatocellular carcinoma,https://www.ncbi.nlm.nih.gov/geo/query/acc.cgi?acc=GSE223201
GSE223073,LIHC,90,2023/08/08,Characterization of early transcriptomic changes associated with hepatitis B virus exposure in human and macaque immune cell populations,https://www.ncbi.nlm.nih.gov/geo/query/acc.cgi?acc=GSE223073
GSE210775,LIHC,73,2023/08/01,Cell-Free RNA Signature for Noninvasive Diagnosis of Hepatocellular Carcinoma Using MOF to Enrich Circulating Nucleic Acids,https://www.ncbi.nlm.nih.gov/geo/query/acc.cgi?acc=GSE210775
GSE208007,LIHC,12,2023/07/31,Communication between the HCCLM3 cells and LX2 cells in a 3D  tumor-on-a-chip,https://www.ncbi.nlm.nih.gov/geo/query/acc.cgi?acc=GSE208007
GSE238164,LIHC,6,2023/07/30,The effect of KIF11 knockdown on gene expression profile in HepG2 cells,https://www.ncbi.nlm.nih.gov/geo/query/acc.cgi?acc=GSE238164
GSE181096,LIHC,12,2023/07/28,Rescue of insulin receptor condensates in insulin resistant cells,https://www.ncbi.nlm.nih.gov/geo/query/acc.cgi?acc=GSE181096
GSE237978,LIHC,2,2023/07/25,Effect of siRNA depletion of SPRTN gene on gene expression in HepG2 cells,https://www.ncbi.nlm.nih.gov/geo/query/acc.cgi?acc=GSE237978
GSE155481,LIHC,2,2023/07/22,Single-Cell Map of Diverse Immune Phenotypes in Liver Microenvironment,https://www.ncbi.nlm.nih.gov/geo/query/acc.cgi?acc=GSE155481
GSE233817,LIHC,6,2023/07/18,Cathepsin V is correlated with the prognosis and tumor microenvironment in liver cancer,https://www.ncbi.nlm.nih.gov/geo/query/acc.cgi?acc=GSE233817
GSE236681,LIHC,4,2023/07/13,Targeting Metabolic Adaptations in the Breast Cancer–Liver Metastatic Niche Using Dietary Approaches to Improve Endocrine Therapy Efficacy,https://www.ncbi.nlm.nih.gov/geo/query/acc.cgi?acc=GSE236681
GSE236289,LIHC,28,2023/07/10,Cancer-associated fibroblast-like tumor cells remodel the Ewing sarcoma tumor microenvironment,https://www.ncbi.nlm.nih.gov/geo/query/acc.cgi?acc=GSE236289
GSE230666,LIHC,8,2023/07/10,RNA-seq for tumor associated macrophages in hepatocellular carcinoma,https://www.ncbi.nlm.nih.gov/geo/query/acc.cgi?acc=GSE230666
GSE226562,LIHC,25,2023/07/10,CD73 sorted cell RNA-sequencing and GeoMX sequencing,https://www.ncbi.nlm.nih.gov/geo/query/acc.cgi?acc=GSE226562
GSE236348,LIHC,6,2023/07/08,Tripartite motif 8 promotes hepatocellular carcinogenesis by mediating ubiquitination and degradation of hepatocyte nuclear factor 1α,https://www.ncbi.nlm.nih.gov/geo/query/acc.cgi?acc=GSE236348
GSE236338,LIHC,18,2023/07/06,Compare of differential expression profiles of PEDV-susceptible and non-susceptible cell lines at the transcriptome level to identify key mo,https://www.ncbi.nlm.nih.gov/geo/query/acc.cgi?acc=GSE236338
GSE201493,LIHC,5,2023/07/06,The LIFR-targeting drugs EC330/EC359 are potent inducers of ferroptosis,https://www.ncbi.nlm.nih.gov/geo/query/acc.cgi?acc=GSE201493
GSE236039,LIHC,12,2023/07/02,Effect of knock-down of circASH2 on gene expression in HCC cells,https://www.ncbi.nlm.nih.gov/geo/query/acc.cgi?acc=GSE236039
GSE218087,LIHC,12,2023/07/01,CCDC137 in HCC cells,https://www.ncbi.nlm.nih.gov/geo/query/acc.cgi?acc=GSE218087
GSE217914,LIHC,4,2023/07/01,RNA-seq of CCDC137-APOBEC1 expressing HCCLM3 cells [APOBEC1-seq],https://www.ncbi.nlm.nih.gov/geo/query/acc.cgi?acc=GSE217914
GSE217912,LIHC,4,2023/07/01,Effect of overexpression and depletion of CCDC137 on gene expression in hepatocellular carcinoma cells [RNA-seq],https://www.ncbi.nlm.nih.gov/geo/query/acc.cgi?acc=GSE217912
GSE169320,LIHC,15,2023/07/01,CD133+ Intercellsome Mediates Direct Cell-Cell Communication to Offset Intracellular Signaling Deficit,https://www.ncbi.nlm.nih.gov/geo/query/acc.cgi?acc=GSE169320
GSE154486,LIHC,4,2023/07/01,Transcriptome analysis of knockdown NUP210 in Huh7 hepatocyte-derived carcinoma cell line,https://www.ncbi.nlm.nih.gov/geo/query/acc.cgi?acc=GSE154486
GSE117823,LIHC,6,2023/07/01,Transcriptome Analysis of PLC/PRF/5 cells Infected with Adenovirus Overexpression SCL27A5,https://www.ncbi.nlm.nih.gov/geo/query/acc.cgi?acc=GSE117823
GSE233521,LIHC,2,2023/06/30,snoRNA-sequencing analysis of liver cancer stem cells from human samples,https://www.ncbi.nlm.nih.gov/geo/query/acc.cgi?acc=GSE233521
GSE233520,LIHC,2,2023/06/30,RNA-sequencing analysis of oncospheres from control and SNORD88B-deficient HCC cells,https://www.ncbi.nlm.nih.gov/geo/query/acc.cgi?acc=GSE233520
GSE207439,LIHC,8,2023/06/30,"Combination treatment of sodium pentaborate pentahydrate, curcumin and piperine on hepatocellular carcinoma cells",https://www.ncbi.nlm.nih.gov/geo/query/acc.cgi?acc=GSE207439
GSE235351,LIHC,15,2023/06/25,Mechanical Confinement Promotes Heat Resistance of Hepatocellular Carcinoma via SP1/IL4I1/AHR Axis,https://www.ncbi.nlm.nih.gov/geo/query/acc.cgi?acc=GSE235351
GSE152883,LIHC,4,2023/06/20,RNA editing using the flap endonuclease 1 guided by hairpin DNA probes,https://www.ncbi.nlm.nih.gov/geo/query/acc.cgi?acc=GSE152883
GSE235057,LIHC,29,2023/06/19,Crosstalk between myeloid and B cells shapes the distinct microenvironments of primary and secondary liver cancer,https://www.ncbi.nlm.nih.gov/geo/query/acc.cgi?acc=GSE235057
GSE206325,LIHC,510,2023/06/16,Intratumoral mregDC and Tfh-like niches enable local reinvigoration of CD8 T cells following PD-1 blockade,https://www.ncbi.nlm.nih.gov/geo/query/acc.cgi?acc=GSE206325
GSE205710,LIHC,4,2023/06/16,RBFOX2 recognizes N6-methyladenosine to suppress transcription and block myeloid differentiation [SAC-seq],https://www.ncbi.nlm.nih.gov/geo/query/acc.cgi?acc=GSE205710
GSE205709,LIHC,28,2023/06/16,RBFOX2 recognizes N6-methyladenosine to suppress transcription and block myeloid differentiation [MeRIP-seq],https://www.ncbi.nlm.nih.gov/geo/query/acc.cgi?acc=GSE205709
GSE232800,LIHC,2,2023/06/15,Comprehensive transcriptomic profiling of liver cancer identifies histone and PTEN are major regulators of scutellarein-induced anti-tumor a,https://www.ncbi.nlm.nih.gov/geo/query/acc.cgi?acc=GSE232800
GSE205714,LIHC,138,2023/06/15,RBFOX2 recognizes N6-methyladenosine to suppress transcription and block myeloid differentiation,https://www.ncbi.nlm.nih.gov/geo/query/acc.cgi?acc=GSE205714
GSE209935,LIHC,12,2023/06/13,Effect of depletion of UBL5 on gene expression in hepatocellular carcinoma cell lines HepG2 and Huh7,https://www.ncbi.nlm.nih.gov/geo/query/acc.cgi?acc=GSE209935
GSE220492,LIHC,2,2023/06/08,Transcriptome analysis of BT549 cells overexpressing SNHG15,https://www.ncbi.nlm.nih.gov/geo/query/acc.cgi?acc=GSE220492
GSE233405,LIHC,6,2023/05/30,Immunohistochemical scoring of LAG-3 in conjunction with CD8 in  the tumor microenvironment predicts response to immunotherapy in  hepatocel,https://www.ncbi.nlm.nih.gov/geo/query/acc.cgi?acc=GSE233405
GSE233148,LIHC,22,2023/05/27,DNAJB1-PRKACA fusion protein-regulated LINC00473 promotes tumor growth and  alters mitochondrial fitness in fibrolamellar carcinoma,https://www.ncbi.nlm.nih.gov/geo/query/acc.cgi?acc=GSE233148
GSE204898,LIHC,6,2023/05/26,SMS2 suppresses hepatocellular carcinogenesis by impairing p85/p110 interaction,https://www.ncbi.nlm.nih.gov/geo/query/acc.cgi?acc=GSE204898
GSE233422,LIHC,26,2023/05/25,Transcriptome analysis of hepatocellular carcinoma and adacent non-tumor liver tissues,https://www.ncbi.nlm.nih.gov/geo/query/acc.cgi?acc=GSE233422
GSE227449,LIHC,6,2023/05/24,RNA-Seq in HepG2-shNC and HepG2-shLINC01977 cells,https://www.ncbi.nlm.nih.gov/geo/query/acc.cgi?acc=GSE227449
GSE203232,LIHC,7,2023/05/23,ACK1/TNK2 Epigenetically Regulates Cell Cycle Program to Promote Breast Cancer Resistance to CDK4/6 inhibitor,https://www.ncbi.nlm.nih.gov/geo/query/acc.cgi?acc=GSE203232
GSE203231,LIHC,4,2023/05/23,ACK1/TNK2 Epigenetically Regulates Cell Cycle Program to Promote Breast Cancer Resistance to CDK4/6 inhibitor (RNA-Seq),https://www.ncbi.nlm.nih.gov/geo/query/acc.cgi?acc=GSE203231
GSE183703,LIHC,5,2023/05/19,ENO1 promotes liver carcinogenesis through YAP1-dependent arachidonic acid metabolism,https://www.ncbi.nlm.nih.gov/geo/query/acc.cgi?acc=GSE183703
GSE216728,LIHC,6,2023/05/17,Effect of depletion of RAD51 on gene expression in Huh7 cells,https://www.ncbi.nlm.nih.gov/geo/query/acc.cgi?acc=GSE216728
GSE232354,LIHC,9,2023/05/13,Effect of degradation of IGFRIL/PTBP1 in HepG2 cells,https://www.ncbi.nlm.nih.gov/geo/query/acc.cgi?acc=GSE232354
GSE232353,LIHC,8,2023/05/13,Effect of depletion of IGFRIL in HepG2 cells,https://www.ncbi.nlm.nih.gov/geo/query/acc.cgi?acc=GSE232353
GSE150489,LIHC,6,2023/05/13,METTL3 regulated genes in HCC cell,https://www.ncbi.nlm.nih.gov/geo/query/acc.cgi?acc=GSE150489
GSE150260,LIHC,6,2023/05/10,FTO regulated genes in Hepatocellular Carcinoma,https://www.ncbi.nlm.nih.gov/geo/query/acc.cgi?acc=GSE150260
GSE222668,LIHC,208,2023/05/04,"Time-dependent recruitment of GAF, ISGF3 and IRF1 complexes to GAS, ISRE and composite genes shapes IFNa and IFNg activated transcriptional ",https://www.ncbi.nlm.nih.gov/geo/query/acc.cgi?acc=GSE222668
GSE221804,LIHC,126,2023/05/04,"Time-dependent recruitment of GAF, ISGF3 and IRF1 complexes to GAS, ISRE and composite genes shapes IFNa and IFNg activated transcriptional ",https://www.ncbi.nlm.nih.gov/geo/query/acc.cgi?acc=GSE221804
GSE189941,LIHC,9,2023/05/03,KDM4C silencing inhibits cell migration and enhances radiosensitivity by upregulating CXCL2 in hepatocellular carcinoma,https://www.ncbi.nlm.nih.gov/geo/query/acc.cgi?acc=GSE189941
GSE183899,LIHC,46,2023/05/02,Systematic comparison of experimental and human obstructive cholestasis reveals conservation of canonical pathway activation and biomarkers ,https://www.ncbi.nlm.nih.gov/geo/query/acc.cgi?acc=GSE183899
GSE183754,LIHC,10,2023/05/02,Systematic comparison of experimental and human obstructive cholestasis reveals conservation of canonical pathway activation and biomarkers ,https://www.ncbi.nlm.nih.gov/geo/query/acc.cgi?acc=GSE183754
GSE202069,LIHC,66,2023/05/01,RNA-seq data for tumor and adjacent non-tumor tissues from hepatocellular carcinoma patients with anti-PD-1 therapy,https://www.ncbi.nlm.nih.gov/geo/query/acc.cgi?acc=GSE202069
GSE230611,LIHC,71,2023/04/30,The KEAP1-NRF2 pathway regulates TFEB/TFE3-dependent lysosomal biogenesis,https://www.ncbi.nlm.nih.gov/geo/query/acc.cgi?acc=GSE230611
GSE230609,LIHC,24,2023/04/30,The KEAP1-NRF2 pathway regulates TFEB/TFE3-dependent lysosomal biogenesis [RNA-seq: HepG2 cells sitfebtfe3],https://www.ncbi.nlm.nih.gov/geo/query/acc.cgi?acc=GSE230609
GSE230608,LIHC,9,2023/04/30,The KEAP1-NRF2 pathway regulates TFEB/TFE3-dependent lysosomal biogenesis [RNA-seq: HepG2 cells KeapKO],https://www.ncbi.nlm.nih.gov/geo/query/acc.cgi?acc=GSE230608
GSE222334,LIHC,100,2023/04/26,Modeling cross-talk of RNA modification enzymes reveals tumor microenvironment associated clinical significance and immunotherapy prediction,https://www.ncbi.nlm.nih.gov/geo/query/acc.cgi?acc=GSE222334
GSE230174,LIHC,6,2023/04/25,The effect of diacylglycerol lipase alpha (DAGLA) on mRNA expression in hepatocellular carcinoma,https://www.ncbi.nlm.nih.gov/geo/query/acc.cgi?acc=GSE230174
GSE229650,LIHC,44,2023/04/21,Systematic elucidation of genetic mechanisms underlying cholesterol uptake,https://www.ncbi.nlm.nih.gov/geo/query/acc.cgi?acc=GSE229650
GSE229731,LIHC,12,2023/04/20,Effect of Gas6/Axl on HCC cell line gene expression,https://www.ncbi.nlm.nih.gov/geo/query/acc.cgi?acc=GSE229731
GSE224411,LIHC,4,2023/04/19,Uncovering the spatial landscape of molecular interactions within the tumor microenvironment through latent spaces,https://www.ncbi.nlm.nih.gov/geo/query/acc.cgi?acc=GSE224411
GSE229400,LIHC,3,2023/04/18,Proteomics of immune cells from liver tumors reveals immunotherapy targets [tumor],https://www.ncbi.nlm.nih.gov/geo/query/acc.cgi?acc=GSE229400
GSE228571,LIHC,9,2023/04/18,Proteomics of immune cells from liver tumors reveals immunotherapy targets,https://www.ncbi.nlm.nih.gov/geo/query/acc.cgi?acc=GSE228571
GSE229205,LIHC,6,2023/04/11,LAPTM4B-YAP loop feedback amplification enhances the stemness of hepatocellular carcinoma,https://www.ncbi.nlm.nih.gov/geo/query/acc.cgi?acc=GSE229205
GSE215384,LIHC,14,2023/04/06,Estrogen receptor alpha targeting in liver cancer and breast cancer,https://www.ncbi.nlm.nih.gov/geo/query/acc.cgi?acc=GSE215384
GSE199168,LIHC,9,2023/04/06,CXCR4 DRIVES HEPATOCYTE REPROGRAMMING IN ALCOHOL-RELATED LIVER DISEASE,https://www.ncbi.nlm.nih.gov/geo/query/acc.cgi?acc=GSE199168
GSE227335,LIHC,40,2023/04/02,Transcriptome analysis in tumor budding positive hepatocellular carcinoma tissue samples relative to tumor budding negative hepatocellular c,https://www.ncbi.nlm.nih.gov/geo/query/acc.cgi?acc=GSE227335
GSE217403,LIHC,17,2023/04/02,The RNA-seq of HCC specimens and the RIP-seq of HNRNPD in PLC cells and WT (DMSO or Compound C) and circLARP1B-Def (DMSO) PLC/PRF/5 cells,https://www.ncbi.nlm.nih.gov/geo/query/acc.cgi?acc=GSE217403
GSE216464,LIHC,41,2023/03/28,Single-cell multi-scale footprinting reveals the modular organization of DNA regulatory elements,https://www.ncbi.nlm.nih.gov/geo/query/acc.cgi?acc=GSE216464
GSE228205,LIHC,8,2023/03/26,Effect of endovascular treatment on gene expression in patients with Budd-Chiari syndrome,https://www.ncbi.nlm.nih.gov/geo/query/acc.cgi?acc=GSE228205
GSE221793,LIHC,24,2023/03/22,ALYREF Mediates RNA m5C Modification to Promote Hepatocellular Carcinoma Progression,https://www.ncbi.nlm.nih.gov/geo/query/acc.cgi?acc=GSE221793
GSE188533,LIHC,4,2023/03/22,Isoginkgetin induces autophagic cell death in hepatocellular carcinoma [RNA-Seq],https://www.ncbi.nlm.nih.gov/geo/query/acc.cgi?acc=GSE188533
GSE207723,LIHC,12,2023/03/15,YAP/TAZ-dependent expression of lncRNAs [A549],https://www.ncbi.nlm.nih.gov/geo/query/acc.cgi?acc=GSE207723
GSE207722,LIHC,12,2023/03/15,YAP/TAZ-dependent expression of lncRNAs [HLF],https://www.ncbi.nlm.nih.gov/geo/query/acc.cgi?acc=GSE207722
GSE202642,LIHC,11,2023/03/13,Single-cell RNA sequencing shows the heterogeneity of cancer-associated fibroblast in HBV-related hepatocellular carcinoma,https://www.ncbi.nlm.nih.gov/geo/query/acc.cgi?acc=GSE202642
GSE185866,LIHC,6,2023/03/12,PAIP1 promote the progress of liver cancer via regulating expression of immune and inflammatory response associated genes,https://www.ncbi.nlm.nih.gov/geo/query/acc.cgi?acc=GSE185866
GSE220446,LIHC,13,2023/03/09,Tumor-derived extracellular vesicles and particles systemically promote Kupffer cell-induced fatty liver disease and drug-metabolizing dysre,https://www.ncbi.nlm.nih.gov/geo/query/acc.cgi?acc=GSE220446
GSE226253,LIHC,10,2023/03/06,mitochondria-encoded circRNA in Hepatocellular Carcinoma,https://www.ncbi.nlm.nih.gov/geo/query/acc.cgi?acc=GSE226253
GSE225716,LIHC,121,2023/03/03,A nucleosome switch primes Hepatitis B Virus infection,https://www.ncbi.nlm.nih.gov/geo/query/acc.cgi?acc=GSE225716
GSE225714,LIHC,15,2023/03/03,A nucleosome switch primes Hepatitis B Virus infection [RNA-Seq],https://www.ncbi.nlm.nih.gov/geo/query/acc.cgi?acc=GSE225714
GSE215307,LIHC,375,2023/03/01,Cancer-Associated Fibroblasts are the Main Source of Epithelial-to-Mesenchymal Signaling in the Tumor Microenvironment,https://www.ncbi.nlm.nih.gov/geo/query/acc.cgi?acc=GSE215307
GSE206417,LIHC,16,2023/03/01,Integrated Gut/Liver-on-a-Chip platform as in vitro human model of non-alcoholic fatty liver disease,https://www.ncbi.nlm.nih.gov/geo/query/acc.cgi?acc=GSE206417
GSE152091,LIHC,23,2023/03/01,Integrated Gut/Liver-on-a-Chip platform as in vitro human model of non-alcoholic fatty liver disease,https://www.ncbi.nlm.nih.gov/geo/query/acc.cgi?acc=GSE152091
GSE206504,LIHC,2,2023/02/28,Identify mRNAs binding with IGF2BP1 in PLC-8024 cells [RIP-seq],https://www.ncbi.nlm.nih.gov/geo/query/acc.cgi?acc=GSE206504
GSE206502,LIHC,9,2023/02/28,Effect of depletion of PRMT3 and IGF2BP1 on gene expression in PLC-8024 cells [PRMT3 IGF2BP1 KD RNA-seq],https://www.ncbi.nlm.nih.gov/geo/query/acc.cgi?acc=GSE206502
GSE206501,LIHC,6,2023/02/28,Differentially expressed genes between oxaliplatin-resistant and oxaliplatin-non-resistant patient samples [Clinical samples-RNA-seq],https://www.ncbi.nlm.nih.gov/geo/query/acc.cgi?acc=GSE206501
GSE146719,LIHC,12,2023/02/28,Transcriptome analysis in hepatocellular carcinoma (HCC) tissues,https://www.ncbi.nlm.nih.gov/geo/query/acc.cgi?acc=GSE146719
GSE185139,LIHC,12,2023/02/27,Ginsenoside Rg3 Reduces the Toxicity of Graphene Oxide Used for pH-Responsive Delivery of Doxorubicin to Liver and Breast Cancer Cells,https://www.ncbi.nlm.nih.gov/geo/query/acc.cgi?acc=GSE185139
GSE224901,LIHC,21,2023/02/26,Sera of individuals chronically infected with hepatitis B virus (HBV) contain diverse RNA types produced by HBV replication or derived from ,https://www.ncbi.nlm.nih.gov/geo/query/acc.cgi?acc=GSE224901
GSE182593,LIHC,24,2023/02/22,Establishment of Primary Liver Cancer Organoids and Application on Sorafenib Resistance,https://www.ncbi.nlm.nih.gov/geo/query/acc.cgi?acc=GSE182593
GSE169391,LIHC,104,2023/02/22,Circular RNAs inhibited the growth and the recurrence of hepatocellular carcinoma,https://www.ncbi.nlm.nih.gov/geo/query/acc.cgi?acc=GSE169391
GSE169289,LIHC,34,2023/02/22,Transcriptome sequencing data of tumors and paired adjacent tissues from HCC patients,https://www.ncbi.nlm.nih.gov/geo/query/acc.cgi?acc=GSE169289
GSE225329,LIHC,9,2023/02/20,The effect of K458R mutation of HNF4A on HCC,https://www.ncbi.nlm.nih.gov/geo/query/acc.cgi?acc=GSE225329
GSE145448,LIHC,9,2023/02/18,Nucleotide variation in histone H2BL promotes cell proliferation by upregulating c-Myc,https://www.ncbi.nlm.nih.gov/geo/query/acc.cgi?acc=GSE145448
GSE201311,LIHC,2,2023/02/15,Substrates of PRSS35 in PLC cells,https://www.ncbi.nlm.nih.gov/geo/query/acc.cgi?acc=GSE201311
GSE220670,LIHC,5,2023/02/01,Clinical application of autologous tumor infiltrating lymphocytes combined with anti-PD-1 antibody in the treatment of advanced hepatocellul,https://www.ncbi.nlm.nih.gov/geo/query/acc.cgi?acc=GSE220670
GSE195952,LIHC,60,2023/01/31,Metabolic subtyping based on dynamic network biomarker reveals potential therapeutic targets in hepatocellular carcinoma,https://www.ncbi.nlm.nih.gov/geo/query/acc.cgi?acc=GSE195952
GSE186027,LIHC,4,2023/01/31,A Developmentally Prometastatic Niche in Neonatal Liver to Hepatoblastoma mediated by Cxcl1/Cxcr2 Axis,https://www.ncbi.nlm.nih.gov/geo/query/acc.cgi?acc=GSE186027
GSE168791,LIHC,24,2023/01/24,Liver lineage confers sensitivity of cancer cells to sulfonation-dependent alkylators,https://www.ncbi.nlm.nih.gov/geo/query/acc.cgi?acc=GSE168791
GSE217810,LIHC,12,2023/01/23,"MHCC97H, HEP3B AND Huh7 UT, AZD8055 or AZD8055 + Compound #57",https://www.ncbi.nlm.nih.gov/geo/query/acc.cgi?acc=GSE217810
GSE194251,LIHC,6,2023/01/21,RNAseq analysis of Hep3B cells upon overexpression of LINE1 retrotransposon encoded protein L1orf1p,https://www.ncbi.nlm.nih.gov/geo/query/acc.cgi?acc=GSE194251
GSE207912,LIHC,10,2023/01/12,Long-Term Cell Fate and Functional Maintenance of Human Hepatocyte through Stepwise Culture Configuration,https://www.ncbi.nlm.nih.gov/geo/query/acc.cgi?acc=GSE207912
GSE206549,LIHC,13,2023/01/12,Superenhancer-driven lncRNA FASRL in hepatocellular carcinoma,https://www.ncbi.nlm.nih.gov/geo/query/acc.cgi?acc=GSE206549
GSE206548,LIHC,12,2023/01/12,Superenhancer-driven lncRNA FASRL in hepatocellular carcinoma [RNA-seq],https://www.ncbi.nlm.nih.gov/geo/query/acc.cgi?acc=GSE206548
GSE222402,LIHC,6,2023/01/11,Downregulation of CYR61 promotes hepatocellular carcinoma progression by ameliorating the protumor functions of TGF-β/YAP and impeding the a,https://www.ncbi.nlm.nih.gov/geo/query/acc.cgi?acc=GSE222402
GSE218902,LIHC,420,2023/01/11,Transcriptional profiling efficacy to define biological activity similarity for cosmetic ingredients’ safety assessment based on next genera,https://www.ncbi.nlm.nih.gov/geo/query/acc.cgi?acc=GSE218902
GSE209759,LIHC,6,2023/01/11,Effect of NEAT1 modulation on antiviral immune response,https://www.ncbi.nlm.nih.gov/geo/query/acc.cgi?acc=GSE209759
GSE222282,LIHC,40,2023/01/09,Chromatin-associated OGT promotes hepatocellular carcinoma malignancy via activating ZNF263.,https://www.ncbi.nlm.nih.gov/geo/query/acc.cgi?acc=GSE222282
GSE222281,LIHC,8,2023/01/09,Chromatin-associated OGT promotes hepatocellular carcinoma malignancy via activating ZNF263 [RNA-seq],https://www.ncbi.nlm.nih.gov/geo/query/acc.cgi?acc=GSE222281
GSE203329,LIHC,12,2023/01/06,Gene expression profiles of  METTL5-Wild type(WT) knockout(KO) in HCC cells,https://www.ncbi.nlm.nih.gov/geo/query/acc.cgi?acc=GSE203329
GSE164359,LIHC,47,2023/01/06,Integrated multiomic analysis reveals comprehensive tumor heterogeneity in primary and recurrent hepatocellular carcinomas,https://www.ncbi.nlm.nih.gov/geo/query/acc.cgi?acc=GSE164359
GSE215263,LIHC,6,2023/01/01,A CRISPR/Cas9 library screening identified CARM1 as a critical inhibitor for Sorafenib-induced ferroptosis in hepatocellular carcinoma cells,https://www.ncbi.nlm.nih.gov/geo/query/acc.cgi?acc=GSE215263
GSE207303,LIHC,30,2023/01/01,HepG2 HepAD38 TP53BP2-knockdown,https://www.ncbi.nlm.nih.gov/geo/query/acc.cgi?acc=GSE207303
GSE207302,LIHC,18,2023/01/01,HepG2 TP53BP2-knockdown,https://www.ncbi.nlm.nih.gov/geo/query/acc.cgi?acc=GSE207302
GSE207301,LIHC,12,2023/01/01,HepAD38 TP53BP2-knockdown,https://www.ncbi.nlm.nih.gov/geo/query/acc.cgi?acc=GSE207301
GSE193329,LIHC,8,2023/01/01,Next Generation Sequencing Facilitates Quantitative Analysis of shPLKO- and shPSPH-Cancer Cell Transcriptomes,https://www.ncbi.nlm.nih.gov/geo/query/acc.cgi?acc=GSE193329
GSE193382,LIHC,6,2022/12/31,Role of CCN3 on Hs578T triple negative breast cancer cell line,https://www.ncbi.nlm.nih.gov/geo/query/acc.cgi?acc=GSE193382
GSE164121,LIHC,81,2022/12/31,Gene exprssion profile of hepatocellular carcinoma in the radiogenomic analysis,https://www.ncbi.nlm.nih.gov/geo/query/acc.cgi?acc=GSE164121
GSE156510,LIHC,6,2022/12/31,"Next Generation Sequencing Facilitates Quantitative Analysis of Wild Type HCC cells with or without RNase7 treatment, and FIG-ROS1 Fusion Tr",https://www.ncbi.nlm.nih.gov/geo/query/acc.cgi?acc=GSE156510
GSE199143,LIHC,10,2022/12/28,RNA-seq and ChIP-seq in HepG2 hepatocellular carcinoma and U87 glioblastoma cells with CRISPRi knockdown of ACTR5,https://www.ncbi.nlm.nih.gov/geo/query/acc.cgi?acc=GSE199143
GSE192912,LIHC,19,2022/12/24,Cancer-associated Fibroblast-derived SPP1 is a Potential Target for Overcoming Sorafenib and Lenvatinib Resistance in Hepatocellular Carcino,https://www.ncbi.nlm.nih.gov/geo/query/acc.cgi?acc=GSE192912
GSE217680,LIHC,12,2022/12/12,"Multiplex profiling of developmental enhancers with quantitative, single-cell expression reporters [bulkMPRA_promoters_cell_lines]",https://www.ncbi.nlm.nih.gov/geo/query/acc.cgi?acc=GSE217680
GSE217690,LIHC,368,2022/12/11,"Multiplex profiling of developmental enhancers with quantitative, single-cell expression reporters",https://www.ncbi.nlm.nih.gov/geo/query/acc.cgi?acc=GSE217690
GSE209863,LIHC,6,2022/12/08,Heat Shock Protein Family A Member 1 Promotes Intracellular Amplification of Hepatitis B Virus Covalently Closed Circular DNA,https://www.ncbi.nlm.nih.gov/geo/query/acc.cgi?acc=GSE209863
GSE220018,LIHC,2,2022/12/04,long read RNA-seq from HepG2 (ENCSR724HQB),https://www.ncbi.nlm.nih.gov/geo/query/acc.cgi?acc=GSE220018
GSE220010,LIHC,2,2022/12/04,CRISPR RNA-seq from HepG2 (ENCSR297ONN),https://www.ncbi.nlm.nih.gov/geo/query/acc.cgi?acc=GSE220010
GSE220004,LIHC,2,2022/12/04,CRISPR RNA-seq from HepG2 (ENCSR293VAR),https://www.ncbi.nlm.nih.gov/geo/query/acc.cgi?acc=GSE220004
GSE220000,LIHC,2,2022/12/04,CRISPR RNA-seq from HepG2 (ENCSR706QGC),https://www.ncbi.nlm.nih.gov/geo/query/acc.cgi?acc=GSE220000
GSE219993,LIHC,2,2022/12/04,CRISPR RNA-seq from HepG2 (ENCSR703FPC),https://www.ncbi.nlm.nih.gov/geo/query/acc.cgi?acc=GSE219993
GSE219967,LIHC,2,2022/12/04,CRISPR RNA-seq from HepG2 (ENCSR994NGU),https://www.ncbi.nlm.nih.gov/geo/query/acc.cgi?acc=GSE219967
GSE219966,LIHC,2,2022/12/04,CRISPR RNA-seq from HepG2 (ENCSR992YRL),https://www.ncbi.nlm.nih.gov/geo/query/acc.cgi?acc=GSE219966
GSE219960,LIHC,2,2022/12/04,CRISPR RNA-seq from HepG2 (ENCSR981TQN),https://www.ncbi.nlm.nih.gov/geo/query/acc.cgi?acc=GSE219960
GSE219958,LIHC,2,2022/12/04,CRISPR RNA-seq from HepG2 (ENCSR974KDR),https://www.ncbi.nlm.nih.gov/geo/query/acc.cgi?acc=GSE219958
GSE219944,LIHC,2,2022/12/04,CRISPR RNA-seq from HepG2 (ENCSR958OFR),https://www.ncbi.nlm.nih.gov/geo/query/acc.cgi?acc=GSE219944
GSE219941,LIHC,2,2022/12/04,CRISPR RNA-seq from HepG2 (ENCSR954VJD),https://www.ncbi.nlm.nih.gov/geo/query/acc.cgi?acc=GSE219941
GSE219940,LIHC,2,2022/12/04,CRISPR RNA-seq from HepG2 (ENCSR953VMB),https://www.ncbi.nlm.nih.gov/geo/query/acc.cgi?acc=GSE219940
GSE219930,LIHC,2,2022/12/04,CRISPR RNA-seq from HepG2 (ENCSR944KLG),https://www.ncbi.nlm.nih.gov/geo/query/acc.cgi?acc=GSE219930
GSE219916,LIHC,2,2022/12/04,CRISPR RNA-seq from HepG2 (ENCSR925POR),https://www.ncbi.nlm.nih.gov/geo/query/acc.cgi?acc=GSE219916
GSE219914,LIHC,2,2022/12/04,CRISPR RNA-seq from HepG2 (ENCSR924AVW),https://www.ncbi.nlm.nih.gov/geo/query/acc.cgi?acc=GSE219914
GSE219912,LIHC,2,2022/12/04,CRISPR RNA-seq from HepG2 (ENCSR921IQU),https://www.ncbi.nlm.nih.gov/geo/query/acc.cgi?acc=GSE219912
GSE219909,LIHC,2,2022/12/04,CRISPR RNA-seq from HepG2 (ENCSR918MUU),https://www.ncbi.nlm.nih.gov/geo/query/acc.cgi?acc=GSE219909
GSE219901,LIHC,2,2022/12/04,CRISPR RNA-seq from HepG2 (ENCSR911CLD),https://www.ncbi.nlm.nih.gov/geo/query/acc.cgi?acc=GSE219901
GSE219885,LIHC,2,2022/12/04,CRISPR RNA-seq from HepG2 (ENCSR892ZGW),https://www.ncbi.nlm.nih.gov/geo/query/acc.cgi?acc=GSE219885
GSE219874,LIHC,2,2022/12/04,CRISPR RNA-seq from HepG2 (ENCSR462MFN),https://www.ncbi.nlm.nih.gov/geo/query/acc.cgi?acc=GSE219874
GSE219872,LIHC,2,2022/12/04,CRISPR RNA-seq from HepG2 (ENCSR878TRK),https://www.ncbi.nlm.nih.gov/geo/query/acc.cgi?acc=GSE219872
GSE219862,LIHC,2,2022/12/04,CRISPR RNA-seq from HepG2 (ENCSR875UMY),https://www.ncbi.nlm.nih.gov/geo/query/acc.cgi?acc=GSE219862
GSE219856,LIHC,2,2022/12/04,CRISPR RNA-seq from HepG2 (ENCSR452TFV),https://www.ncbi.nlm.nih.gov/geo/query/acc.cgi?acc=GSE219856
GSE219826,LIHC,2,2022/12/04,CRISPR RNA-seq from HepG2 (ENCSR435YKS),https://www.ncbi.nlm.nih.gov/geo/query/acc.cgi?acc=GSE219826
GSE219821,LIHC,2,2022/12/04,CRISPR RNA-seq from HepG2 (ENCSR840HSL),https://www.ncbi.nlm.nih.gov/geo/query/acc.cgi?acc=GSE219821
GSE219810,LIHC,2,2022/12/04,CRISPR RNA-seq from HepG2 (ENCSR828XJV),https://www.ncbi.nlm.nih.gov/geo/query/acc.cgi?acc=GSE219810
GSE219797,LIHC,2,2022/12/04,CRISPR RNA-seq from HepG2 (ENCSR402BZZ),https://www.ncbi.nlm.nih.gov/geo/query/acc.cgi?acc=GSE219797
GSE219741,LIHC,2,2022/12/04,CRISPR RNA-seq from HepG2 (ENCSR363NMO),https://www.ncbi.nlm.nih.gov/geo/query/acc.cgi?acc=GSE219741
GSE219740,LIHC,2,2022/12/04,CRISPR RNA-seq from HepG2 (ENCSR785SZL),https://www.ncbi.nlm.nih.gov/geo/query/acc.cgi?acc=GSE219740
GSE219729,LIHC,2,2022/12/04,CRISPR RNA-seq from HepG2 (ENCSR780UNO),https://www.ncbi.nlm.nih.gov/geo/query/acc.cgi?acc=GSE219729
GSE219720,LIHC,2,2022/12/04,CRISPR RNA-seq from HepG2 (ENCSR340ZLQ),https://www.ncbi.nlm.nih.gov/geo/query/acc.cgi?acc=GSE219720
GSE219714,LIHC,2,2022/12/04,CRISPR RNA-seq from HepG2 (ENCSR339XFB),https://www.ncbi.nlm.nih.gov/geo/query/acc.cgi?acc=GSE219714
GSE219706,LIHC,2,2022/12/04,CRISPR RNA-seq from HepG2 (ENCSR333JNM),https://www.ncbi.nlm.nih.gov/geo/query/acc.cgi?acc=GSE219706
GSE219704,LIHC,2,2022/12/04,CRISPR RNA-seq from HepG2 (ENCSR755DOV),https://www.ncbi.nlm.nih.gov/geo/query/acc.cgi?acc=GSE219704
GSE219699,LIHC,2,2022/12/04,CRISPR RNA-seq from HepG2 (ENCSR330VES),https://www.ncbi.nlm.nih.gov/geo/query/acc.cgi?acc=GSE219699
GSE219698,LIHC,2,2022/12/04,CRISPR RNA-seq from HepG2 (ENCSR747MHD),https://www.ncbi.nlm.nih.gov/geo/query/acc.cgi?acc=GSE219698
GSE219695,LIHC,2,2022/12/04,CRISPR RNA-seq from HepG2 (ENCSR745KNE),https://www.ncbi.nlm.nih.gov/geo/query/acc.cgi?acc=GSE219695
GSE219690,LIHC,2,2022/12/04,CRISPR RNA-seq from HepG2 (ENCSR740WAG),https://www.ncbi.nlm.nih.gov/geo/query/acc.cgi?acc=GSE219690
GSE219687,LIHC,2,2022/12/04,CRISPR RNA-seq from HepG2 (ENCSR739ZMF),https://www.ncbi.nlm.nih.gov/geo/query/acc.cgi?acc=GSE219687
GSE219676,LIHC,2,2022/12/04,CRISPR RNA-seq from HepG2 (ENCSR735FXX),https://www.ncbi.nlm.nih.gov/geo/query/acc.cgi?acc=GSE219676
GSE219662,LIHC,2,2022/12/04,CRISPR RNA-seq from HepG2 (ENCSR726RTM),https://www.ncbi.nlm.nih.gov/geo/query/acc.cgi?acc=GSE219662
GSE219642,LIHC,2,2022/12/04,CRISPR RNA-seq from HepG2 (ENCSR256UIA),https://www.ncbi.nlm.nih.gov/geo/query/acc.cgi?acc=GSE219642
GSE219637,LIHC,2,2022/12/04,CRISPR RNA-seq from HepG2 (ENCSR251SXS),https://www.ncbi.nlm.nih.gov/geo/query/acc.cgi?acc=GSE219637
GSE219633,LIHC,2,2022/12/04,CRISPR RNA-seq from HepG2 (ENCSR250QFO),https://www.ncbi.nlm.nih.gov/geo/query/acc.cgi?acc=GSE219633
GSE219629,LIHC,2,2022/12/04,CRISPR RNA-seq from HepG2 (ENCSR248WTR),https://www.ncbi.nlm.nih.gov/geo/query/acc.cgi?acc=GSE219629
GSE219623,LIHC,2,2022/12/04,CRISPR RNA-seq from HepG2 (ENCSR244OOV),https://www.ncbi.nlm.nih.gov/geo/query/acc.cgi?acc=GSE219623
GSE219617,LIHC,2,2022/12/04,CRISPR RNA-seq from HepG2 (ENCSR671FDZ),https://www.ncbi.nlm.nih.gov/geo/query/acc.cgi?acc=GSE219617
GSE219615,LIHC,2,2022/12/04,CRISPR RNA-seq from HepG2 (ENCSR235JSA),https://www.ncbi.nlm.nih.gov/geo/query/acc.cgi?acc=GSE219615
GSE219606,LIHC,2,2022/12/04,CRISPR RNA-seq from HepG2 (ENCSR234UAM),https://www.ncbi.nlm.nih.gov/geo/query/acc.cgi?acc=GSE219606
GSE219603,LIHC,2,2022/12/04,CRISPR RNA-seq from HepG2 (ENCSR232ERY),https://www.ncbi.nlm.nih.gov/geo/query/acc.cgi?acc=GSE219603
GSE219601,LIHC,2,2022/12/04,CRISPR RNA-seq from HepG2 (ENCSR224XSS),https://www.ncbi.nlm.nih.gov/geo/query/acc.cgi?acc=GSE219601
GSE219588,LIHC,2,2022/12/04,CRISPR RNA-seq from HepG2 (ENCSR213ILK),https://www.ncbi.nlm.nih.gov/geo/query/acc.cgi?acc=GSE219588
GSE219587,LIHC,2,2022/12/04,CRISPR RNA-seq from HepG2 (ENCSR650TTU),https://www.ncbi.nlm.nih.gov/geo/query/acc.cgi?acc=GSE219587
GSE219583,LIHC,2,2022/12/04,CRISPR RNA-seq from HepG2 (ENCSR207GTU),https://www.ncbi.nlm.nih.gov/geo/query/acc.cgi?acc=GSE219583
GSE219577,LIHC,2,2022/12/04,CRISPR RNA-seq from HepG2 (ENCSR206ICZ),https://www.ncbi.nlm.nih.gov/geo/query/acc.cgi?acc=GSE219577
GSE219573,LIHC,2,2022/12/04,CRISPR RNA-seq from HepG2 (ENCSR199WMC),https://www.ncbi.nlm.nih.gov/geo/query/acc.cgi?acc=GSE219573
GSE219565,LIHC,2,2022/12/04,CRISPR RNA-seq from HepG2 (ENCSR191LWZ),https://www.ncbi.nlm.nih.gov/geo/query/acc.cgi?acc=GSE219565
GSE219513,LIHC,2,2022/12/04,CRISPR RNA-seq from HepG2 (ENCSR153WFE),https://www.ncbi.nlm.nih.gov/geo/query/acc.cgi?acc=GSE219513
GSE219502,LIHC,2,2022/12/04,CRISPR RNA-seq from HepG2 (ENCSR146ITQ),https://www.ncbi.nlm.nih.gov/geo/query/acc.cgi?acc=GSE219502
GSE219501,LIHC,2,2022/12/04,CRISPR RNA-seq from HepG2 (ENCSR608WXK),https://www.ncbi.nlm.nih.gov/geo/query/acc.cgi?acc=GSE219501
GSE219497,LIHC,2,2022/12/04,CRISPR RNA-seq from HepG2 (ENCSR608CUI),https://www.ncbi.nlm.nih.gov/geo/query/acc.cgi?acc=GSE219497
GSE219480,LIHC,2,2022/12/04,CRISPR RNA-seq from HepG2 (ENCSR119RXN),https://www.ncbi.nlm.nih.gov/geo/query/acc.cgi?acc=GSE219480
GSE219467,LIHC,2,2022/12/04,CRISPR RNA-seq from HepG2 (ENCSR104RTM),https://www.ncbi.nlm.nih.gov/geo/query/acc.cgi?acc=GSE219467
GSE219453,LIHC,2,2022/12/04,CRISPR RNA-seq from HepG2 (ENCSR585MSI),https://www.ncbi.nlm.nih.gov/geo/query/acc.cgi?acc=GSE219453
GSE219451,LIHC,2,2022/12/04,CRISPR RNA-seq from HepG2 (ENCSR094AES),https://www.ncbi.nlm.nih.gov/geo/query/acc.cgi?acc=GSE219451
GSE219442,LIHC,2,2022/12/04,CRISPR RNA-seq from HepG2 (ENCSR085GSF),https://www.ncbi.nlm.nih.gov/geo/query/acc.cgi?acc=GSE219442
GSE219433,LIHC,2,2022/12/04,CRISPR RNA-seq from HepG2 (ENCSR077MFQ),https://www.ncbi.nlm.nih.gov/geo/query/acc.cgi?acc=GSE219433
GSE219431,LIHC,2,2022/12/04,CRISPR RNA-seq from HepG2 (ENCSR076LFC),https://www.ncbi.nlm.nih.gov/geo/query/acc.cgi?acc=GSE219431
GSE219430,LIHC,2,2022/12/04,CRISPR RNA-seq from HepG2 (ENCSR583SHC),https://www.ncbi.nlm.nih.gov/geo/query/acc.cgi?acc=GSE219430
GSE219410,LIHC,2,2022/12/04,CRISPR RNA-seq from HepG2 (ENCSR576ASZ),https://www.ncbi.nlm.nih.gov/geo/query/acc.cgi?acc=GSE219410
GSE219409,LIHC,2,2022/12/04,CRISPR RNA-seq from HepG2 (ENCSR060SLE),https://www.ncbi.nlm.nih.gov/geo/query/acc.cgi?acc=GSE219409
GSE219405,LIHC,2,2022/12/04,CRISPR RNA-seq from HepG2 (ENCSR574ZTO),https://www.ncbi.nlm.nih.gov/geo/query/acc.cgi?acc=GSE219405
GSE219395,LIHC,2,2022/12/04,CRISPR RNA-seq from HepG2 (ENCSR051LWN),https://www.ncbi.nlm.nih.gov/geo/query/acc.cgi?acc=GSE219395
GSE219393,LIHC,2,2022/12/04,CRISPR RNA-seq from HepG2 (ENCSR051BQF),https://www.ncbi.nlm.nih.gov/geo/query/acc.cgi?acc=GSE219393
GSE219387,LIHC,2,2022/12/04,CRISPR RNA-seq from HepG2 (ENCSR558DZW),https://www.ncbi.nlm.nih.gov/geo/query/acc.cgi?acc=GSE219387
GSE219382,LIHC,2,2022/12/04,CRISPR RNA-seq from HepG2 (ENCSR044GQU),https://www.ncbi.nlm.nih.gov/geo/query/acc.cgi?acc=GSE219382
GSE219372,LIHC,2,2022/12/04,CRISPR RNA-seq from HepG2 (ENCSR036HUB),https://www.ncbi.nlm.nih.gov/geo/query/acc.cgi?acc=GSE219372
GSE219368,LIHC,2,2022/12/04,CRISPR RNA-seq from HepG2 (ENCSR034VEC),https://www.ncbi.nlm.nih.gov/geo/query/acc.cgi?acc=GSE219368
GSE219361,LIHC,2,2022/12/04,CRISPR RNA-seq from HepG2 (ENCSR029LLJ),https://www.ncbi.nlm.nih.gov/geo/query/acc.cgi?acc=GSE219361
GSE219354,LIHC,2,2022/12/04,CRISPR RNA-seq from HepG2 (ENCSR524NOZ),https://www.ncbi.nlm.nih.gov/geo/query/acc.cgi?acc=GSE219354
GSE219333,LIHC,2,2022/12/04,CRISPR RNA-seq from HepG2 (ENCSR513CVF),https://www.ncbi.nlm.nih.gov/geo/query/acc.cgi?acc=GSE219333
GSE219331,LIHC,2,2022/12/04,CRISPR RNA-seq from HepG2 (ENCSR512BIT),https://www.ncbi.nlm.nih.gov/geo/query/acc.cgi?acc=GSE219331
GSE219325,LIHC,2,2022/12/04,CRISPR RNA-seq from HepG2 (ENCSR511EKJ),https://www.ncbi.nlm.nih.gov/geo/query/acc.cgi?acc=GSE219325
GSE219305,LIHC,2,2022/12/04,CRISPR RNA-seq from HepG2 (ENCSR489DNH),https://www.ncbi.nlm.nih.gov/geo/query/acc.cgi?acc=GSE219305
GSE219302,LIHC,2,2022/12/04,CRISPR RNA-seq from HepG2 (ENCSR485ZHW),https://www.ncbi.nlm.nih.gov/geo/query/acc.cgi?acc=GSE219302
GSE219298,LIHC,2,2022/12/04,CRISPR RNA-seq from HepG2 (ENCSR470SBK),https://www.ncbi.nlm.nih.gov/geo/query/acc.cgi?acc=GSE219298
GSE146903,LIHC,71,2022/12/01,Effects-based Monitoring of Contaminants of Emerging Concern in Great Lakes Tributaries: Calculating the Risk of Fish Developing Liver Toxic,https://www.ncbi.nlm.nih.gov/geo/query/acc.cgi?acc=GSE146903
GSE135631,LIHC,30,2022/12/01,RNA-Seq data of tumors and paired adjacent tissues from 15 HCC patients,https://www.ncbi.nlm.nih.gov/geo/query/acc.cgi?acc=GSE135631
GSE155736,LIHC,5,2022/11/25,Isoformic PD-1 is tumorigenic in hepatocellular carcinoma through seemingly exhausted αβ T cells,https://www.ncbi.nlm.nih.gov/geo/query/acc.cgi?acc=GSE155736
GSE218366,LIHC,6,2022/11/23,USP1 modulates hepatocellular carcinoma progression via Hippo/TAZ axis,https://www.ncbi.nlm.nih.gov/geo/query/acc.cgi?acc=GSE218366
GSE213064,LIHC,6,2022/11/23,"MNX1-AS1, a c-Myc induced lncRNA, promotes the Warburg effect by regulating PKM2 nuclear translocation",https://www.ncbi.nlm.nih.gov/geo/query/acc.cgi?acc=GSE213064
GSE185700,LIHC,24,2022/11/21,Knockdown of the long noncoding RNA PURPL induces apoptosis and sensitizes liver cancer cells to doxorubicin,https://www.ncbi.nlm.nih.gov/geo/query/acc.cgi?acc=GSE185700
GSE199966,LIHC,18,2022/11/20,N7-Methylguanosine tRNA modification promotes hepatocellular carcinoma metastasis after insufficient radiofrequency ablation,https://www.ncbi.nlm.nih.gov/geo/query/acc.cgi?acc=GSE199966
GSE217510,LIHC,6,2022/11/09,Alkaline phosphatase-controllable and red light-activated RNA modification,https://www.ncbi.nlm.nih.gov/geo/query/acc.cgi?acc=GSE217510
GSE214324,LIHC,8,2022/11/01,RNA‐seq of comprehensively examine variations in MHCC-97H cells treated with various doses of lenvatinib at the transcriptomic level.,https://www.ncbi.nlm.nih.gov/geo/query/acc.cgi?acc=GSE214324
GSE216613,LIHC,6,2022/10/31,Transcriptome analysis between hepatocellular carcinoma and adjacent tissues,https://www.ncbi.nlm.nih.gov/geo/query/acc.cgi?acc=GSE216613
GSE211784,LIHC,12,2022/10/25,Intracellular Galectin-3 Is a Sensor of Lipopolysaccharide that Promotes Glycolysis through Activating mTORC1,https://www.ncbi.nlm.nih.gov/geo/query/acc.cgi?acc=GSE211784
GSE206246,LIHC,6,2022/10/25,Research on mechanisms of miR-27a-3p on  Cisplatin sensitivity of hepatocellular carcinoma based on next generation sequencing,https://www.ncbi.nlm.nih.gov/geo/query/acc.cgi?acc=GSE206246
GSE215894,LIHC,4,2022/10/21,Transcriptome analysis after TINCR knockdown,https://www.ncbi.nlm.nih.gov/geo/query/acc.cgi?acc=GSE215894
GSE211734,LIHC,12,2022/10/19,Disulfiram/Copper induces immunogenic cell death via NPL4 in hepatocellular carcinoma,https://www.ncbi.nlm.nih.gov/geo/query/acc.cgi?acc=GSE211734
GSE202561,LIHC,48,2022/10/19,DNMT and EZH2 inhibitors synergize for gene activation in hepatocellular carcinoma cells.,https://www.ncbi.nlm.nih.gov/geo/query/acc.cgi?acc=GSE202561
GSE202560,LIHC,24,2022/10/19,DNMT and EZH2 inhibitors synergize for gene activation in hepatocellular carcinoma cells [RNA-seq],https://www.ncbi.nlm.nih.gov/geo/query/acc.cgi?acc=GSE202560
GSE201844,LIHC,6,2022/10/19,CircPRKAA1 activates a Ku80/Ku70/SREBP1 axis driving de novo fatty acid synthesis in cancer cells,https://www.ncbi.nlm.nih.gov/geo/query/acc.cgi?acc=GSE201844
GSE215232,LIHC,6,2022/10/18,Effect of overexpressing of hepatitis B protein x (HBx) on the expression of circular RNAs (circRNAs) in HepG2 cells,https://www.ncbi.nlm.nih.gov/geo/query/acc.cgi?acc=GSE215232
GSE214846,LIHC,130,2022/10/18,A novel risk score based on immune-related genes for hepatocellular carcinoma as a reliable prognostic biomarker and correlated with immune ,https://www.ncbi.nlm.nih.gov/geo/query/acc.cgi?acc=GSE214846
GSE206702,LIHC,28,2022/10/18,Context-dependent function of long noncoding RNA PURPL in transcriptome regulation during p53 activation,https://www.ncbi.nlm.nih.gov/geo/query/acc.cgi?acc=GSE206702
GSE206701,LIHC,2,2022/10/18,Context-dependent function of long noncoding RNA PURPL in transcriptome regulation during p53 activation (Iso-Seq),https://www.ncbi.nlm.nih.gov/geo/query/acc.cgi?acc=GSE206701
GSE206699,LIHC,2,2022/10/18,Context-dependent function of long noncoding RNA PURPL in transcriptome regulation during p53 activation (RNA-Seq II),https://www.ncbi.nlm.nih.gov/geo/query/acc.cgi?acc=GSE206699
GSE206698,LIHC,24,2022/10/18,Context-dependent function of long noncoding RNA PURPL in transcriptome regulation during p53 activation (RNA-Seq I),https://www.ncbi.nlm.nih.gov/geo/query/acc.cgi?acc=GSE206698
GSE215428,LIHC,3,2022/10/17,Single-cell RNA sequencing of immune landscape in hepatocellular carcinoma treated with sintilimab and sorafenib,https://www.ncbi.nlm.nih.gov/geo/query/acc.cgi?acc=GSE215428
GSE192955,LIHC,48,2022/10/14,ESPRESSO: Robust discovery and quantification of transcript isoforms from error-prone long-read RNA-seq data,https://www.ncbi.nlm.nih.gov/geo/query/acc.cgi?acc=GSE192955
GSE189903,LIHC,34,2022/10/13,Multiregional single-cell transcriptomic analysis of liver cancer,https://www.ncbi.nlm.nih.gov/geo/query/acc.cgi?acc=GSE189903
GSE209849,LIHC,50,2022/10/08,Regulation of cohesin-mediated chromosome structure by PDS5 in mammals,https://www.ncbi.nlm.nih.gov/geo/query/acc.cgi?acc=GSE209849
GSE209848,LIHC,12,2022/10/08,Regulation of cohesin-mediated chromosome structure by PDS5 in mammals [RNA-seq],https://www.ncbi.nlm.nih.gov/geo/query/acc.cgi?acc=GSE209848
GSE197883,LIHC,20,2022/10/05,ZBTB7A promotes virus-host homeostasis during human coronavirus 229E infection,https://www.ncbi.nlm.nih.gov/geo/query/acc.cgi?acc=GSE197883
GSE197644,LIHC,16,2022/10/05,ZBTB7A promotes virus-host homeostasis during human coronavirus 229E infection I,https://www.ncbi.nlm.nih.gov/geo/query/acc.cgi?acc=GSE197644
GSE165985,LIHC,4,2022/10/01,The protein kinase activity of NME7 activates one-carbon metabolism through positively regulating wnt/β-catenin signaling,https://www.ncbi.nlm.nih.gov/geo/query/acc.cgi?acc=GSE165985
GSE214435,LIHC,104,2022/09/29,Disseminative Recurrence Signature for hepatocellular carcinoma from non-alcoholic fatty liver disease,https://www.ncbi.nlm.nih.gov/geo/query/acc.cgi?acc=GSE214435
GSE182179,LIHC,18,2022/09/27,RNA-Sequencing analysis of control and KDSR KO cancer cell lines,https://www.ncbi.nlm.nih.gov/geo/query/acc.cgi?acc=GSE182179
GSE213944,LIHC,24,2022/09/26,Investigation of reversible histone acetylation and dynamics in gene expression regulation using 3D liver spheroid model,https://www.ncbi.nlm.nih.gov/geo/query/acc.cgi?acc=GSE213944
GSE162616,LIHC,13,2022/09/26,Single-Cell Transcriptomic Atlas of Human Hepatic ILCs Reveals the Enrichment of ILC2 in Liver Cancer,https://www.ncbi.nlm.nih.gov/geo/query/acc.cgi?acc=GSE162616
GSE208350,LIHC,27,2022/09/25,"Effect of depletion of KLB or various combinations of FGFR1, FGFR3, and FGFR4 on gene expression in HuH-7 and JHH-7 cells",https://www.ncbi.nlm.nih.gov/geo/query/acc.cgi?acc=GSE208350
GSE213615,LIHC,12,2022/09/22,A novel medication decision gene signature predicts response to individualized therapy and prognosis outcomes in hepatocellular carcinoma pa,https://www.ncbi.nlm.nih.gov/geo/query/acc.cgi?acc=GSE213615
GSE161858,LIHC,10,2022/09/20,The histone variant macroH2A modulates inflammatory response in cancer [xenograft],https://www.ncbi.nlm.nih.gov/geo/query/acc.cgi?acc=GSE161858
GSE161857,LIHC,12,2022/09/20,The histone variant macroH2A modulates inflammatory response in cancer [HepG2],https://www.ncbi.nlm.nih.gov/geo/query/acc.cgi?acc=GSE161857
GSE201455,LIHC,12,2022/09/15,Effects of corosolic acid on gene expression of in Bel-7402 and Bel-7404 cells,https://www.ncbi.nlm.nih.gov/geo/query/acc.cgi?acc=GSE201455
GSE193431,LIHC,6,2022/09/15,Next generation sequencing in SETD5-depleted Huh7 cells.,https://www.ncbi.nlm.nih.gov/geo/query/acc.cgi?acc=GSE193431
GSE210337,LIHC,6,2022/09/12,Single cell RNA-seq and TCR-seq of T cell responses against DNAJB1-PRKACA,https://www.ncbi.nlm.nih.gov/geo/query/acc.cgi?acc=GSE210337
GSE210034,LIHC,4,2022/09/08,Effect of melatonin on gene expression of Hepatocelluar Carcinoma HepG2  cells,https://www.ncbi.nlm.nih.gov/geo/query/acc.cgi?acc=GSE210034
GSE212669,LIHC,9,2022/09/07,3D microengineered vascularized tumor spheroid for drug delivery and efficacy testing,https://www.ncbi.nlm.nih.gov/geo/query/acc.cgi?acc=GSE212669
GSE212604,LIHC,20,2022/09/05,Transcriptomics characterization of hepatocellular carcinoma (HCC) after incomplete radiofrequency ablation (iRFA),https://www.ncbi.nlm.nih.gov/geo/query/acc.cgi?acc=GSE212604
GSE212529,LIHC,7,2022/09/01,MTFR2 shapes a barrier of immune microenvironment in hepatocellular carcinoma,https://www.ncbi.nlm.nih.gov/geo/query/acc.cgi?acc=GSE212529
GSE184640,LIHC,48,2022/09/01,Global transcriptomic analysis of cells infected with Ebola virus (EBOV),https://www.ncbi.nlm.nih.gov/geo/query/acc.cgi?acc=GSE184640
GSE184638,LIHC,32,2022/09/01,Global transcriptomic analysis of hepatocyte cells infected with Ebola virus (EBOV),https://www.ncbi.nlm.nih.gov/geo/query/acc.cgi?acc=GSE184638
GSE183113,LIHC,12,2022/09/01,S-palmitoylation of PCSK9 induces sorafenib resistance in liver cancer by activating PI3K/AKT signaling pathway,https://www.ncbi.nlm.nih.gov/geo/query/acc.cgi?acc=GSE183113
GSE212047,LIHC,64,2022/08/26,Opposing Roles of Hepatic Stellate Cell Subpopulations in Hepatocarcinogenesis,https://www.ncbi.nlm.nih.gov/geo/query/acc.cgi?acc=GSE212047
GSE212046,LIHC,4,2022/08/26,Single nuclei RNAseq from non-tumour and HCC human liver tissues,https://www.ncbi.nlm.nih.gov/geo/query/acc.cgi?acc=GSE212046
GSE211850,LIHC,6,2022/08/26,Co-administration of MDR1 and BCRP or EGFR/PI3K inhibitors overcomes lenvatinib resistance in hepatocellular carcinoma,https://www.ncbi.nlm.nih.gov/geo/query/acc.cgi?acc=GSE211850
GSE191255,LIHC,8,2022/08/24,"RNA seq on NEO2734, CFI-400945 or SASP treated cells",https://www.ncbi.nlm.nih.gov/geo/query/acc.cgi?acc=GSE191255
GSE193726,LIHC,17,2022/08/10,Hepatic ARID3A facilitates liver cancer malignancy by cooperating with CEP131 to regulate an embryonic stem cell-like gene signature,https://www.ncbi.nlm.nih.gov/geo/query/acc.cgi?acc=GSE193726
GSE210679,LIHC,2,2022/08/09,Comparison of single-nucleus and single-cell transcriptomes in hepatocellular carcinoma tissue,https://www.ncbi.nlm.nih.gov/geo/query/acc.cgi?acc=GSE210679
GSE203612,LIHC,31,2022/08/05,Cancer cell states recur across tumor types and form specific interactions with the tumor microenvironment,https://www.ncbi.nlm.nih.gov/geo/query/acc.cgi?acc=GSE203612
GSE183635,LIHC,2351,2022/08/05,Detection and localization of early- and late-stage cancers using tumor-educated platelet RNA,https://www.ncbi.nlm.nih.gov/geo/query/acc.cgi?acc=GSE183635
GSE202145,LIHC,16,2022/08/03,Dynamic changes in peripheral blood monocytes early after anti-PD-1 therapy predict clinical outcomes in hepatocellular carcinoma,https://www.ncbi.nlm.nih.gov/geo/query/acc.cgi?acc=GSE202145
GSE179345,LIHC,2,2022/08/03,Transcriptome analysis by RNA sequencing after treatment with JIB-04 in hepatocellular carcinoma,https://www.ncbi.nlm.nih.gov/geo/query/acc.cgi?acc=GSE179345
GSE205757,LIHC,6,2022/08/02,Effects of ARHGEF2 knockdown on gene expression in Hepatocellular Carcinoma HepG2 cells,https://www.ncbi.nlm.nih.gov/geo/query/acc.cgi?acc=GSE205757
GSE208245,LIHC,18,2022/08/01,"Effect of imeglimin on mitochondrial function, AMPK activity and gene expression in hepatocytes",https://www.ncbi.nlm.nih.gov/geo/query/acc.cgi?acc=GSE208245
GSE207282,LIHC,6,2022/08/01,Polydatin Alters Proliferative Properties and Synergizes the Inhibitory Activity of Doxorubicin and Cisplatin in hepatocellular Carcinoma,https://www.ncbi.nlm.nih.gov/geo/query/acc.cgi?acc=GSE207282
GSE190632,LIHC,4,2022/07/27,ZCCHC4 Interacts with AL133467.2 and gamma H2AX to Promote Chemoresistance in Hepatocellular Carcinoma [HepG2_ZCCHC4 KO OXA],https://www.ncbi.nlm.nih.gov/geo/query/acc.cgi?acc=GSE190632
GSE188704,LIHC,10,2022/07/27,ZCCHC4 Interacts with AL133467.2 and gamma H2AX to Promote Chemoresistance in Hepatocellular Carcinoma,https://www.ncbi.nlm.nih.gov/geo/query/acc.cgi?acc=GSE188704
GSE188703,LIHC,2,2022/07/27,ZCCHC4 Interacts with AL133467.2 and gamma H2AX to Promote Chemoresistance in Hepatocellular Carcinoma [UV-CLIP_ZCCHC4],https://www.ncbi.nlm.nih.gov/geo/query/acc.cgi?acc=GSE188703
GSE188702,LIHC,4,2022/07/27,ZCCHC4 Interacts with AL133467.2 and gamma H2AX to Promote Chemoresistance in Hepatocellular Carcinoma [HepG2_ZCCHC4 KO],https://www.ncbi.nlm.nih.gov/geo/query/acc.cgi?acc=GSE188702
GSE180789,LIHC,6,2022/07/27,Differentially expressed genes in HNRNPC knockdown MHCC97H cells,https://www.ncbi.nlm.nih.gov/geo/query/acc.cgi?acc=GSE180789
GSE208734,LIHC,6,2022/07/26,NXN suppresses metastasis of hepatocellular carcinoma by promoting degradation of Snail through binding to DUB3,https://www.ncbi.nlm.nih.gov/geo/query/acc.cgi?acc=GSE208734
GSE208358,LIHC,8,2022/07/23,ADAR1-mediated RNA editing promotes hepatacellular carcinoma (HCC) stemness by mitophagy activation,https://www.ncbi.nlm.nih.gov/geo/query/acc.cgi?acc=GSE208358
GSE196975,LIHC,4,2022/07/22,RNA-seq identifies the gene differential expression after LINC01186 knockdown in hepatocellular carcinoma cell line HepG2,https://www.ncbi.nlm.nih.gov/geo/query/acc.cgi?acc=GSE196975
GSE134471,LIHC,2,2022/07/18,WFA+ Mac-2 binding protein (M2BPGi) regulating signal in the HCC cells,https://www.ncbi.nlm.nih.gov/geo/query/acc.cgi?acc=GSE134471
GSE179443,LIHC,137,2022/07/12,Molecular and radiopathologic spectrum between HCC and intrahepatic cholangiocarcinoma,https://www.ncbi.nlm.nih.gov/geo/query/acc.cgi?acc=GSE179443
GSE174302,LIHC,230,2022/07/12,Cancer specific microbiome revealed by cell-free RNA reads in patients' plasma,https://www.ncbi.nlm.nih.gov/geo/query/acc.cgi?acc=GSE174302
GSE207435,LIHC,54,2022/07/11,PHGDH Arginine Methylation by PRMT1 Promotes Serine Synthesis and Represents a Therapeutic Vulnerability in Hepatocellular Carcinoma,https://www.ncbi.nlm.nih.gov/geo/query/acc.cgi?acc=GSE207435
GSE184733,LIHC,34,2022/07/11,RNA-seq analysis of hepatocellular carcinoma,https://www.ncbi.nlm.nih.gov/geo/query/acc.cgi?acc=GSE184733
GSE133984,LIHC,32,2022/07/04,EZH2 and JARID2 change their binding profiles on RNA and DNA to promote hepatocellular carcinoma,https://www.ncbi.nlm.nih.gov/geo/query/acc.cgi?acc=GSE133984
GSE133980,LIHC,16,2022/07/04,EZH2 and JARID2 change their binding profiles on RNA and DNA to promote hepatocellular carcinoma [CLIP-seq],https://www.ncbi.nlm.nih.gov/geo/query/acc.cgi?acc=GSE133980
GSE193080,LIHC,59,2022/07/01,Transcriptome profile of liver biopsy tissues from patients with non-alcoholic fatty liver disease (tissue validation set 2).,https://www.ncbi.nlm.nih.gov/geo/query/acc.cgi?acc=GSE193080
GSE193066,LIHC,164,2022/07/01,Transcriptome profile of liver biopsy tissues from patients with non-alcoholic fatty liver disease (tissue validation set 1).,https://www.ncbi.nlm.nih.gov/geo/query/acc.cgi?acc=GSE193066
GSE192959,LIHC,48,2022/07/01,Transcriptome profile of liver biopsy tissues from patients with non-alcoholic fatty liver disease (derivation set).,https://www.ncbi.nlm.nih.gov/geo/query/acc.cgi?acc=GSE192959
GSE152807,LIHC,12,2022/06/30,Interactomics Analyses of Wild-type and Mutant A1CF Reveal Diverged Functions in Regulating Cellular Lipid Metabolism,https://www.ncbi.nlm.nih.gov/geo/query/acc.cgi?acc=GSE152807
GSE195648,LIHC,9,2022/06/23,Checkpoint Inhibitors Modulate Plasticity of Innate Lymphoid Cells in Peripheral Blood of Patients with Hepatocellular Carcinoma,https://www.ncbi.nlm.nih.gov/geo/query/acc.cgi?acc=GSE195648
GSE198624,LIHC,3,2022/06/22,Efficient detection of alternative spliced human proteome using translatome sequencing,https://www.ncbi.nlm.nih.gov/geo/query/acc.cgi?acc=GSE198624
GSE184156,LIHC,44,2022/06/15,Targeting metabolic adaptations in the breast cancer–liver metastatic niche using dietary approaches to improve endocrine therapy efficacy,https://www.ncbi.nlm.nih.gov/geo/query/acc.cgi?acc=GSE184156
GSE132723,LIHC,4,2022/06/13,Gene expression analysis of PJA1 knock down HepG2 cells or HepG2 cells treated with TGF-beta1.,https://www.ncbi.nlm.nih.gov/geo/query/acc.cgi?acc=GSE132723
GSE205332,LIHC,18,2022/06/03,﻿Arsenic toxicity is regulated by queuine availability and oxidation- induced reprogramming of the human tRNA epitranscriptome,https://www.ncbi.nlm.nih.gov/geo/query/acc.cgi?acc=GSE205332
GSE199940,LIHC,6,2022/06/01,RNA-seq data for Huh7 cells in spheroid culture and adherent culture,https://www.ncbi.nlm.nih.gov/geo/query/acc.cgi?acc=GSE199940
GSE169223,LIHC,4,2022/06/01,The splicing factor HNRNPM promotes hepatocellular carcinoma by decreasing TRIM7 expression through the alternative splicing of lncRNA-TRIM7,https://www.ncbi.nlm.nih.gov/geo/query/acc.cgi?acc=GSE169223
GSE188289,LIHC,10,2022/05/31,Single-cell multi-omics dataset of hepatocellular carcinoma cell lines,https://www.ncbi.nlm.nih.gov/geo/query/acc.cgi?acc=GSE188289
GSE146499,LIHC,11,2022/05/31,3D landscape of Hepatitis B virus interactions with human chromatins,https://www.ncbi.nlm.nih.gov/geo/query/acc.cgi?acc=GSE146499
GSE200430,LIHC,6,2022/05/25,Sema3d restrained Hepatocellular carcinoma progression through inactivating Pi3k/Akt signaling via interact with FLNA,https://www.ncbi.nlm.nih.gov/geo/query/acc.cgi?acc=GSE200430
GSE185971,LIHC,12,2022/05/25,Exploring the underlying mechanism of autophagy in liver cancer cells under hypoxia,https://www.ncbi.nlm.nih.gov/geo/query/acc.cgi?acc=GSE185971
GSE185969,LIHC,6,2022/05/25,Exploring the underlying mechanism of autophagy in liver cancer cells under hypoxia based on RNA sequencing,https://www.ncbi.nlm.nih.gov/geo/query/acc.cgi?acc=GSE185969
GSE168852,LIHC,17,2022/05/23,RNA-seq analysis of HCC and hepatocytes,https://www.ncbi.nlm.nih.gov/geo/query/acc.cgi?acc=GSE168852
GSE190967,LIHC,113,2022/05/22,Multi-omics identifies the link between intratumor steatosis and exhausted tumor immune microenvironment in hepatocellular carcinoma,https://www.ncbi.nlm.nih.gov/geo/query/acc.cgi?acc=GSE190967
GSE165959,LIHC,208,2022/05/19,H3K4 demethylase KDM5B regulates epigenetic plasticity and cancer cell identity,https://www.ncbi.nlm.nih.gov/geo/query/acc.cgi?acc=GSE165959
GSE202853,LIHC,20,2022/05/18,Transcriptome analysis of hepatocellular carcinoma and adjacent non-tumor liver tissues [I],https://www.ncbi.nlm.nih.gov/geo/query/acc.cgi?acc=GSE202853
GSE184173,LIHC,12,2022/05/18,The snoGloBe interaction predictor reveals a broad spectrum of C/D snoRNA RNA targets,https://www.ncbi.nlm.nih.gov/geo/query/acc.cgi?acc=GSE184173
GSE200424,LIHC,24,2022/05/12,Melanoma Addiction to GCDH is Mediated by NRF2,https://www.ncbi.nlm.nih.gov/geo/query/acc.cgi?acc=GSE200424
GSE184762,LIHC,10,2022/05/06,CRISPR/Cas9 screening targeting the deregulated metabolic genes in Huh 7 cells,https://www.ncbi.nlm.nih.gov/geo/query/acc.cgi?acc=GSE184762
GSE189376,LIHC,24,2022/05/04,Comprehensive transcriptome profiling of BET inhibitor-treated HepG2 cell line,https://www.ncbi.nlm.nih.gov/geo/query/acc.cgi?acc=GSE189376
GSE201868,LIHC,30,2022/05/02,Molecular Characteristics and Biological Functions of Hypoxic Microenvironment in Hepatocellular Carcinoma,https://www.ncbi.nlm.nih.gov/geo/query/acc.cgi?acc=GSE201868
GSE189372,LIHC,3,2022/05/01,An alternatively spliced variant of METTL3 mediates tumor suppression in hepatocellular carcinoma,https://www.ncbi.nlm.nih.gov/geo/query/acc.cgi?acc=GSE189372
GSE174748,LIHC,4,2022/05/01,An imbalance of tumour-suppressing and tumour-promoting hepatic stellate cell populations in liver fibrosis contributes to hepatocarcinogene,https://www.ncbi.nlm.nih.gov/geo/query/acc.cgi?acc=GSE174748
GSE192771,LIHC,16,2022/04/30,Epigenetic regulation of the DNMT1/MT1G/KLF4/CA9 axis synergizes the anticancer effects of sorafenib in hepatocellular carcinoma,https://www.ncbi.nlm.nih.gov/geo/query/acc.cgi?acc=GSE192771
GSE183127,LIHC,12,2022/04/30,p53-specific transcriptome under starvation,https://www.ncbi.nlm.nih.gov/geo/query/acc.cgi?acc=GSE183127
GSE201697,LIHC,48,2022/04/28,"miR-200c-3p, miR-222-5p and miR-512-3p are outcome circulating biomarkers in patients with hepatocarcinoma under Sorafenib treatment",https://www.ncbi.nlm.nih.gov/geo/query/acc.cgi?acc=GSE201697
GSE201695,LIHC,30,2022/04/28,"Transcriptomic analysis of  hepatocellular carcinoma cell lines HepG2 treated with Sorafenib and transfected with miR-200c-3p inhibitor, and",https://www.ncbi.nlm.nih.gov/geo/query/acc.cgi?acc=GSE201695
GSE200982,LIHC,9,2022/04/27,Genome-wide CRISPR Knockout Screen Identified PLAC8 as an Essential Factor for SADS-CoVs Infection,https://www.ncbi.nlm.nih.gov/geo/query/acc.cgi?acc=GSE200982
GSE199842,LIHC,8,2022/04/26,Expression data of tigecycline-treated liver cancer cells,https://www.ncbi.nlm.nih.gov/geo/query/acc.cgi?acc=GSE199842
GSE184894,LIHC,223,2022/04/26,SMYD5 catalyzes histone H3 lysine 36 trimethylation at promoters,https://www.ncbi.nlm.nih.gov/geo/query/acc.cgi?acc=GSE184894
GSE182824,LIHC,90,2022/04/25,Plasma cell-free RNA profiling distinguishes cancer from pre-malignant conditions,https://www.ncbi.nlm.nih.gov/geo/query/acc.cgi?acc=GSE182824
GSE201221,LIHC,82,2022/04/24,"Association of gene expression with Creatine Riboside, A Prognostic Metabolite of Metabolome Imbalance in the NCI-MD Non-Small Cell Lung Can",https://www.ncbi.nlm.nih.gov/geo/query/acc.cgi?acc=GSE201221
GSE190761,LIHC,10,2022/04/06,The CpG Island-Binding Protein SAMD1 Contributes to an Unfavorable Gene Signature in HepG2 Hepatocellular Carcinoma Cells,https://www.ncbi.nlm.nih.gov/geo/query/acc.cgi?acc=GSE190761
GSE174478,LIHC,94,2022/04/05,Whole transcriptome profiling of Japanese  nonalcoholic fatty liver disease cohort.,https://www.ncbi.nlm.nih.gov/geo/query/acc.cgi?acc=GSE174478
GSE161932,LIHC,9,2022/04/05,Effects of fibrolamellar carcinoma-associated DNAJB1-PRKACA in HEK293T cells,https://www.ncbi.nlm.nih.gov/geo/query/acc.cgi?acc=GSE161932
GSE113617,LIHC,78,2022/04/01, RNA biotype-associated molecular classification  in hepatitis B-related hepatocellular carcinoma,https://www.ncbi.nlm.nih.gov/geo/query/acc.cgi?acc=GSE113617
GSE184276,LIHC,4,2022/03/31,RNA sequence data from liver-specific Pten/Traf3 knockout mice [HepG2 RNA-seq],https://www.ncbi.nlm.nih.gov/geo/query/acc.cgi?acc=GSE184276
GSE184151,LIHC,16,2022/03/31,Activation of AhR promotes phosphorylation of ARNT isoform 1 as a switch for optimal AhR activity in human T cell malignancies.,https://www.ncbi.nlm.nih.gov/geo/query/acc.cgi?acc=GSE184151
GSE199509,LIHC,8,2022/03/30,Next Generation Sequencing for Identification of Transcriptomes from  Serum Exosomes,https://www.ncbi.nlm.nih.gov/geo/query/acc.cgi?acc=GSE199509
GSE186191,LIHC,12,2022/03/23,RNA-seq data for parental and  lenvatinib-resistant HCC cells,https://www.ncbi.nlm.nih.gov/geo/query/acc.cgi?acc=GSE186191
GSE182185,LIHC,38,2022/03/23,CRISPR screens uncover protective effect of PSTK to targeted therapy induced ferroptosis in hepatocellular carcinoma,https://www.ncbi.nlm.nih.gov/geo/query/acc.cgi?acc=GSE182185
GSE193660,LIHC,9,2022/03/22,Hepatic stellate cells mediates transcription of TNFSF14 in hepatocellular carcinoma cells via H2S/CSE-JNK/JunB signaling pathway,https://www.ncbi.nlm.nih.gov/geo/query/acc.cgi?acc=GSE193660
GSE193381,LIHC,8,2022/03/18,Canonical Wnt Induces Focal Adhesion and Integrin Beta-1 Endocytosis,https://www.ncbi.nlm.nih.gov/geo/query/acc.cgi?acc=GSE193381
GSE171857,LIHC,4,2022/03/02,Evaluation the targeted nanobubbles mediated LND against hepatocellular carcinoma by sonodynamic therapy with RNA-Seq,https://www.ncbi.nlm.nih.gov/geo/query/acc.cgi?acc=GSE171857
GSE185701,LIHC,10,2022/03/01,RNA helicase DHX37 facilitates liver cancer progression by cooperating with PLRG1 to drive super enhancer-mediated transcription of cyclin D,https://www.ncbi.nlm.nih.gov/geo/query/acc.cgi?acc=GSE185701
GSE147634,LIHC,2,2022/03/01,Dual functions of NEIL3 in DNA repair and the epithelial-mesenchymal transition,https://www.ncbi.nlm.nih.gov/geo/query/acc.cgi?acc=GSE147634
GSE141202,LIHC,206,2022/03/01,Gene expression profile of hepatocellular carcinomain in Taiwan,https://www.ncbi.nlm.nih.gov/geo/query/acc.cgi?acc=GSE141202
GSE141200,LIHC,58,2022/03/01,Gene expression profile of hepatocellular carcinomain in Taiwan (subset 2),https://www.ncbi.nlm.nih.gov/geo/query/acc.cgi?acc=GSE141200
GSE141198,LIHC,148,2022/03/01,Gene expression profile of hepatocellular carcinomain in Taiwan (subset 1),https://www.ncbi.nlm.nih.gov/geo/query/acc.cgi?acc=GSE141198
GSE197179,LIHC,2,2022/02/28,Overexpression of AIM2 inhibits metastasis and promotes apoptosis of hepatocellular carcinoma cells,https://www.ncbi.nlm.nih.gov/geo/query/acc.cgi?acc=GSE197179
GSE184065,LIHC,9,2022/02/28,Transcripitional profiling of Huh7 cells after MAT2A inhibitor (FIDAS-5) or BET bromodomain inhibitor (JQ1) treatment,https://www.ncbi.nlm.nih.gov/geo/query/acc.cgi?acc=GSE184065
GSE184539,LIHC,2,2022/02/27,Transcriptome analysis of liver tumors derived from human induced liver cancer-forming cells (iLCCs),https://www.ncbi.nlm.nih.gov/geo/query/acc.cgi?acc=GSE184539
GSE168997,LIHC,9,2022/02/27,"Transcriptome analysis of human induced liver cancer-forming cells (iLCCs) , HepG2 cells, Huh6 cells, Huh7 cells, and HuCCT1 cells",https://www.ncbi.nlm.nih.gov/geo/query/acc.cgi?acc=GSE168997
GSE194181,LIHC,38,2022/02/25,HBV and HDV transcriptomic modulation,https://www.ncbi.nlm.nih.gov/geo/query/acc.cgi?acc=GSE194181
GSE194179,LIHC,29,2022/02/25,Study of HBV and HDV transcriptomic modulation in HepaRG and PHHs,https://www.ncbi.nlm.nih.gov/geo/query/acc.cgi?acc=GSE194179
GSE186280,LIHC,10,2022/02/24,Broad transcriptomic impact of Sorafenib and its relation to the antitumoral properties in liver cancer cells,https://www.ncbi.nlm.nih.gov/geo/query/acc.cgi?acc=GSE186280
GSE190487,LIHC,1,2022/02/01,Gastrointestinal B-cells license metabolic T-cell activation in NASH microbiota anigen-independently and contribute to fibrosis by IgA-FcRy ,https://www.ncbi.nlm.nih.gov/geo/query/acc.cgi?acc=GSE190487
GSE192862,LIHC,9,2022/01/31,Transcriptomic analysis of HCV+ vs HCV- hepatocytes  and tumoral cells,https://www.ncbi.nlm.nih.gov/geo/query/acc.cgi?acc=GSE192862
GSE168933,LIHC,95,2022/01/31,Liver Stromal Cells Restrict Macrophage Maturation and Stromal IL-6 Limits the Differentiation of Cirrhosis-linked Macrophages,https://www.ncbi.nlm.nih.gov/geo/query/acc.cgi?acc=GSE168933
GSE194425,LIHC,6,2022/01/28,Oncogenic mutation BRAF V600E changes phenotypic behavior of THLE-2 liver cells through alteration of gene expression,https://www.ncbi.nlm.nih.gov/geo/query/acc.cgi?acc=GSE194425
GSE194095,LIHC,2,2022/01/21,Annorade mRNA Sequencing Qualified the Transcriptome Analysis of Fresh and Warmed Tissue of Hepatocellular Carcinoma,https://www.ncbi.nlm.nih.gov/geo/query/acc.cgi?acc=GSE194095
GSE193897,LIHC,26,2022/01/21,A survey of optimal strategy for signature-based drug repositioning and an application to liver cancer (liver cancer cell lines),https://www.ncbi.nlm.nih.gov/geo/query/acc.cgi?acc=GSE193897
GSE178573,LIHC,4,2022/01/19,Next-generation sequencing is useful for quantitative analysis of the transcriptome of RSL3@O2-ICG NBS combined with low-frequency ultrasoun,https://www.ncbi.nlm.nih.gov/geo/query/acc.cgi?acc=GSE178573
GSE193567,LIHC,18,2022/01/18,Expression of mutated genes in tumor samples in patients with hepatocellular carcinoma,https://www.ncbi.nlm.nih.gov/geo/query/acc.cgi?acc=GSE193567
GSE181406,LIHC,4,2022/01/13,"AZD5153, a bivalent BRD4 inhibitor, inhibits hepatocellular cancer growth by modulating the HCC transcriptome through repression of critical",https://www.ncbi.nlm.nih.gov/geo/query/acc.cgi?acc=GSE181406
GSE179752,LIHC,31,2022/01/05,Yes tyrosine kinase signaling promotes liver cancer development,https://www.ncbi.nlm.nih.gov/geo/query/acc.cgi?acc=GSE179752
GSE179751,LIHC,6,2022/01/05,Yes tyrosine kinase signaling promotes liver cancer development [DSP294_SNU449],https://www.ncbi.nlm.nih.gov/geo/query/acc.cgi?acc=GSE179751
GSE179750,LIHC,6,2022/01/05,Yes tyrosine kinase signaling promotes liver cancer development [DSP294_SNU387],https://www.ncbi.nlm.nih.gov/geo/query/acc.cgi?acc=GSE179750
GSE179749,LIHC,10,2022/01/05,Yes tyrosine kinase signaling promotes liver cancer development [DSP244_262_SNU387],https://www.ncbi.nlm.nih.gov/geo/query/acc.cgi?acc=GSE179749
GSE179748,LIHC,9,2022/01/05,Yes tyrosine kinase signaling promotes liver cancer development [DSP244_262_PLC],https://www.ncbi.nlm.nih.gov/geo/query/acc.cgi?acc=GSE179748
GSE176130,LIHC,43,2022/01/05,"Charged tRNA profiling of mcf10a, HCC1806 cells, polysome profiling, RNA-Seq and Ribo-Seq in 4T07 cells upon LARS knockdown by shRNA, and RN",https://www.ncbi.nlm.nih.gov/geo/query/acc.cgi?acc=GSE176130
GSE192753,LIHC,40,2022/01/03,Sugar-induced gene expression changes in a Caco-2/HepG2 coculture,https://www.ncbi.nlm.nih.gov/geo/query/acc.cgi?acc=GSE192753
GSE160343,LIHC,8,2022/01/01,"Silencing of RNA binding protein, ZFP36L1, promotes epithelial-mesenchymal transition in liver cancer cells by regulating transcription fact",https://www.ncbi.nlm.nih.gov/geo/query/acc.cgi?acc=GSE160343
GSE140530,LIHC,2,2022/01/01,Conophylline effect on CAFs in HCC,https://www.ncbi.nlm.nih.gov/geo/query/acc.cgi?acc=GSE140530
GSE181521,LIHC,8,2021/12/31,Genome-wide CRISPR screen identifies synthetic lethality between DOCK1 inhibition and metformin in liver cancer,https://www.ncbi.nlm.nih.gov/geo/query/acc.cgi?acc=GSE181521
GSE175793,LIHC,4,2021/12/31,Fingerprints of Hepatocellular Carcinoma-Infiltrated  γδT Cells Revealed by Single-Cell Sequencing,https://www.ncbi.nlm.nih.gov/geo/query/acc.cgi?acc=GSE175793
GSE148005,LIHC,32,2021/12/31,Acetyl-lysine Reader CECR2 Drives Breast Cancer Metastasis by Coordinating Macrophage Polarization and Immune Suppression,https://www.ncbi.nlm.nih.gov/geo/query/acc.cgi?acc=GSE148005
GSE147995,LIHC,26,2021/12/31,Acetyl-lysine Reader CECR2 Drives Breast Cancer Metastasis by Coordinating Macrophage Polarization and Immune Suppression [metastasis],https://www.ncbi.nlm.nih.gov/geo/query/acc.cgi?acc=GSE147995
GSE125825,LIHC,6,2021/12/31,Proinflammatory TIFA-NF-κB axis drives intrinsic survival signaling and acquires macrophage niches via DAMPs to promote HCC resistance to so,https://www.ncbi.nlm.nih.gov/geo/query/acc.cgi?acc=GSE125825
GSE182102,LIHC,4,2021/12/30,The aberrant upregulation of exon 10-inclusive SREK1 through SRSF10 acts as an oncogenic driver in human hepatocellular carcinoma,https://www.ncbi.nlm.nih.gov/geo/query/acc.cgi?acc=GSE182102
GSE133424,LIHC,4,2021/12/30,Next Generation Sequencing Facilitates Quantitative Analysis of HGF treated (HGF+) and matched control (HGF-) HepG2 cells,https://www.ncbi.nlm.nih.gov/geo/query/acc.cgi?acc=GSE133424
GSE184398,LIHC,1072,2021/12/29,RNA-sequencing of tumor infiltrating cells across 12 different solid tumors type,https://www.ncbi.nlm.nih.gov/geo/query/acc.cgi?acc=GSE184398
GSE192617,LIHC,6,2021/12/28,Transcriptomic alteration after miR-6126 tranfection into HepG2-NTCP,https://www.ncbi.nlm.nih.gov/geo/query/acc.cgi?acc=GSE192617
GSE189899,LIHC,17,2021/12/27,Comparative analysis of multiple human cell lines reveals distinct stability regulation of alternative polyadenylation isoforms and mitochon,https://www.ncbi.nlm.nih.gov/geo/query/acc.cgi?acc=GSE189899
GSE190255,LIHC,6,2021/12/13,hsa_circ_0098181-mRNA-seq,https://www.ncbi.nlm.nih.gov/geo/query/acc.cgi?acc=GSE190255
GSE190174,LIHC,10,2021/12/09,Hsa_circ_0098181 suppresses hepatocellular carcinoma through miR-18a-3p/PPARA axis,https://www.ncbi.nlm.nih.gov/geo/query/acc.cgi?acc=GSE190174
GSE190277,LIHC,12,2021/12/08,Innate triggering and antiviral effector functions of activin A,https://www.ncbi.nlm.nih.gov/geo/query/acc.cgi?acc=GSE190277
GSE190076,LIHC,6,2021/12/05,Transcriptome Analysis of Liver cancer cell Huh-7 Treated with Metformin,https://www.ncbi.nlm.nih.gov/geo/query/acc.cgi?acc=GSE190076
GSE183915,LIHC,17,2021/11/30,Transcriptome-Wide Analysis of Human Liver Reveals Age-Related Differences in the Expression of Select Functional Gene Clusters and Evidence,https://www.ncbi.nlm.nih.gov/geo/query/acc.cgi?acc=GSE183915
GSE151895,LIHC,8,2021/11/24,Group-2 Innate Lymphoid Cells Promote Hepatocellular Carcinoma Progression via CXCL2-Neutrophil Induced Immunosuppression,https://www.ncbi.nlm.nih.gov/geo/query/acc.cgi?acc=GSE151895
GSE189175,LIHC,6,2021/11/23,Single-nucleus RNA-seq of NASH HCC liver tissue,https://www.ncbi.nlm.nih.gov/geo/query/acc.cgi?acc=GSE189175
GSE188774,LIHC,6,2021/11/21,Effect of HKDC1 ablation on hepatocellular carcinoma proliferation,https://www.ncbi.nlm.nih.gov/geo/query/acc.cgi?acc=GSE188774
GSE186933,LIHC,6,2021/11/19,The regulatory role of lncRNA AC093797.1 in the Hepatocellular carcinoma cell line HCCLM3 in nude mice.,https://www.ncbi.nlm.nih.gov/geo/query/acc.cgi?acc=GSE186933
GSE188582,LIHC,2,2021/11/17,Growth Differentiation Factor 1-Induced Tumour Plasticity Provides A Therapeutic Window for Immunotherapy in Hepatocellular Carcinoma,https://www.ncbi.nlm.nih.gov/geo/query/acc.cgi?acc=GSE188582
GSE122482,LIHC,20,2021/11/13,The circular RNA profiling of 10 paired HCC and matched peritumor tissues,https://www.ncbi.nlm.nih.gov/geo/query/acc.cgi?acc=GSE122482
GSE180158,LIHC,80,2021/11/12,Sequence determinants of human gene regulatory elements,https://www.ncbi.nlm.nih.gov/geo/query/acc.cgi?acc=GSE180158
GSE180146,LIHC,18,2021/11/12,"Sequence determinants of human gene regulatory elements, RNA-seq experiments",https://www.ncbi.nlm.nih.gov/geo/query/acc.cgi?acc=GSE180146
GSE187689,LIHC,2,2021/11/04,BruUV-seq from HepG2 (ENCSR555WGR),https://www.ncbi.nlm.nih.gov/geo/query/acc.cgi?acc=GSE187689
GSE181922,LIHC,49,2021/11/03,Multi-omic analysis of microRNA-mediated regulation reveals a proliferative axis involving miR-10b in fibrolamellar carcinoma,https://www.ncbi.nlm.nih.gov/geo/query/acc.cgi?acc=GSE181922
GSE186862,LIHC,6,2021/11/01,HBx increases chromatin accessibility and ETV4 expression to regulate Dishevelled-2 and promote HCC progression,https://www.ncbi.nlm.nih.gov/geo/query/acc.cgi?acc=GSE186862
GSE173897,LIHC,95,2021/11/01,Expression of genes associated with poor prognosis from hepatocellular carcinoma are increased in peripheral blood from Hmong with active he,https://www.ncbi.nlm.nih.gov/geo/query/acc.cgi?acc=GSE173897
GSE140148,LIHC,6,2021/11/01,mRNA expression changes in miR-19a treated cells,https://www.ncbi.nlm.nih.gov/geo/query/acc.cgi?acc=GSE140148
GSE121905,LIHC,28,2021/10/26,Transcriptome of stem cell derived hepatocytes and hepG2 cells under conditions of amino acid supplementation,https://www.ncbi.nlm.nih.gov/geo/query/acc.cgi?acc=GSE121905
GSE117815,LIHC,8,2021/10/19,RNA-seq of NIH 3T3 and HepG2 cells after arsenite treatment,https://www.ncbi.nlm.nih.gov/geo/query/acc.cgi?acc=GSE117815
GSE185799,LIHC,6,2021/10/16,High-throughput sequencing approach for the identification of lncRNA biomarkers in hepatocellular carcinoma and reveal the effect of ZFAS1 o,https://www.ncbi.nlm.nih.gov/geo/query/acc.cgi?acc=GSE185799
GSE185655,LIHC,8,2021/10/13,Regulation of hepatocellular carcinoma growth by UPF1 variants not through nonsense-mediated mRNA decay,https://www.ncbi.nlm.nih.gov/geo/query/acc.cgi?acc=GSE185655
GSE172053,LIHC,81,2021/10/12,"IFNγ induces a dynamic and complex transcriptional, chromatin and enhancer landscape",https://www.ncbi.nlm.nih.gov/geo/query/acc.cgi?acc=GSE172053
GSE185417,LIHC,5,2021/10/09,RNA-Seq analysis of HCV long-term infection cells,https://www.ncbi.nlm.nih.gov/geo/query/acc.cgi?acc=GSE185417
GSE182635,LIHC,3,2021/10/01,WSB1 regulates c-Myc expression through β-Catenin signalling and forms a feedforward circuit.,https://www.ncbi.nlm.nih.gov/geo/query/acc.cgi?acc=GSE182635
GSE167023,LIHC,4,2021/10/01,PHF5A coordinates p300 for epigenetic regulation of lipogenesis to promote hepatocellular carcinoma progression,https://www.ncbi.nlm.nih.gov/geo/query/acc.cgi?acc=GSE167023
GSE176289,LIHC,96,2021/09/29,Integrative analysis of DNA methylation and microRNA expression reveals mechanisms of disparity in hepatocellular carcinoma,https://www.ncbi.nlm.nih.gov/geo/query/acc.cgi?acc=GSE176289
GSE176271,LIHC,32,2021/09/29,Integrative analysis of DNA methylation and microRNA expression reveals mechanisms of disparity in hepatocellular carcinoma [RNA-Seq],https://www.ncbi.nlm.nih.gov/geo/query/acc.cgi?acc=GSE176271
GSE184729,LIHC,6,2021/09/26,Transcriptome (RNA-seq) of Huh7 cells non-infected (NI) or infected (Inf.) with the pathogen Listeria monocytogenes (strain EGD-e),https://www.ncbi.nlm.nih.gov/geo/query/acc.cgi?acc=GSE184729
GSE184697,LIHC,6,2021/09/25,Transcriptome (RNA-seq) of HepG2 cells non-infected (NI) or infected (Inf.) with the pathogen Listeria monocytogenes (strain EGD-e),https://www.ncbi.nlm.nih.gov/geo/query/acc.cgi?acc=GSE184697
GSE183406,LIHC,29,2021/09/25,Human hepatocellular carcinoma RNAseq data,https://www.ncbi.nlm.nih.gov/geo/query/acc.cgi?acc=GSE183406
GSE168186,LIHC,83,2021/09/23,Hepatitis C virus scarring of the epigenome and creates targetable vulnerabilities following viral clearance,https://www.ncbi.nlm.nih.gov/geo/query/acc.cgi?acc=GSE168186
GSE168178,LIHC,52,2021/09/23,Clearance of chronic hepatitis C virus infection leaves scars on the epigenome driven by an interferon response and creates targetable vulne,https://www.ncbi.nlm.nih.gov/geo/query/acc.cgi?acc=GSE168178
GSE88805,LIHC,109,2021/09/17,RNA binding proteins in cancer spliceome,https://www.ncbi.nlm.nih.gov/geo/query/acc.cgi?acc=GSE88805
GSE145038,LIHC,54,2021/09/15,Intracellular accumulation of IFN-λ4 contributes to protection from liver cirrhosis by inducing ER stress and enhancing IRF1 signaling,https://www.ncbi.nlm.nih.gov/geo/query/acc.cgi?acc=GSE145038
GSE87410,LIHC,100,2021/09/15,50 pairs of transcriptomes from 50 patients covering 9 types of cancer,https://www.ncbi.nlm.nih.gov/geo/query/acc.cgi?acc=GSE87410
GSE183592,LIHC,21,2021/09/14,A cell-based platform for the investigation of immunoproteasome subunit β5i expression and biology of β5i-containing proteasomes,https://www.ncbi.nlm.nih.gov/geo/query/acc.cgi?acc=GSE183592
GSE183751,LIHC,2,2021/09/12,CDC7 inhibition in PLC/PRF/5 cells,https://www.ncbi.nlm.nih.gov/geo/query/acc.cgi?acc=GSE183751
GSE152256,LIHC,6,2021/09/12,"LncRNA SNHG17 contributes to proliferation, migration and poor prognosis of hepatocellular carcinoma",https://www.ncbi.nlm.nih.gov/geo/query/acc.cgi?acc=GSE152256
GSE153989,LIHC,2,2021/09/10,ENO1 suppresses cancer cell ferroptosis by degrading the mRNA of iron regulatory protein 1,https://www.ncbi.nlm.nih.gov/geo/query/acc.cgi?acc=GSE153989
GSE157636,LIHC,105,2021/09/06,ZMYND8 is potential selective therapeutic target for modulating the IRF8/MYC transcriptional networks in AML,https://www.ncbi.nlm.nih.gov/geo/query/acc.cgi?acc=GSE157636
GSE157632,LIHC,36,2021/09/06,Gene expression change after inactivation of ZMYND8 by CRISPR-Cas9,https://www.ncbi.nlm.nih.gov/geo/query/acc.cgi?acc=GSE157632
GSE160913,LIHC,6,2021/09/02,RNA-Seq in Hep3B-shNC and Hep3B-shlnc-CTHCC cells,https://www.ncbi.nlm.nih.gov/geo/query/acc.cgi?acc=GSE160913
GSE157086,LIHC,184,2021/09/01,Large-scale genomic alterations identified in cancer patients on the course of cancer recovery with complementary Huaier treatment identifie,https://www.ncbi.nlm.nih.gov/geo/query/acc.cgi?acc=GSE157086
GSE175716,LIHC,7,2021/08/24,Activation of FcRn mediates a primary resistance response to sorafenib in hepatocellular carcinoma by single-cell RNA sequencing,https://www.ncbi.nlm.nih.gov/geo/query/acc.cgi?acc=GSE175716
GSE182142,LIHC,4,2021/08/22,RNA-seq analysis of Huh7 cells based on NME7 knockdown,https://www.ncbi.nlm.nih.gov/geo/query/acc.cgi?acc=GSE182142
GSE181771,LIHC,12,2021/08/20,YAP/TAZ and ATF4 collaboratively drive resistance to Sorafenib therapy in hepatocellular carcinoma by preventing ferroptosis,https://www.ncbi.nlm.nih.gov/geo/query/acc.cgi?acc=GSE181771
GSE118820,LIHC,6,2021/08/19,VersicanV1 promotes proliferation and metastasis of hepatocellular carcinoma through the activation of EGFR-PI3K-AKT pathway,https://www.ncbi.nlm.nih.gov/geo/query/acc.cgi?acc=GSE118820
GSE179795,LIHC,24,2021/08/11,The Tumor Microenvironment Shapes Innate Lymphoid Cells in Patients with Hepatocellular Carcinoma,https://www.ncbi.nlm.nih.gov/geo/query/acc.cgi?acc=GSE179795
GSE179746,LIHC,58,2021/08/11,The Tumor Microenvironment Shapes Innate Lymphoid Cells in Patients with Hepatocellular Carcinoma,https://www.ncbi.nlm.nih.gov/geo/query/acc.cgi?acc=GSE179746
GSE171294,LIHC,8,2021/08/03,The next-generation sequencing was helpful for the quantitative analysis of the normal control group and the liver fibrosis group,https://www.ncbi.nlm.nih.gov/geo/query/acc.cgi?acc=GSE171294
GSE180666,LIHC,29,2021/07/29,Modeling Hepatoblastoma,https://www.ncbi.nlm.nih.gov/geo/query/acc.cgi?acc=GSE180666
GSE180664,LIHC,22,2021/07/29,Modeling Hepatoblastoma: Identification of Distinct Tumor Cell Populations and Key Genetic Mechanisms through Single Cell Sequencing (bulk),https://www.ncbi.nlm.nih.gov/geo/query/acc.cgi?acc=GSE180664
GSE158458,LIHC,16,2021/07/27,USP29-mediated HIF1a stabilization promotes Sorafenib resistance of hepatocellular carcinoma cells by upregulating glycolysis,https://www.ncbi.nlm.nih.gov/geo/query/acc.cgi?acc=GSE158458
GSE157905,LIHC,16,2021/07/22,"RNA Sequencing of HCC cells after lenvatinib, gefitinib, and combination treatment",https://www.ncbi.nlm.nih.gov/geo/query/acc.cgi?acc=GSE157905
GSE171360,LIHC,288,2021/07/21,CometChip® and TempO-Seq®: A high-throughput 96-well platform to measure and classify DNA damaging agents in human HepaRG™ Cells [HCC3],https://www.ncbi.nlm.nih.gov/geo/query/acc.cgi?acc=GSE171360
GSE178756,LIHC,21,2021/07/19,Single-cell transcriptomic analyses of T cells in chronic HCV-infected patients dominated by DAA-induced interferon signaling changes,https://www.ncbi.nlm.nih.gov/geo/query/acc.cgi?acc=GSE178756
GSE169084,LIHC,12,2021/07/19,A human liver cell-based system modeling a clinical prognostic liver signature combined with single-cell RNA-Seq for discovery of liver dise,https://www.ncbi.nlm.nih.gov/geo/query/acc.cgi?acc=GSE169084
GSE180243,LIHC,6,2021/07/18,A survey of optimal strategy for signature-based drug repositioning and an application to liver cancer,https://www.ncbi.nlm.nih.gov/geo/query/acc.cgi?acc=GSE180243
GSE171983,LIHC,6,2021/07/15,Deciphering the effects of PYCR1 on cell function and its associated mechanism in hepatocellular carcinoma,https://www.ncbi.nlm.nih.gov/geo/query/acc.cgi?acc=GSE171983
GSE179661,LIHC,8,2021/07/14,A novel mechanism of Cannabidiol in suppressing hepatocellular carcinoma by inducing GSDME dependent pyroptosis,https://www.ncbi.nlm.nih.gov/geo/query/acc.cgi?acc=GSE179661
GSE134195,LIHC,14,2021/07/12,Next Generation Sequencing Facilitates Quantitative Analysis of Transcriptomes Caused by Dexamethasone Treatment in Cancer Cells,https://www.ncbi.nlm.nih.gov/geo/query/acc.cgi?acc=GSE134195
GSE173576,LIHC,6,2021/07/09,Next generation sequencing of transcriptomic change in NTCP-reconstituted HepG2 cells after hepatocyte maintanace medium treatment,https://www.ncbi.nlm.nih.gov/geo/query/acc.cgi?acc=GSE173576
GSE115646,LIHC,185,2021/07/09,The regulatory impact of RNA-binding proteins on microRNA targeting,https://www.ncbi.nlm.nih.gov/geo/query/acc.cgi?acc=GSE115646
GSE169394,LIHC,4,2021/07/07,Gene expression profiles of  WDR4 knockdown in HCC cells,https://www.ncbi.nlm.nih.gov/geo/query/acc.cgi?acc=GSE169394
GSE133858,LIHC,4,2021/07/05,RNA-sequencing data from PLC/PRF/5 cells with NC or USP22 knockdown (shUSP22) under hypoxic condition,https://www.ncbi.nlm.nih.gov/geo/query/acc.cgi?acc=GSE133858
GSE173671,LIHC,2,2021/07/01,A human liver cell-based system modeling a clinical prognostic liver signature combined with single-cell RNA-Seq for discovery of liver dise,https://www.ncbi.nlm.nih.gov/geo/query/acc.cgi?acc=GSE173671
GSE81040,LIHC,40,2021/07/01,High-throughput single-cell RNA-Seq profiling of DMSO-differentiated Huh7.5.1 undergoing or not long-term HCV infection,https://www.ncbi.nlm.nih.gov/geo/query/acc.cgi?acc=GSE81040
GSE168544,LIHC,8,2021/06/28,Loss-of-function genetic screening identifies ALDOA as an essential driver for hepatocellular carcinoma cell growth under hypoxia,https://www.ncbi.nlm.nih.gov/geo/query/acc.cgi?acc=GSE168544
GSE66843,LIHC,265,2021/06/28,A cell-based model unravels drivers for hepatocarcinogenesis and targets for clinical chemoprevention,https://www.ncbi.nlm.nih.gov/geo/query/acc.cgi?acc=GSE66843
GSE174492,LIHC,26,2021/06/26,METTL1 promotes hepatocarcinogenesis via m7G tRNA modification dependent translation control,https://www.ncbi.nlm.nih.gov/geo/query/acc.cgi?acc=GSE174492
GSE178280,LIHC,8,2021/06/17,A transcriptomic analysis of  EDN1 overexpression in HepG2 cells.,https://www.ncbi.nlm.nih.gov/geo/query/acc.cgi?acc=GSE178280
GSE178067,LIHC,2,2021/06/15,CRISPR RNA-seq from HepG2 (ENCSR999MAE),https://www.ncbi.nlm.nih.gov/geo/query/acc.cgi?acc=GSE178067
GSE178063,LIHC,2,2021/06/15,shRNA RNA-seq from HepG2 (ENCSR997HCQ),https://www.ncbi.nlm.nih.gov/geo/query/acc.cgi?acc=GSE178063
GSE178055,LIHC,2,2021/06/15,CRISPR RNA-seq from HepG2 (ENCSR991XFO),https://www.ncbi.nlm.nih.gov/geo/query/acc.cgi?acc=GSE178055
GSE178049,LIHC,2,2021/06/15,CRISPR RNA-seq from HepG2 (ENCSR989GNV),https://www.ncbi.nlm.nih.gov/geo/query/acc.cgi?acc=GSE178049
GSE178024,LIHC,2,2021/06/15,CRISPR RNA-seq from HepG2 (ENCSR884REL),https://www.ncbi.nlm.nih.gov/geo/query/acc.cgi?acc=GSE178024
GSE178002,LIHC,2,2021/06/15,CRISPR RNA-seq from HepG2 (ENCSR977NJB),https://www.ncbi.nlm.nih.gov/geo/query/acc.cgi?acc=GSE178002
GSE178001,LIHC,2,2021/06/15,CRISPR RNA-seq from HepG2 (ENCSR871XPX),https://www.ncbi.nlm.nih.gov/geo/query/acc.cgi?acc=GSE178001
GSE177989,LIHC,2,2021/06/15,CRISPR RNA-seq from HepG2 (ENCSR865WQR),https://www.ncbi.nlm.nih.gov/geo/query/acc.cgi?acc=GSE177989
GSE177976,LIHC,2,2021/06/15,CRISPR RNA-seq from HepG2 (ENCSR862BCF),https://www.ncbi.nlm.nih.gov/geo/query/acc.cgi?acc=GSE177976
GSE177969,LIHC,2,2021/06/15,CRISPR RNA-seq from HepG2 (ENCSR861BRA),https://www.ncbi.nlm.nih.gov/geo/query/acc.cgi?acc=GSE177969
GSE177956,LIHC,2,2021/06/15,CRISPR RNA-seq from HepG2 (ENCSR964YLV),https://www.ncbi.nlm.nih.gov/geo/query/acc.cgi?acc=GSE177956
GSE177955,LIHC,2,2021/06/15,CRISPR RNA-seq from HepG2 (ENCSR853AOV),https://www.ncbi.nlm.nih.gov/geo/query/acc.cgi?acc=GSE177955
GSE177952,LIHC,2,2021/06/15,CRISPR RNA-seq from HepG2 (ENCSR964HKT),https://www.ncbi.nlm.nih.gov/geo/query/acc.cgi?acc=GSE177952
GSE177945,LIHC,2,2021/06/15,CRISPR RNA-seq from HepG2 (ENCSR959HPB),https://www.ncbi.nlm.nih.gov/geo/query/acc.cgi?acc=GSE177945
GSE177928,LIHC,2,2021/06/15,CRISPR RNA-seq from HepG2 (ENCSR845MNM),https://www.ncbi.nlm.nih.gov/geo/query/acc.cgi?acc=GSE177928
GSE177918,LIHC,2,2021/06/15,shRNA RNA-seq from HepG2 (ENCSR840QOH),https://www.ncbi.nlm.nih.gov/geo/query/acc.cgi?acc=GSE177918
GSE177908,LIHC,2,2021/06/15,CRISPR RNA-seq from HepG2 (ENCSR836XZH),https://www.ncbi.nlm.nih.gov/geo/query/acc.cgi?acc=GSE177908
GSE177899,LIHC,2,2021/06/15,CRISPR RNA-seq from HepG2 (ENCSR940FIN),https://www.ncbi.nlm.nih.gov/geo/query/acc.cgi?acc=GSE177899
GSE177894,LIHC,2,2021/06/15,CRISPR RNA-seq from HepG2 (ENCSR834IFU),https://www.ncbi.nlm.nih.gov/geo/query/acc.cgi?acc=GSE177894
GSE177873,LIHC,2,2021/06/15,CRISPR RNA-seq from HepG2 (ENCSR932GTJ),https://www.ncbi.nlm.nih.gov/geo/query/acc.cgi?acc=GSE177873
GSE177868,LIHC,2,2021/06/15,CRISPR RNA-seq from HepG2 (ENCSR929JKA),https://www.ncbi.nlm.nih.gov/geo/query/acc.cgi?acc=GSE177868
GSE177867,LIHC,2,2021/06/15,CRISPR RNA-seq from HepG2 (ENCSR929EIP),https://www.ncbi.nlm.nih.gov/geo/query/acc.cgi?acc=GSE177867
GSE177865,LIHC,2,2021/06/15,CRISPR RNA-seq from HepG2 (ENCSR827PII),https://www.ncbi.nlm.nih.gov/geo/query/acc.cgi?acc=GSE177865
GSE177860,LIHC,2,2021/06/15,CRISPR RNA-seq from HepG2 (ENCSR925OFV),https://www.ncbi.nlm.nih.gov/geo/query/acc.cgi?acc=GSE177860
GSE177849,LIHC,2,2021/06/15,CRISPR RNA-seq from HepG2 (ENCSR821GQN),https://www.ncbi.nlm.nih.gov/geo/query/acc.cgi?acc=GSE177849
GSE177817,LIHC,2,2021/06/15,CRISPR RNA-seq from HepG2 (ENCSR814JQP),https://www.ncbi.nlm.nih.gov/geo/query/acc.cgi?acc=GSE177817
GSE177805,LIHC,2,2021/06/15,CRISPR RNA-seq from HepG2 (ENCSR909TFJ),https://www.ncbi.nlm.nih.gov/geo/query/acc.cgi?acc=GSE177805
GSE177794,LIHC,2,2021/06/15,CRISPR RNA-seq from HepG2 (ENCSR805TIZ),https://www.ncbi.nlm.nih.gov/geo/query/acc.cgi?acc=GSE177794
GSE177786,LIHC,2,2021/06/15,shRNA RNA-seq from HepG2 (ENCSR902VPO),https://www.ncbi.nlm.nih.gov/geo/query/acc.cgi?acc=GSE177786
GSE177780,LIHC,2,2021/06/15,shRNA RNA-seq from HepG2 (ENCSR696JWA),https://www.ncbi.nlm.nih.gov/geo/query/acc.cgi?acc=GSE177780
GSE177776,LIHC,2,2021/06/15,CRISPR RNA-seq from HepG2 (ENCSR695RQF),https://www.ncbi.nlm.nih.gov/geo/query/acc.cgi?acc=GSE177776
GSE177769,LIHC,2,2021/06/15,CRISPR RNA-seq from HepG2 (ENCSR687ITW),https://www.ncbi.nlm.nih.gov/geo/query/acc.cgi?acc=GSE177769
GSE177747,LIHC,2,2021/06/15,CRISPR RNA-seq from HepG2 (ENCSR796HOP),https://www.ncbi.nlm.nih.gov/geo/query/acc.cgi?acc=GSE177747
GSE177743,LIHC,2,2021/06/15,shRNA RNA-seq from HepG2 (ENCSR676SDU),https://www.ncbi.nlm.nih.gov/geo/query/acc.cgi?acc=GSE177743
GSE177732,LIHC,2,2021/06/15,CRISPR RNA-seq from HepG2 (ENCSR670KAS),https://www.ncbi.nlm.nih.gov/geo/query/acc.cgi?acc=GSE177732
GSE177722,LIHC,2,2021/06/15,CRISPR RNA-seq from HepG2 (ENCSR666QJU),https://www.ncbi.nlm.nih.gov/geo/query/acc.cgi?acc=GSE177722
GSE177720,LIHC,2,2021/06/15,CRISPR RNA-seq from HepG2 (ENCSR666FOS),https://www.ncbi.nlm.nih.gov/geo/query/acc.cgi?acc=GSE177720
GSE177697,LIHC,2,2021/06/15,CRISPR RNA-seq from HepG2 (ENCSR659DRE),https://www.ncbi.nlm.nih.gov/geo/query/acc.cgi?acc=GSE177697
GSE177696,LIHC,2,2021/06/15,CRISPR RNA-seq from HepG2 (ENCSR775ZWO),https://www.ncbi.nlm.nih.gov/geo/query/acc.cgi?acc=GSE177696
GSE177644,LIHC,2,2021/06/15,shRNA RNA-seq from HepG2 (ENCSR756VLW),https://www.ncbi.nlm.nih.gov/geo/query/acc.cgi?acc=GSE177644
GSE177633,LIHC,2,2021/06/15,CRISPR RNA-seq from HepG2 (ENCSR637CZY),https://www.ncbi.nlm.nih.gov/geo/query/acc.cgi?acc=GSE177633
GSE177632,LIHC,2,2021/06/15,CRISPR RNA-seq from HepG2 (ENCSR636PNL),https://www.ncbi.nlm.nih.gov/geo/query/acc.cgi?acc=GSE177632
GSE177631,LIHC,2,2021/06/15,CRISPR RNA-seq from HepG2 (ENCSR636DVA),https://www.ncbi.nlm.nih.gov/geo/query/acc.cgi?acc=GSE177631
GSE177622,LIHC,2,2021/06/15,CRISPR RNA-seq from HepG2 (ENCSR751TUX),https://www.ncbi.nlm.nih.gov/geo/query/acc.cgi?acc=GSE177622
GSE177618,LIHC,2,2021/06/15,CRISPR RNA-seq from HepG2 (ENCSR750CPT),https://www.ncbi.nlm.nih.gov/geo/query/acc.cgi?acc=GSE177618
GSE177615,LIHC,2,2021/06/15,CRISPR RNA-seq from HepG2 (ENCSR749QMU),https://www.ncbi.nlm.nih.gov/geo/query/acc.cgi?acc=GSE177615
GSE177607,LIHC,2,2021/06/15,CRISPR RNA-seq from HepG2 (ENCSR624YDI),https://www.ncbi.nlm.nih.gov/geo/query/acc.cgi?acc=GSE177607
GSE177586,LIHC,2,2021/06/15,shRNA RNA-seq from HepG2 (ENCSR736TAW),https://www.ncbi.nlm.nih.gov/geo/query/acc.cgi?acc=GSE177586
GSE177583,LIHC,2,2021/06/15,CRISPR RNA-seq from HepG2 (ENCSR733MVT),https://www.ncbi.nlm.nih.gov/geo/query/acc.cgi?acc=GSE177583
GSE177561,LIHC,2,2021/06/15,CRISPR RNA-seq from HepG2 (ENCSR723QPD),https://www.ncbi.nlm.nih.gov/geo/query/acc.cgi?acc=GSE177561
GSE177540,LIHC,2,2021/06/15,CRISPR RNA-seq from HepG2 (ENCSR718RBZ),https://www.ncbi.nlm.nih.gov/geo/query/acc.cgi?acc=GSE177540
GSE177530,LIHC,2,2021/06/15,CRISPR RNA-seq from HepG2 (ENCSR606QVN),https://www.ncbi.nlm.nih.gov/geo/query/acc.cgi?acc=GSE177530
GSE177528,LIHC,2,2021/06/15,CRISPR RNA-seq from HepG2 (ENCSR606PVX),https://www.ncbi.nlm.nih.gov/geo/query/acc.cgi?acc=GSE177528
GSE177524,LIHC,2,2021/06/15,CRISPR RNA-seq from HepG2 (ENCSR715QWM),https://www.ncbi.nlm.nih.gov/geo/query/acc.cgi?acc=GSE177524
GSE177516,LIHC,2,2021/06/15,CRISPR RNA-seq from HepG2 (ENCSR713OTF),https://www.ncbi.nlm.nih.gov/geo/query/acc.cgi?acc=GSE177516
GSE177505,LIHC,2,2021/06/15,CRISPR RNA-seq from HepG2 (ENCSR603TOC),https://www.ncbi.nlm.nih.gov/geo/query/acc.cgi?acc=GSE177505
GSE177497,LIHC,2,2021/06/15,CRISPR RNA-seq from HepG2 (ENCSR704VPL),https://www.ncbi.nlm.nih.gov/geo/query/acc.cgi?acc=GSE177497
GSE177495,LIHC,2,2021/06/15,CRISPR RNA-seq from HepG2 (ENCSR702LIH),https://www.ncbi.nlm.nih.gov/geo/query/acc.cgi?acc=GSE177495
GSE177491,LIHC,2,2021/06/15,CRISPR RNA-seq from HepG2 (ENCSR700FWD),https://www.ncbi.nlm.nih.gov/geo/query/acc.cgi?acc=GSE177491
GSE177473,LIHC,2,2021/06/15,CRISPR RNA-seq from HepG2 (ENCSR599NNK),https://www.ncbi.nlm.nih.gov/geo/query/acc.cgi?acc=GSE177473
GSE177463,LIHC,2,2021/06/15,CRISPR RNA-seq from HepG2 (ENCSR592AQT),https://www.ncbi.nlm.nih.gov/geo/query/acc.cgi?acc=GSE177463
GSE177454,LIHC,2,2021/06/15,CRISPR RNA-seq from HepG2 (ENCSR586YGD),https://www.ncbi.nlm.nih.gov/geo/query/acc.cgi?acc=GSE177454
GSE177451,LIHC,2,2021/06/15,shRNA RNA-seq from HepG2 (ENCSR584UYK),https://www.ncbi.nlm.nih.gov/geo/query/acc.cgi?acc=GSE177451
GSE177432,LIHC,2,2021/06/15,CRISPR RNA-seq from HepG2 (ENCSR580XTY),https://www.ncbi.nlm.nih.gov/geo/query/acc.cgi?acc=GSE177432
GSE177409,LIHC,2,2021/06/15,CRISPR RNA-seq from HepG2 (ENCSR383QYT),https://www.ncbi.nlm.nih.gov/geo/query/acc.cgi?acc=GSE177409
GSE177398,LIHC,2,2021/06/15,CRISPR RNA-seq from HepG2 (ENCSR484QEX),https://www.ncbi.nlm.nih.gov/geo/query/acc.cgi?acc=GSE177398
GSE177394,LIHC,2,2021/06/15,CRISPR RNA-seq from HepG2 (ENCSR380LKB),https://www.ncbi.nlm.nih.gov/geo/query/acc.cgi?acc=GSE177394
GSE177388,LIHC,2,2021/06/15,CRISPR RNA-seq from HepG2 (ENCSR481WJH),https://www.ncbi.nlm.nih.gov/geo/query/acc.cgi?acc=GSE177388
GSE177383,LIHC,2,2021/06/15,CRISPR RNA-seq from HepG2 (ENCSR481AIB),https://www.ncbi.nlm.nih.gov/geo/query/acc.cgi?acc=GSE177383
GSE177373,LIHC,2,2021/06/15,CRISPR RNA-seq from HepG2 (ENCSR474EJY),https://www.ncbi.nlm.nih.gov/geo/query/acc.cgi?acc=GSE177373
GSE177367,LIHC,2,2021/06/15,CRISPR RNA-seq from HepG2 (ENCSR565ZPZ),https://www.ncbi.nlm.nih.gov/geo/query/acc.cgi?acc=GSE177367
GSE177359,LIHC,2,2021/06/15,CRISPR RNA-seq from HepG2 (ENCSR471INA),https://www.ncbi.nlm.nih.gov/geo/query/acc.cgi?acc=GSE177359
GSE177349,LIHC,2,2021/06/15,CRISPR RNA-seq from HepG2 (ENCSR561IMV),https://www.ncbi.nlm.nih.gov/geo/query/acc.cgi?acc=GSE177349
GSE177346,LIHC,2,2021/06/15,CRISPR RNA-seq from HepG2 (ENCSR468LEL),https://www.ncbi.nlm.nih.gov/geo/query/acc.cgi?acc=GSE177346
GSE177345,LIHC,2,2021/06/15,CRISPR RNA-seq from HepG2 (ENCSR556TJU),https://www.ncbi.nlm.nih.gov/geo/query/acc.cgi?acc=GSE177345
GSE177334,LIHC,2,2021/06/15,shRNA RNA-seq from HepG2 (ENCSR466NRW),https://www.ncbi.nlm.nih.gov/geo/query/acc.cgi?acc=GSE177334
GSE177313,LIHC,2,2021/06/15,CRISPR RNA-seq from HepG2 (ENCSR548OTL),https://www.ncbi.nlm.nih.gov/geo/query/acc.cgi?acc=GSE177313
GSE177310,LIHC,2,2021/06/15,CRISPR RNA-seq from HepG2 (ENCSR548ORV),https://www.ncbi.nlm.nih.gov/geo/query/acc.cgi?acc=GSE177310
GSE177303,LIHC,2,2021/06/15,CRISPR RNA-seq from HepG2 (ENCSR455KXW),https://www.ncbi.nlm.nih.gov/geo/query/acc.cgi?acc=GSE177303
GSE177294,LIHC,2,2021/06/15,CRISPR RNA-seq from HepG2 (ENCSR544LEZ),https://www.ncbi.nlm.nih.gov/geo/query/acc.cgi?acc=GSE177294
GSE177291,LIHC,2,2021/06/15,CRISPR RNA-seq from HepG2 (ENCSR367BWL),https://www.ncbi.nlm.nih.gov/geo/query/acc.cgi?acc=GSE177291
GSE177254,LIHC,2,2021/06/15,CRISPR RNA-seq from HepG2 (ENCSR444IOJ),https://www.ncbi.nlm.nih.gov/geo/query/acc.cgi?acc=GSE177254
GSE177237,LIHC,2,2021/06/15,CRISPR RNA-seq from HepG2 (ENCSR439TMT),https://www.ncbi.nlm.nih.gov/geo/query/acc.cgi?acc=GSE177237
GSE177234,LIHC,2,2021/06/15,shRNA RNA-seq from HepG2 (ENCSR438UOT),https://www.ncbi.nlm.nih.gov/geo/query/acc.cgi?acc=GSE177234
GSE177233,LIHC,2,2021/06/15,CRISPR RNA-seq from HepG2 (ENCSR437GYG),https://www.ncbi.nlm.nih.gov/geo/query/acc.cgi?acc=GSE177233
GSE177219,LIHC,2,2021/06/15,CRISPR RNA-seq from HepG2 (ENCSR532IHF),https://www.ncbi.nlm.nih.gov/geo/query/acc.cgi?acc=GSE177219
GSE177214,LIHC,2,2021/06/15,shRNA RNA-seq from HepG2 (ENCSR431SXF),https://www.ncbi.nlm.nih.gov/geo/query/acc.cgi?acc=GSE177214
GSE177213,LIHC,2,2021/06/15,CRISPR RNA-seq from HepG2 (ENCSR429OUR),https://www.ncbi.nlm.nih.gov/geo/query/acc.cgi?acc=GSE177213
GSE177212,LIHC,2,2021/06/15,CRISPR RNA-seq from HepG2 (ENCSR428WVZ),https://www.ncbi.nlm.nih.gov/geo/query/acc.cgi?acc=GSE177212
GSE177209,LIHC,2,2021/06/15,CRISPR RNA-seq from HepG2 (ENCSR426JCD),https://www.ncbi.nlm.nih.gov/geo/query/acc.cgi?acc=GSE177209
GSE177187,LIHC,2,2021/06/15,CRISPR RNA-seq from HepG2 (ENCSR528LDT),https://www.ncbi.nlm.nih.gov/geo/query/acc.cgi?acc=GSE177187
GSE177178,LIHC,2,2021/06/15,CRISPR RNA-seq from HepG2 (ENCSR416YFB),https://www.ncbi.nlm.nih.gov/geo/query/acc.cgi?acc=GSE177178
GSE177171,LIHC,2,2021/06/15,CRISPR RNA-seq from HepG2 (ENCSR333OGA),https://www.ncbi.nlm.nih.gov/geo/query/acc.cgi?acc=GSE177171
GSE177167,LIHC,2,2021/06/15,CRISPR RNA-seq from HepG2 (ENCSR521WAI),https://www.ncbi.nlm.nih.gov/geo/query/acc.cgi?acc=GSE177167
GSE177156,LIHC,2,2021/06/15,shRNA RNA-seq from HepG2 (ENCSR330KHN),https://www.ncbi.nlm.nih.gov/geo/query/acc.cgi?acc=GSE177156
GSE177141,LIHC,2,2021/06/15,shRNA RNA-seq from HepG2 (ENCSR409CSO),https://www.ncbi.nlm.nih.gov/geo/query/acc.cgi?acc=GSE177141
GSE177140,LIHC,2,2021/06/15,CRISPR RNA-seq from HepG2 (ENCSR324GSI),https://www.ncbi.nlm.nih.gov/geo/query/acc.cgi?acc=GSE177140
GSE177138,LIHC,2,2021/06/15,CRISPR RNA-seq from HepG2 (ENCSR323OPW),https://www.ncbi.nlm.nih.gov/geo/query/acc.cgi?acc=GSE177138
GSE177121,LIHC,2,2021/06/15,CRISPR RNA-seq from HepG2 (ENCSR312VLS),https://www.ncbi.nlm.nih.gov/geo/query/acc.cgi?acc=GSE177121
GSE177119,LIHC,2,2021/06/15,CRISPR RNA-seq from HepG2 (ENCSR312UYN),https://www.ncbi.nlm.nih.gov/geo/query/acc.cgi?acc=GSE177119
GSE177115,LIHC,2,2021/06/15,CRISPR RNA-seq from HepG2 (ENCSR511QFJ),https://www.ncbi.nlm.nih.gov/geo/query/acc.cgi?acc=GSE177115
GSE177107,LIHC,2,2021/06/15,CRISPR RNA-seq from HepG2 (ENCSR308EYT),https://www.ncbi.nlm.nih.gov/geo/query/acc.cgi?acc=GSE177107
GSE177102,LIHC,2,2021/06/15,CRISPR RNA-seq from HepG2 (ENCSR306EWE),https://www.ncbi.nlm.nih.gov/geo/query/acc.cgi?acc=GSE177102
GSE177085,LIHC,2,2021/06/15,CRISPR RNA-seq from HepG2 (ENCSR300RMY),https://www.ncbi.nlm.nih.gov/geo/query/acc.cgi?acc=GSE177085
GSE177074,LIHC,2,2021/06/15,CRISPR RNA-seq from HepG2 (ENCSR504CPZ),https://www.ncbi.nlm.nih.gov/geo/query/acc.cgi?acc=GSE177074
GSE177072,LIHC,2,2021/06/15,CRISPR RNA-seq from HepG2 (ENCSR400YKV),https://www.ncbi.nlm.nih.gov/geo/query/acc.cgi?acc=GSE177072
GSE177070,LIHC,2,2021/06/15,CRISPR RNA-seq from HepG2 (ENCSR400XYB),https://www.ncbi.nlm.nih.gov/geo/query/acc.cgi?acc=GSE177070
GSE177067,LIHC,2,2021/06/15,CRISPR RNA-seq from HepG2 (ENCSR400SCX),https://www.ncbi.nlm.nih.gov/geo/query/acc.cgi?acc=GSE177067
GSE177065,LIHC,2,2021/06/15,CRISPR RNA-seq from HepG2 (ENCSR300EBW),https://www.ncbi.nlm.nih.gov/geo/query/acc.cgi?acc=GSE177065
GSE177017,LIHC,2,2021/06/15,CRISPR RNA-seq from HepG2 (ENCSR298AQX),https://www.ncbi.nlm.nih.gov/geo/query/acc.cgi?acc=GSE177017
GSE177010,LIHC,2,2021/06/15,CRISPR RNA-seq from HepG2 (ENCSR294DOR),https://www.ncbi.nlm.nih.gov/geo/query/acc.cgi?acc=GSE177010
GSE177003,LIHC,2,2021/06/15,CRISPR RNA-seq from HepG2 (ENCSR290GUQ),https://www.ncbi.nlm.nih.gov/geo/query/acc.cgi?acc=GSE177003
GSE177002,LIHC,2,2021/06/15,shRNA RNA-seq from HepG2 (ENCSR289HOV),https://www.ncbi.nlm.nih.gov/geo/query/acc.cgi?acc=GSE177002
GSE176996,LIHC,2,2021/06/15,CRISPR RNA-seq from HepG2 (ENCSR284SZO),https://www.ncbi.nlm.nih.gov/geo/query/acc.cgi?acc=GSE176996
GSE176986,LIHC,2,2021/06/15,CRISPR RNA-seq from HepG2 (ENCSR094HEU),https://www.ncbi.nlm.nih.gov/geo/query/acc.cgi?acc=GSE176986
GSE176985,LIHC,2,2021/06/15,shRNA RNA-seq from HepG2 (ENCSR093FHC),https://www.ncbi.nlm.nih.gov/geo/query/acc.cgi?acc=GSE176985
GSE176984,LIHC,2,2021/06/15,CRISPR RNA-seq from HepG2 (ENCSR279MNU),https://www.ncbi.nlm.nih.gov/geo/query/acc.cgi?acc=GSE176984
GSE176983,LIHC,2,2021/06/15,shRNA RNA-seq from HepG2 (ENCSR093ERJ),https://www.ncbi.nlm.nih.gov/geo/query/acc.cgi?acc=GSE176983
GSE176979,LIHC,2,2021/06/15,CRISPR RNA-seq from HepG2 (ENCSR278NFF),https://www.ncbi.nlm.nih.gov/geo/query/acc.cgi?acc=GSE176979
GSE176967,LIHC,2,2021/06/15,shRNA RNA-seq from HepG2 (ENCSR278CHI),https://www.ncbi.nlm.nih.gov/geo/query/acc.cgi?acc=GSE176967
GSE176953,LIHC,2,2021/06/15,CRISPR RNA-seq from HepG2 (ENCSR080NRY),https://www.ncbi.nlm.nih.gov/geo/query/acc.cgi?acc=GSE176953
GSE176947,LIHC,2,2021/06/15,CRISPR RNA-seq from HepG2 (ENCSR268XHM),https://www.ncbi.nlm.nih.gov/geo/query/acc.cgi?acc=GSE176947
GSE176935,LIHC,2,2021/06/15,CRISPR RNA-seq from HepG2 (ENCSR266XKN),https://www.ncbi.nlm.nih.gov/geo/query/acc.cgi?acc=GSE176935
GSE176934,LIHC,2,2021/06/15,CRISPR RNA-seq from HepG2 (ENCSR197XHV),https://www.ncbi.nlm.nih.gov/geo/query/acc.cgi?acc=GSE176934
GSE176929,LIHC,2,2021/06/15,CRISPR RNA-seq from HepG2 (ENCSR194SPW),https://www.ncbi.nlm.nih.gov/geo/query/acc.cgi?acc=GSE176929
GSE176902,LIHC,2,2021/06/15,shRNA RNA-seq from HepG2 (ENCSR184YDW),https://www.ncbi.nlm.nih.gov/geo/query/acc.cgi?acc=GSE176902
GSE176879,LIHC,2,2021/06/15,CRISPR RNA-seq from HepG2 (ENCSR175OSV),https://www.ncbi.nlm.nih.gov/geo/query/acc.cgi?acc=GSE176879
GSE176863,LIHC,2,2021/06/15,CRISPR RNA-seq from HepG2 (ENCSR166MWM),https://www.ncbi.nlm.nih.gov/geo/query/acc.cgi?acc=GSE176863
GSE176826,LIHC,2,2021/06/15,CRISPR RNA-seq from HepG2 (ENCSR242DBX),https://www.ncbi.nlm.nih.gov/geo/query/acc.cgi?acc=GSE176826
GSE176811,LIHC,2,2021/06/15,shRNA RNA-seq from HepG2 (ENCSR153GKS),https://www.ncbi.nlm.nih.gov/geo/query/acc.cgi?acc=GSE176811
GSE176779,LIHC,2,2021/06/15,CRISPR RNA-seq from HepG2 (ENCSR147RTA),https://www.ncbi.nlm.nih.gov/geo/query/acc.cgi?acc=GSE176779
GSE176771,LIHC,2,2021/06/15,CRISPR RNA-seq from HepG2 (ENCSR144HCM),https://www.ncbi.nlm.nih.gov/geo/query/acc.cgi?acc=GSE176771
GSE176759,LIHC,2,2021/06/15,CRISPR RNA-seq from HepG2 (ENCSR231RKU),https://www.ncbi.nlm.nih.gov/geo/query/acc.cgi?acc=GSE176759
GSE176746,LIHC,2,2021/06/15,shRNA RNA-seq from HepG2 (ENCSR225PRV),https://www.ncbi.nlm.nih.gov/geo/query/acc.cgi?acc=GSE176746
GSE176724,LIHC,2,2021/06/15,CRISPR RNA-seq from HepG2 (ENCSR036ANR),https://www.ncbi.nlm.nih.gov/geo/query/acc.cgi?acc=GSE176724
GSE176713,LIHC,2,2021/06/15,CRISPR RNA-seq from HepG2 (ENCSR035LEO),https://www.ncbi.nlm.nih.gov/geo/query/acc.cgi?acc=GSE176713
GSE176701,LIHC,2,2021/06/15,shRNA RNA-seq from HepG2 (ENCSR215FRI),https://www.ncbi.nlm.nih.gov/geo/query/acc.cgi?acc=GSE176701
GSE176695,LIHC,2,2021/06/15,CRISPR RNA-seq from HepG2 (ENCSR029VGU),https://www.ncbi.nlm.nih.gov/geo/query/acc.cgi?acc=GSE176695
GSE176677,LIHC,2,2021/06/15,CRISPR RNA-seq from HepG2 (ENCSR120WNJ),https://www.ncbi.nlm.nih.gov/geo/query/acc.cgi?acc=GSE176677
GSE176673,LIHC,2,2021/06/15,CRISPR RNA-seq from HepG2 (ENCSR020EBN),https://www.ncbi.nlm.nih.gov/geo/query/acc.cgi?acc=GSE176673
GSE176650,LIHC,2,2021/06/15,CRISPR RNA-seq from HepG2 (ENCSR013PBS),https://www.ncbi.nlm.nih.gov/geo/query/acc.cgi?acc=GSE176650
GSE176643,LIHC,2,2021/06/15,CRISPR RNA-seq from HepG2 (ENCSR010XIH),https://www.ncbi.nlm.nih.gov/geo/query/acc.cgi?acc=GSE176643
GSE176628,LIHC,2,2021/06/15,shRNA RNA-seq from HepG2 (ENCSR204QKA),https://www.ncbi.nlm.nih.gov/geo/query/acc.cgi?acc=GSE176628
GSE176622,LIHC,2,2021/06/15,CRISPR RNA-seq from HepG2 (ENCSR105NML),https://www.ncbi.nlm.nih.gov/geo/query/acc.cgi?acc=GSE176622
GSE176619,LIHC,2,2021/06/15,CRISPR RNA-seq from HepG2 (ENCSR005UDT),https://www.ncbi.nlm.nih.gov/geo/query/acc.cgi?acc=GSE176619
GSE176618,LIHC,2,2021/06/15,CRISPR RNA-seq from HepG2 (ENCSR005RUR),https://www.ncbi.nlm.nih.gov/geo/query/acc.cgi?acc=GSE176618
GSE176611,LIHC,2,2021/06/15,CRISPR RNA-seq from HepG2 (ENCSR202SRN),https://www.ncbi.nlm.nih.gov/geo/query/acc.cgi?acc=GSE176611
GSE176593,LIHC,2,2021/06/15,CRISPR RNA-seq from HepG2 (ENCSR002NQQ),https://www.ncbi.nlm.nih.gov/geo/query/acc.cgi?acc=GSE176593
GSE176586,LIHC,2,2021/06/15,CRISPR RNA-seq from HepG2 (ENCSR000SKS),https://www.ncbi.nlm.nih.gov/geo/query/acc.cgi?acc=GSE176586
GSE166284,LIHC,6,2021/06/14, Long noncoding RNA TP53TG1 suppresses the growth and metastasis of hepatocellular carcinoma by regulating the PRDX4/β-catenin pathway,https://www.ncbi.nlm.nih.gov/geo/query/acc.cgi?acc=GSE166284
GSE166635,LIHC,2,2021/06/09,TNFR2 HnRNPK-YAP Signaling Axis Promotes Primary Liver Cancer Development in Hepatic Progenitor Cells,https://www.ncbi.nlm.nih.gov/geo/query/acc.cgi?acc=GSE166635
GSE158552,LIHC,9,2021/06/09,Transcriptome sequencing wide functional analysis of human hepatocellular carcinoma in response to BRD4 inhibition,https://www.ncbi.nlm.nih.gov/geo/query/acc.cgi?acc=GSE158552
GSE140708,LIHC,6,2021/06/09,Mutual dependency between a lncRNA and NPM1 is crucial for tumor cell proliferation,https://www.ncbi.nlm.nih.gov/geo/query/acc.cgi?acc=GSE140708
GSE136456,LIHC,66,2021/06/09,Transcriptionally regulated energy metabolism drives early erythropoiesis,https://www.ncbi.nlm.nih.gov/geo/query/acc.cgi?acc=GSE136456
GSE176270,LIHC,4,2021/06/08,Expression profile of hepatocellular carcinoma-matrix interaction,https://www.ncbi.nlm.nih.gov/geo/query/acc.cgi?acc=GSE176270
GSE176151,LIHC,6,2021/06/05,PLEKHG5 stabilized by HDAC2-related deacetylation is the master regulator of sorafenib resistance in HCC,https://www.ncbi.nlm.nih.gov/geo/query/acc.cgi?acc=GSE176151
GSE158884,LIHC,22,2021/06/04,RNA-seq in HepG2 cells with YY1 knockdown,https://www.ncbi.nlm.nih.gov/geo/query/acc.cgi?acc=GSE158884
GSE175827,LIHC,4,2021/06/01,Function and Mechanism of METTL5-mediated 18S rRNA m6A1832 modification in hepatocellular carcinoma,https://www.ncbi.nlm.nih.gov/geo/query/acc.cgi?acc=GSE175827
GSE148503,LIHC,6,2021/05/31,Transcriptome RNA-Sequencing of regulated genes in Hep3B liver cancer cell by si-SMARCA4,https://www.ncbi.nlm.nih.gov/geo/query/acc.cgi?acc=GSE148503
GSE175627,LIHC,2,2021/05/28,Ectopic expression of Sox9 led to differential gene expression in HepG2 cells,https://www.ncbi.nlm.nih.gov/geo/query/acc.cgi?acc=GSE175627
GSE143551,LIHC,4,2021/05/26,Loss of TARBP2 Drives the Progression of Hepatocellular Carcinoma via miR-145-SERPINE1 Axis,https://www.ncbi.nlm.nih.gov/geo/query/acc.cgi?acc=GSE143551
GSE175454,LIHC,2,2021/05/25,Expression data comparing 8024 wild type (WT) and MAEL knockout (KO) cells,https://www.ncbi.nlm.nih.gov/geo/query/acc.cgi?acc=GSE175454
GSE175393,LIHC,8,2021/05/25,"mRNA expression profiling in MDA-MB-231 and HepG2 cells with 2 µM of ACP52C peptide treatment for 0, 12, 24, and 48 hours",https://www.ncbi.nlm.nih.gov/geo/query/acc.cgi?acc=GSE175393
GSE157893,LIHC,18,2021/05/25,An Engineered IL-15 Cytokine Mutein Fused to an Anti-PD1 Antibody Improves Intratumoral T Cell Function and Anti-tumor Immunity (human),https://www.ncbi.nlm.nih.gov/geo/query/acc.cgi?acc=GSE157893
GSE166923,LIHC,24,2021/05/24,"Gene expression profiling of HepG2 cell response to bortezomib in combination with nelfinavir or ISRIB, compounds targeting the eIF2a-ATF4 p",https://www.ncbi.nlm.nih.gov/geo/query/acc.cgi?acc=GSE166923
GSE175126,LIHC,1,2021/05/23,total RNA-seq from HepG2 (ENCSR245ATJ),https://www.ncbi.nlm.nih.gov/geo/query/acc.cgi?acc=GSE175126
GSE175006,LIHC,1,2021/05/23,long read RNA-seq from HepG2 (ENCSR634AKC),https://www.ncbi.nlm.nih.gov/geo/query/acc.cgi?acc=GSE175006
GSE169446,LIHC,2,2021/05/21,XCR1+ type 1 conventional dendritic cells drive liver pathology in Non-Alcoholic Steatohepatitis [10x scRNA-seq],https://www.ncbi.nlm.nih.gov/geo/query/acc.cgi?acc=GSE169446
GSE162706,LIHC,2,2021/05/01,RNA-seq for HepG2 cell line with AUF1 knockdown.,https://www.ncbi.nlm.nih.gov/geo/query/acc.cgi?acc=GSE162706
GSE173621,LIHC,2,2021/04/30,RNA-seq analysis of Huh7 cells based on PANK1 knockdown,https://www.ncbi.nlm.nih.gov/geo/query/acc.cgi?acc=GSE173621
GSE172400,LIHC,8,2021/04/21,Non-Terminally Exhausted Tumor-Resident Memory HBV-specific T Cell Responses Correlate with Relapse-Free Survival in Hepatocellular Carcinom,https://www.ncbi.nlm.nih.gov/geo/query/acc.cgi?acc=GSE172400
GSE138734,LIHC,921,2021/04/15,The RNA Atlas expands the catalog of human non-coding RNAs,https://www.ncbi.nlm.nih.gov/geo/query/acc.cgi?acc=GSE138734
GSE112908,LIHC,6,2021/04/09,Transcriptome sequencing (RNA-Seq) of HepG2 cells upon treatment of the 10μM Oridonin or DMSO(0.1%)for exploring the metabolic mechanism of ,https://www.ncbi.nlm.nih.gov/geo/query/acc.cgi?acc=GSE112908
GSE164444,LIHC,37,2021/04/04,A selective HDAC8 inhibitor potentiates antitumor immunity and efficacy of immune checkpoint blockade in hepatocellular carcinoma,https://www.ncbi.nlm.nih.gov/geo/query/acc.cgi?acc=GSE164444
GSE164441,LIHC,20,2021/04/04,A selective HDAC8 inhibitor potentiates antitumor immunity and efficacy of immune checkpoint blockade in hepatocellular carcinoma [RNA-seq],https://www.ncbi.nlm.nih.gov/geo/query/acc.cgi?acc=GSE164441
GSE171311,LIHC,6,2021/04/02,Transcriptome Analysis of Signaling Pathways Targeted by Ellagic Acid in Hepatocellular Carcinoma Cells,https://www.ncbi.nlm.nih.gov/geo/query/acc.cgi?acc=GSE171311
GSE160826,LIHC,12,2021/04/01,RNA Sequencing of human liver hepatocellular carcinoma cell line HepG2 transcriptomes,https://www.ncbi.nlm.nih.gov/geo/query/acc.cgi?acc=GSE160826
GSE159165,LIHC,8,2021/04/01,shControl Huh7 and shARID1A Huh7 cells without or with rapamycin treatment,https://www.ncbi.nlm.nih.gov/geo/query/acc.cgi?acc=GSE159165
GSE159164,LIHC,4,2021/04/01,RNA-seq in shControl Huh7 and shARID1A Huh7 cells without or with rapamycin treatment,https://www.ncbi.nlm.nih.gov/geo/query/acc.cgi?acc=GSE159164
GSE161101,LIHC,47,2021/03/22,"IGF2BP1, a conserved regulator of RNA turnover in cancer",https://www.ncbi.nlm.nih.gov/geo/query/acc.cgi?acc=GSE161101
GSE161086,LIHC,12,2021/03/22,"IGF2BP1, a conserved regulator of RNA turnover in cancer [polyA RNA]",https://www.ncbi.nlm.nih.gov/geo/query/acc.cgi?acc=GSE161086
GSE168922,LIHC,3,2021/03/16,RNA-seq of THP-1 cells and tumor-associated macrophages sorted from HCC tumor tissues.,https://www.ncbi.nlm.nih.gov/geo/query/acc.cgi?acc=GSE168922
GSE168910,LIHC,3,2021/03/16,Transcriptome analysis of Huh7 cells upon Chikungunya virus infection and capsid transfection reveals regulation of distinct cellular and me,https://www.ncbi.nlm.nih.gov/geo/query/acc.cgi?acc=GSE168910
GSE168885,LIHC,4,2021/03/15,Effect of FENDRR  on genetic expressions of primary liver cancer based on next generation sequencing,https://www.ncbi.nlm.nih.gov/geo/query/acc.cgi?acc=GSE168885
GSE148355,LIHC,128,2021/03/15,Preoperative immune landscape predisposes adverse outcomes in hepatocellular carcinoma patients with liver transplantation,https://www.ncbi.nlm.nih.gov/geo/query/acc.cgi?acc=GSE148355
GSE168745,LIHC,6,2021/03/12,RNA-seq of Control and PRMT5-/- JHH-7 Cell Transcriptomes,https://www.ncbi.nlm.nih.gov/geo/query/acc.cgi?acc=GSE168745
GSE123250,LIHC,18,2021/03/11,Multi-omics Characterization of WNT Pathway Reactivation to ameliorate BET Inhibitor Resistance in Liver Cancer Cells,https://www.ncbi.nlm.nih.gov/geo/query/acc.cgi?acc=GSE123250
GSE168484,LIHC,6,2021/03/09,Hepatic miR20b promotes nonalcholic fatty liver diseases by targeting PPARα,https://www.ncbi.nlm.nih.gov/geo/query/acc.cgi?acc=GSE168484
GSE135860,LIHC,12,2021/03/06,Multi-omics analysis to study hepatitis B virus-host interaction,https://www.ncbi.nlm.nih.gov/geo/query/acc.cgi?acc=GSE135860
GSE166428,LIHC,57,2021/03/02,Initial HCV infection of adult hepatocytes triggers a temporally structured transcriptional program containing diverse pro- and anti-viral e,https://www.ncbi.nlm.nih.gov/geo/query/acc.cgi?acc=GSE166428
GSE147840,LIHC,8,2021/03/01,N1-methyladenosine methylations in tRNA drive liver tumorigenesis by PPARδ-mediated cholesterol synthesis,https://www.ncbi.nlm.nih.gov/geo/query/acc.cgi?acc=GSE147840
GSE167432,LIHC,3,2021/02/25,RNA-seq in QGY-7703 cell line before and after PRMT7 knockdown,https://www.ncbi.nlm.nih.gov/geo/query/acc.cgi?acc=GSE167432
GSE141880,LIHC,6,2021/02/25,RNA-seq data for EphA2 knockdown in Huh7 cells,https://www.ncbi.nlm.nih.gov/geo/query/acc.cgi?acc=GSE141880
GSE155771,LIHC,759,2021/02/18,Systematic comparison of cellular adaptive stress response activation networks in hepatic stem cell-derived progeny and primary human hepato,https://www.ncbi.nlm.nih.gov/geo/query/acc.cgi?acc=GSE155771
GSE165552,LIHC,34,2021/02/15,RNA-seq analysis of uveal melanoma cells and biopsy samples treated with FR900359,https://www.ncbi.nlm.nih.gov/geo/query/acc.cgi?acc=GSE165552
GSE166448,LIHC,6,2021/02/10,SNHG17 Interacts with LRPPRC to Stabilize c-Myc and Promote G1/S Transition and Cell Proliferation,https://www.ncbi.nlm.nih.gov/geo/query/acc.cgi?acc=GSE166448
GSE166416,LIHC,20,2021/02/10,Cancer growth and metastasis gene pathways are regulated by Methyl-CpG Binding Domain Protein 2 (Mbd2) in liver cancer and are altered by th,https://www.ncbi.nlm.nih.gov/geo/query/acc.cgi?acc=GSE166416
GSE166349,LIHC,33,2021/02/09,Epigenetic silencing of miR-144/451a cluster contributes to HCC progression via paracrine HGF/MIF-mediated macrophage remodeling,https://www.ncbi.nlm.nih.gov/geo/query/acc.cgi?acc=GSE166349
GSE166299,LIHC,4,2021/02/07,Transcriptomes of 1b Con1cc-infected cells,https://www.ncbi.nlm.nih.gov/geo/query/acc.cgi?acc=GSE166299
GSE151530,LIHC,46,2021/02/07,Understanding tumor evolution and its clonality by single-cell transcriptomic analysis in liver cancer,https://www.ncbi.nlm.nih.gov/geo/query/acc.cgi?acc=GSE151530
GSE110345,LIHC,4,2021/02/06,Relative abundance of the integrant-derived viral RNAs in infected tissues harvested from chronic HBV carriers,https://www.ncbi.nlm.nih.gov/geo/query/acc.cgi?acc=GSE110345
GSE165941,LIHC,6,2021/02/02,Molecular mechanism of Atractylon in invasion and migration of hepatic cancer cells based on high-throughput sequencing,https://www.ncbi.nlm.nih.gov/geo/query/acc.cgi?acc=GSE165941
GSE165842,LIHC,6,2021/01/31,GDF11 rapidly increases lipid accumulation in liver cancer cells through ALK5-dependent signaling,https://www.ncbi.nlm.nih.gov/geo/query/acc.cgi?acc=GSE165842
GSE109915,LIHC,4,2021/01/30,Next Generation Sequencing Facilitates Quantitative Analysis of Mock- and Hydrogen peroxide (H2O2)-Treated Human Hepatocellular Carcinoma (H,https://www.ncbi.nlm.nih.gov/geo/query/acc.cgi?acc=GSE109915
GSE163601,LIHC,2,2021/01/27,RALYL increases hepatocellular carcinoma stemness by sustaining the mRNA stability of TGF-β2,https://www.ncbi.nlm.nih.gov/geo/query/acc.cgi?acc=GSE163601
GSE154906,LIHC,405,2021/01/27,Single-cell analysis reveals the landscape of tumor heterogeneity and identifies MLXIPL as a potential biomarker in tumor evolution trajecto,https://www.ncbi.nlm.nih.gov/geo/query/acc.cgi?acc=GSE154906
GSE146115,LIHC,16,2021/01/25,Single-cell transcriptomic analysis of human hepatocellular carcinoma,https://www.ncbi.nlm.nih.gov/geo/query/acc.cgi?acc=GSE146115
GSE144214,LIHC,6,2021/01/15,A hexokinase isoenzyme switch in human liver cancer cells promotes lipogenesis and enhances innate immunity,https://www.ncbi.nlm.nih.gov/geo/query/acc.cgi?acc=GSE144214
GSE156009,LIHC,3,2021/01/14,RNA sequencing on stem cell-derived endothelial cells,https://www.ncbi.nlm.nih.gov/geo/query/acc.cgi?acc=GSE156009
GSE136332,LIHC,10,2021/01/13,Zinc finger protein SALL4 functions through an AT-rich motif to regulate gene expression ,https://www.ncbi.nlm.nih.gov/geo/query/acc.cgi?acc=GSE136332
GSE164615,LIHC,8,2021/01/12,XBP1s cooperates with LEF1 to promote hepatocellular carcinoma development,https://www.ncbi.nlm.nih.gov/geo/query/acc.cgi?acc=GSE164615
GSE108796,LIHC,9,2021/01/05,Analysis of gene expression in co-culture of PBMCs with Hepatocellular carcinoma by High-Throughput Sequencing,https://www.ncbi.nlm.nih.gov/geo/query/acc.cgi?acc=GSE108796
GSE139190,LIHC,28,2020/12/31,"Chromatin status and transcriptomics of HEK293, U2OS, HepG2 and K562",https://www.ncbi.nlm.nih.gov/geo/query/acc.cgi?acc=GSE139190
GSE122151,LIHC,6,2020/12/31,Transcriptomic Analysis on Lipid Loaded HepaRG Model for Steatosis Reveal the Influence on the Regulation of Drug Metabolizing Enzymes and T,https://www.ncbi.nlm.nih.gov/geo/query/acc.cgi?acc=GSE122151
GSE114564,LIHC,118,2020/12/31,Identification of novel serum biomarkers in early-stage HCC patients.,https://www.ncbi.nlm.nih.gov/geo/query/acc.cgi?acc=GSE114564
GSE112363,LIHC,2,2020/12/31,Next Generation Sequencing Facilitates Quantitative Analysis of FZD2 Knockdown/Control SNU449 Cell Line Transcriptomes,https://www.ncbi.nlm.nih.gov/geo/query/acc.cgi?acc=GSE112363
GSE109788,LIHC,4,2020/12/12,Expression profiling analysis to identify POH1-regulated genes,https://www.ncbi.nlm.nih.gov/geo/query/acc.cgi?acc=GSE109788
GSE162720,LIHC,22,2020/12/06,Optimized RNA-targeting CRISPR/Cas13d technology outperforms shRNA in identifying functional circRNAs,https://www.ncbi.nlm.nih.gov/geo/query/acc.cgi?acc=GSE162720
GSE154964,LIHC,10,2020/12/02,Transcriptome map of cancerous and para-cancerous tissues in patients with liver hepatocellular carcinoma,https://www.ncbi.nlm.nih.gov/geo/query/acc.cgi?acc=GSE154964
GSE146409,LIHC,151,2020/12/02,A single cell atlas of the human liver tumor microenvironment,https://www.ncbi.nlm.nih.gov/geo/query/acc.cgi?acc=GSE146409
GSE141323,LIHC,9,2020/12/01,A Tissue-Specific Tankyrase Inhibitor Drives Key Developmental and Oncogenic Pathways,https://www.ncbi.nlm.nih.gov/geo/query/acc.cgi?acc=GSE141323
GSE140591,LIHC,47,2020/12/01,Cd302 and Cr1l restrict human hepatotropic virus cross-species transmission to mice,https://www.ncbi.nlm.nih.gov/geo/query/acc.cgi?acc=GSE140591
GSE140578,LIHC,12,2020/12/01,Cd302 and Cr1l restrict human hepatotropic virus cross-species transmission to mice [2Ectopic expression],https://www.ncbi.nlm.nih.gov/geo/query/acc.cgi?acc=GSE140578
GSE140577,LIHC,4,2020/12/01,Cd302 and Cr1l restrict human hepatotropic virus cross-species transmission to mice [1Library screen],https://www.ncbi.nlm.nih.gov/geo/query/acc.cgi?acc=GSE140577
GSE107411,LIHC,4,2020/11/28,Functional Genomic Analyses of Hep-G2 Cell Line after FTO knockdown,https://www.ncbi.nlm.nih.gov/geo/query/acc.cgi?acc=GSE107411
GSE161928,LIHC,15,2020/11/21,RNA sequencing analysis of organoids and their parental tissues,https://www.ncbi.nlm.nih.gov/geo/query/acc.cgi?acc=GSE161928
GSE152588,LIHC,9,2020/11/15,YFV Capsid changes to mRNA transcriptome of Huh7 cells,https://www.ncbi.nlm.nih.gov/geo/query/acc.cgi?acc=GSE152588
GSE146726,LIHC,36,2020/11/11,"RNA-Seq of circCDYL knockdown (KD) samples in HepG2, J82, and UMUC3 cells and of GRWD1, IGF2BP1, and IGF2BP2 knockdown (KD) samples in J82 a",https://www.ncbi.nlm.nih.gov/geo/query/acc.cgi?acc=GSE146726
GSE145984,LIHC,8,2020/11/11,Total RNA-Seq of KHSRP knockdown (KD) and control samples in HepG2 and K562,https://www.ncbi.nlm.nih.gov/geo/query/acc.cgi?acc=GSE145984
GSE159536,LIHC,8,2020/11/03,Long noncoding RNA glycoLINC assembles a lower glycolytic complex essential for cellular adaptation to serine starvation,https://www.ncbi.nlm.nih.gov/geo/query/acc.cgi?acc=GSE159536
GSE159977,LIHC,10,2020/10/24,Immune-checkpoint blockade lacks anti-tumorgenicity in NASH-induced HCC,https://www.ncbi.nlm.nih.gov/geo/query/acc.cgi?acc=GSE159977
GSE159264,LIHC,4,2020/10/23,S100A9 from tumor-associated macrophage enhances cancer stem cell-like properties of hepatocellular carcinoma (RNA-Seq),https://www.ncbi.nlm.nih.gov/geo/query/acc.cgi?acc=GSE159264
GSE139583,LIHC,8,2020/10/23,RNA sequencing results of dipyridamole treatment in SLC29A2-expressing SK-hep1 cells,https://www.ncbi.nlm.nih.gov/geo/query/acc.cgi?acc=GSE139583
GSE105090,LIHC,2,2020/10/17,Detection of novel fusion transcriptVTI1A-CFAP46 in HHC by RNA-seq,https://www.ncbi.nlm.nih.gov/geo/query/acc.cgi?acc=GSE105090
GSE159220,LIHC,6,2020/10/09,Search for a novel diagnostic marker for liver cancer.,https://www.ncbi.nlm.nih.gov/geo/query/acc.cgi?acc=GSE159220
GSE131257,LIHC,19,2020/10/07,"RNA Helicase DDX5, a Negative Regulator of Wnt Activation and Hepatocyte Reprogramming in Hepatitis B Virus-associated Hepatocellular Carcin",https://www.ncbi.nlm.nih.gov/geo/query/acc.cgi?acc=GSE131257
GSE147718,LIHC,36,2020/09/30,Co-Administration of Propionate or Protocatechuic Acid Does Not Affect DHA-Specific Transcriptional Effects on Lipid Metabolism in Cultured ,https://www.ncbi.nlm.nih.gov/geo/query/acc.cgi?acc=GSE147718
GSE142987,LIHC,65,2020/09/30,RNA-seq analysis of liver cancer patients' plasma,https://www.ncbi.nlm.nih.gov/geo/query/acc.cgi?acc=GSE142987
GSE156625,LIHC,78,2020/09/24,Onco-fetal reprogramming of endothelial cells drives immunosuppressive macrophages in Hepatocellular Carcinoma (scRNA-seq),https://www.ncbi.nlm.nih.gov/geo/query/acc.cgi?acc=GSE156625
GSE156337,LIHC,186,2020/09/24,Onco-fetal reprogramming of endothelial cells drives immunosuppressive macrophages in Hepatocellular Carcinoma,https://www.ncbi.nlm.nih.gov/geo/query/acc.cgi?acc=GSE156337
GSE104226,LIHC,8,2020/09/22,Translated Long Non-Coding Ribonucleic Acid ZFAS1 Promotes Cancer Cell Migration by Elevating Reactive Oxygen Species Production in Hepatoce,https://www.ncbi.nlm.nih.gov/geo/query/acc.cgi?acc=GSE104226
GSE123661,LIHC,18,2020/09/11,Transcriptomic analysis of Kupffer cells in patients with cirrhosis,https://www.ncbi.nlm.nih.gov/geo/query/acc.cgi?acc=GSE123661
GSE154936,LIHC,24,2020/09/08,Elucidation of remdesivir cytotoxicity pathways through genome-wide CRISPR/Cas9 screening and transcriptomics,https://www.ncbi.nlm.nih.gov/geo/query/acc.cgi?acc=GSE154936
GSE105130,LIHC,52,2020/09/02,Comprehensive analysis of Transcriptome Profiles in Hepatocellular Carcinoma patients,https://www.ncbi.nlm.nih.gov/geo/query/acc.cgi?acc=GSE105130
GSE157110,LIHC,6,2020/08/30,High throughput RNA-sequencing identifies Differentially Expressed Genes (DGS) of control and shATXN7L3 HCCLM3 cells,https://www.ncbi.nlm.nih.gov/geo/query/acc.cgi?acc=GSE157110
GSE155983,LIHC,10,2020/08/20,Quantitative analysis of the splice variants expressed by the major hepatitis B virus genotypes,https://www.ncbi.nlm.nih.gov/geo/query/acc.cgi?acc=GSE155983
GSE149510,LIHC,8,2020/08/11,ALKBH5 impacts malignancy of hepatocellular carcinoma via m6A-mediated epigenetic modulation,https://www.ncbi.nlm.nih.gov/geo/query/acc.cgi?acc=GSE149510
GSE124715,LIHC,54,2020/08/05,The Effect of Compound Kushen Injection on Cancer Cells: Integrated Identification of Candidate Molecular Mechanisms,https://www.ncbi.nlm.nih.gov/geo/query/acc.cgi?acc=GSE124715
GSE144269,LIHC,140,2020/08/04,The genomic landscape of Mongolian hepatocellular carcinoma,https://www.ncbi.nlm.nih.gov/geo/query/acc.cgi?acc=GSE144269
GSE153783,LIHC,3,2020/08/03,RNA-seq of different genes expression in Hepatocellular Carcinoma cell lines,https://www.ncbi.nlm.nih.gov/geo/query/acc.cgi?acc=GSE153783
GSE138781,LIHC,8,2020/07/29,The role of TCF7L2 rs290487 variant in hepatic glucose metabolism: an integrated analysis of clinical and multi-omics data,https://www.ncbi.nlm.nih.gov/geo/query/acc.cgi?acc=GSE138781
GSE133659,LIHC,18,2020/07/27,FXR isoform selective effects on hepatoma cell line HepG2,https://www.ncbi.nlm.nih.gov/geo/query/acc.cgi?acc=GSE133659
GSE134745,LIHC,126,2020/07/23,Landscape of Cohesin-Mediated Chromatin Loops in the Human Genome,https://www.ncbi.nlm.nih.gov/geo/query/acc.cgi?acc=GSE134745
GSE134743,LIHC,46,2020/07/23,Landscape of Cohesin-Mediated Chromatin Loops in the Human Genome (RNA-Seq),https://www.ncbi.nlm.nih.gov/geo/query/acc.cgi?acc=GSE134743
GSE154211,LIHC,10,2020/07/22,RNA-Seq analysis of HCV-related HCC and NBNC-HCC tumor and non-tumor part gene analysis,https://www.ncbi.nlm.nih.gov/geo/query/acc.cgi?acc=GSE154211
GSE148736,LIHC,15,2020/07/20,Synthetic circular miR-21 RNA decoys enhance tumor suppressor expression and impair tumor growth in mice,https://www.ncbi.nlm.nih.gov/geo/query/acc.cgi?acc=GSE148736
GSE125758,LIHC,10,2020/07/18,p53-inducible long non-coding RNAs encode functional peptides in hepatocellular carcinoma cells,https://www.ncbi.nlm.nih.gov/geo/query/acc.cgi?acc=GSE125758
GSE125756,LIHC,8,2020/07/18,p53-inducible long non-coding RNAs encode functional peptides in hepatocellular carcinoma cells [RNA-seq],https://www.ncbi.nlm.nih.gov/geo/query/acc.cgi?acc=GSE125756
GSE143300,LIHC,12,2020/07/16,Identification of Host-derived Circular RNAs that Display Pro- and Anti-Viral Activities in Flavivirus-Infected Cells,https://www.ncbi.nlm.nih.gov/geo/query/acc.cgi?acc=GSE143300
GSE154438,LIHC,6,2020/07/15,Transcriptomic analysis of of hepatocellular carcinoma cells Hep G2 overexpressing EFTUD2,https://www.ncbi.nlm.nih.gov/geo/query/acc.cgi?acc=GSE154438
GSE154384,LIHC,8,2020/07/15,miR-552-3p modulates transcriptional activities of FXR and LXR to meliorate hepatic glycolipid metabolism disorder,https://www.ncbi.nlm.nih.gov/geo/query/acc.cgi?acc=GSE154384
GSE142206,LIHC,18,2020/07/07,The transcriptional landscapes of a hepatoma cell line grown on scaffolds of Extracellular Matrix proteins,https://www.ncbi.nlm.nih.gov/geo/query/acc.cgi?acc=GSE142206
GSE145988,LIHC,9,2020/07/06,Targeted Inhibition of Purine Metabolism is Effective in Suppressing Hepatocellular Carcinoma Progression,https://www.ncbi.nlm.nih.gov/geo/query/acc.cgi?acc=GSE145988
GSE132548,LIHC,21,2020/07/02,HCV infection of adult hepatocytes results in temporally structured transcriptional responses which partially overlap with the IRF1 regulon,https://www.ncbi.nlm.nih.gov/geo/query/acc.cgi?acc=GSE132548
GSE145210,LIHC,4,2020/06/30,Transcriptome network analysis of Smug1 knock-out cells by using CRISPR/Cas9 system,https://www.ncbi.nlm.nih.gov/geo/query/acc.cgi?acc=GSE145210
GSE148283,LIHC,154,2020/06/26,RNA-Seq of multiplexed metastasis xenogfrates of barcoded cell line pools,https://www.ncbi.nlm.nih.gov/geo/query/acc.cgi?acc=GSE148283
GSE152904,LIHC,18,2020/06/22,FcγRIIB engagement drives agonistic activity of Fc-engineered αOX40 antibody to stimulate human tumor-infiltrating T cells,https://www.ncbi.nlm.nih.gov/geo/query/acc.cgi?acc=GSE152904
GSE150069,LIHC,240,2020/06/22,Development and Application of a Transcriptomic Signature of Bioactivation in an Advanced In Vitro Liver Model to Reduce Drug-induced Liver ,https://www.ncbi.nlm.nih.gov/geo/query/acc.cgi?acc=GSE150069
GSE146802,LIHC,6,2020/06/17,"IGF2BP1 is a druggable, post-transcriptional super-enhancer of E2F-driven gene expression hallmark in cancer [IGF2BP1 KD in HepG2 (polyA RNA",https://www.ncbi.nlm.nih.gov/geo/query/acc.cgi?acc=GSE146802
GSE123972,LIHC,47,2020/06/14,RNA-seq analysis of hepatocellular carcinoma plasma,https://www.ncbi.nlm.nih.gov/geo/query/acc.cgi?acc=GSE123972
GSE152108,LIHC,2,2020/06/09,Expression data from sgPPARD and sgCtrl of HCC cells,https://www.ncbi.nlm.nih.gov/geo/query/acc.cgi?acc=GSE152108
GSE142871,LIHC,4,2020/06/03,PIM kinase inhibition in HCC xenograft,https://www.ncbi.nlm.nih.gov/geo/query/acc.cgi?acc=GSE142871
GSE143717,LIHC,32,2020/06/01,Low-Dose Silver Nanoparticle Surface Chemistry and Temporal Effects on Gene  Expression in HepG2 Cells,https://www.ncbi.nlm.nih.gov/geo/query/acc.cgi?acc=GSE143717
GSE101432,LIHC,52,2020/06/01,Comprehensive transcriptome analysis in human liver,https://www.ncbi.nlm.nih.gov/geo/query/acc.cgi?acc=GSE101432
GSE151412,LIHC,70,2020/05/29,In vivo screen identifies LXR agonism potentiates sorafenib killing of hepatocellular carcinoma,https://www.ncbi.nlm.nih.gov/geo/query/acc.cgi?acc=GSE151412
GSE140463,LIHC,30,2020/05/28,Multifaceted rewiring of the hepatic lipidome during proliferation and carcinogenesis,https://www.ncbi.nlm.nih.gov/geo/query/acc.cgi?acc=GSE140463
GSE140462,LIHC,14,2020/05/28,"Multifaceted rewiring of the hepatic lipidome during proliferation and carcinogenesis - PART 2 (Human HCC - ""Fatty Liver"" background)",https://www.ncbi.nlm.nih.gov/geo/query/acc.cgi?acc=GSE140462
GSE151061,LIHC,4,2020/05/23,Genome-wide RNA-expression analysis after p53 activation in hepatocellular carcinoma,https://www.ncbi.nlm.nih.gov/geo/query/acc.cgi?acc=GSE151061
GSE150226,LIHC,30,2020/05/11,Heterogeneity and chimerism of endothelial cells revealed by single cell transcriptome in orthotopic liver tumors,https://www.ncbi.nlm.nih.gov/geo/query/acc.cgi?acc=GSE150226
GSE145329,LIHC,15,2020/05/01,Transcriptomic prediction of pig Leg1s functions in HepG2 cells,https://www.ncbi.nlm.nih.gov/geo/query/acc.cgi?acc=GSE145329
GSE132341,LIHC,18,2020/05/01,NF90 Modulates Processing of a Subset of Human Pri-miRNAs,https://www.ncbi.nlm.nih.gov/geo/query/acc.cgi?acc=GSE132341
GSE132332,LIHC,6,2020/05/01,Paired-end RNA-seq in HepG2 cells,https://www.ncbi.nlm.nih.gov/geo/query/acc.cgi?acc=GSE132332
GSE149614,LIHC,21,2020/04/30,A Single-Cell Atlas of the Multicellular Ecosystem of Primary and Metastatic Hepatocellular Carcinoma,https://www.ncbi.nlm.nih.gov/geo/query/acc.cgi?acc=GSE149614
GSE138569,LIHC,18,2020/04/20,HBV-infected Primary Human Hepatocytes and HBV-infected HepG2-NTCP cells treatment by Interferon subtypes,https://www.ncbi.nlm.nih.gov/geo/query/acc.cgi?acc=GSE138569
GSE138567,LIHC,9,2020/04/20,RNA-seq analysis of HBV-infected HepG2-NTCP cells treated by Interferon subtypes,https://www.ncbi.nlm.nih.gov/geo/query/acc.cgi?acc=GSE138567
GSE141711,LIHC,90,2020/04/17,Characterization of glyceollins as novel aryl hydrocarbon receptor ligands and their role in cell migration,https://www.ncbi.nlm.nih.gov/geo/query/acc.cgi?acc=GSE141711
GSE136711,LIHC,41,2020/04/17,Reliability of a Single-region Tumor Sample for Evaluating the Immune Tumor Microenvironment of Hepatocellular Carcinoma Tumors,https://www.ncbi.nlm.nih.gov/geo/query/acc.cgi?acc=GSE136711
GSE146549,LIHC,21,2020/04/16,Analysis of transcriptomic responses of genotoxic stress in human HepaRG hepatocarcinoma cells,https://www.ncbi.nlm.nih.gov/geo/query/acc.cgi?acc=GSE146549
GSE148551,LIHC,2,2020/04/14,RNA sequencing results of cell migration and adhesion induced by modulated expression of paraspeckle protein PSPC1,https://www.ncbi.nlm.nih.gov/geo/query/acc.cgi?acc=GSE148551
GSE147093,LIHC,6,2020/04/13,Genome-wide analysis of the transcriptional profile of Zika virus-infected HepG2 cells,https://www.ncbi.nlm.nih.gov/geo/query/acc.cgi?acc=GSE147093
GSE76344,LIHC,7,2020/04/10,Histone modification and nucleosome mapping in human liver cancer cells,https://www.ncbi.nlm.nih.gov/geo/query/acc.cgi?acc=GSE76344
GSE143235,LIHC,7,2020/04/03,RNA m6A methylation regulates sorafenib-resistance in liver cancer through FOXO3-mediated autophagy,https://www.ncbi.nlm.nih.gov/geo/query/acc.cgi?acc=GSE143235
GSE143233,LIHC,6,2020/04/03,RNA m6A methylation regulates sorafenib-resistance in liver cancer through FOXO3-mediated autophagy [RNA-seq],https://www.ncbi.nlm.nih.gov/geo/query/acc.cgi?acc=GSE143233
GSE97413,LIHC,57,2020/04/01,INO80 complex assembly is antagonized by PRC2.,https://www.ncbi.nlm.nih.gov/geo/query/acc.cgi?acc=GSE97413
GSE97412,LIHC,19,2020/04/01,Expression analysis of INO80 complex in HepG2 liver cancer cells [RNA-seq],https://www.ncbi.nlm.nih.gov/geo/query/acc.cgi?acc=GSE97412
GSE146070,LIHC,6,2020/03/30,EDEM3 modulates plasma triglyceride level through its regulation of LRP1 expression,https://www.ncbi.nlm.nih.gov/geo/query/acc.cgi?acc=GSE146070
GSE133086,LIHC,24,2020/03/26,Dual RNA-Seq characterization of host and pathogen gene expression in liver cells infected with Crimean-Congo Hemorrhagic Fever Virus,https://www.ncbi.nlm.nih.gov/geo/query/acc.cgi?acc=GSE133086
GSE140961,LIHC,4,2020/03/25,RNA sequencing analysis of ARV825 target genes in senescent cells,https://www.ncbi.nlm.nih.gov/geo/query/acc.cgi?acc=GSE140961
GSE133039,LIHC,66,2020/03/23,Epigenetic footprint of hepatoblastoma defines a novel integrative molecular classification with clinical implications [RNA-seq],https://www.ncbi.nlm.nih.gov/geo/query/acc.cgi?acc=GSE133039
GSE132219,LIHC,206,2020/03/23,Epigenetic footprint of hepatoblastoma defines a novel integrative molecular classification with clinical implications,https://www.ncbi.nlm.nih.gov/geo/query/acc.cgi?acc=GSE132219
GSE120659,LIHC,2,2020/03/17,Next Generation Sequencing Facilitates Quantitative Analysis of SMMC7721 shYTHDF2 and shCtrl transcriptomes.,https://www.ncbi.nlm.nih.gov/geo/query/acc.cgi?acc=GSE120659
GSE120611,LIHC,4,2020/03/17,Next Generation Sequencing Facilitates Quantitative Analysis of normal and YTHDF2 Overexpressing SMMC7721 cells in normoxia and hypoxia cond,https://www.ncbi.nlm.nih.gov/geo/query/acc.cgi?acc=GSE120611
GSE146807,LIHC,58,2020/03/12,"IGF2BP1 is a druggable, post-transcriptional super-enhancer of E2F-driven gene expression hallmark in cancer",https://www.ncbi.nlm.nih.gov/geo/query/acc.cgi?acc=GSE146807
GSE146496,LIHC,6,2020/03/07,Transcriptome alteration upon ZNF281 depletion in HCC cells,https://www.ncbi.nlm.nih.gov/geo/query/acc.cgi?acc=GSE146496
GSE146169,LIHC,2,2020/03/03,Next Generation Sequencing Facilitates Quantitative Analysis of HepG2 cells exploring to the Fluid shear stress,https://www.ncbi.nlm.nih.gov/geo/query/acc.cgi?acc=GSE146169
GSE146075,LIHC,2,2020/02/28,C19orf66 is an interferon-induced inhibitor of HCV replication restricting formation of the viral replication organelle,https://www.ncbi.nlm.nih.gov/geo/query/acc.cgi?acc=GSE146075
GSE145731,LIHC,35,2020/02/22,RNA-Seq Analysis Illuminates the Early Stages of Plasmodium Liver infection,https://www.ncbi.nlm.nih.gov/geo/query/acc.cgi?acc=GSE145731
GSE145636,LIHC,7,2020/02/21,RFX8-mediated Transcriptional Activation of DDX24 Promotes Hepatocellular Carcinoma Via LAMB1/SRC Signaling,https://www.ncbi.nlm.nih.gov/geo/query/acc.cgi?acc=GSE145636
GSE145635,LIHC,3,2020/02/21,RFX8-mediated Transcriptional Activation of DDX24 Promotes Hepatocellular Carcinoma Via LAMB1/SRC Signaling [RNA-seq],https://www.ncbi.nlm.nih.gov/geo/query/acc.cgi?acc=GSE145635
GSE145632,LIHC,4,2020/02/21,RFX8-mediated Transcriptional Activation of DDX24 Promotes Hepatocellular Carcinoma Via LAMB1/SRC Signaling [RIP-seq],https://www.ncbi.nlm.nih.gov/geo/query/acc.cgi?acc=GSE145632
GSE126798,LIHC,25,2020/02/20,"Human liver organoids; a patient-derived primary model for HBV Infection, Replication and Related Hepatocellular Carcinoma",https://www.ncbi.nlm.nih.gov/geo/query/acc.cgi?acc=GSE126798
GSE145389,LIHC,4,2020/02/18,Gene expression profiling of HepG2 cells after treatment of PD-0332991 and CDK4-6 Knockdown,https://www.ncbi.nlm.nih.gov/geo/query/acc.cgi?acc=GSE145389
GSE136009,LIHC,39,2020/02/18,Flow cytometric micronucleus assay and TGx-DDI transcriptomic biomarker analysis of ten genotoxic and non-genotoxic chemicals in human HepaR,https://www.ncbi.nlm.nih.gov/geo/query/acc.cgi?acc=GSE136009
GSE144494,LIHC,135,2020/02/07,Deregulation of ribosomal protein expression and translation promotes breast cancer metastasis [rna-Seq CTCs 1],https://www.ncbi.nlm.nih.gov/geo/query/acc.cgi?acc=GSE144494
GSE143626,LIHC,344,2020/02/07,Deregulation of ribosomal protein expression and translation promotes breast cancer metastasis,https://www.ncbi.nlm.nih.gov/geo/query/acc.cgi?acc=GSE143626
GSE140202,LIHC,12,2020/02/02,Identification and validation of potential key long noncoding RNAs in sorafenib-resistant hepatocellular carcinoma cells,https://www.ncbi.nlm.nih.gov/geo/query/acc.cgi?acc=GSE140202
GSE140520,LIHC,43,2020/01/28,Amino acid levels determine metabolism and cyp450 function of stem cell derived hepatocytes and hepatoma cell lines,https://www.ncbi.nlm.nih.gov/geo/query/acc.cgi?acc=GSE140520
GSE143530,LIHC,10,2020/01/23,A suite of haploid genetic screens identifies SPRING as a novel determinant of SREBP signaling and cholesterol metabolism,https://www.ncbi.nlm.nih.gov/geo/query/acc.cgi?acc=GSE143530
GSE143941,LIHC,6,2020/01/21,Classification of Primary Liver Cancer with Immunosuppression Mechanisms and Correlation with Genomic Alterations,https://www.ncbi.nlm.nih.gov/geo/query/acc.cgi?acc=GSE143941
GSE143882,LIHC,6,2020/01/18,Gene-expression profiles of  HepG2.2.15 cells induced by  overexpression of Complement 2,https://www.ncbi.nlm.nih.gov/geo/query/acc.cgi?acc=GSE143882
GSE112271,LIHC,7,2020/01/17,Single-cell RNA of multiregional sampling in hepatocellular carcinoma,https://www.ncbi.nlm.nih.gov/geo/query/acc.cgi?acc=GSE112271
GSE143133,LIHC,2,2020/01/06,long read RNA-seq from HepG2 (ENCSR834DQL),https://www.ncbi.nlm.nih.gov/geo/query/acc.cgi?acc=GSE143133
GSE133759,LIHC,3,2020/01/01,DIS3L2 promotes progression of hepatocellular carcinoma via hnRNP U-mediated alternative splicing,https://www.ncbi.nlm.nih.gov/geo/query/acc.cgi?acc=GSE133759
GSE106830,LIHC,8,2019/12/31,Differential Gene Expression of Mucosal-Associated Invariant T Cells of HCC patients and Healthy Controls,https://www.ncbi.nlm.nih.gov/geo/query/acc.cgi?acc=GSE106830
GSE142588,LIHC,16,2019/12/26,RNA-seq in liver cancer cell and cinobufagin treatment cells,https://www.ncbi.nlm.nih.gov/geo/query/acc.cgi?acc=GSE142588
GSE129261,LIHC,2,2019/12/19,Rip-seq of MTR4 in PLC/PRF5,https://www.ncbi.nlm.nih.gov/geo/query/acc.cgi?acc=GSE129261
GSE129263,LIHC,6,2019/12/17,MTR4 drives tumorigenesis of hepatocellular carcinoma by controlling alternative splicing of metabolic genes through PTBP1 recruitment,https://www.ncbi.nlm.nih.gov/geo/query/acc.cgi?acc=GSE129263
GSE115139,LIHC,2,2019/12/10,"Myc/Max dependent long antisense noncoding RNA, EVA1A-AS, participates in survival of hepatocellular carcinoma (HCC) by suppressing anti pro",https://www.ncbi.nlm.nih.gov/geo/query/acc.cgi?acc=GSE115139
GSE76139,LIHC,9,2019/12/02,Next-gen sequencing for transcriptomic differences in HuH-7 human hepatocellular carcinoma cell line models of hepatotoxicity,https://www.ncbi.nlm.nih.gov/geo/query/acc.cgi?acc=GSE76139
GSE92432,LIHC,10,2019/12/01,An optimization system for isolating and sequencing of single human colon cancer cells,https://www.ncbi.nlm.nih.gov/geo/query/acc.cgi?acc=GSE92432
GSE140846,LIHC,16,2019/11/23,Integrative analysis of microRNAs and mRNAs in liver tissue and exosomes from blood of hepatitis C virus (HCV) related hepatocellular carcin,https://www.ncbi.nlm.nih.gov/geo/query/acc.cgi?acc=GSE140846
GSE140845,LIHC,10,2019/11/23,Integrative analysis of microRNAs and mRNAs in liver tissue and exosomes from blood of hepatitis C virus (HCV) related hepatocellular carcin,https://www.ncbi.nlm.nih.gov/geo/query/acc.cgi?acc=GSE140845
GSE128837,LIHC,179,2019/11/17,The hematopoietic master transcription factor PU.1 requires its interaction with the SWI/SNF remodeler to access chromatin de novo,https://www.ncbi.nlm.nih.gov/geo/query/acc.cgi?acc=GSE128837
GSE140228,LIHC,41,2019/11/13,Landscape and Dynamics of Single Immune Cells in Hepatocellular Carcinoma,https://www.ncbi.nlm.nih.gov/geo/query/acc.cgi?acc=GSE140228
GSE117116,LIHC,9,2019/11/13,The Hippo pathway kinase LATS1 scaffolds Beclin1 in autophagy regulation in hepatocellular carcinoma,https://www.ncbi.nlm.nih.gov/geo/query/acc.cgi?acc=GSE117116
GSE88731,LIHC,8,2019/10/31,Cellular response to hepatitis E virus (HEV) infection,https://www.ncbi.nlm.nih.gov/geo/query/acc.cgi?acc=GSE88731
GSE114808,LIHC,5,2019/10/28,A high-throughput screen reveals SALL4-induced oxidative phosphorylation vulnerabilities in cancer,https://www.ncbi.nlm.nih.gov/geo/query/acc.cgi?acc=GSE114808
GSE139021,LIHC,6,2019/10/18,RNA-Sequencing of HepG2 cells treated with TGFBeta,https://www.ncbi.nlm.nih.gov/geo/query/acc.cgi?acc=GSE139021
GSE135477,LIHC,4,2019/10/17,PTENa/b paradoxically promote carcinogenesis through WDR5-H3K4me3 axis [RNA-seq 2],https://www.ncbi.nlm.nih.gov/geo/query/acc.cgi?acc=GSE135477
GSE138485,LIHC,64,2019/10/08,Retrospective gene expression analysis of human RNA samples from Hepatocellular Carcinoma in relation with survival,https://www.ncbi.nlm.nih.gov/geo/query/acc.cgi?acc=GSE138485
GSE125449,LIHC,19,2019/10/06,Tumor cell biodiversity drives microenvironmental reprogramming in liver cancer,https://www.ncbi.nlm.nih.gov/geo/query/acc.cgi?acc=GSE125449
GSE138367,LIHC,4,2019/10/05,"In vitro and in vivo antitumor activity of cucurbitacin C, a novel natural product from cucumber",https://www.ncbi.nlm.nih.gov/geo/query/acc.cgi?acc=GSE138367
GSE133553,LIHC,2,2019/09/23,TCF12 promotes the tumorigenesis and metastasis of hepatocellular carcinoma via upregulation of CXCR4 expression,https://www.ncbi.nlm.nih.gov/geo/query/acc.cgi?acc=GSE133553
GSE125469,LIHC,6,2019/09/17,Effect of circPTPRM on the biological behaviors of hepatocellular carcinoma cells in vitro and its clinical significance.,https://www.ncbi.nlm.nih.gov/geo/query/acc.cgi?acc=GSE125469
GSE136846,LIHC,12,2019/09/05,Discovery and verification of liver cancer marker genes and variable scission based on second-generation sequencing data analysis,https://www.ncbi.nlm.nih.gov/geo/query/acc.cgi?acc=GSE136846
GSE112330,LIHC,47,2019/09/02,A novel reprogramming strategy to generate functionally competent human hepatocytes,https://www.ncbi.nlm.nih.gov/geo/query/acc.cgi?acc=GSE112330
GSE113005,LIHC,6,2019/09/01,Transcriptomics-based drug repurposing approach identifies novel drugs against sorafenib-resistant hepatocellular carcinoma,https://www.ncbi.nlm.nih.gov/geo/query/acc.cgi?acc=GSE113005
GSE119946,LIHC,3,2019/08/27,Profiling of EMT-associated mitochondrial RNAs in hepatocellular carcinoma cells,https://www.ncbi.nlm.nih.gov/geo/query/acc.cgi?acc=GSE119946
GSE135960,LIHC,9,2019/08/20,"CDK12 inhibition in Hep3B, Huh7 and SNU449 cells",https://www.ncbi.nlm.nih.gov/geo/query/acc.cgi?acc=GSE135960
GSE110059,LIHC,2,2019/08/20,"BS008, an amiloride derivative, can regulate the alternative splicing of multiple gene transcripts in cancer cells",https://www.ncbi.nlm.nih.gov/geo/query/acc.cgi?acc=GSE110059
GSE135796,LIHC,6,2019/08/14,Growth Differentiation Factor 11 exacerbates non-alcoholic fatty liver disease in vitro and in vivo,https://www.ncbi.nlm.nih.gov/geo/query/acc.cgi?acc=GSE135796
GSE132812,LIHC,10,2019/08/14,Gene expression profiles of tumor-infiltrating CD8 T cells in hepatocellular carcinoma,https://www.ncbi.nlm.nih.gov/geo/query/acc.cgi?acc=GSE132812
GSE132810,LIHC,15,2019/08/14,"Gene expression profiles of 4-1BB+PD-1-high, 4-1BB-PD-1-high, and PD-1-int tumor-infiltrating CD8 T cells in hepatocellular carcinoma",https://www.ncbi.nlm.nih.gov/geo/query/acc.cgi?acc=GSE132810
GSE135619,LIHC,24,2019/08/10,Robust hepatitis E virus infection and transcriptional response in human hepatocytes,https://www.ncbi.nlm.nih.gov/geo/query/acc.cgi?acc=GSE135619
GSE135581,LIHC,3,2019/08/09,Regulation of TERT and HKR3 in Hep3B cell lines,https://www.ncbi.nlm.nih.gov/geo/query/acc.cgi?acc=GSE135581
GSE135579,LIHC,2,2019/08/09,Next Generation Sequencing Facilitates Quantitative Analysis of HePG2i cell line with and without DOX induced GATA4 expression Transcriptome,https://www.ncbi.nlm.nih.gov/geo/query/acc.cgi?acc=GSE135579
GSE135089,LIHC,9,2019/07/31,Genome-wide analysis of Ctr and OPA1 knock-down transcriptomes,https://www.ncbi.nlm.nih.gov/geo/query/acc.cgi?acc=GSE135089
GSE134978,LIHC,4,2019/07/27,Genome-wide identification of transcripts associated with KIAA1429 by RIP-seq,https://www.ncbi.nlm.nih.gov/geo/query/acc.cgi?acc=GSE134978
GSE134817,LIHC,180,2019/07/25,Promoter activity profiling reveals on- and off-target transcriptional responses to drug treatment,https://www.ncbi.nlm.nih.gov/geo/query/acc.cgi?acc=GSE134817
GSE134776,LIHC,4,2019/07/25,Gene expression profiling for HCCLM3 cells with shCtrl or shKIAA1429,https://www.ncbi.nlm.nih.gov/geo/query/acc.cgi?acc=GSE134776
GSE117623,LIHC,137,2019/07/24,The Liquid Liver Biopsy: Detection of Circulating Epithelial Cells in Liver Disease,https://www.ncbi.nlm.nih.gov/geo/query/acc.cgi?acc=GSE117623
GSE133976,LIHC,6,2019/07/18,"GREB1, a novel target of Wnt signaling, promotes development of hepatoblastoma by suppressing TGFβ signaling",https://www.ncbi.nlm.nih.gov/geo/query/acc.cgi?acc=GSE133976
GSE134197,LIHC,12,2019/07/13,The effects of U1 snRNA mutation in chronic lymphocytic leukemia cell lines,https://www.ncbi.nlm.nih.gov/geo/query/acc.cgi?acc=GSE134197
GSE125518,LIHC,15,2019/07/01,Targeting HuH7 cells with JumonjiC Lysine Demethylase Inhibitors and RAC1 inhibitors (RNA-Seq),https://www.ncbi.nlm.nih.gov/geo/query/acc.cgi?acc=GSE125518
GSE123605,LIHC,48,2019/06/30,Predicting Postoperative Liver Dysfunction Based on Blood Derived MicroRNA Signatures,https://www.ncbi.nlm.nih.gov/geo/query/acc.cgi?acc=GSE123605
GSE120110,LIHC,152,2019/06/27,Pervasive Chromatin-RNA Binding Protein Interactions Enable RNA-based Regulation of Transcription,https://www.ncbi.nlm.nih.gov/geo/query/acc.cgi?acc=GSE120110
GSE120105,LIHC,38,2019/06/27,Pervasive Chromatin-RNA Binding Protein Interactions Enable RNA-based Regulation of Transcription [GRO-Seq],https://www.ncbi.nlm.nih.gov/geo/query/acc.cgi?acc=GSE120105
GSE128274,LIHC,16,2019/06/21,Analyses of a panel of transcripts and construction of RNA networks in hepatocellular carcinoma,https://www.ncbi.nlm.nih.gov/geo/query/acc.cgi?acc=GSE128274
GSE124395,LIHC,319,2019/06/18,A Human Liver Cell Atlas reveals Heterogeneity and Epithelial Progenitors ,https://www.ncbi.nlm.nih.gov/geo/query/acc.cgi?acc=GSE124395
GSE97098,LIHC,73,2019/06/17,RNAseq data of 81 liver cancer cell lines,https://www.ncbi.nlm.nih.gov/geo/query/acc.cgi?acc=GSE97098
GSE132766,LIHC,8,2019/06/15,A technology-agnostic long-read analysis pipeline for transcriptome discovery and quantification,https://www.ncbi.nlm.nih.gov/geo/query/acc.cgi?acc=GSE132766
GSE112705,LIHC,40,2019/06/14,Landscapes of gene translation in hepatocellular carcinoma tumors revealed by ribosome profiling,https://www.ncbi.nlm.nih.gov/geo/query/acc.cgi?acc=GSE112705
GSE120160,LIHC,22,2019/06/10,MenSCs inhibit HCC growth through oncogenic pathway suppression via regulating 5-hmC in enhancer elements,https://www.ncbi.nlm.nih.gov/geo/query/acc.cgi?acc=GSE120160
GSE120158,LIHC,6,2019/06/10,MenSCs inhibit HCC growth through oncogenic pathway suppression via regulating 5-hmC in enhancer elements [RNA-seq],https://www.ncbi.nlm.nih.gov/geo/query/acc.cgi?acc=GSE120158
GSE104462,LIHC,9,2019/06/10,Genome-wide analysis of ferroptosis related genes in liver cancer cells.,https://www.ncbi.nlm.nih.gov/geo/query/acc.cgi?acc=GSE104462
GSE124752,LIHC,8,2019/06/07,Gene expression profile of hepatocellular carcinoma with marked immune cell infiltration II,https://www.ncbi.nlm.nih.gov/geo/query/acc.cgi?acc=GSE124752
GSE124751,LIHC,206,2019/06/07,Gene expression profile of hepatocellular carcinoma with marked immune cell infiltration I,https://www.ncbi.nlm.nih.gov/geo/query/acc.cgi?acc=GSE124751
GSE121013,LIHC,4,2019/06/01,De novo assembled individual genome does not show advantage against standard reference genome: a demonstration of Chinese Han Population,https://www.ncbi.nlm.nih.gov/geo/query/acc.cgi?acc=GSE121013
GSE99680,LIHC,107,2019/05/27,Estrogen signaling is reprogrammed in breast tumorigenesis,https://www.ncbi.nlm.nih.gov/geo/query/acc.cgi?acc=GSE99680
GSE131680,LIHC,9,2019/05/24,Loss of histone macroH2A1 in hepatocellular carcinoma cells promotes paracrine-mediated chemoresistance and CD4+CD25+ T regulatory cells act,https://www.ncbi.nlm.nih.gov/geo/query/acc.cgi?acc=GSE131680
GSE114856,LIHC,10,2019/05/22,RNA sequencing results of EMT and CSC phenotypes induced by modulated expression of wild-type and mutated PSPC1 and PTK6,https://www.ncbi.nlm.nih.gov/geo/query/acc.cgi?acc=GSE114856
GSE111829,LIHC,2,2019/05/21,NCOA5 knockout suppresses epithelial-to-mesenchymal transition (EMT) impairing cell proliferation and migration in Hepatocellular Carcinoma ,https://www.ncbi.nlm.nih.gov/geo/query/acc.cgi?acc=GSE111829
GSE115853,LIHC,13,2019/05/20,Organoids derived from directly reprogrammed human hepatocytes for modeling liver cancer initiation,https://www.ncbi.nlm.nih.gov/geo/query/acc.cgi?acc=GSE115853
GSE124527,LIHC,2,2019/05/15,Global RNA expression profiles between shNC and shcircβ-catenin in PLC/PRF/5 cells,https://www.ncbi.nlm.nih.gov/geo/query/acc.cgi?acc=GSE124527
GSE119103,LIHC,90,2019/05/02,Corrupted coordination of epigenetic modifications leads to diverging chromatin states and transcriptional heterogeneity in chronic lymphocy,https://www.ncbi.nlm.nih.gov/geo/query/acc.cgi?acc=GSE119103
GSE125525,LIHC,3,2019/04/25,"Next Generation Sequencing Quantitative Analysis of HepG2, hyper-glycolytic model cell, oxamate treated cells",https://www.ncbi.nlm.nih.gov/geo/query/acc.cgi?acc=GSE125525
GSE126831,LIHC,63,2019/04/17,A temporal proteogenomic atlas of HCV-host interactions unravels cell circuits driving viral and metabolic liver disease.,https://www.ncbi.nlm.nih.gov/geo/query/acc.cgi?acc=GSE126831
GSE109194,LIHC,26,2019/04/16,An RNA-centric dissection of host complexes controlling flavivirus infection,https://www.ncbi.nlm.nih.gov/geo/query/acc.cgi?acc=GSE109194
GSE109191,LIHC,12,2019/04/16,An RNA-centric dissection of host complexes controlling flavivirus infection [irCLIP],https://www.ncbi.nlm.nih.gov/geo/query/acc.cgi?acc=GSE109191
GSE109190,LIHC,6,2019/04/16,An RNA-centric dissection of host complexes controlling flavivirus infection [RNA-Seq],https://www.ncbi.nlm.nih.gov/geo/query/acc.cgi?acc=GSE109190
GSE129277,LIHC,4,2019/04/04,Illumina sequencing analysis of LINC00998 knockdown and control in Huh7 cell line,https://www.ncbi.nlm.nih.gov/geo/query/acc.cgi?acc=GSE129277
GSE129071,LIHC,9,2019/03/30,Oxaliplatin resistance is enhanced by saracatinib via upregulation of ABCG1 and Wnt/β-catenin signaling in hepatocellular carcinoma,https://www.ncbi.nlm.nih.gov/geo/query/acc.cgi?acc=GSE129071
GSE98372,LIHC,8,2019/03/12,"Next Generation Sequencing Facilitates Quantitative Analysis of IFNα Stimulated Transcriptomes in HepG2, SETD2-KO, STAT1-KO and STAT1-K525AR",https://www.ncbi.nlm.nih.gov/geo/query/acc.cgi?acc=GSE98372
GSE125602,LIHC,6,2019/03/07,RNA-sequencing of fibrolamellar carcinoma (FLC) cell line treated with miR-375 mimic,https://www.ncbi.nlm.nih.gov/geo/query/acc.cgi?acc=GSE125602
GSE120663,LIHC,7,2019/03/07,Transcriptome Analysis of PBMCs in peripheral blood of patients with hepatocellular carcinoma,https://www.ncbi.nlm.nih.gov/geo/query/acc.cgi?acc=GSE120663
GSE124535,LIHC,70,2019/03/03,Gene expression profiles of 35 paired HCC and non-tumor tissues by RNA-seq data,https://www.ncbi.nlm.nih.gov/geo/query/acc.cgi?acc=GSE124535
GSE127713,LIHC,12,2019/03/02,Cellular gene expression during Hepatitis C Virus replication revealed by Ribosome profiling,https://www.ncbi.nlm.nih.gov/geo/query/acc.cgi?acc=GSE127713
GSE126984,LIHC,21,2019/02/26,PTENα/β paradoxically promote carcinogenesis through WDR5-H3K4me3 axis,https://www.ncbi.nlm.nih.gov/geo/query/acc.cgi?acc=GSE126984
GSE126983,LIHC,10,2019/02/26,PTENα/β paradoxically promote carcinogenesis through WDR5-H3K4me3 axis [RNA-seq],https://www.ncbi.nlm.nih.gov/geo/query/acc.cgi?acc=GSE126983
GSE121952,LIHC,12,2019/02/21,Active ribosome profiling in SETD2 or METTL14 knockdown HepG2 cells,https://www.ncbi.nlm.nih.gov/geo/query/acc.cgi?acc=GSE121952
GSE121949,LIHC,24,2019/02/21,RNA stability profiling in SETD2 and METTL14 knockdown HepG2 cells,https://www.ncbi.nlm.nih.gov/geo/query/acc.cgi?acc=GSE121949
GSE121948,LIHC,2,2019/02/21,PAR-CLIP-seq of HA-METTL14 in HepG2 cells,https://www.ncbi.nlm.nih.gov/geo/query/acc.cgi?acc=GSE121948
GSE110323,LIHC,119,2019/02/21,Histone H3 Trimethylation at Lysine 36 (H3K36me3) Guides m6A RNA Modification,https://www.ncbi.nlm.nih.gov/geo/query/acc.cgi?acc=GSE110323
GSE119631,LIHC,8,2019/02/19,Characterization of the dynamics of lamin A and lamin B LADs in HepG2 cells: impact of cyclosporin A,https://www.ncbi.nlm.nih.gov/geo/query/acc.cgi?acc=GSE119631
GSE112463,LIHC,12,2019/02/04,Identification of Novel Regulatory Genes in APAP Induced Hepatocyte Toxicity by a Genome-Wide CRISPR-Cas9 Screen,https://www.ncbi.nlm.nih.gov/geo/query/acc.cgi?acc=GSE112463
GSE110048,LIHC,8,2019/02/02,CircZKSCAN1 suppresses stemness in hepatocellular carcinoma (HCC) by competing against RNA-binding protein FMRP,https://www.ncbi.nlm.nih.gov/geo/query/acc.cgi?acc=GSE110048
GSE118140,LIHC,4,2019/02/01,Transcriptomic analysis of the RPS3-regulated genes in HCC cell line,https://www.ncbi.nlm.nih.gov/geo/query/acc.cgi?acc=GSE118140
GSE101934,LIHC,6,2019/02/01,Distinct gene expression profile of Huh7 cell lines stably overexpressing CRABP1 or 2,https://www.ncbi.nlm.nih.gov/geo/query/acc.cgi?acc=GSE101934
GSE123098,LIHC,4,2019/01/06,Aberrant enhancer reprogramming drives hepatic carcinogenesis through global transcriptional reprogramming [RNA-seq],https://www.ncbi.nlm.nih.gov/geo/query/acc.cgi?acc=GSE123098
GSE117822,LIHC,9,2019/01/02,Transcriptome Analysis of Huh7 cells Infected with Adenovirus Overexpression GSTZ1 or PCK1,https://www.ncbi.nlm.nih.gov/geo/query/acc.cgi?acc=GSE117822
GSE119001,LIHC,6,2019/01/01,Expression alterations induced by restoration of AXIN1 expression in SNU449 hepatocellular carcinoma cells,https://www.ncbi.nlm.nih.gov/geo/query/acc.cgi?acc=GSE119001
GSE113400,LIHC,4,2018/12/26,Determine the role of TXNDC9 in hepatocellular carcinoma progression,https://www.ncbi.nlm.nih.gov/geo/query/acc.cgi?acc=GSE113400
GSE92328,LIHC,24,2018/12/17,"Next Generation Sequencing for Genome-wide Maps of DNA Methylation, ChIP-seq and RNA-seq in Liver Cells",https://www.ncbi.nlm.nih.gov/geo/query/acc.cgi?acc=GSE92328
GSE115193,LIHC,9,2018/12/11,Evaluating pre-clinical models for studying NASH driven HCC.,https://www.ncbi.nlm.nih.gov/geo/query/acc.cgi?acc=GSE115193
GSE112983,LIHC,8,2018/12/10,RNA sequencing of HepG2 cells treated with estradiol or estrogen receptor agonist,https://www.ncbi.nlm.nih.gov/geo/query/acc.cgi?acc=GSE112983
GSE117627,LIHC,15,2018/12/01,Intrahepatic MAIT cell gene expression revealed by RNA-seq,https://www.ncbi.nlm.nih.gov/geo/query/acc.cgi?acc=GSE117627
GSE123039,LIHC,4,2018/11/29,mRNA expression profile in MHCC-97H-SH-NC And MHCC-97H-SH-UCK2 liver cancer cells,https://www.ncbi.nlm.nih.gov/geo/query/acc.cgi?acc=GSE123039
GSE111389,LIHC,18,2018/11/13,"Gene expression profiles of PD1-high, PD1-intermediate, and PD1-negative tumor-infiltrating CD8 T cells in hepatocellular carcinoma",https://www.ncbi.nlm.nih.gov/geo/query/acc.cgi?acc=GSE111389
GSE74333,LIHC,29,2018/10/23,Transcriptomics analysis of gene expression in multiple human and mouse cells and tissues,https://www.ncbi.nlm.nih.gov/geo/query/acc.cgi?acc=GSE74333
GSE121468,LIHC,2,2018/10/19,Expression profiles in circRHOT1-deficient or control HCC cells.,https://www.ncbi.nlm.nih.gov/geo/query/acc.cgi?acc=GSE121468
GSE121277,LIHC,8,2018/10/16,"RNA seq data of Hep3B-control, Hep3B-sertraline, Hep3B-XL413, Hep3B-XL413-sertraline, Huh7-control, Huh7-sertraline, Huh7-XL413, Huh7-XL413-",https://www.ncbi.nlm.nih.gov/geo/query/acc.cgi?acc=GSE121277
GSE121276,LIHC,8,2018/10/16,CDC7 inhibition induces a senescence-like state in Hep3B and Huh7 cells,https://www.ncbi.nlm.nih.gov/geo/query/acc.cgi?acc=GSE121276
GSE121072,LIHC,4,2018/10/11,Stable knockdown of PLAGL2 in hepatocellular carcinoma cells,https://www.ncbi.nlm.nih.gov/geo/query/acc.cgi?acc=GSE121072
GSE116136,LIHC,24,2018/10/10,IGF2BP1 promotes SRF-dependent transcription in cancer in a m6A- and miRNA-dependent manner,https://www.ncbi.nlm.nih.gov/geo/query/acc.cgi?acc=GSE116136
GSE116133,LIHC,7,2018/10/10,IGF2BP1 promotes SRF-dependent transcription in cancer in a m6A- and miRNA-dependent manner [Huh-7],https://www.ncbi.nlm.nih.gov/geo/query/acc.cgi?acc=GSE116133
GSE112048,LIHC,18,2018/10/09,"Bisulfite-free, nano-scale analysis of 5-hydroxymethylcytosine at single base resolution",https://www.ncbi.nlm.nih.gov/geo/query/acc.cgi?acc=GSE112048
GSE112623,LIHC,3,2018/10/04,Optimal settings of mass spectrometry open search strategy for higher confidence,https://www.ncbi.nlm.nih.gov/geo/query/acc.cgi?acc=GSE112623
GSE115423,LIHC,9,2018/10/02,Transcriptome analysis of the HepG2 cells expressing hepatic transcription factors,https://www.ncbi.nlm.nih.gov/geo/query/acc.cgi?acc=GSE115423
GSE87592,LIHC,53,2018/10/01,Expression profiling by high throughput sequencing and transcriptome-wide association study study the metabolic mechanism of the formation o,https://www.ncbi.nlm.nih.gov/geo/query/acc.cgi?acc=GSE87592
GSE119088,LIHC,18,2018/09/26,Transcriptomes change differerntly in differernt cancer cells upon EPZ-6438 treatment,https://www.ncbi.nlm.nih.gov/geo/query/acc.cgi?acc=GSE119088
GSE97469,LIHC,6,2018/09/20,Expression analysis of genes modulated after knock-down of lncRNA CHROME.,https://www.ncbi.nlm.nih.gov/geo/query/acc.cgi?acc=GSE97469
GSE120096,LIHC,14,2018/09/19,Gene expression profiling of xenografts generated by lung metastasis screening models and HCCLM3 cells,https://www.ncbi.nlm.nih.gov/geo/query/acc.cgi?acc=GSE120096
GSE120095,LIHC,6,2018/09/19,Gene expression profiling of HCCLM3 cells: Control ASO vs SCARNA13 ASO,https://www.ncbi.nlm.nih.gov/geo/query/acc.cgi?acc=GSE120095
GSE120021,LIHC,8,2018/09/19,Gene expression profiling of xenografts generated by lung metastasis screening models,https://www.ncbi.nlm.nih.gov/geo/query/acc.cgi?acc=GSE120021
GSE103730,LIHC,42,2018/09/12,"High-resolution liver cancer genomic profiling links etiology, epigenetic and mutation signatures",https://www.ncbi.nlm.nih.gov/geo/query/acc.cgi?acc=GSE103730
GSE103729,LIHC,18,2018/09/12,"High-resolution liver cancer genomic profiling links etiology, epigenetic and mutation signatures [RNA-Seq]",https://www.ncbi.nlm.nih.gov/geo/query/acc.cgi?acc=GSE103729
GSE112221,LIHC,55,2018/09/09,Integrating the Epigenome to Identify Novel Drivers of Hepatocellular Carcinoma,https://www.ncbi.nlm.nih.gov/geo/query/acc.cgi?acc=GSE112221
GSE101061,LIHC,12,2018/09/03,Oncogenic Serine-Threonine Kinase Receptor Associated Protein Supports Hepatocellular Carcinoma Cell Growth by Enhancing Wnt/β-catenin Signa,https://www.ncbi.nlm.nih.gov/geo/query/acc.cgi?acc=GSE101061
GSE107747,LIHC,2,2018/08/06,Single-cell RNA sequencing of circulating tumor cells in hepatocellular carcinoma,https://www.ncbi.nlm.nih.gov/geo/query/acc.cgi?acc=GSE107747
GSE116172,LIHC,12,2018/07/26,An atlas of genetic variation for linking pathogen-induced cellular traits to human disease,https://www.ncbi.nlm.nih.gov/geo/query/acc.cgi?acc=GSE116172
GSE117459,LIHC,4,2018/07/21,Histone variant macroH2A1 rewires carbohydrate and lipid metabolism of hepatocellular carcinoma cells towards cancer stem cells,https://www.ncbi.nlm.nih.gov/geo/query/acc.cgi?acc=GSE117459
GSE112729,LIHC,7,2018/07/05,SALL4 Crud ChIP sequencing-WT and RNA-seq of SNU398 cells treated with therapeutic SALL4 peptides,https://www.ncbi.nlm.nih.gov/geo/query/acc.cgi?acc=GSE112729
GSE104761,LIHC,50,2018/06/11,The interplay between SOX4 and SMAD3 in the context of breast cancer,https://www.ncbi.nlm.nih.gov/geo/query/acc.cgi?acc=GSE104761
GSE103867,LIHC,3,2018/06/11,Single cell analysis reveals cancer cell heterogeneities in hepatocellular carcinoma [Chromium 10X],https://www.ncbi.nlm.nih.gov/geo/query/acc.cgi?acc=GSE103867
GSE103866,LIHC,138,2018/06/11,Single cell analysis reveals cancer cell heterogeneities in hepatocellular carcinoma [SMART-seq],https://www.ncbi.nlm.nih.gov/geo/query/acc.cgi?acc=GSE103866
GSE103591,LIHC,141,2018/06/11,Single cell analysis reveals cancer cell heterogeneities in hepatcellular carcinoma,https://www.ncbi.nlm.nih.gov/geo/query/acc.cgi?acc=GSE103591
GSE108177,LIHC,30,2018/05/16,Total RNA-seq of cancer cells with inhibition of DNA and/or histone methylation,https://www.ncbi.nlm.nih.gov/geo/query/acc.cgi?acc=GSE108177
GSE99697,LIHC,6,2018/04/19,Iron response of HepG2 cells,https://www.ncbi.nlm.nih.gov/geo/query/acc.cgi?acc=GSE99697
GSE113247,LIHC,8,2018/04/18,Sauchinone controls hepatic cholesterol homeostasis by the negative regulation of PCSK9 transcriptional network,https://www.ncbi.nlm.nih.gov/geo/query/acc.cgi?acc=GSE113247
GSE101413,LIHC,22,2018/04/17,Tracking transcriptional changes in a species-specific manner during experimental hepatoblastoma progression in vivo,https://www.ncbi.nlm.nih.gov/geo/query/acc.cgi?acc=GSE101413
GSE108210,LIHC,34,2018/03/28,DNA methylation inhibitor in HCT116,https://www.ncbi.nlm.nih.gov/geo/query/acc.cgi?acc=GSE108210
GSE109605,LIHC,17,2018/03/19,IGF2BP1 enhances an aggressive tumor cell phenotype by impairing miRNA-directed downregulation of oncogenic factors,https://www.ncbi.nlm.nih.gov/geo/query/acc.cgi?acc=GSE109605
GSE90686,LIHC,44,2018/03/15,Recognition of RNA N6-methyadenosine by IGF2BP proteins Enhances mRNA Stability,https://www.ncbi.nlm.nih.gov/geo/query/acc.cgi?acc=GSE90686
GSE90684,LIHC,30,2018/03/15,IGF2BP proteins Enhance mRNA stability,https://www.ncbi.nlm.nih.gov/geo/query/acc.cgi?acc=GSE90684
GSE111655,LIHC,6,2018/03/11,The LINC01138 Drives Malignancies via Activating Arginine Methyltransferase 5 in Hepatocellular Carcinoma,https://www.ncbi.nlm.nih.gov/geo/query/acc.cgi?acc=GSE111655
GSE94660,LIHC,42,2018/03/01,RNA sequencing (RNA-SEQ) of 21 HBV-HCC patients with non-neoplastic liver and tumor tissues,https://www.ncbi.nlm.nih.gov/geo/query/acc.cgi?acc=GSE94660
GSE110496,LIHC,2260,2018/02/27,Single cell transcriptional dynamics of flavivirus infection,https://www.ncbi.nlm.nih.gov/geo/query/acc.cgi?acc=GSE110496
GSE100207,LIHC,21,2018/02/22,"RNA-seq reveals abundant circRNA, lncRNA and mRNA in blood exosomes of patients with hepatocellular carcinoma",https://www.ncbi.nlm.nih.gov/geo/query/acc.cgi?acc=GSE100207
GSE103327,LIHC,6,2018/02/16,Transcriptome profiling of HepG2 cells upon treatment of the menin-MLL inhibitor MI-503 or DMSO,https://www.ncbi.nlm.nih.gov/geo/query/acc.cgi?acc=GSE103327
GSE109955,LIHC,50,2018/01/31,Generation of matched patient-derived xenograft in vitro-in vivo models using 3D macroporous hydrogels for the study of liver cancer,https://www.ncbi.nlm.nih.gov/geo/query/acc.cgi?acc=GSE109955
GSE109903,LIHC,28,2018/01/31,Generation of matched patient-derived xenograft in vitro-in vivo models using 3D macroporous hydrogels for the study of liver cancer [RNA-se,https://www.ncbi.nlm.nih.gov/geo/query/acc.cgi?acc=GSE109903
GSE109528,LIHC,3,2018/01/24,"RNA-seq analysis of HuH-7, NCI-H1299 and HEK-293T cells",https://www.ncbi.nlm.nih.gov/geo/query/acc.cgi?acc=GSE109528
GSE109490,LIHC,2,2018/01/24,Functional modulation of gene expression by TUC338 during growth of human,https://www.ncbi.nlm.nih.gov/geo/query/acc.cgi?acc=GSE109490
GSE109463,LIHC,15,2018/01/20,A toxicogenomics approach to screen chlorinated flame retardants tris(2-chloroethyl) phosphate and tris(2-chloroisopropyl) phosphate for pot,https://www.ncbi.nlm.nih.gov/geo/query/acc.cgi?acc=GSE109463
GSE109072,LIHC,9,2018/01/12,Toxicogenomics of the flame retardant tris (2-butoxyethyl) phosphate in HepG2 cells using RNA-seq.,https://www.ncbi.nlm.nih.gov/geo/query/acc.cgi?acc=GSE109072
GSE93069,LIHC,36,2018/01/03,Transcriptome sequencing (RNA-Seq) of non-tumor kidney tissues from 36 patients undergoing nephrectomy for exploring the metabolic mechanism,https://www.ncbi.nlm.nih.gov/geo/query/acc.cgi?acc=GSE93069
GSE98091,LIHC,6,2018/01/01,Transcriptomic analysis of the HOTAIR-regulated genes,https://www.ncbi.nlm.nih.gov/geo/query/acc.cgi?acc=GSE98091
GSE84073,LIHC,59,2017/11/13,Patient-derived organoid cultures model human primary liver cancer in vitro,https://www.ncbi.nlm.nih.gov/geo/query/acc.cgi?acc=GSE84073
GSE102910,LIHC,8,2017/11/01,The hepatitis C viral protein NS5A stabilizes growth-regulatory human transcripts,https://www.ncbi.nlm.nih.gov/geo/query/acc.cgi?acc=GSE102910
GSE79463,LIHC,4,2017/10/31,NR2E3 gene networks are associated with AHR signaling pathways,https://www.ncbi.nlm.nih.gov/geo/query/acc.cgi?acc=GSE79463
GSE104310,LIHC,20,2017/09/28,Gene Expression Profile of human hepatocellular carcinoma by RNA sequencing,https://www.ncbi.nlm.nih.gov/geo/query/acc.cgi?acc=GSE104310
GSE99315,LIHC,18,2017/09/22,Genome-wide analysis of YAP and TFCP2 occupancy and regulated expression in liver cancer cells,https://www.ncbi.nlm.nih.gov/geo/query/acc.cgi?acc=GSE99315
GSE99313,LIHC,9,2017/09/22,Genome-wide analysis of YAP and TFCP2 down-regulated genes in liver cancer cells,https://www.ncbi.nlm.nih.gov/geo/query/acc.cgi?acc=GSE99313
GSE87476,LIHC,32,2017/09/20,Mitotic Transcription and Waves of Gene Reactivation During Mitotic Exit,https://www.ncbi.nlm.nih.gov/geo/query/acc.cgi?acc=GSE87476
GSE86602,LIHC,4,2017/09/20,Comparison of gene expression profiles between SCD1 knockdown and vector control of Huh7 cells and PLC/PRF/5 cells by RNA-sequencing,https://www.ncbi.nlm.nih.gov/geo/query/acc.cgi?acc=GSE86602
GSE102561,LIHC,53,2017/08/21,"Co-regulation of transcription by BRG1 and Brm, two mutually exclusive SWI/SNF ATPase subunits",https://www.ncbi.nlm.nih.gov/geo/query/acc.cgi?acc=GSE102561
GSE102560,LIHC,15,2017/08/21,Cooperative and Antagonistic Transcriptional Regulation by BRG/BRM [RNA-seq],https://www.ncbi.nlm.nih.gov/geo/query/acc.cgi?acc=GSE102560
GSE79884,LIHC,2,2017/08/18,4β-Hydroxywithanolide E Modulates Alternative Splicing of Apoptotic Genes in Human Hepatocellular Carcinoma Huh-7 Cells,https://www.ncbi.nlm.nih.gov/geo/query/acc.cgi?acc=GSE79884
GSE83518,LIHC,16,2017/06/30,Gene profiling of human adult and pediatric liver cancer cells,https://www.ncbi.nlm.nih.gov/geo/query/acc.cgi?acc=GSE83518
GSE63018,LIHC,35,2017/06/09,Genome and transcriptome profiling of fibrolamellar carcinoma [RNA-Seq],https://www.ncbi.nlm.nih.gov/geo/query/acc.cgi?acc=GSE63018
GSE98985,LIHC,12,2017/06/05,Genes directly regulated by NF-κB in human hepatocellular carcinoma HepG2,https://www.ncbi.nlm.nih.gov/geo/query/acc.cgi?acc=GSE98985
GSE98984,LIHC,6,2017/06/05,Genes directly regulated by NF-κB in human hepatocellular carcinoma HepG2 [RNA-seq],https://www.ncbi.nlm.nih.gov/geo/query/acc.cgi?acc=GSE98984
GSE93832,LIHC,16,2017/06/01,Lipid Nanoparticle-Mediated Delivery of Anti-miR-17 Family Oligonucleotide Suppresses Hepatocellular Carcinoma Growth,https://www.ncbi.nlm.nih.gov/geo/query/acc.cgi?acc=GSE93832
GSE93831,LIHC,10,2017/06/01,mRNA Profiling of miR-17 family inhibition using TuD lentiviral vector in HepG2 and SK-Hep1 hepatocellular carcinoma cell lines [RNA-Seq],https://www.ncbi.nlm.nih.gov/geo/query/acc.cgi?acc=GSE93831
GSE98638,LIHC,6,2017/05/17,Landscape of infiltrating T cells in liver cancer revealed by single-cell sequencing,https://www.ncbi.nlm.nih.gov/geo/query/acc.cgi?acc=GSE98638
GSE89309,LIHC,97,2017/05/17,Chromatin states of tumor-specific T cells,https://www.ncbi.nlm.nih.gov/geo/query/acc.cgi?acc=GSE89309
GSE83132,LIHC,41,2017/05/10,Genes that mediate leptomeningeal metastasis from breast and lung solid tumor primaries,https://www.ncbi.nlm.nih.gov/geo/query/acc.cgi?acc=GSE83132
GSE97214,LIHC,18,2017/04/28,Transcriptome sequencing identify a recurrent CRYL1-IFT88 chimeric transcript in hepatocellular carcinoma,https://www.ncbi.nlm.nih.gov/geo/query/acc.cgi?acc=GSE97214
GSE97061,LIHC,46,2017/03/28,Argonaute CLIP defines a deregulated miR-122 bound transcriptome that correlates with patient survival in human liver cancer,https://www.ncbi.nlm.nih.gov/geo/query/acc.cgi?acc=GSE97061
GSE95778,LIHC,2,2017/03/08,Transcriptome-wide identification of transcripts regulated by MBNL3 in hepatocellular carcinoma cells,https://www.ncbi.nlm.nih.gov/geo/query/acc.cgi?acc=GSE95778
GSE82110,LIHC,12,2017/03/08,Acriflavine inhibits the epithelial-to-mesenchymal transition in vitro in liver and pancreatic cancer cells (part of study on HepG2),https://www.ncbi.nlm.nih.gov/geo/query/acc.cgi?acc=GSE82110
GSE82104,LIHC,9,2017/03/08,Acriflavine inhibits the epithelial-to-mesenchymal transition in vitro in liver and pancreatic cancer cells (part of study on PANC1 cells tr,https://www.ncbi.nlm.nih.gov/geo/query/acc.cgi?acc=GSE82104
GSE77509,LIHC,60,2017/02/17,RNA-seq analysis of hepatocellular carcinoma with portal vein tumor thrombosis,https://www.ncbi.nlm.nih.gov/geo/query/acc.cgi?acc=GSE77509
GSE77276,LIHC,240,2017/02/17,The molecular landscape of hepatocellular carcinoma with portal vein tumor thrombosis,https://www.ncbi.nlm.nih.gov/geo/query/acc.cgi?acc=GSE77276
GSE77992,LIHC,4,2017/02/14,Next Generation Sequencing Facilitates Quantitative Analysis of HCC cells transfected with NCsiRNA or CDCA8siRNA,https://www.ncbi.nlm.nih.gov/geo/query/acc.cgi?acc=GSE77992
GSE62905,LIHC,4,2017/02/09,Quantitative analysis of CD133+ liver cancer stem cells vs CD133- non cancer stem cell by RNA-Seq profiling,https://www.ncbi.nlm.nih.gov/geo/query/acc.cgi?acc=GSE62905
GSE78705,LIHC,2,2017/01/17,Next Generation Sequencing Analysis of control and SRSF2-/- Huh7 cells Transcriptomes,https://www.ncbi.nlm.nih.gov/geo/query/acc.cgi?acc=GSE78705
GSE80361,LIHC,12,2017/01/04,Transcriptome profile of HepG2-expressing ATP7B-H1069Q (liver hepatocellular cells) exposed to JNK or p38 Inhibitor,https://www.ncbi.nlm.nih.gov/geo/query/acc.cgi?acc=GSE80361
GSE73268,LIHC,4,2016/12/31,Next Generation Sequencing Facilitates Quantitative Analysis of HCC cells transfected with NCsiRNA or ODC1siRNA,https://www.ncbi.nlm.nih.gov/geo/query/acc.cgi?acc=GSE73268
GSE64520,LIHC,298,2016/12/16,Molecular liver cancer prevention in cirrhosis by organ transcriptome analysis and lysophosphatidic acid pathway inhibition,https://www.ncbi.nlm.nih.gov/geo/query/acc.cgi?acc=GSE64520
GSE90322,LIHC,2,2016/12/07,polyA mRNA RNA-seq from HepG2 (ENCSR329MHM),https://www.ncbi.nlm.nih.gov/geo/query/acc.cgi?acc=GSE90322
GSE90256,LIHC,2,2016/12/07,polyA depleted RNA-seq from HepG2 (ENCSR000CQU),https://www.ncbi.nlm.nih.gov/geo/query/acc.cgi?acc=GSE90256
GSE90248,LIHC,2,2016/12/07,polyA depleted RNA-seq from HepG2 (ENCSR000CQK),https://www.ncbi.nlm.nih.gov/geo/query/acc.cgi?acc=GSE90248
GSE90230,LIHC,2,2016/12/07,polyA mRNA RNA-seq from HepG2 (ENCSR000CPF),https://www.ncbi.nlm.nih.gov/geo/query/acc.cgi?acc=GSE90230
GSE90229,LIHC,2,2016/12/07,polyA depleted RNA-seq from HepG2 (ENCSR000CPD),https://www.ncbi.nlm.nih.gov/geo/query/acc.cgi?acc=GSE90229
GSE90228,LIHC,2,2016/12/07,polyA mRNA RNA-seq from HepG2 (ENCSR000CPC),https://www.ncbi.nlm.nih.gov/geo/query/acc.cgi?acc=GSE90228
GSE74791,LIHC,3,2016/12/01,Functional Genomic Analyses of Hep-G2 Cell Line after FTO knockdown,https://www.ncbi.nlm.nih.gov/geo/query/acc.cgi?acc=GSE74791
GSE81550,LIHC,6,2016/11/18,RNA-Seq expression profiling of hepatocellular carcinoma and adjacent non-tumor liver tissues,https://www.ncbi.nlm.nih.gov/geo/query/acc.cgi?acc=GSE81550
GSE88696,LIHC,2,2016/11/08,shRNA RNA-seq from HepG2 (ENCSR998MZP),https://www.ncbi.nlm.nih.gov/geo/query/acc.cgi?acc=GSE88696
GSE88693,LIHC,2,2016/11/08,shRNA RNA-seq from HepG2 (ENCSR995RPB),https://www.ncbi.nlm.nih.gov/geo/query/acc.cgi?acc=GSE88693
GSE88692,LIHC,2,2016/11/08,shRNA RNA-seq from HepG2 (ENCSR995JMS),https://www.ncbi.nlm.nih.gov/geo/query/acc.cgi?acc=GSE88692
GSE88691,LIHC,2,2016/11/08,shRNA RNA-seq from HepG2 (ENCSR992JGE),https://www.ncbi.nlm.nih.gov/geo/query/acc.cgi?acc=GSE88691
GSE88681,LIHC,2,2016/11/08,shRNA RNA-seq from HepG2 (ENCSR968YWY),https://www.ncbi.nlm.nih.gov/geo/query/acc.cgi?acc=GSE88681
GSE88678,LIHC,2,2016/11/08,shRNA RNA-seq from HepG2 (ENCSR968BBQ),https://www.ncbi.nlm.nih.gov/geo/query/acc.cgi?acc=GSE88678
GSE88675,LIHC,2,2016/11/08,shRNA RNA-seq from HepG2 (ENCSR964YTW),https://www.ncbi.nlm.nih.gov/geo/query/acc.cgi?acc=GSE88675
GSE88672,LIHC,2,2016/11/08,shRNA RNA-seq from HepG2 (ENCSR960MSV),https://www.ncbi.nlm.nih.gov/geo/query/acc.cgi?acc=GSE88672
GSE88670,LIHC,2,2016/11/08,shRNA RNA-seq from HepG2 (ENCSR958KSY),https://www.ncbi.nlm.nih.gov/geo/query/acc.cgi?acc=GSE88670
GSE88665,LIHC,2,2016/11/08,shRNA RNA-seq from HepG2 (ENCSR946OFN),https://www.ncbi.nlm.nih.gov/geo/query/acc.cgi?acc=GSE88665
GSE88664,LIHC,2,2016/11/08,shRNA RNA-seq from HepG2 (ENCSR945XKW),https://www.ncbi.nlm.nih.gov/geo/query/acc.cgi?acc=GSE88664
GSE88659,LIHC,2,2016/11/08,shRNA RNA-seq from HepG2 (ENCSR942MBU),https://www.ncbi.nlm.nih.gov/geo/query/acc.cgi?acc=GSE88659
GSE88654,LIHC,2,2016/11/08,polyA mRNA RNA-seq from HepG2 (ENCSR931WGT),https://www.ncbi.nlm.nih.gov/geo/query/acc.cgi?acc=GSE88654
GSE88651,LIHC,2,2016/11/08,shRNA RNA-seq from HepG2 (ENCSR929PXS),https://www.ncbi.nlm.nih.gov/geo/query/acc.cgi?acc=GSE88651
GSE88648,LIHC,2,2016/11/08,shRNA RNA-seq from HepG2 (ENCSR927SLP),https://www.ncbi.nlm.nih.gov/geo/query/acc.cgi?acc=GSE88648
GSE88647,LIHC,2,2016/11/08,shRNA RNA-seq from HepG2 (ENCSR925SYZ),https://www.ncbi.nlm.nih.gov/geo/query/acc.cgi?acc=GSE88647
GSE88642,LIHC,2,2016/11/08,shRNA RNA-seq from HepG2 (ENCSR913ZWR),https://www.ncbi.nlm.nih.gov/geo/query/acc.cgi?acc=GSE88642
GSE88641,LIHC,2,2016/11/08,shRNA RNA-seq from HepG2 (ENCSR912EHP),https://www.ncbi.nlm.nih.gov/geo/query/acc.cgi?acc=GSE88641
GSE88639,LIHC,2,2016/11/08,shRNA RNA-seq from HepG2 (ENCSR910YNJ),https://www.ncbi.nlm.nih.gov/geo/query/acc.cgi?acc=GSE88639
GSE88638,LIHC,2,2016/11/08,shRNA RNA-seq from HepG2 (ENCSR910ECL),https://www.ncbi.nlm.nih.gov/geo/query/acc.cgi?acc=GSE88638
GSE88636,LIHC,2,2016/11/08,shRNA RNA-seq from HepG2 (ENCSR905HID),https://www.ncbi.nlm.nih.gov/geo/query/acc.cgi?acc=GSE88636
GSE88631,LIHC,2,2016/11/08,shRNA RNA-seq from HepG2 (ENCSR896MMU),https://www.ncbi.nlm.nih.gov/geo/query/acc.cgi?acc=GSE88631
GSE88630,LIHC,2,2016/11/08,shRNA RNA-seq from HepG2 (ENCSR896CFV),https://www.ncbi.nlm.nih.gov/geo/query/acc.cgi?acc=GSE88630
GSE88626,LIHC,2,2016/11/08,total RNA-seq from HepG2 (ENCSR887ZSY),https://www.ncbi.nlm.nih.gov/geo/query/acc.cgi?acc=GSE88626
GSE88620,LIHC,2,2016/11/08,shRNA RNA-seq from HepG2 (ENCSR883BXR),https://www.ncbi.nlm.nih.gov/geo/query/acc.cgi?acc=GSE88620
GSE88617,LIHC,2,2016/11/08,shRNA RNA-seq from HepG2 (ENCSR880DEH),https://www.ncbi.nlm.nih.gov/geo/query/acc.cgi?acc=GSE88617
GSE88609,LIHC,2,2016/11/08,shRNA RNA-seq from HepG2 (ENCSR871BXO),https://www.ncbi.nlm.nih.gov/geo/query/acc.cgi?acc=GSE88609
GSE88604,LIHC,2,2016/11/08,total RNA-seq from HepG2 (ENCSR862HPO),https://www.ncbi.nlm.nih.gov/geo/query/acc.cgi?acc=GSE88604
GSE88598,LIHC,2,2016/11/08,shRNA RNA-seq from HepG2 (ENCSR856ZRV),https://www.ncbi.nlm.nih.gov/geo/query/acc.cgi?acc=GSE88598
GSE88593,LIHC,2,2016/11/08,shRNA RNA-seq from HepG2 (ENCSR853PBF),https://www.ncbi.nlm.nih.gov/geo/query/acc.cgi?acc=GSE88593
GSE88590,LIHC,2,2016/11/08,shRNA RNA-seq from HepG2 (ENCSR851KEX),https://www.ncbi.nlm.nih.gov/geo/query/acc.cgi?acc=GSE88590
GSE88587,LIHC,2,2016/11/08,shRNA RNA-seq from HepG2 (ENCSR850FEH),https://www.ncbi.nlm.nih.gov/geo/query/acc.cgi?acc=GSE88587
GSE88578,LIHC,2,2016/11/08,shRNA RNA-seq from HepG2 (ENCSR838SMC),https://www.ncbi.nlm.nih.gov/geo/query/acc.cgi?acc=GSE88578
GSE88576,LIHC,2,2016/11/08,shRNA RNA-seq from HepG2 (ENCSR837QDN),https://www.ncbi.nlm.nih.gov/geo/query/acc.cgi?acc=GSE88576
GSE88570,LIHC,2,2016/11/08,shRNA RNA-seq from HepG2 (ENCSR825QXH),https://www.ncbi.nlm.nih.gov/geo/query/acc.cgi?acc=GSE88570
GSE88566,LIHC,2,2016/11/08,shRNA RNA-seq from HepG2 (ENCSR820ROH),https://www.ncbi.nlm.nih.gov/geo/query/acc.cgi?acc=GSE88566
GSE88564,LIHC,2,2016/11/08,shRNA RNA-seq from HepG2 (ENCSR815JDY),https://www.ncbi.nlm.nih.gov/geo/query/acc.cgi?acc=GSE88564
GSE88561,LIHC,2,2016/11/08,total RNA-seq from HepG2 (ENCSR813BDU),https://www.ncbi.nlm.nih.gov/geo/query/acc.cgi?acc=GSE88561
GSE88556,LIHC,2,2016/11/08,shRNA RNA-seq from HepG2 (ENCSR810JYX),https://www.ncbi.nlm.nih.gov/geo/query/acc.cgi?acc=GSE88556
GSE88552,LIHC,2,2016/11/08,shRNA RNA-seq from HepG2 (ENCSR808FBR),https://www.ncbi.nlm.nih.gov/geo/query/acc.cgi?acc=GSE88552
GSE88551,LIHC,2,2016/11/08,shRNA RNA-seq from HepG2 (ENCSR807ODB),https://www.ncbi.nlm.nih.gov/geo/query/acc.cgi?acc=GSE88551
GSE88540,LIHC,2,2016/11/08,shRNA RNA-seq from HepG2 (ENCSR788HVK),https://www.ncbi.nlm.nih.gov/geo/query/acc.cgi?acc=GSE88540
GSE88538,LIHC,2,2016/11/08,shRNA RNA-seq from HepG2 (ENCSR784FTX),https://www.ncbi.nlm.nih.gov/geo/query/acc.cgi?acc=GSE88538
GSE88535,LIHC,2,2016/11/08,shRNA RNA-seq from HepG2 (ENCSR782MXN),https://www.ncbi.nlm.nih.gov/geo/query/acc.cgi?acc=GSE88535
GSE88533,LIHC,2,2016/11/08,shRNA RNA-seq from HepG2 (ENCSR781YNI),https://www.ncbi.nlm.nih.gov/geo/query/acc.cgi?acc=GSE88533
GSE88528,LIHC,2,2016/11/08,shRNA RNA-seq from HepG2 (ENCSR778RWJ),https://www.ncbi.nlm.nih.gov/geo/query/acc.cgi?acc=GSE88528
GSE88526,LIHC,2,2016/11/08,shRNA RNA-seq from HepG2 (ENCSR776SXA),https://www.ncbi.nlm.nih.gov/geo/query/acc.cgi?acc=GSE88526
GSE88523,LIHC,2,2016/11/08,shRNA RNA-seq from HepG2 (ENCSR771QMJ),https://www.ncbi.nlm.nih.gov/geo/query/acc.cgi?acc=GSE88523
GSE88520,LIHC,2,2016/11/08,shRNA RNA-seq from HepG2 (ENCSR769GES),https://www.ncbi.nlm.nih.gov/geo/query/acc.cgi?acc=GSE88520
GSE88519,LIHC,2,2016/11/08,shRNA RNA-seq from HepG2 (ENCSR767LLP),https://www.ncbi.nlm.nih.gov/geo/query/acc.cgi?acc=GSE88519
GSE88515,LIHC,2,2016/11/08,shRNA RNA-seq from HepG2 (ENCSR760EGM),https://www.ncbi.nlm.nih.gov/geo/query/acc.cgi?acc=GSE88515
GSE88513,LIHC,2,2016/11/08,shRNA RNA-seq from HepG2 (ENCSR755KOM),https://www.ncbi.nlm.nih.gov/geo/query/acc.cgi?acc=GSE88513
GSE88505,LIHC,2,2016/11/08,shRNA RNA-seq from HepG2 (ENCSR744YVR),https://www.ncbi.nlm.nih.gov/geo/query/acc.cgi?acc=GSE88505
GSE88504,LIHC,2,2016/11/08,shRNA RNA-seq from HepG2 (ENCSR744PAQ),https://www.ncbi.nlm.nih.gov/geo/query/acc.cgi?acc=GSE88504
GSE88502,LIHC,2,2016/11/08,shRNA RNA-seq from HepG2 (ENCSR741YCA),https://www.ncbi.nlm.nih.gov/geo/query/acc.cgi?acc=GSE88502
GSE88496,LIHC,2,2016/11/08,shRNA RNA-seq from HepG2 (ENCSR728BOL),https://www.ncbi.nlm.nih.gov/geo/query/acc.cgi?acc=GSE88496
GSE88492,LIHC,2,2016/11/08,shRNA RNA-seq from HepG2 (ENCSR720BPO),https://www.ncbi.nlm.nih.gov/geo/query/acc.cgi?acc=GSE88492
GSE88487,LIHC,2,2016/11/08,shRNA RNA-seq from HepG2 (ENCSR713OLV),https://www.ncbi.nlm.nih.gov/geo/query/acc.cgi?acc=GSE88487
GSE88485,LIHC,2,2016/11/08,shRNA RNA-seq from HepG2 (ENCSR711ZJQ),https://www.ncbi.nlm.nih.gov/geo/query/acc.cgi?acc=GSE88485
GSE88484,LIHC,2,2016/11/08,shRNA RNA-seq from HepG2 (ENCSR710NWE),https://www.ncbi.nlm.nih.gov/geo/query/acc.cgi?acc=GSE88484
GSE88480,LIHC,2,2016/11/08,shRNA RNA-seq from HepG2 (ENCSR706SXN),https://www.ncbi.nlm.nih.gov/geo/query/acc.cgi?acc=GSE88480
GSE88478,LIHC,2,2016/11/08,shRNA RNA-seq from HepG2 (ENCSR701GSV),https://www.ncbi.nlm.nih.gov/geo/query/acc.cgi?acc=GSE88478
GSE88472,LIHC,2,2016/11/08,shRNA RNA-seq from HepG2 (ENCSR696LLZ),https://www.ncbi.nlm.nih.gov/geo/query/acc.cgi?acc=GSE88472
GSE88471,LIHC,2,2016/11/08,shRNA RNA-seq from HepG2 (ENCSR695XOD),https://www.ncbi.nlm.nih.gov/geo/query/acc.cgi?acc=GSE88471
GSE88470,LIHC,2,2016/11/08,shRNA RNA-seq from HepG2 (ENCSR693MZJ),https://www.ncbi.nlm.nih.gov/geo/query/acc.cgi?acc=GSE88470
GSE88469,LIHC,2,2016/11/08,shRNA RNA-seq from HepG2 (ENCSR691IVR),https://www.ncbi.nlm.nih.gov/geo/query/acc.cgi?acc=GSE88469
GSE88468,LIHC,2,2016/11/08,shRNA RNA-seq from HepG2 (ENCSR689ZJC),https://www.ncbi.nlm.nih.gov/geo/query/acc.cgi?acc=GSE88468
GSE88467,LIHC,2,2016/11/08,shRNA RNA-seq from HepG2 (ENCSR689PHN),https://www.ncbi.nlm.nih.gov/geo/query/acc.cgi?acc=GSE88467
GSE88466,LIHC,2,2016/11/08,shRNA RNA-seq from HepG2 (ENCSR689MIY),https://www.ncbi.nlm.nih.gov/geo/query/acc.cgi?acc=GSE88466
GSE88463,LIHC,2,2016/11/08,shRNA RNA-seq from HepG2 (ENCSR685JXU),https://www.ncbi.nlm.nih.gov/geo/query/acc.cgi?acc=GSE88463
GSE88462,LIHC,2,2016/11/08,shRNA RNA-seq from HepG2 (ENCSR684HTV),https://www.ncbi.nlm.nih.gov/geo/query/acc.cgi?acc=GSE88462
GSE88461,LIHC,2,2016/11/08,shRNA RNA-seq from HepG2 (ENCSR681SMT),https://www.ncbi.nlm.nih.gov/geo/query/acc.cgi?acc=GSE88461
GSE88456,LIHC,2,2016/11/08,shRNA RNA-seq from HepG2 (ENCSR676EKU),https://www.ncbi.nlm.nih.gov/geo/query/acc.cgi?acc=GSE88456
GSE88453,LIHC,2,2016/11/08,shRNA RNA-seq from HepG2 (ENCSR674KEK),https://www.ncbi.nlm.nih.gov/geo/query/acc.cgi?acc=GSE88453
GSE88452,LIHC,2,2016/11/08,shRNA RNA-seq from HepG2 (ENCSR674KDQ),https://www.ncbi.nlm.nih.gov/geo/query/acc.cgi?acc=GSE88452
GSE88447,LIHC,2,2016/11/08,shRNA RNA-seq from HepG2 (ENCSR667RIA),https://www.ncbi.nlm.nih.gov/geo/query/acc.cgi?acc=GSE88447
GSE88442,LIHC,2,2016/11/08,shRNA RNA-seq from HepG2 (ENCSR660MZN),https://www.ncbi.nlm.nih.gov/geo/query/acc.cgi?acc=GSE88442
GSE88439,LIHC,2,2016/11/08,shRNA RNA-seq from HepG2 (ENCSR656DQV),https://www.ncbi.nlm.nih.gov/geo/query/acc.cgi?acc=GSE88439
GSE88434,LIHC,2,2016/11/08,shRNA RNA-seq from HepG2 (ENCSR648BSC),https://www.ncbi.nlm.nih.gov/geo/query/acc.cgi?acc=GSE88434
GSE88433,LIHC,2,2016/11/08,shRNA RNA-seq from HepG2 (ENCSR647NYX),https://www.ncbi.nlm.nih.gov/geo/query/acc.cgi?acc=GSE88433
GSE88430,LIHC,2,2016/11/08,shRNA RNA-seq from HepG2 (ENCSR644AIM),https://www.ncbi.nlm.nih.gov/geo/query/acc.cgi?acc=GSE88430
GSE88429,LIHC,2,2016/11/08,shRNA RNA-seq from HepG2 (ENCSR643UFV),https://www.ncbi.nlm.nih.gov/geo/query/acc.cgi?acc=GSE88429
GSE88427,LIHC,2,2016/11/08,shRNA RNA-seq from HepG2 (ENCSR639LKS),https://www.ncbi.nlm.nih.gov/geo/query/acc.cgi?acc=GSE88427
GSE88425,LIHC,2,2016/11/08,shRNA RNA-seq from HepG2 (ENCSR635BOO),https://www.ncbi.nlm.nih.gov/geo/query/acc.cgi?acc=GSE88425
GSE88423,LIHC,2,2016/11/08,shRNA RNA-seq from HepG2 (ENCSR634KHL),https://www.ncbi.nlm.nih.gov/geo/query/acc.cgi?acc=GSE88423
GSE88417,LIHC,2,2016/11/08,shRNA RNA-seq from HepG2 (ENCSR629RUG),https://www.ncbi.nlm.nih.gov/geo/query/acc.cgi?acc=GSE88417
GSE88412,LIHC,2,2016/11/08,shRNA RNA-seq from HepG2 (ENCSR624FBY),https://www.ncbi.nlm.nih.gov/geo/query/acc.cgi?acc=GSE88412
GSE88410,LIHC,2,2016/11/08,shRNA RNA-seq from HepG2 (ENCSR620OKS),https://www.ncbi.nlm.nih.gov/geo/query/acc.cgi?acc=GSE88410
GSE88408,LIHC,2,2016/11/08,shRNA RNA-seq from HepG2 (ENCSR620HAA),https://www.ncbi.nlm.nih.gov/geo/query/acc.cgi?acc=GSE88408
GSE88400,LIHC,2,2016/11/08,shRNA RNA-seq from HepG2 (ENCSR610VTA),https://www.ncbi.nlm.nih.gov/geo/query/acc.cgi?acc=GSE88400
GSE88388,LIHC,2,2016/11/08,shRNA RNA-seq from HepG2 (ENCSR599PXD),https://www.ncbi.nlm.nih.gov/geo/query/acc.cgi?acc=GSE88388
GSE88385,LIHC,2,2016/11/08,shRNA RNA-seq from HepG2 (ENCSR598GKQ),https://www.ncbi.nlm.nih.gov/geo/query/acc.cgi?acc=GSE88385
GSE88382,LIHC,2,2016/11/08,shRNA RNA-seq from HepG2 (ENCSR594DNW),https://www.ncbi.nlm.nih.gov/geo/query/acc.cgi?acc=GSE88382
GSE88376,LIHC,2,2016/11/08,shRNA RNA-seq from HepG2 (ENCSR585KOJ),https://www.ncbi.nlm.nih.gov/geo/query/acc.cgi?acc=GSE88376
GSE88374,LIHC,2,2016/11/08,shRNA RNA-seq from HepG2 (ENCSR584JRB),https://www.ncbi.nlm.nih.gov/geo/query/acc.cgi?acc=GSE88374
GSE88370,LIHC,2,2016/11/08,shRNA RNA-seq from HepG2 (ENCSR573UBF),https://www.ncbi.nlm.nih.gov/geo/query/acc.cgi?acc=GSE88370
GSE88366,LIHC,2,2016/11/08,shRNA RNA-seq from HepG2 (ENCSR570CWH),https://www.ncbi.nlm.nih.gov/geo/query/acc.cgi?acc=GSE88366
GSE88362,LIHC,2,2016/11/08,polyA mRNA RNA-seq from HepG2 (ENCSR561FEE),https://www.ncbi.nlm.nih.gov/geo/query/acc.cgi?acc=GSE88362
GSE88352,LIHC,2,2016/11/08,shRNA RNA-seq from HepG2 (ENCSR547NWD),https://www.ncbi.nlm.nih.gov/geo/query/acc.cgi?acc=GSE88352
GSE88348,LIHC,2,2016/11/08,shRNA RNA-seq from HepG2 (ENCSR542ESY),https://www.ncbi.nlm.nih.gov/geo/query/acc.cgi?acc=GSE88348
GSE88347,LIHC,2,2016/11/08,polyA mRNA RNA-seq from HepG2 (ENCSR541TIG),https://www.ncbi.nlm.nih.gov/geo/query/acc.cgi?acc=GSE88347
GSE88343,LIHC,2,2016/11/08,shRNA RNA-seq from HepG2 (ENCSR538QOG),https://www.ncbi.nlm.nih.gov/geo/query/acc.cgi?acc=GSE88343
GSE88341,LIHC,2,2016/11/08,shRNA RNA-seq from HepG2 (ENCSR532ZPP),https://www.ncbi.nlm.nih.gov/geo/query/acc.cgi?acc=GSE88341
GSE88334,LIHC,2,2016/11/08,shRNA RNA-seq from HepG2 (ENCSR527QNC),https://www.ncbi.nlm.nih.gov/geo/query/acc.cgi?acc=GSE88334
GSE88331,LIHC,2,2016/11/08,shRNA RNA-seq from HepG2 (ENCSR519KXM),https://www.ncbi.nlm.nih.gov/geo/query/acc.cgi?acc=GSE88331
GSE88330,LIHC,2,2016/11/08,shRNA RNA-seq from HepG2 (ENCSR518JXY),https://www.ncbi.nlm.nih.gov/geo/query/acc.cgi?acc=GSE88330
GSE88328,LIHC,2,2016/11/08,shRNA RNA-seq from HepG2 (ENCSR517JDK),https://www.ncbi.nlm.nih.gov/geo/query/acc.cgi?acc=GSE88328
GSE88326,LIHC,2,2016/11/08,shRNA RNA-seq from HepG2 (ENCSR511SYK),https://www.ncbi.nlm.nih.gov/geo/query/acc.cgi?acc=GSE88326
GSE88321,LIHC,2,2016/11/08,shRNA RNA-seq from HepG2 (ENCSR509LIV),https://www.ncbi.nlm.nih.gov/geo/query/acc.cgi?acc=GSE88321
GSE88313,LIHC,2,2016/11/08,shRNA RNA-seq from HepG2 (ENCSR496ETJ),https://www.ncbi.nlm.nih.gov/geo/query/acc.cgi?acc=GSE88313
GSE88310,LIHC,2,2016/11/08,shRNA RNA-seq from HepG2 (ENCSR494VSD),https://www.ncbi.nlm.nih.gov/geo/query/acc.cgi?acc=GSE88310
GSE88305,LIHC,2,2016/11/08,shRNA RNA-seq from HepG2 (ENCSR490DYI),https://www.ncbi.nlm.nih.gov/geo/query/acc.cgi?acc=GSE88305
GSE88304,LIHC,2,2016/11/08,shRNA RNA-seq from HepG2 (ENCSR486AIO),https://www.ncbi.nlm.nih.gov/geo/query/acc.cgi?acc=GSE88304
GSE88301,LIHC,2,2016/11/08,shRNA RNA-seq from HepG2 (ENCSR481AYC),https://www.ncbi.nlm.nih.gov/geo/query/acc.cgi?acc=GSE88301
GSE88298,LIHC,2,2016/11/08,shRNA RNA-seq from HepG2 (ENCSR477TRX),https://www.ncbi.nlm.nih.gov/geo/query/acc.cgi?acc=GSE88298
GSE88292,LIHC,2,2016/11/08,shRNA RNA-seq from HepG2 (ENCSR471GIS),https://www.ncbi.nlm.nih.gov/geo/query/acc.cgi?acc=GSE88292
GSE88287,LIHC,2,2016/11/08,shRNA RNA-seq from HepG2 (ENCSR459EMR),https://www.ncbi.nlm.nih.gov/geo/query/acc.cgi?acc=GSE88287
GSE88285,LIHC,2,2016/11/08,shRNA RNA-seq from HepG2 (ENCSR457WBK),https://www.ncbi.nlm.nih.gov/geo/query/acc.cgi?acc=GSE88285
GSE88279,LIHC,2,2016/11/08,shRNA RNA-seq from HepG2 (ENCSR450VQO),https://www.ncbi.nlm.nih.gov/geo/query/acc.cgi?acc=GSE88279
GSE88276,LIHC,2,2016/11/08,shRNA RNA-seq from HepG2 (ENCSR447UCG),https://www.ncbi.nlm.nih.gov/geo/query/acc.cgi?acc=GSE88276
GSE88268,LIHC,2,2016/11/08,shRNA RNA-seq from HepG2 (ENCSR426UUG),https://www.ncbi.nlm.nih.gov/geo/query/acc.cgi?acc=GSE88268
GSE88265,LIHC,2,2016/11/08,shRNA RNA-seq from HepG2 (ENCSR424JSU),https://www.ncbi.nlm.nih.gov/geo/query/acc.cgi?acc=GSE88265
GSE88264,LIHC,2,2016/11/08,shRNA RNA-seq from HepG2 (ENCSR422JMS),https://www.ncbi.nlm.nih.gov/geo/query/acc.cgi?acc=GSE88264
GSE88245,LIHC,2,2016/11/08,shRNA RNA-seq from HepG2 (ENCSR389HFU),https://www.ncbi.nlm.nih.gov/geo/query/acc.cgi?acc=GSE88245
GSE88243,LIHC,2,2016/11/08,shRNA RNA-seq from HepG2 (ENCSR388CNS),https://www.ncbi.nlm.nih.gov/geo/query/acc.cgi?acc=GSE88243
GSE88240,LIHC,2,2016/11/08,shRNA RNA-seq from HepG2 (ENCSR385TMY),https://www.ncbi.nlm.nih.gov/geo/query/acc.cgi?acc=GSE88240
GSE88239,LIHC,2,2016/11/08,shRNA RNA-seq from HepG2 (ENCSR385KOY),https://www.ncbi.nlm.nih.gov/geo/query/acc.cgi?acc=GSE88239
GSE88235,LIHC,2,2016/11/08,shRNA RNA-seq from HepG2 (ENCSR382QKD),https://www.ncbi.nlm.nih.gov/geo/query/acc.cgi?acc=GSE88235
GSE88231,LIHC,2,2016/11/08,shRNA RNA-seq from HepG2 (ENCSR376RJN),https://www.ncbi.nlm.nih.gov/geo/query/acc.cgi?acc=GSE88231
GSE88229,LIHC,2,2016/11/08,shRNA RNA-seq from HepG2 (ENCSR376FGR),https://www.ncbi.nlm.nih.gov/geo/query/acc.cgi?acc=GSE88229
GSE88228,LIHC,2,2016/11/08,shRNA RNA-seq from HepG2 (ENCSR374NMJ),https://www.ncbi.nlm.nih.gov/geo/query/acc.cgi?acc=GSE88228
GSE88226,LIHC,2,2016/11/08,shRNA RNA-seq from HepG2 (ENCSR372UWV),https://www.ncbi.nlm.nih.gov/geo/query/acc.cgi?acc=GSE88226
GSE88223,LIHC,2,2016/11/08,shRNA RNA-seq from HepG2 (ENCSR366FFV),https://www.ncbi.nlm.nih.gov/geo/query/acc.cgi?acc=GSE88223
GSE88221,LIHC,2,2016/11/08,shRNA RNA-seq from HepG2 (ENCSR364GRM),https://www.ncbi.nlm.nih.gov/geo/query/acc.cgi?acc=GSE88221
GSE88216,LIHC,2,2016/11/08,shRNA RNA-seq from HepG2 (ENCSR355OQC),https://www.ncbi.nlm.nih.gov/geo/query/acc.cgi?acc=GSE88216
GSE88215,LIHC,2,2016/11/08,shRNA RNA-seq from HepG2 (ENCSR354XQY),https://www.ncbi.nlm.nih.gov/geo/query/acc.cgi?acc=GSE88215
GSE88209,LIHC,2,2016/11/08,shRNA RNA-seq from HepG2 (ENCSR347ZHQ),https://www.ncbi.nlm.nih.gov/geo/query/acc.cgi?acc=GSE88209
GSE88205,LIHC,2,2016/11/08,shRNA RNA-seq from HepG2 (ENCSR343DHN),https://www.ncbi.nlm.nih.gov/geo/query/acc.cgi?acc=GSE88205
GSE88189,LIHC,2,2016/11/08,shRNA RNA-seq from HepG2 (ENCSR318OXM),https://www.ncbi.nlm.nih.gov/geo/query/acc.cgi?acc=GSE88189
GSE88184,LIHC,2,2016/11/08,shRNA RNA-seq from HepG2 (ENCSR312SFA),https://www.ncbi.nlm.nih.gov/geo/query/acc.cgi?acc=GSE88184
GSE88179,LIHC,2,2016/11/08,shRNA RNA-seq from HepG2 (ENCSR309HXK),https://www.ncbi.nlm.nih.gov/geo/query/acc.cgi?acc=GSE88179
GSE88178,LIHC,2,2016/11/08,shRNA RNA-seq from HepG2 (ENCSR308IKH),https://www.ncbi.nlm.nih.gov/geo/query/acc.cgi?acc=GSE88178
GSE88174,LIHC,2,2016/11/08,shRNA RNA-seq from HepG2 (ENCSR305XWT),https://www.ncbi.nlm.nih.gov/geo/query/acc.cgi?acc=GSE88174
GSE88170,LIHC,2,2016/11/08,shRNA RNA-seq from HepG2 (ENCSR296ERI),https://www.ncbi.nlm.nih.gov/geo/query/acc.cgi?acc=GSE88170
GSE88160,LIHC,2,2016/11/08,shRNA RNA-seq from HepG2 (ENCSR281KCL),https://www.ncbi.nlm.nih.gov/geo/query/acc.cgi?acc=GSE88160
GSE88158,LIHC,2,2016/11/08,shRNA RNA-seq from HepG2 (ENCSR279HMU),https://www.ncbi.nlm.nih.gov/geo/query/acc.cgi?acc=GSE88158
GSE88156,LIHC,2,2016/11/08,shRNA RNA-seq from HepG2 (ENCSR274KWA),https://www.ncbi.nlm.nih.gov/geo/query/acc.cgi?acc=GSE88156
GSE88154,LIHC,2,2016/11/08,shRNA RNA-seq from HepG2 (ENCSR269ZAO),https://www.ncbi.nlm.nih.gov/geo/query/acc.cgi?acc=GSE88154
GSE88152,LIHC,2,2016/11/08,shRNA RNA-seq from HepG2 (ENCSR269SJB),https://www.ncbi.nlm.nih.gov/geo/query/acc.cgi?acc=GSE88152
GSE88148,LIHC,2,2016/11/08,shRNA RNA-seq from HepG2 (ENCSR264TUE),https://www.ncbi.nlm.nih.gov/geo/query/acc.cgi?acc=GSE88148
GSE88139,LIHC,2,2016/11/08,shRNA RNA-seq from HepG2 (ENCSR246RRQ),https://www.ncbi.nlm.nih.gov/geo/query/acc.cgi?acc=GSE88139
GSE88137,LIHC,2,2016/11/08,shRNA RNA-seq from HepG2 (ENCSR243IGA),https://www.ncbi.nlm.nih.gov/geo/query/acc.cgi?acc=GSE88137
GSE88132,LIHC,2,2016/11/08,shRNA RNA-seq from HepG2 (ENCSR237IWZ),https://www.ncbi.nlm.nih.gov/geo/query/acc.cgi?acc=GSE88132
GSE88119,LIHC,2,2016/11/08,shRNA RNA-seq from HepG2 (ENCSR222SMI),https://www.ncbi.nlm.nih.gov/geo/query/acc.cgi?acc=GSE88119
GSE88117,LIHC,2,2016/11/08,shRNA RNA-seq from HepG2 (ENCSR222CSF),https://www.ncbi.nlm.nih.gov/geo/query/acc.cgi?acc=GSE88117
GSE88114,LIHC,2,2016/11/08,shRNA RNA-seq from HepG2 (ENCSR220TBR),https://www.ncbi.nlm.nih.gov/geo/query/acc.cgi?acc=GSE88114
GSE88110,LIHC,2,2016/11/08,shRNA RNA-seq from HepG2 (ENCSR210RWL),https://www.ncbi.nlm.nih.gov/geo/query/acc.cgi?acc=GSE88110
GSE88108,LIHC,2,2016/11/08,shRNA RNA-seq from HepG2 (ENCSR210DML),https://www.ncbi.nlm.nih.gov/geo/query/acc.cgi?acc=GSE88108
GSE88092,LIHC,2,2016/11/08,shRNA RNA-seq from HepG2 (ENCSR182GKG),https://www.ncbi.nlm.nih.gov/geo/query/acc.cgi?acc=GSE88092
GSE88091,LIHC,2,2016/11/08,shRNA RNA-seq from HepG2 (ENCSR182DAW),https://www.ncbi.nlm.nih.gov/geo/query/acc.cgi?acc=GSE88091
GSE88089,LIHC,2,2016/11/08,total RNA-seq from HepG2 (ENCSR181ZGR),https://www.ncbi.nlm.nih.gov/geo/query/acc.cgi?acc=GSE88089
GSE88086,LIHC,2,2016/11/08,shRNA RNA-seq from HepG2 (ENCSR180XTP),https://www.ncbi.nlm.nih.gov/geo/query/acc.cgi?acc=GSE88086
GSE88078,LIHC,2,2016/11/08,shRNA RNA-seq from HepG2 (ENCSR167JPY),https://www.ncbi.nlm.nih.gov/geo/query/acc.cgi?acc=GSE88078
GSE88069,LIHC,2,2016/11/08,shRNA RNA-seq from HepG2 (ENCSR155BMF),https://www.ncbi.nlm.nih.gov/geo/query/acc.cgi?acc=GSE88069
GSE88067,LIHC,2,2016/11/08,shRNA RNA-seq from HepG2 (ENCSR152MON),https://www.ncbi.nlm.nih.gov/geo/query/acc.cgi?acc=GSE88067
GSE88058,LIHC,2,2016/11/08,shRNA RNA-seq from HepG2 (ENCSR135LXL),https://www.ncbi.nlm.nih.gov/geo/query/acc.cgi?acc=GSE88058
GSE88052,LIHC,2,2016/11/08,shRNA RNA-seq from HepG2 (ENCSR124KCF),https://www.ncbi.nlm.nih.gov/geo/query/acc.cgi?acc=GSE88052
GSE88050,LIHC,2,2016/11/08,shRNA RNA-seq from HepG2 (ENCSR118VQR),https://www.ncbi.nlm.nih.gov/geo/query/acc.cgi?acc=GSE88050
GSE88048,LIHC,2,2016/11/08,shRNA RNA-seq from HepG2 (ENCSR118KUN),https://www.ncbi.nlm.nih.gov/geo/query/acc.cgi?acc=GSE88048
GSE88045,LIHC,2,2016/11/08,shRNA RNA-seq from HepG2 (ENCSR116YMU),https://www.ncbi.nlm.nih.gov/geo/query/acc.cgi?acc=GSE88045
GSE88044,LIHC,2,2016/11/08,shRNA RNA-seq from HepG2 (ENCSR116QBU),https://www.ncbi.nlm.nih.gov/geo/query/acc.cgi?acc=GSE88044
GSE88040,LIHC,2,2016/11/08,shRNA RNA-seq from HepG2 (ENCSR110ZYD),https://www.ncbi.nlm.nih.gov/geo/query/acc.cgi?acc=GSE88040
GSE88039,LIHC,2,2016/11/08,shRNA RNA-seq from HepG2 (ENCSR110HAA),https://www.ncbi.nlm.nih.gov/geo/query/acc.cgi?acc=GSE88039
GSE88034,LIHC,2,2016/11/08,shRNA RNA-seq from HepG2 (ENCSR105OXX),https://www.ncbi.nlm.nih.gov/geo/query/acc.cgi?acc=GSE88034
GSE88032,LIHC,2,2016/11/08,shRNA RNA-seq from HepG2 (ENCSR104OLN),https://www.ncbi.nlm.nih.gov/geo/query/acc.cgi?acc=GSE88032
GSE88031,LIHC,2,2016/11/08,shRNA RNA-seq from HepG2 (ENCSR104ABF),https://www.ncbi.nlm.nih.gov/geo/query/acc.cgi?acc=GSE88031
GSE88018,LIHC,2,2016/11/08,shRNA RNA-seq from HepG2 (ENCSR090UMI),https://www.ncbi.nlm.nih.gov/geo/query/acc.cgi?acc=GSE88018
GSE88015,LIHC,2,2016/11/08,shRNA RNA-seq from HepG2 (ENCSR082YGI),https://www.ncbi.nlm.nih.gov/geo/query/acc.cgi?acc=GSE88015
GSE88013,LIHC,2,2016/11/08,shRNA RNA-seq from HepG2 (ENCSR081IAO),https://www.ncbi.nlm.nih.gov/geo/query/acc.cgi?acc=GSE88013
GSE88004,LIHC,2,2016/11/08,shRNA RNA-seq from HepG2 (ENCSR070LJO),https://www.ncbi.nlm.nih.gov/geo/query/acc.cgi?acc=GSE88004
GSE88002,LIHC,2,2016/11/08,shRNA RNA-seq from HepG2 (ENCSR067GHD),https://www.ncbi.nlm.nih.gov/geo/query/acc.cgi?acc=GSE88002
GSE88000,LIHC,2,2016/11/08,shRNA RNA-seq from HepG2 (ENCSR067AUG),https://www.ncbi.nlm.nih.gov/geo/query/acc.cgi?acc=GSE88000
GSE87999,LIHC,2,2016/11/08,total RNA-seq from HepG2 (ENCSR061SFU),https://www.ncbi.nlm.nih.gov/geo/query/acc.cgi?acc=GSE87999
GSE87997,LIHC,2,2016/11/08,shRNA RNA-seq from HepG2 (ENCSR060IWW),https://www.ncbi.nlm.nih.gov/geo/query/acc.cgi?acc=GSE87997
GSE87996,LIHC,2,2016/11/08,polyA mRNA RNA-seq from HepG2 (ENCSR058OSL),https://www.ncbi.nlm.nih.gov/geo/query/acc.cgi?acc=GSE87996
GSE87993,LIHC,2,2016/11/08,shRNA RNA-seq from HepG2 (ENCSR052IYH),https://www.ncbi.nlm.nih.gov/geo/query/acc.cgi?acc=GSE87993
GSE87989,LIHC,2,2016/11/08,shRNA RNA-seq from HepG2 (ENCSR047VPW),https://www.ncbi.nlm.nih.gov/geo/query/acc.cgi?acc=GSE87989
GSE87985,LIHC,2,2016/11/08,shRNA RNA-seq from HepG2 (ENCSR042QTH),https://www.ncbi.nlm.nih.gov/geo/query/acc.cgi?acc=GSE87985
GSE87981,LIHC,2,2016/11/08,shRNA RNA-seq from HepG2 (ENCSR040WAK),https://www.ncbi.nlm.nih.gov/geo/query/acc.cgi?acc=GSE87981
GSE87969,LIHC,2,2016/11/08,shRNA RNA-seq from HepG2 (ENCSR028YAQ),https://www.ncbi.nlm.nih.gov/geo/query/acc.cgi?acc=GSE87969
GSE87958,LIHC,2,2016/11/08,polyA mRNA RNA-seq from HepG2 (ENCSR019MXZ),https://www.ncbi.nlm.nih.gov/geo/query/acc.cgi?acc=GSE87958
GSE87957,LIHC,2,2016/11/08,shRNA RNA-seq from HepG2 (ENCSR016XPB),https://www.ncbi.nlm.nih.gov/geo/query/acc.cgi?acc=GSE87957
GSE87955,LIHC,2,2016/11/08,shRNA RNA-seq from HepG2 (ENCSR012DAF),https://www.ncbi.nlm.nih.gov/geo/query/acc.cgi?acc=GSE87955
GSE87954,LIHC,2,2016/11/08,shRNA RNA-seq from HepG2 (ENCSR011BBS),https://www.ncbi.nlm.nih.gov/geo/query/acc.cgi?acc=GSE87954
GSE87950,LIHC,2,2016/11/08,shRNA RNA-seq from HepG2 (ENCSR004OSI),https://www.ncbi.nlm.nih.gov/geo/query/acc.cgi?acc=GSE87950
GSE87948,LIHC,2,2016/11/08,shRNA RNA-seq from HepG2 (ENCSR003LSA),https://www.ncbi.nlm.nih.gov/geo/query/acc.cgi?acc=GSE87948
GSE82177,LIHC,27,2016/10/17,"Human liver RNA-seq data corresponding to uninfected non-malignant, HCV infected non-malignant, and HCV+ HCC tissue",https://www.ncbi.nlm.nih.gov/geo/query/acc.cgi?acc=GSE82177
GSE86659,LIHC,2,2016/10/14,polyA mRNA RNA-seq from HepG2 (ENCSR000CPE),https://www.ncbi.nlm.nih.gov/geo/query/acc.cgi?acc=GSE86659
GSE70091,LIHC,40,2016/10/05,Whole genome analysis of the methylome and hydroxymethylome in normal and malignant lung and liver,https://www.ncbi.nlm.nih.gov/geo/query/acc.cgi?acc=GSE70091
GSE70089,LIHC,12,2016/10/05,Whole genome analysis of the methylome and hydroxymethylome in normal and malignant lung and liver [RNA-Seq],https://www.ncbi.nlm.nih.gov/geo/query/acc.cgi?acc=GSE70089
GSE87242,LIHC,12,2016/09/23,S-adenosyl-methionine treatment selectively block liver cancer cell lines transformation and invasiveness by alterations of cancer- and inva,https://www.ncbi.nlm.nih.gov/geo/query/acc.cgi?acc=GSE87242
GSE87240,LIHC,6,2016/09/23,S-adenosyl-methionine treatment selectively block liver cancer cell lines transformation and invasiveness by alterations of cancer- and inva,https://www.ncbi.nlm.nih.gov/geo/query/acc.cgi?acc=GSE87240
GSE84186,LIHC,11,2016/09/16,Single-nucleotide-resolution mapping of HBV promoters using CAGE,https://www.ncbi.nlm.nih.gov/geo/query/acc.cgi?acc=GSE84186
GSE76173,LIHC,12,2016/06/15,Comparative transcriptomic analysis of human and Drosophila extracellular vesicles reveals extensive conservation,https://www.ncbi.nlm.nih.gov/geo/query/acc.cgi?acc=GSE76173
GSE78236,LIHC,24,2016/06/07,Comparison of HCC cell lines and primary HCCs-RNAseq data,https://www.ncbi.nlm.nih.gov/geo/query/acc.cgi?acc=GSE78236
GSE80952,LIHC,2,2016/05/26,shRNA RNA-seq from HepG2 (ENCSR998RZI),https://www.ncbi.nlm.nih.gov/geo/query/acc.cgi?acc=GSE80952
GSE80951,LIHC,2,2016/05/26,shRNA RNA-seq from HepG2 (ENCSR997FOT),https://www.ncbi.nlm.nih.gov/geo/query/acc.cgi?acc=GSE80951
GSE80950,LIHC,2,2016/05/26,shRNA RNA-seq from HepG2 (ENCSR995ZGJ),https://www.ncbi.nlm.nih.gov/geo/query/acc.cgi?acc=GSE80950
GSE80947,LIHC,2,2016/05/26,shRNA RNA-seq from HepG2 (ENCSR957EEG),https://www.ncbi.nlm.nih.gov/geo/query/acc.cgi?acc=GSE80947
GSE80944,LIHC,2,2016/05/26,shRNA RNA-seq from HepG2 (ENCSR945UYL),https://www.ncbi.nlm.nih.gov/geo/query/acc.cgi?acc=GSE80944
GSE80943,LIHC,2,2016/05/26,shRNA RNA-seq from HepG2 (ENCSR939ZRA),https://www.ncbi.nlm.nih.gov/geo/query/acc.cgi?acc=GSE80943
GSE80942,LIHC,2,2016/05/26,shRNA RNA-seq from HepG2 (ENCSR927JXU),https://www.ncbi.nlm.nih.gov/geo/query/acc.cgi?acc=GSE80942
GSE80940,LIHC,2,2016/05/26,shRNA RNA-seq from HepG2 (ENCSR914WQV),https://www.ncbi.nlm.nih.gov/geo/query/acc.cgi?acc=GSE80940
GSE80938,LIHC,2,2016/05/26,shRNA RNA-seq from HepG2 (ENCSR906WTM),https://www.ncbi.nlm.nih.gov/geo/query/acc.cgi?acc=GSE80938
GSE80933,LIHC,2,2016/05/26,shRNA RNA-seq from HepG2 (ENCSR861ENA),https://www.ncbi.nlm.nih.gov/geo/query/acc.cgi?acc=GSE80933
GSE80932,LIHC,2,2016/05/26,shRNA RNA-seq from HepG2 (ENCSR853ZJS),https://www.ncbi.nlm.nih.gov/geo/query/acc.cgi?acc=GSE80932
GSE80931,LIHC,2,2016/05/26,shRNA RNA-seq from HepG2 (ENCSR850CKU),https://www.ncbi.nlm.nih.gov/geo/query/acc.cgi?acc=GSE80931
GSE80929,LIHC,2,2016/05/26,shRNA RNA-seq from HepG2 (ENCSR840QFR),https://www.ncbi.nlm.nih.gov/geo/query/acc.cgi?acc=GSE80929
GSE80924,LIHC,2,2016/05/26,shRNA RNA-seq from HepG2 (ENCSR778AJO),https://www.ncbi.nlm.nih.gov/geo/query/acc.cgi?acc=GSE80924
GSE80922,LIHC,2,2016/05/26,shRNA RNA-seq from HepG2 (ENCSR746EKS),https://www.ncbi.nlm.nih.gov/geo/query/acc.cgi?acc=GSE80922
GSE80921,LIHC,2,2016/05/26,shRNA RNA-seq from HepG2 (ENCSR732IYM),https://www.ncbi.nlm.nih.gov/geo/query/acc.cgi?acc=GSE80921
GSE80920,LIHC,2,2016/05/26,shRNA RNA-seq from HepG2 (ENCSR716WZH),https://www.ncbi.nlm.nih.gov/geo/query/acc.cgi?acc=GSE80920
GSE80919,LIHC,2,2016/05/26,shRNA RNA-seq from HepG2 (ENCSR708GKW),https://www.ncbi.nlm.nih.gov/geo/query/acc.cgi?acc=GSE80919
GSE80916,LIHC,2,2016/05/26,shRNA RNA-seq from HepG2 (ENCSR637JLM),https://www.ncbi.nlm.nih.gov/geo/query/acc.cgi?acc=GSE80916
GSE80915,LIHC,2,2016/05/26,shRNA RNA-seq from HepG2 (ENCSR635FRH),https://www.ncbi.nlm.nih.gov/geo/query/acc.cgi?acc=GSE80915
GSE80912,LIHC,2,2016/05/26,shRNA RNA-seq from HepG2 (ENCSR622MCX),https://www.ncbi.nlm.nih.gov/geo/query/acc.cgi?acc=GSE80912
GSE80909,LIHC,2,2016/05/26,shRNA RNA-seq from HepG2 (ENCSR610AEI),https://www.ncbi.nlm.nih.gov/geo/query/acc.cgi?acc=GSE80909
GSE80908,LIHC,2,2016/05/26,shRNA RNA-seq from HepG2 (ENCSR603TCV),https://www.ncbi.nlm.nih.gov/geo/query/acc.cgi?acc=GSE80908
GSE80907,LIHC,2,2016/05/26,shRNA RNA-seq from HepG2 (ENCSR597XHH),https://www.ncbi.nlm.nih.gov/geo/query/acc.cgi?acc=GSE80907
GSE80906,LIHC,2,2016/05/26,shRNA RNA-seq from HepG2 (ENCSR597IYB),https://www.ncbi.nlm.nih.gov/geo/query/acc.cgi?acc=GSE80906
GSE80904,LIHC,2,2016/05/26,shRNA RNA-seq from HepG2 (ENCSR576GOW),https://www.ncbi.nlm.nih.gov/geo/query/acc.cgi?acc=GSE80904
GSE80903,LIHC,2,2016/05/26,shRNA RNA-seq from HepG2 (ENCSR572AMC),https://www.ncbi.nlm.nih.gov/geo/query/acc.cgi?acc=GSE80903
GSE80898,LIHC,2,2016/05/26,shRNA RNA-seq from HepG2 (ENCSR533HXS),https://www.ncbi.nlm.nih.gov/geo/query/acc.cgi?acc=GSE80898
GSE80897,LIHC,2,2016/05/26,shRNA RNA-seq from HepG2 (ENCSR529QEZ),https://www.ncbi.nlm.nih.gov/geo/query/acc.cgi?acc=GSE80897
GSE80894,LIHC,2,2016/05/26,shRNA RNA-seq from HepG2 (ENCSR500WHE),https://www.ncbi.nlm.nih.gov/geo/query/acc.cgi?acc=GSE80894
GSE80893,LIHC,2,2016/05/26,shRNA RNA-seq from HepG2 (ENCSR492UFS),https://www.ncbi.nlm.nih.gov/geo/query/acc.cgi?acc=GSE80893
GSE80892,LIHC,2,2016/05/26,shRNA RNA-seq from HepG2 (ENCSR491FOC),https://www.ncbi.nlm.nih.gov/geo/query/acc.cgi?acc=GSE80892
GSE80891,LIHC,2,2016/05/26,shRNA RNA-seq from HepG2 (ENCSR485ZTC),https://www.ncbi.nlm.nih.gov/geo/query/acc.cgi?acc=GSE80891
GSE80890,LIHC,2,2016/05/26,shRNA RNA-seq from HepG2 (ENCSR478FJK),https://www.ncbi.nlm.nih.gov/geo/query/acc.cgi?acc=GSE80890
GSE80888,LIHC,2,2016/05/26,shRNA RNA-seq from HepG2 (ENCSR455VZH),https://www.ncbi.nlm.nih.gov/geo/query/acc.cgi?acc=GSE80888
GSE80886,LIHC,2,2016/05/26,shRNA RNA-seq from HepG2 (ENCSR424YSV),https://www.ncbi.nlm.nih.gov/geo/query/acc.cgi?acc=GSE80886
GSE80885,LIHC,2,2016/05/26,shRNA RNA-seq from HepG2 (ENCSR410UHJ),https://www.ncbi.nlm.nih.gov/geo/query/acc.cgi?acc=GSE80885
GSE80884,LIHC,2,2016/05/26,shRNA RNA-seq from HepG2 (ENCSR398LZW),https://www.ncbi.nlm.nih.gov/geo/query/acc.cgi?acc=GSE80884
GSE80878,LIHC,2,2016/05/26,shRNA RNA-seq from HepG2 (ENCSR330YOU),https://www.ncbi.nlm.nih.gov/geo/query/acc.cgi?acc=GSE80878
GSE80876,LIHC,2,2016/05/26,shRNA RNA-seq from HepG2 (ENCSR318HAT),https://www.ncbi.nlm.nih.gov/geo/query/acc.cgi?acc=GSE80876
GSE80875,LIHC,2,2016/05/26,shRNA RNA-seq from HepG2 (ENCSR313CHR),https://www.ncbi.nlm.nih.gov/geo/query/acc.cgi?acc=GSE80875
GSE80872,LIHC,2,2016/05/26,shRNA RNA-seq from HepG2 (ENCSR300IEW),https://www.ncbi.nlm.nih.gov/geo/query/acc.cgi?acc=GSE80872
GSE80871,LIHC,2,2016/05/26,shRNA RNA-seq from HepG2 (ENCSR295XKC),https://www.ncbi.nlm.nih.gov/geo/query/acc.cgi?acc=GSE80871
GSE80867,LIHC,2,2016/05/26,shRNA RNA-seq from HepG2 (ENCSR237YZT),https://www.ncbi.nlm.nih.gov/geo/query/acc.cgi?acc=GSE80867
GSE80866,LIHC,2,2016/05/26,shRNA RNA-seq from HepG2 (ENCSR230ORC),https://www.ncbi.nlm.nih.gov/geo/query/acc.cgi?acc=GSE80866
GSE80864,LIHC,2,2016/05/26,shRNA RNA-seq from HepG2 (ENCSR193FFA),https://www.ncbi.nlm.nih.gov/geo/query/acc.cgi?acc=GSE80864
GSE80863,LIHC,2,2016/05/26,shRNA RNA-seq from HepG2 (ENCSR185JGT),https://www.ncbi.nlm.nih.gov/geo/query/acc.cgi?acc=GSE80863
GSE80861,LIHC,2,2016/05/26,shRNA RNA-seq from HepG2 (ENCSR148MQK),https://www.ncbi.nlm.nih.gov/geo/query/acc.cgi?acc=GSE80861
GSE80860,LIHC,2,2016/05/26,shRNA RNA-seq from HepG2 (ENCSR147ZBD),https://www.ncbi.nlm.nih.gov/geo/query/acc.cgi?acc=GSE80860
GSE80855,LIHC,2,2016/05/26,shRNA RNA-seq from HepG2 (ENCSR094KBY),https://www.ncbi.nlm.nih.gov/geo/query/acc.cgi?acc=GSE80855
GSE80853,LIHC,2,2016/05/26,shRNA RNA-seq from HepG2 (ENCSR081QQH),https://www.ncbi.nlm.nih.gov/geo/query/acc.cgi?acc=GSE80853
GSE80851,LIHC,2,2016/05/26,shRNA RNA-seq from HepG2 (ENCSR074UZM),https://www.ncbi.nlm.nih.gov/geo/query/acc.cgi?acc=GSE80851
GSE80847,LIHC,2,2016/05/26,shRNA RNA-seq from HepG2 (ENCSR064DXG),https://www.ncbi.nlm.nih.gov/geo/query/acc.cgi?acc=GSE80847
GSE80846,LIHC,2,2016/05/26,shRNA RNA-seq from HepG2 (ENCSR057GCF),https://www.ncbi.nlm.nih.gov/geo/query/acc.cgi?acc=GSE80846
GSE80843,LIHC,2,2016/05/26,shRNA RNA-seq from HepG2 (ENCSR030GZQ),https://www.ncbi.nlm.nih.gov/geo/query/acc.cgi?acc=GSE80843
GSE80842,LIHC,2,2016/05/26,shRNA RNA-seq from HepG2 (ENCSR030ARO),https://www.ncbi.nlm.nih.gov/geo/query/acc.cgi?acc=GSE80842
GSE80841,LIHC,2,2016/05/26,shRNA RNA-seq from HepG2 (ENCSR028ITN),https://www.ncbi.nlm.nih.gov/geo/query/acc.cgi?acc=GSE80841
GSE80840,LIHC,2,2016/05/26,shRNA RNA-seq from HepG2 (ENCSR017PRS),https://www.ncbi.nlm.nih.gov/geo/query/acc.cgi?acc=GSE80840
GSE80839,LIHC,2,2016/05/26,shRNA RNA-seq from HepG2 (ENCSR016IDR),https://www.ncbi.nlm.nih.gov/geo/query/acc.cgi?acc=GSE80839
GSE80838,LIHC,2,2016/05/26,shRNA RNA-seq from HepG2 (ENCSR010ZMZ),https://www.ncbi.nlm.nih.gov/geo/query/acc.cgi?acc=GSE80838
GSE80837,LIHC,2,2016/05/26,shRNA RNA-seq from HepG2 (ENCSR009PPI),https://www.ncbi.nlm.nih.gov/geo/query/acc.cgi?acc=GSE80837
GSE80836,LIHC,2,2016/05/26,shRNA RNA-seq from HepG2 (ENCSR003EKR),https://www.ncbi.nlm.nih.gov/geo/query/acc.cgi?acc=GSE80836
GSE68005,LIHC,2,2016/05/04,Comparison of gene expression profiles between FRA1 knockdown and vector control Bel-7402 cells by RNA-sequencing,https://www.ncbi.nlm.nih.gov/geo/query/acc.cgi?acc=GSE68005
GSE77314,LIHC,100,2016/05/03,RNA-seq of 50 paired hepatocellular carcinoma,https://www.ncbi.nlm.nih.gov/geo/query/acc.cgi?acc=GSE77314
GSE68249,LIHC,30,2016/04/27,Proteasome machinery is instrumental in a common gain-of-function program of the p53 missense mutants in cancer.,https://www.ncbi.nlm.nih.gov/geo/query/acc.cgi?acc=GSE68249
GSE78686,LIHC,2,2016/03/18,polyA mRNA RNA-seq from HepG2 (ENCSR985KAT) [superseded by GSE332899],https://www.ncbi.nlm.nih.gov/geo/query/acc.cgi?acc=GSE78686
GSE78650,LIHC,2,2016/03/18,total RNA-seq from HepG2 (ENCSR468ION),https://www.ncbi.nlm.nih.gov/geo/query/acc.cgi?acc=GSE78650
GSE77661,LIHC,26,2016/03/04,RNA Sequencing Facilitates Quantitative Analysis of Transcriptomes in Human Normal and Cancerous Tissues,https://www.ncbi.nlm.nih.gov/geo/query/acc.cgi?acc=GSE77661
GSE65364,LIHC,95,2016/03/01,Single Cell triple omics sequencing reveals genetic and epigenetic heterogeneity in hepatocellular carcinoma,https://www.ncbi.nlm.nih.gov/geo/query/acc.cgi?acc=GSE65364
GSE56545,LIHC,42,2016/01/30,mRNA profiling  of Hepatocellular carcinoma (HCC),https://www.ncbi.nlm.nih.gov/geo/query/acc.cgi?acc=GSE56545
GSE69568,LIHC,28,2015/11/30,Genome-Wide Transcriptional Regulation Mediated By Biochemically Distinct Forms of SWI/SNF,https://www.ncbi.nlm.nih.gov/geo/query/acc.cgi?acc=GSE69568
GSE69567,LIHC,19,2015/11/30,Combinatorial Regulation Mediated by Biochemically Distinct Forms of SWI/SNF [RNA-Seq],https://www.ncbi.nlm.nih.gov/geo/query/acc.cgi?acc=GSE69567
GSE73114,LIHC,16,2015/10/06,RNA-sequencing analysis of human fibrolamellar hepatocellular carcinoma and 4 maturational stages of the human hepatobiliary system,https://www.ncbi.nlm.nih.gov/geo/query/acc.cgi?acc=GSE73114
GSE71446,LIHC,12,2015/09/30,Genome-wide Analysis of Human Constitutive Androstane Receptor (CAR) Transcriptome in Wild-type and CAR-knockout HepaRG cells,https://www.ncbi.nlm.nih.gov/geo/query/acc.cgi?acc=GSE71446
GSE71262,LIHC,5,2015/09/24,Genome-wide maps of PBX3-binding sites and Quantitative Analysis of PBX3-Regulated Transcriptomes,https://www.ncbi.nlm.nih.gov/geo/query/acc.cgi?acc=GSE71262
GSE71261,LIHC,4,2015/09/24,Next Generation Sequencing Facilitates Quantitative Analysis of PBX3 Regulated Transcriptomes,https://www.ncbi.nlm.nih.gov/geo/query/acc.cgi?acc=GSE71261
GSE72082,LIHC,29,2015/08/31,CETCh-Seq  of Mammalian Transcription Factors,https://www.ncbi.nlm.nih.gov/geo/query/acc.cgi?acc=GSE72082
GSE70537,LIHC,4,2015/08/31,Identification of differentially expressed mRNAs in HCSC cell lines compared with HCC cell lines,https://www.ncbi.nlm.nih.gov/geo/query/acc.cgi?acc=GSE70537
GSE40069,LIHC,8,2015/08/13,The Small Molecule Genistein Increases Hepcidin Expression in Human Hepatocytes,https://www.ncbi.nlm.nih.gov/geo/query/acc.cgi?acc=GSE40069
GSE69164,LIHC,33,2015/07/22,Comparative transcriptome analysis reveals that ECM-Receptor Interaction contributes to the venous metastases of hepatocellular carcinoma,https://www.ncbi.nlm.nih.gov/geo/query/acc.cgi?acc=GSE69164
GSE65485,LIHC,55,2015/03/31,Next Generation Sequencing Identification of HBV-MLL4 integration and its molecular basis in Chinese hepatocellular carcinoma,https://www.ncbi.nlm.nih.gov/geo/query/acc.cgi?acc=GSE65485
GSE65486,LIHC,64,2015/03/30,aCGH and RNA-Seq expression profiling of Chinese hepatocellular carcinoma patients,https://www.ncbi.nlm.nih.gov/geo/query/acc.cgi?acc=GSE65486
GSE63863,LIHC,24,2015/01/03,Promoter hypermethylation of TERT is associated with hepatocellular carcinoma in the Han Chinese population,https://www.ncbi.nlm.nih.gov/geo/query/acc.cgi?acc=GSE63863
GSE49417,LIHC,64,2014/11/20,The conserved organization of the human and mouse transcriptomes,https://www.ncbi.nlm.nih.gov/geo/query/acc.cgi?acc=GSE49417
GSE55048,LIHC,8,2014/08/15,Transcriptomic characterization of Hepatocellular Carcinoma with CTNNB1 mutation,https://www.ncbi.nlm.nih.gov/geo/query/acc.cgi?acc=GSE55048
GSE55759,LIHC,32,2014/07/01,Promoter methylome and integrative transcriptome profiling identify key epigenetics-regulated genes in human HCCs,https://www.ncbi.nlm.nih.gov/geo/query/acc.cgi?acc=GSE55759
GSE55758,LIHC,16,2014/07/01,Promoter methylome and integrative transcriptome profiling identify key epigenetics-regulated genes in human HCCs [expression],https://www.ncbi.nlm.nih.gov/geo/query/acc.cgi?acc=GSE55758
GSE39053,LIHC,6,2014/06/30,Expression of three hepatocellular carcinoma cell lines with different organ-tropism,https://www.ncbi.nlm.nih.gov/geo/query/acc.cgi?acc=GSE39053
GSE38945,LIHC,3,2014/06/30,Gene expression of three hepatocellular carcinoma cell lines with different organ-tropism.,https://www.ncbi.nlm.nih.gov/geo/query/acc.cgi?acc=GSE38945
GSE58135,LIHC,168,2014/06/11,Breast Cancer RNA-seq,https://www.ncbi.nlm.nih.gov/geo/query/acc.cgi?acc=GSE58135
GSE48327,LIHC,16,2014/05/10,Global assessment of Antrodia cinnamomea induced microRNA and mRNA transcriptomic alterations in hepatocarcinoma cells,https://www.ncbi.nlm.nih.gov/geo/query/acc.cgi?acc=GSE48327
GSE54066,LIHC,8,2014/03/10,Human Hepatocytes with Drug Metabolic Function Induced from Fibroblasts by Lineage Reprogramming,https://www.ncbi.nlm.nih.gov/geo/query/acc.cgi?acc=GSE54066
GSE49994,LIHC,6,2014/02/18,mRNA and RNC-mRNA deep sequencing of three hepatocellular carcinoma cell lines,https://www.ncbi.nlm.nih.gov/geo/query/acc.cgi?acc=GSE49994
GSE25599,LIHC,20,2013/11/24,RNA-seq analysis generated a comprehensive landscape of transcriptomes and revealed complex patterns of transcripts in Chinese HBV-related h,https://www.ncbi.nlm.nih.gov/geo/query/acc.cgi?acc=GSE25599
GSE47997,LIHC,4,2013/06/17,Global regulation of alternative splicing by adenosine deaminase acting on RNA (ADAR) [RNA-seq],https://www.ncbi.nlm.nih.gov/geo/query/acc.cgi?acc=GSE47997
GSE41081,LIHC,17,2013/05/31,Argonaute 2,https://www.ncbi.nlm.nih.gov/geo/query/acc.cgi?acc=GSE41081
GSE41074,LIHC,6,2013/05/31,Next Generation Sequencing Facilitates Quantitative Analysis of Argonaute 2 (Ago2)-immunoprecipitation (IP) after miR-195 or miR-497 overexp,https://www.ncbi.nlm.nih.gov/geo/query/acc.cgi?acc=GSE41074
GSE33294,LIHC,6,2013/04/02,Transcriptome sequencing of human hepatocellular carcinoma,https://www.ncbi.nlm.nih.gov/geo/query/acc.cgi?acc=GSE33294
GSE36244,LIHC,16,2012/11/16,Transcriptomic response to benzo[a]pyrene treatment in HepG2 cells,https://www.ncbi.nlm.nih.gov/geo/query/acc.cgi?acc=GSE36244
GSE36242,LIHC,8,2012/11/16,Transcriptomic response to benzo[a]pyrene treatment in HepG2 cells (RNA-Seq),https://www.ncbi.nlm.nih.gov/geo/query/acc.cgi?acc=GSE36242
GSE35465,LIHC,6,2012/08/01,Genome-wide analysis of histone methylation reveals chromatin state-based regulation of host cellular gene expression induced by hepatitis B,https://www.ncbi.nlm.nih.gov/geo/query/acc.cgi?acc=GSE35465
GSE35464,LIHC,2,2012/08/01,Genome-wide analysis of histone methylation reveals chromatin state-based regulation of host cellular gene expression induced by hepatitis B,https://www.ncbi.nlm.nih.gov/geo/query/acc.cgi?acc=GSE35464
GSE38886,LIHC,3,2012/06/26,Targeted RT-PCR assays spanning unannotated splice junctions sequenced by Roche 454.,https://www.ncbi.nlm.nih.gov/geo/query/acc.cgi?acc=GSE38886
GSE37005,LIHC,32,2012/04/25,Topology of the human and mouse m6A RNA methylomes revealed by m6A-seq,https://www.ncbi.nlm.nih.gov/geo/query/acc.cgi?acc=GSE37005
GSE37003,LIHC,7,2012/04/25,m6A mapping in human RNA (untreated),https://www.ncbi.nlm.nih.gov/geo/query/acc.cgi?acc=GSE37003
GSE37002,LIHC,8,2012/04/25,m6A mapping in human RNA (with treatments),https://www.ncbi.nlm.nih.gov/geo/query/acc.cgi?acc=GSE37002
GSE37001,LIHC,4,2012/04/25,METTL3 KD in HepG2 cells,https://www.ncbi.nlm.nih.gov/geo/query/acc.cgi?acc=GSE37001
GSE34448,LIHC,78,2011/12/16,RNA Subcellular CAGE Localization from ENCODE/RIKEN,https://www.ncbi.nlm.nih.gov/geo/query/acc.cgi?acc=GSE34448
GSE33600,LIHC,31,2011/11/10,RNA Subcellular Localization by Paired End diTag Sequencing from ENCODE/GIS,https://www.ncbi.nlm.nih.gov/geo/query/acc.cgi?acc=GSE33600
GSE30567,LIHC,99,2011/07/13,ENCODE Cold Spring Harbor Labs Long RNA-seq (hg19),https://www.ncbi.nlm.nih.gov/geo/query/acc.cgi?acc=GSE30567
GSE26284,LIHC,84,2010/12/28,ENCODE Cold Spring Harbor Labs Long RNA-seq,https://www.ncbi.nlm.nih.gov/geo/query/acc.cgi?acc=GSE26284
GSE23316,LIHC,36,2010/07/30,ENCODE Caltech RNA-seq,https://www.ncbi.nlm.nih.gov/geo/query/acc.cgi?acc=GSE23316
